,cLISI_kmeans5,cLISI_louvain,cLISI_leiden
29x42,3.1807607530082214,2.729262481965045,3.936560477086715
44x36,1.709752535858155,1.5243670362348059,2.970690388745816
34x6,3.082828777224284,2.320509698609195,1.9037447007839174
42x19,1.1821820017846416,1.1821820017846416,1.2005324366896724
41x6,2.5527766111567556,2.9525118920011333,3.64877833620017
41x39,2.514126949195794,1.7210449576476146,1.9278755604849618
49x13,2.7663894012785732,2.754722936718045,2.720227452868646
25x28,2.742759657279891,2.6884833000509127,3.0068909579897163
12x1,2.875932461077536,3.3474588034904755,3.379014076232326
16x11,2.43709996615255,2.298421264499438,3.2030543987554583
6x8,1.6103257174420074,1.5217114201886668,1.6981705801825366
29x19,2.373131337391032,2.5042385703672636,2.6509195019469085
35x16,3.0128158902709,2.6719653309047366,2.77650173467665
14x43,1.5274675530239774,1.2865300266079056,1.2369229747208947
24x10,2.38866081068005,1.817774643532472,1.7133595312997691
6x40,1.8683614879808872,1.7492299982254995,3.438559572849608
42x20,1.3143051175100187,1.384145488461686,1.3143051175100187
20x33,2.3364263140791124,2.0430305158412905,2.38866081068005
30x25,2.6832168301700534,2.6956178808096958,3.2569760079015615
35x46,1.589211507973385,1.9156152102911859,1.9278755604849618
35x14,2.6697913604048504,2.400494327622448,2.3803880611671158
36x40,2.456741664545093,2.093201351088077,2.093201351088077
4x38,2.032763886494296,1.8677301863313627,2.3469426043679156
14x38,1.129719339224618,1.1124513000098186,1.0629489120442959
13x30,4.402545361180181,4.851990992485201,4.94315142514277
46x8,2.8916160344563187,3.5581240067190727,3.354590854780726
32x21,1.7750359878713748,1.721632177609972,1.9330779810526384
9x36,2.357907200499203,1.7217035807492065,3.2885116527296185
45x16,1.5962425904568682,1.239315430729068,1.2865300266079056
8x10,1.3143051175100187,1.1573636997031709,1.2297525316960332
35x35,1.1821820017846416,1.1124513000098186,1.1821820017846416
35x1,3.49243419024897,3.2851143683135886,3.4203093161698184
15x17,1.0629489120442959,1.1124513000098186,1.1124513000098186
46x39,3.3616412400197664,2.9214447998819213,3.2141133806896414
17x39,2.372957754012895,1.6689534454660726,1.8908549372624157
49x48,2.3361768493569453,4.282895182973065,4.399667550558753
5x18,1.5691925832141966,1.3065002050330519,1.6340116414709576
23x38,2.8196928733480298,2.3875595639198672,2.598664258564339
38x39,2.7665805920564543,2.0865837348060396,1.7985410792523386
24x40,3.356987575034923,3.2508094697053584,3.7342038869264935
12x11,2.292755984129124,1.935147842354568,2.019996055959623
20x37,3.7636487276853985,2.867604562980529,2.9239246229664233
36x24,2.4555374579812397,2.241651758849249,3.042271788469647
44x7,1.7691180747276567,3.0884955185430925,2.6198591494501757
9x44,2.229591873920416,1.8798936503650017,2.2534879922240165
24x14,2.062221675989085,2.0517707325254904,2.0402934051281285
11x21,1.0,1.0,1.0
36x14,1.8673507495689532,1.7108502660519869,1.7206136920725739
44x46,3.3287816505720476,2.642961727896003,2.5460210065518942
14x44,2.256093124167895,1.642175362496467,1.642175362496467
32x18,1.520093436188189,1.3982807524493166,1.3982807524493166
18x27,3.3355095736223968,3.586211160842758,3.8009963607559607
22x6,2.6477612246133266,2.3552832330533375,2.777723874974186
37x1,3.197526953339017,2.645080630226922,3.294329783896413
37x47,1.8358430560463772,1.433280944444334,1.5046535256247227
21x10,2.0977914590473783,2.256715103550201,2.282606336856426
44x9,1.1124513000098186,1.5661241033400717,1.4751126949379068
31x11,2.751220276013883,2.5124670611967215,2.6973470160001383
29x14,3.116095944065333,2.9156923196371762,3.185418143298439
18x15,2.293596683176386,2.169052273926359,2.078860896991962
13x7,2.50139449231123,1.7056761700443712,1.7771585154493295
40x36,2.0807339465763213,1.8834646593396975,3.5846081964917986
18x5,2.298993183214275,2.4165570364369824,3.339077539399693
3x32,1.9489892728668505,1.6304721336984855,1.6870282457672383
45x40,1.1124513000098186,1.1124513000098186,1.0629489120442959
4x33,2.276417682608538,1.353599817927607,1.4515515009731315
9x28,2.42550696567446,2.8348438080379252,3.5818522359667373
41x26,2.3807732689834453,2.6340346747396786,2.7161267606596953
23x17,1.1821820017846416,1.2742519363255236,1.2742519363255236
14x36,1.4695444079955613,1.5386713202643842,1.5274675530239774
25x10,1.9864258571636912,1.6340116414709576,1.8024402692544212
8x48,1.770921268695097,4.84463822418814,4.611173338853351
7x50,3.196305502715781,2.973578323919446,2.8639907224794494
31x36,2.7470437972820623,2.757157077874185,2.8764514332816096
38x43,1.8621628146936107,1.7975112933436428,1.6214839204949758
20x40,1.667013503141615,1.9319634890107622,1.8845013629700238
17x23,2.8257718105694902,2.6124120164494236,2.7881361463423286
35x10,2.7506027403242133,2.349923250725187,2.338871147464525
33x6,2.942821495417018,2.3925632420066787,2.1508650350221297
38x22,3.1477704613393995,2.3617062690749884,2.6065758593572195
35x6,2.9593125678495555,2.239809001507487,1.7646947609398522
47x3,3.1565488041346006,3.1892456506386546,3.031118386225167
20x11,1.0629489120442959,1.0,1.0
44x40,3.0326725016291975,3.189599543459089,3.558751783035338
41x19,1.796101145547984,1.7721728818242546,1.7771585154493295
17x17,1.2297525316960332,1.1821820017846416,1.2297525316960332
37x45,1.6214839204949758,1.2561231270628248,1.3878561917314132
47x34,2.5812724954533866,1.8778107018427295,2.271400741040175
7x49,2.4756978976231316,3.1383755524982084,3.0795872228320884
39x33,3.4794931735720036,3.0092245844378605,3.0555407062892623
38x50,2.6079398977939836,1.5661241033400717,1.5091672088330024
49x46,4.2333573388500305,3.224948403012567,3.812050930867761
1x42,1.5726298710361442,1.9038111961127906,2.453546635089438
25x19,1.742076667867281,2.112591607291732,2.479420392216385
22x21,2.151747108237485,2.023691078869157,2.3911751389693534
26x25,2.4390358555585254,2.3592251680722534,2.6036423412281646
15x25,3.1211255648493346,2.883484699519889,2.681808971948494
35x15,3.3080472451315073,2.6025953078989414,2.6742804559941105
5x39,2.796722839378052,3.3645470573303116,3.342676676813331
30x11,2.2582489601022377,2.3567062998904986,2.8282849579349594
22x9,2.4603636278621392,2.7041593127684633,2.887845426308625
23x49,3.170850938913864,3.1418080532190436,4.541464549264272
12x32,3.5571584170991706,3.819812772888029,4.417106987169669
13x49,3.5103307708201514,3.4658417167449547,3.9548240232250738
33x11,2.337856582901591,1.96209790621669,2.8721870465601573
10x6,2.3044413078808286,1.6235381733797678,1.9750312049111547
42x27,3.6606257117677754,2.7814246262598012,3.832988606039648
12x9,1.2297525316960332,1.2297525316960332,1.1821820017846416
16x23,2.603492606390516,2.840119455500575,2.887752650269391
12x27,3.983721723241533,3.857914293079807,4.47508587568047
24x6,3.0636005880008694,3.3121460787493255,3.1906238522698755
37x35,2.9570688210363256,3.0016233887328068,3.327116674089356
43x43,2.27369360063916,1.9775889881439197,2.2596521150203115
15x32,1.961252363090238,1.9633860841926345,1.5716435560366497
20x25,2.496862455998642,2.659379299711584,2.8123730019565176
35x7,2.907978307715098,2.733707134490591,4.4790617541545945
32x39,2.665612017941279,1.796018217828986,1.9651861989351376
18x28,3.7445853485765705,4.376539308469269,5.585137471988049
44x35,3.4955499011617195,2.280387203017521,2.7987057518305045
20x29,3.9668285407556776,4.412279624865821,4.518953724520347
11x19,1.129719339224618,1.0,1.0
6x28,1.9333631292102302,1.9684775005558242,3.3520252074625763
24x33,2.560554357723802,2.6021612092369626,2.912523912019397
22x35,2.0831686913563647,1.9937806364819093,3.014834284897528
26x40,2.734558757845432,3.1687423939677672,3.608589078997641
44x15,2.2560499388547557,1.9316749438197114,1.9501798317233732
46x49,4.045305574031408,2.8256802469782647,3.7940546684065564
50x6,1.3141181485141191,2.382876204140949,2.2330223972564407
46x23,2.4803056546074833,2.406676446042588,2.691385652769105
13x42,1.8445718166542613,2.1543617138425195,2.3018113893914984
48x36,2.6723198924304885,2.30137271366262,3.2188512814291044
19x6,2.3886824245298124,2.0969274190248606,2.5262356103927237
27x10,1.990783053456272,1.7985410792523386,1.7232045805133196
34x4,2.3886304547604524,3.2140529109157807,3.3547797599240248
15x23,2.1441439342575372,2.441957706291842,2.4755638327710576
20x31,2.6614842462087567,2.854481327881136,4.326605164536424
19x19,2.2192153912725976,1.8657097653001318,2.3004297497465127
12x2,1.7696882951113682,3.1745501225315014,3.652487679852485
48x21,2.0666316637093076,1.4594411570435957,2.211859188016873
23x15,1.5386713202643842,1.6036034862338133,1.6036034862338133
1x5,1.6304721336984855,1.5046535256247227,1.5386713202643842
16x25,2.7268266607224505,2.9487624676452393,3.31443764468842
35x34,1.0629489120442959,1.0629489120442959,1.0629489120442959
50x9,1.0,1.1573636997031709,1.1573636997031709
42x45,2.074754678533774,1.7721728818242546,1.8665169407472009
38x33,2.2349697934801247,2.479420392216385,2.4165570364369824
40x32,2.7074823559239207,3.1461889915127714,4.254792175266083
17x49,2.423740743546465,3.6807490013931607,4.062980754894423
29x18,2.4135063257625067,1.9811578639400322,1.9728859260073044
50x49,2.382211848027407,2.030707659050809,2.3325182973313323
47x38,3.0482255375226393,2.6788705245326994,2.944733313354767
11x12,1.9316749438197114,1.4157229395493593,2.0291728846401593
49x17,2.4899306543748274,2.1605872255374647,2.2078154142230995
5x38,2.227661226680991,2.5490819526187325,3.5587269168322386
21x15,1.0,1.0,1.0
39x40,2.208687241056231,1.3860017633477575,1.8244666557603448
14x6,2.6987833203550573,2.553245299367544,2.7562052159983836
7x19,1.0629489120442959,1.0,1.0629489120442959
46x16,1.5726298710361442,1.3065002050330519,1.3379516684674342
35x22,3.4635297830175817,2.4395278553031376,3.2437557030925714
5x45,2.8484948847434555,2.7730786155533282,2.8455046895653573
50x31,2.1397603517576185,2.4542023258239016,4.128427547495314
45x11,2.8889943741488247,2.3914209386733583,2.8113906380608955
50x13,3.2570779955548947,1.9453731736701285,2.1977836856994872
49x40,1.6453874255231145,1.4594411570435957,1.4594411570435957
32x3,3.6101693881546892,3.4154625268497343,3.598914619317267
31x48,2.7041593127684633,3.5501600395917574,3.9570055961566806
38x38,1.2775319170740629,1.2865300266079056,1.4515515009731315
34x10,2.752823076196548,2.18914411649575,2.1009469080896785
38x2,3.1216723268673516,4.217321551227816,3.9409593716366937
27x50,3.1123701661704173,3.9142829947775333,4.667387696098399
38x14,3.197721491071294,2.6744133733918374,2.806865059670072
48x50,2.773986306672712,2.3254242610822717,2.681224261680648
25x34,1.7092016276842454,2.7288627408588213,3.874327108910328
19x47,2.8482142762521767,2.5960076513357775,3.5050057487846766
20x10,1.4410156382511106,1.4189893581950943,1.4189893581950943
50x42,2.4957777622669495,2.25728996558959,2.753441804933868
28x22,2.6219016894205867,2.0431904110354915,2.877866805371668
13x39,1.8245777915484591,1.574044755570299,1.520093436188189
4x19,1.5599955778443344,1.5243670362348059,1.530888750196174
30x28,1.9501798317233732,2.179539289877682,3.125324071188788
21x11,1.9278487942611164,1.7439436718422865,2.047005318307887
26x15,1.9079300271706914,1.9222819344735451,1.87876684532157
50x40,1.6036034862338133,1.8453283908121458,1.7917634286623516
47x27,1.7061964608091158,1.4189893581950943,1.4189893581950943
30x35,2.876699079225227,3.0563526633240485,3.0983411842322885
42x29,2.884177957561786,2.613832742232682,3.815881530407333
44x50,3.5991103118245475,3.358855927344466,3.404004109661629
16x17,1.0,1.0,1.0
27x45,2.1290032158017476,2.153903188877916,3.4414590317393228
32x8,2.7052443420557157,2.6229113676771103,3.5482966847594226
40x34,2.7671789634906405,2.305302873461816,2.5035552411471524
44x2,2.307715418361971,2.484880223279884,2.54223789875431
49x8,1.8291377815328993,2.8423648732124103,2.697423812957134
17x30,3.3044429339485717,3.767945971398189,3.8493380154579624
30x32,2.6132364315938212,2.98833024918777,3.2444554004664536
49x19,1.8011789586252025,1.612108618471457,1.6909493045998962
15x10,1.4174111811317323,1.4174111811317323,1.4174111811317323
7x6,1.7832229953366157,1.7303385465262886,1.7985410792523386
32x43,2.0484100397938714,1.9892945632210808,3.434895901201885
27x40,3.402100815384903,3.2196442495803526,4.43383382459468
11x46,3.0455404295438306,2.074905859739405,1.9512076860934835
50x10,1.1124513000098186,1.5243670362348059,1.574044755570299
33x43,2.8105360107159805,2.3908496068809355,3.5531615211957277
31x7,3.148998159774076,3.7648003988454106,4.027551533579034
8x19,1.239315430729068,1.0,1.1124513000098186
36x45,1.0629489120442959,1.2297525316960332,1.1821820017846416
39x50,2.8935443573909145,3.9162631212605383,3.5172860097059746
31x47,3.5547683877159484,3.169679534533957,4.289413349063845
19x8,2.718744757465221,2.7373760324255474,3.4237438430693885
49x10,1.0629489120442959,1.2297525316960332,1.0629489120442959
30x7,3.1467228284166406,3.9532669228949566,4.486518096547993
20x46,2.775827090737643,2.5490819526187325,2.2190666110357755
48x1,3.5489343996983282,4.39176575868658,4.088708822937425
48x20,2.144311034969106,2.0125083693025725,2.197712802329163
13x2,1.782506070292507,3.387422027322408,3.891316663648102
50x39,1.6940124438736743,1.2775319170740629,1.3143051175100187
21x8,3.0609741129837693,2.1634063023017527,3.3951670656827617
26x41,2.825607445964544,2.3188727475680144,2.7852997301184304
4x16,1.6235381733797678,1.2297525316960332,1.4860992151827352
45x50,3.2942897218052316,2.3235023818004845,2.3235023818004845
49x50,3.56577008284015,2.6601684760158384,2.9046443100720856
5x49,2.209590314677936,3.7589880336412245,3.6251728388948026
21x49,2.5421469324872263,2.483571892463848,2.547658127694087
36x8,2.7192426831219354,2.6380178825179263,3.6297740768125624
3x4,1.4174111811317323,1.1821820017846416,1.3065002050330519
15x18,1.8002815460214867,1.5691925832141966,1.5691925832141966
26x4,3.1744046004013597,3.8545738352836976,3.8818456594123214
18x42,1.129719339224618,1.1124513000098186,1.1124513000098186
15x30,3.347730325302807,3.613699652180196,3.5658237583731767
41x13,2.70933067149012,2.2772402634459614,2.494430000422906
50x2,2.3052686292843965,3.079815308230505,3.1382879842144433
35x17,2.6672979572708706,2.4378094907251784,2.3666909146031387
19x27,2.652045418318182,2.4582141553913592,4.248718810924598
14x49,3.4500849723575313,4.204055195205343,4.3029669370292005
44x26,3.482749061813769,3.4565040609901776,3.65878355839044
17x47,3.4654090743655637,2.9582155244551323,2.9719405824494376
32x7,2.4640040054140853,2.200215684318269,3.3126667437631143
17x29,3.134478094800093,3.232669557964051,3.4451639106028424
50x4,3.0994361313626873,3.165565201911957,3.4482013436450534
25x4,3.2887911432555526,3.5883748907694364,3.4447658599993605
48x18,1.3164878102733308,1.0629489120442959,1.0629489120442959
14x16,1.3957755818803457,1.2742519363255236,1.3379516684674342
15x44,1.4355852921759273,1.3329097102826746,1.3982807524493166
44x10,2.962168926795878,3.0488620008928886,3.190059912909387
44x16,1.5067447501652917,1.4355852921759273,1.4315605939072482
16x20,3.6398846801677043,3.1601522419192474,3.3205375037743625
33x16,2.9493582965824476,2.406027955568466,2.491457178622832
29x12,1.986267720712434,1.9073938881318346,1.8863641375163513
29x22,2.608375728565962,1.6984332340231805,2.1397603517576185
6x5,1.482573058156938,1.239315430729068,1.1993986213536356
4x8,1.765490659246599,1.1821820017846416,1.5906821119239323
33x37,1.4410156382511106,1.5091672088330024,1.4719165222372004
20x17,2.178588052438506,2.0637034464741797,2.1288642587795854
33x15,3.705711491948553,2.547990637344604,2.664390561179558
30x10,3.4488986234603165,2.363320539614088,2.3539593386662747
19x9,1.3860017633477575,1.3379516684674342,1.3666424669493191
38x25,1.8959043995434628,2.8012930204444775,2.918012619313117
15x19,2.2198478287763783,2.2294327036244024,2.1890360339218597
37x49,1.9938748725756539,2.691385652769105,2.482249900850787
16x15,1.353599817927607,1.2742519363255236,1.2742519363255236
48x33,2.9275334327955465,1.4719165222372004,1.6340116414709576
48x16,2.7010469567585673,2.6480019896696407,2.6850307010433174
50x29,2.1927872600833296,2.1202482173161883,2.2687992812095588
12x34,1.667013503141615,1.8097050953689338,1.8263262644062905
15x27,3.410456795176275,2.924132407450775,2.9570688210363256
36x13,2.3740359121275514,2.0297002044748234,1.739849491274967
8x35,2.5590556438935415,3.0045420591843044,3.5489091845763188
24x30,3.2811391128893748,3.7358210992663565,3.3573083607404257
16x33,3.151581598631098,3.0907840426256077,2.8028674780214975
42x1,2.42359273954605,2.49151696708847,2.482556035512143
27x9,2.752896964473556,2.976307047044714,4.29268003458573
9x3,1.4355852921759273,1.9634619883061737,2.4604520470031215
26x30,2.8889315192587133,3.4336370868949713,3.5431230274190355
29x46,2.815424811672572,2.5131089335828127,2.1999829173206313
14x41,1.5243670362348059,1.3329097102826746,1.2742519363255236
39x3,1.9038111961127906,2.303136255861872,2.3164146276633324
41x23,2.127935930869289,2.0233255571273383,2.658336642894655
27x25,2.6379512682711836,3.1357281508399915,4.728562926549831
35x36,1.129719339224618,1.3666424669493191,1.5179668634033427
45x9,1.0629489120442959,1.3860017633477575,1.3329097102826746
49x9,1.8567546808628261,1.6214839204949758,1.8863641375163513
36x3,3.1172575005643934,2.9224028465401375,2.871781422055745
49x24,2.0546701190780245,1.3498042102003092,1.5936794269926198
36x25,2.5623393078885117,3.0784858637992576,3.6487783362001713
40x4,3.2624680101365047,3.8442278720128775,4.293145730895786
39x17,1.1573636997031709,1.129719339224618,1.129719339224618
24x50,3.0684079061689378,3.146625429545914,3.174297719113081
17x20,3.2604252212685054,1.9157167786470255,2.0802065102504543
27x32,2.6307449981752304,2.6763396702520277,2.526549051002666
14x18,1.9039668606822715,1.7653635436855506,1.6743501066402542
20x32,2.444276209480921,2.117626677106676,2.9423516970396544
47x30,3.393064005501343,4.357810966544056,4.565844595878478
26x47,2.6481906687911425,2.3392870641964087,2.6909029315300623
45x33,2.0051167891858666,1.8093549644798672,2.934800002211744
3x9,1.0629489120442959,1.0629489120442959,1.0629489120442959
50x8,1.1821820017846416,1.5906821119239323,1.6830760585202194
49x47,3.453565060205607,3.6674644048187326,4.096177590729455
50x14,2.6444436021173305,1.6696994012583954,1.7717128000477056
25x46,2.634209038418205,1.755458050034265,1.536150660015789
21x13,1.5067447501652917,1.3769076856810996,1.4315605939072482
23x50,2.945679041192463,3.3944424616025763,3.836626304662311
16x18,2.257925446213921,1.9635030076312345,2.019996055959623
43x5,2.930754971659484,2.844241894299848,3.9746421748112235
24x4,2.641904087478659,2.5559378332568627,2.5917339928377148
24x16,1.3164878102733308,1.384145488461686,1.3143051175100187
11x50,2.9620400343489766,3.7517875884192273,3.9080590383158933
18x14,1.0629489120442959,1.0629489120442959,1.0
13x41,1.1821820017846416,1.3769076856810996,1.3164878102733308
31x21,1.6696994012583954,1.3569045427875668,1.4410156382511106
29x1,3.7162422074910615,3.930735810891094,4.776345591633967
49x1,3.742084038062848,3.699160758776453,5.33119993126324
39x13,3.1693650813981282,3.0065964950123556,3.747016819000735
42x6,3.210784148639406,2.935143391709639,3.529035053879329
48x41,1.574044755570299,1.4622587255979447,1.3982807524493166
14x22,1.129719339224618,1.3569045427875668,1.8677301863313627
32x45,2.0004957165830395,1.817774643532472,1.8987932535784557
26x27,3.2835016731972297,3.256673934677398,4.044502135150615
47x1,2.6591307518499523,2.837270900758974,3.5807242966934445
15x29,2.708807573257346,3.0071869432465097,2.9619014347611023
8x15,1.3666424669493191,1.353599817927607,1.3065002050330519
14x3,2.197865278945842,3.3599900412070336,3.9408038135896044
29x9,2.5779818793590965,2.3904602480570305,3.529879748890752
9x38,2.500335645956209,2.9565529474660734,4.0639448494662265
42x40,2.4097920204216767,1.765490659246599,1.480936217579442
50x16,2.0977914590473783,2.3154540433892294,2.85567007050417
33x45,1.2369229747208947,1.1124513000098186,1.1124513000098186
43x11,2.627051545830503,2.5603615348743287,3.297618174996323
42x49,2.5427421157932515,1.87223906381974,1.5572879060320108
19x45,3.5383359131866206,3.6669549023064603,3.8792552664147295
3x46,2.4069389118681785,1.8897145367424808,1.575255862261824
20x39,2.892530819698235,2.630134911884051,2.577995249435369
50x7,1.1124513000098186,1.7656051543023858,1.7607064028001491
8x1,2.7140433005582616,3.572454677854759,4.507786963274652
1x41,1.6696994012583954,1.7074284446371775,1.892303251787476
44x34,2.8387229457057974,1.8011789586252025,1.933295601706783
20x50,2.9911314764286643,3.0464630706711064,3.222228493713551
9x9,1.0629489120442959,1.0629489120442959,1.0629489120442959
43x45,2.834655988845942,1.9489892728668505,2.048769324522495
17x4,2.4485560282066183,2.9224878615490932,3.932444609958726
27x8,3.4993305955576814,4.0921740292713595,4.895294936749217
21x38,3.094344581754558,2.7162971101362636,2.907090120857302
18x1,1.8814778635244498,2.7140433005582616,2.9893474174483377
49x6,2.439681249491495,2.363725822082961,2.2090883212586543
5x10,1.4174111811317323,1.0,1.2775319170740629
20x12,1.3379516684674342,1.1821820017846416,1.2297525316960332
40x16,1.87876684532157,1.3769076856810996,1.82224482984712
35x30,2.5784789418624947,3.2754674702555078,3.446064364786166
41x45,1.732680916706775,1.6722136233049663,1.5735375744994968
17x24,1.9750312049111547,1.6453874255231145,2.4742941994260854
16x32,3.944507933194214,3.5823109668864137,4.016360438665116
22x4,2.8022398048190342,3.1131145626462344,3.6619358328649665
35x33,1.3065002050330519,1.1821820017846416,1.1821820017846416
28x20,2.92110069020202,2.7791014266920526,3.1372778939541868
22x49,2.839047637248122,3.0952010102907956,3.2861484429376304
1x27,3.0322473324456665,3.1891731898009725,3.9654704669717553
27x47,2.8886418876967106,2.7963131521268494,3.784258357622512
34x18,2.335064839454295,2.0493222833875375,2.1000807028470514
12x29,2.4614357226980967,3.2141625208515396,3.4168617738787983
42x4,1.8677301863313627,3.169856634052471,3.9520722736451175
29x21,1.8733068857244586,1.3379516684674342,1.3769076856810996
14x4,1.9997554247116354,1.772923550025914,2.1323388682960163
45x15,1.721632177609972,1.6493848884661177,1.6493848884661177
41x7,2.400494327622448,3.4339793295094823,4.440225510344576
16x42,1.0,1.0629489120442959,1.0629489120442959
30x29,3.445476094017476,3.5685711165122673,4.183334806188055
34x16,3.522046348161453,3.0196789556711074,3.3621020626487614
31x29,2.3831266028466773,2.176234359237026,2.0490893575349025
41x16,2.4392836609579924,2.2810588353343237,2.28090693383212
9x1,2.609994202098004,2.795836121384841,2.9445911929330135
49x38,2.5372440792938513,2.3123717314435885,2.1065970463516823
38x37,3.2126946626898842,2.353963409026581,2.224734603441504
10x49,2.4779339305294674,3.8783033129330717,4.63599325048254
20x49,3.0700307704998555,3.008007600105019,2.60960575028293
46x50,3.7208160624971947,2.9663174124537615,3.5868319356766087
41x4,3.343030713868564,3.0105510991405295,2.899047803717389
32x41,3.800111253678406,3.0457845307912716,3.8358656303751584
14x17,2.003510072463261,1.9121906583472943,1.9811578639400322
9x22,1.9287762739652017,1.239315430729068,1.2742519363255236
49x35,3.5714093099437845,2.154407737950219,1.9278487942611164
32x35,1.0629489120442959,1.1573636997031709,1.2297525316960332
26x19,2.644266660954634,2.2392753560751806,2.0723674272046804
44x24,2.7858386011449756,2.0980103610061733,2.556996604245098
38x24,3.038283237490465,2.24520656668784,3.571163815564363
16x22,3.286625894607568,3.01843887607809,4.682772674242194
2x37,2.461458859047051,2.666784600742803,2.7578015611751696
15x26,3.464323697965755,2.8905352551193273,2.8730125930366275
25x13,1.9171085279079858,1.9997554247116354,2.083280883758133
1x25,3.0857012565490622,2.980426397725597,3.732843416713231
14x45,3.2644935863135442,3.2324807130782216,3.2500724044255564
5x32,2.73836850646566,2.6087106419974946,2.443844114299924
5x27,3.58147797229395,3.362061791973295,4.25218561548343
20x1,2.7082942596427966,2.862744227538735,2.9555930098294523
50x46,3.093326406362397,1.9391166203804966,2.4892511783258913
13x32,3.1450966568367624,2.9527682690706425,2.7631153257468233
41x32,2.320509698609195,2.6336850273787324,2.114971737342457
2x14,1.3957755818803457,1.3379516684674342,1.2742519363255236
5x15,2.21932131527882,1.9568645463068284,2.308107694544701
7x3,2.7769398943881494,2.8217430484939805,3.8948773976209052
12x35,2.128843753832249,2.037867417394506,1.737628134621997
34x47,2.151072308339481,2.1290032158017476,2.3425801256568954
1x1,2.7648061077273836,3.0568919097956626,3.9150822926326043
31x46,3.368844318004165,2.4328601295450647,2.497462811966096
47x12,3.6670667318288146,3.6045198649033807,3.7260619291373063
43x35,2.8312086793370965,2.608375728565962,3.030292930015816
48x47,3.4513973359211234,2.6480019896696407,3.065172606135042
41x11,2.064849825851577,1.9787586411338964,2.0546701190780245
9x14,1.239315430729068,1.0,1.0
24x36,1.7721728818242546,1.667013503141615,2.307715418361971
32x46,1.4410156382511106,1.9330732030716469,1.8037010267212579
47x45,3.4349205246711794,2.1109481468806948,2.211759510622499
50x12,2.2301828558163526,2.3317850219814455,2.391706325367555
44x45,2.7314234359809655,2.1038716910817303,2.2286273917520614
20x18,3.7885763622753617,3.998752091895021,4.261974264694358
25x33,1.5906821119239323,1.8089873868742816,2.28495024717825
49x30,3.8036046626660487,4.236914530799862,4.558486683441575
2x49,3.101067876035144,2.662615244894729,2.7194093429275537
30x21,2.517332799729999,2.3106691974381706,2.990513027870473
11x32,2.404383493314322,2.0169860714345442,2.5651270752601802
3x33,2.0731699872832183,2.063850694828936,2.9330119866441997
3x16,1.6036034862338133,1.2297525316960332,1.3164878102733308
19x33,2.376409041411344,1.6738586084802807,2.9149613470516034
16x46,3.3314960167164127,2.7490224639269294,2.675512209500381
27x27,2.8882570426526852,2.6918927034293745,4.000111385059223
12x40,2.3659753225659625,1.8112848234008507,2.119800738723225
10x23,2.8691780169661465,3.3160133008099724,3.911997829745089
29x23,2.3361768493569453,2.3206178150147276,3.1138551470591453
1x19,2.345548738742206,2.39456838572999,2.777442052870557
10x46,2.1868527470045307,1.8965705992060893,1.6948597961923724
32x15,2.551823872941943,1.9790678191529023,1.8852343166148258
1x31,1.8002815460214867,1.9676990601291187,2.434967692343313
3x1,3.2388911975620314,3.255007981051162,3.1672636681388244
14x23,2.4839300055318296,3.1057710779826366,3.221004627956594
37x32,2.708214909482236,3.2813511977034056,3.332286012700674
41x47,3.4273890474358275,3.001905609504516,3.861634566182559
29x40,3.8613541682857018,2.817635455681526,3.2522623755496087
18x16,2.3106691974381706,2.2673736529203388,2.0517707325254904
47x40,1.2297525316960332,1.3769076856810996,1.2369229747208947
15x9,1.3498042102003092,1.239315430729068,1.2775319170740629
25x44,2.1409194361071773,1.7080722759122469,1.8836015019524412
10x7,2.4727739358722487,1.7750359878713748,2.1057105511143495
46x1,3.201070645504173,3.625145217637237,4.390731042179294
29x37,3.76134323874022,2.844691179354,3.2750477390338846
23x16,1.239315430729068,1.1573636997031709,1.1573636997031709
32x16,2.2949065329652947,2.030707659050809,2.166056247900926
10x37,3.3298328547523774,3.4120747788779724,3.604113030583609
14x46,3.0943798410350016,2.6179072033208275,2.5412849294516384
27x16,2.6053731440973715,2.6242713278135787,2.9322575372035415
50x37,1.4315605939072482,1.5906821119239323,1.6103257174420074
46x9,1.4984516851685856,1.7832229953366157,1.892303251787476
6x27,2.734558757845432,2.345548738742206,3.0490275506023905
20x42,1.4189893581950943,1.6738586084802807,1.482573058156938
41x49,3.727534377177997,2.962965819841041,3.2355162476226447
40x25,3.2637875739803537,3.8117754270805886,4.410699117114751
8x6,1.9453731736701285,1.7050770249930305,1.9438852052046787
26x45,2.0867264690955993,1.6339160394600947,1.4174111811317323
7x28,2.3217123378606748,2.310214323871131,3.3148416537035748
24x42,3.2032569941638505,3.7524192026422014,4.104243894528069
28x4,2.0653574207816536,3.884298081636007,4.208764687744015
43x4,2.6668914330169105,3.3180926857809716,3.776065721673057
31x3,2.7411035141944544,3.4075387199484792,3.2278293720382205
47x18,1.3143051175100187,1.1124513000098186,1.1573636997031709
11x40,2.352806377895062,2.558904929876932,2.756575641301526
15x24,1.480936217579442,1.503480039303581,1.7721728818242546
35x13,3.894790703469327,2.515608484666469,2.356590464886904
27x18,2.20607571933731,1.8112848234008507,1.8965705992060893
1x6,2.180238918695736,1.9866161058722147,2.09167554596936
3x5,1.2865300266079056,1.1124513000098186,1.2742519363255236
30x47,3.2442021389043827,2.7880602114508823,3.285499199291316
47x4,2.082290856356688,3.1884121460919697,2.8404251159557816
30x23,2.998407506685966,2.1705614504115003,2.219535990975044
45x47,2.802855573954521,1.8353654659175547,2.272245763246266
33x24,2.3885629259675576,2.3775578704470703,3.628432191818265
21x16,1.4594411570435957,1.4315605939072482,1.520093436188189
5x35,2.0575625195391343,2.1335888365422626,2.1065970463516823
3x35,2.718744757465221,2.165645915776666,2.9202296187799583
22x17,2.1324985410101434,2.0748133752164315,2.0470079512121866
28x45,2.766289390081818,3.2963494683752588,4.381643241976793
28x27,3.4292959636793436,2.932705531071568,4.613840825087675
12x20,1.6251156940096259,1.7210449576476146,1.7210449576476146
31x32,1.4695444079955613,1.5067447501652917,1.5217114201886668
27x37,3.849372308336286,2.766409354772158,2.9070891964138856
13x46,2.7564955348799045,2.3571752018681833,2.6702690139586966
23x46,2.5833887841440633,1.787629354658571,1.8264589556444855
12x33,3.9648255302513826,4.237308233457084,4.149719931480232
29x43,1.6917711673654225,2.1478646689220313,4.1193915001174775
22x13,1.2297525316960332,1.1124513000098186,1.1573636997031709
18x6,3.6055620200790424,3.8039957329955176,4.791568899892864
15x46,3.7716572305621456,3.350047590621867,3.5950797732545885
9x32,2.06380420485268,1.3666424669493191,1.520093436188189
9x10,1.0629489120442959,1.0629489120442959,1.0629489120442959
17x15,1.0,1.0,1.0
38x19,1.0629489120442959,1.0629489120442959,1.0629489120442959
30x5,2.1870388633370865,2.5505163186619964,2.7700169518732256
13x13,1.4174111811317323,1.1124513000098186,1.3329097102826746
46x46,3.482231648503518,2.3291253647260497,2.643265529679265
35x31,1.2297525316960332,1.6909493045998962,1.7133595312997691
37x3,2.758749947750713,3.0682889416781642,3.3637340990654527
18x18,3.5780976233895134,3.9398371213965744,3.9255770472626086
1x39,2.405247262544986,2.1861207682545696,2.1933669701034324
39x10,2.5195339542356514,2.3785002163804916,2.2810588353343237
2x36,2.006918297120656,1.880289919954868,3.3151684858021637
12x21,1.7448121572448774,1.6689534454660726,1.7273352117894814
1x14,1.3666424669493191,1.3769076856810996,1.4189893581950943
25x45,1.8334923445366464,1.8848992858164006,2.5109276641225358
45x43,2.1814056243657274,2.1875848668018714,2.1653266300818306
19x3,2.87606839210026,2.82763535565973,2.8659231677521655
3x10,1.2297525316960332,1.2297525316960332,1.2297525316960332
44x25,4.061556701343157,4.669620007688211,4.5888679971627635
26x24,1.3569045427875668,1.6079554253745105,2.9562849060258167
32x9,1.562945119886892,1.4860992151827352,2.415780109937886
12x16,1.3982807524493166,1.1821820017846416,1.2005324366896724
15x20,2.613813382288592,2.8404251159557816,2.877342395267688
40x1,2.0400468399075185,2.7986440271466755,3.008588075977997
41x33,3.2866522508296776,2.102917742622681,2.2202583967764027
47x20,2.6070928369234116,2.3066744506212147,2.0989301250398373
40x3,2.3508786983265764,2.6676767616185337,2.5287863246244546
43x6,3.3173297871745206,3.3961087023006695,3.5829984300910453
24x21,1.7685656356352073,2.21526652044684,2.4211681773850553
14x28,2.0484100397938714,2.5587595701794332,2.639688001447806
48x15,2.9759336663197353,2.311013878258155,2.4251880606084906
38x13,2.521371487825479,1.9278487942611164,1.87876684532157
1x15,2.039911516392196,1.958247122185528,2.0368926078531424
45x30,2.775402070623272,3.205466504679281,3.540328167355882
49x23,1.770035889121735,1.6909493045998962,1.7074284446371775
49x2,2.80941700027602,3.9587435006401845,4.214011481346518
47x11,2.696381789040606,2.7389081023017905,2.8549281500927552
30x39,3.7462673988740263,3.2987320790648775,3.3852453035788153
4x21,3.001612276857137,3.2465629184040106,4.117625709940363
20x19,2.873191173299371,1.7861644615703847,1.8244666557603448
29x17,2.7515050893682913,2.3586871469317945,2.935932929588208
41x38,2.551373635223401,2.3204184159617207,1.5067447501652917
34x34,1.0629489120442959,1.0629489120442959,1.0629489120442959
38x30,2.4162460487115167,3.225722658341751,3.2885223673997164
40x47,3.191696922916087,2.4604656925779635,3.501249932218634
33x23,2.581498184562075,2.6091637587048284,2.7373760324255474
42x16,1.7607064028001491,1.6214839204949758,1.6213085487902676
42x7,2.8182905542441845,2.922371772591296,4.778897401335754
9x33,2.7798003768027075,2.394377539975749,2.2912730357836733
25x36,3.3811840262636172,2.9352286296362173,3.8608091421570245
36x15,2.608119976002577,2.0499542974406464,1.9875668542462646
49x25,2.7138954179311594,2.4378094907251784,2.517945802163662
49x20,2.30583726730771,2.0181112319159147,2.138080842097776
38x7,3.0728348960013068,2.8184469136016994,3.8396352803636318
11x30,3.703680641859754,3.932040153182208,3.433587001443575
47x49,2.129696681655458,1.926992331359097,2.030707659050809
35x5,2.159384979445577,2.153903188877916,2.6192213917723675
43x1,3.406153033481609,2.9293360221846636,3.186144293980752
38x21,2.3135556464227243,1.963022091324184,2.095839631428881
39x16,1.3498042102003092,1.2369229747208947,1.2369229747208947
37x8,1.961603588422835,1.8089873868742816,2.6388717480843122
50x25,3.380061523862216,3.5717692788805935,3.3868566347752966
32x10,1.9302372403944525,1.536150660015789,1.6753246265664317
33x22,3.1258393104030016,2.172129823283405,2.787495581886804
21x20,2.5303082298578556,1.8511590114621785,1.8328699779098343
4x43,1.737628134621997,1.9808568639789894,2.444446561966676
11x4,2.5200666719359117,3.832580200216708,4.685027153499034
31x13,2.8732216724986155,2.262869379592461,2.18914411649575
48x19,2.646055620870697,2.17361831123197,2.2947121118463607
42x28,2.6263014273741163,2.7730786155533282,3.728680855929292
49x27,1.4157229395493593,1.2369229747208947,1.2297525316960332
43x31,1.6529072317065319,1.5716435560366497,2.993991493874787
17x32,1.817774643532472,1.815377853669268,2.107532602102436
18x46,3.6490520910950384,4.037502847592338,4.146696544932351
15x50,3.0192849055152933,3.1620062364565613,3.075253719682917
7x14,1.3143051175100187,1.0629489120442959,1.2297525316960332
2x8,1.6936156544798437,1.1124513000098186,1.536150660015789
14x7,1.664575281361722,1.5970410378738988,1.7011489969890363
15x33,2.696381789040606,2.366727173780877,2.453546635089438
48x43,2.478786478419721,1.6676660500950307,2.1071860202947743
50x15,2.217544859781488,1.8909807919947987,2.3004297497465127
7x38,1.8112848234008507,1.484956654950524,2.586437084928967
45x19,1.433280944444334,1.3498042102003092,1.4410156382511106
13x25,3.1077640986946067,3.240156392601299,4.164272516848261
26x33,3.336065866030937,2.8296380857341155,3.176749448456782
48x26,1.8814778635244498,1.664575281361722,1.6936156544798437
36x38,2.8398664781484007,2.8659231677521655,3.022248415204144
26x13,2.830756660417703,2.285470269350193,2.4134034818464487
42x23,2.789152013781638,2.298421264499438,2.767842757004586
49x21,2.7769398943881494,2.439904907146025,3.4094396507826654
30x19,1.0629489120442959,1.0629489120442959,1.0629489120442959
21x19,3.339753784464507,2.3466639715811293,2.3552832330533375
31x17,3.2019410231978895,3.4223331763295057,3.2219609960337223
15x49,2.8843249962438997,2.5322833008702044,3.155905603249834
25x37,2.7134507920269875,2.735863233737397,2.54932701821611
12x37,1.3569045427875668,1.3746110880271727,1.3666424669493191
11x33,3.3249753859362774,2.6410325666524557,2.6931831950605
43x2,1.4695444079955613,2.8822835082706644,3.565128941983978
36x46,1.2756213140095665,1.4622587255979447,1.4315605939072482
5x19,1.0629489120442959,1.0629489120442959,1.0629489120442959
14x20,2.4171917188978256,2.611399008448103,2.9663174124537615
22x18,2.8491111417942356,2.2814096647314406,2.8286772292530986
41x22,2.2706688069375796,2.0649686597628305,2.10913382192217
43x29,2.3637139066668924,1.746416166254003,2.154811162021238
23x24,2.4694067921753233,2.3718015254201235,4.202018405257786
32x19,1.0,1.0,1.0
9x49,2.757902961362963,4.39940797176563,4.929189842950475
32x49,2.881850870782752,2.3833347110369605,1.9199916739819434
46x45,3.7291832150412314,3.395826765153411,3.6140188646094047
10x2,1.6103257174420074,2.866406730425226,3.1862786925022664
49x15,3.161224342022804,2.4140160341106505,2.8080519165900903
13x34,1.7939986986086762,1.4157229395493593,1.4189893581950943
38x3,1.6830760585202194,2.603549250945983,2.4902236938805733
37x22,3.3837233380363267,3.008567353138341,4.517756228233051
37x30,2.606479030434107,2.528616222012974,2.7378514274033217
48x17,1.1821820017846416,1.1821820017846416,1.1821820017846416
25x3,2.6950474070193424,2.4518714491465747,2.6920796989918103
11x49,2.652104357499849,4.25969237326634,4.464363837741177
24x43,2.900693355289202,2.1592828696361277,2.225126072246053
49x42,1.881046173723799,1.739849491274967,1.739849491274967
34x3,2.6924220090187028,1.9304297974845601,2.472270951940373
36x30,2.239948640634149,2.9414584423391448,3.090195842610984
38x1,4.01511047346297,3.2822646108353486,3.8121159696435925
16x26,3.1958977090528293,3.1261726029869403,3.6102054182586896
11x43,2.6139646015458795,2.651986230262082,2.6918532230719965
13x14,1.5770272628686273,1.4410156382511106,1.562945119886892
42x8,2.0890952337824844,2.337856582901591,2.834655988845942
23x8,2.8687069255719604,2.647945189040165,3.3177110718752636
6x6,1.1124513000098186,1.129719339224618,1.1124513000098186
31x12,2.4198856763668792,2.0890253246425505,1.8485120907384636
47x43,1.482573058156938,1.3569045427875668,1.433280944444334
41x30,3.347730325302807,3.959451381237386,4.155080759508815
20x15,1.0,1.0,1.0
10x4,2.9573195151866454,2.7631153257468233,3.77675305093664
34x45,1.1124513000098186,1.0629489120442959,1.0629489120442959
6x14,1.129719339224618,1.0629489120442959,1.0629489120442959
4x46,1.9330732030716469,1.9635030076312345,1.9213829945353078
7x36,1.5494856639063164,1.5289567994224336,2.8270656549248936
19x20,2.970439056814471,1.7646947609398522,1.8511590114621785
36x5,1.8093549644798672,2.095839631428881,2.719974388867171
1x28,2.517332799729999,2.4918406583265984,3.0888821075727138
29x16,2.310812026710359,1.8420227750373133,2.276417682608538
17x6,2.1653266300818306,2.5213255369157874,2.9459914973420926
23x37,2.27369360063916,1.6036034862338133,1.701329874031029
36x33,1.3498042102003092,1.4315605939072482,1.6371077743026283
16x39,2.603549250945983,1.9892945632210808,1.9750569963098614
40x9,2.0450960584926925,1.992406847343511,2.5946721429797153
39x22,2.0620294954943086,1.4174111811317323,1.737628134621997
8x5,1.9811578639400322,1.721632177609972,1.8982012697205304
11x1,2.7883137104809883,3.141282589632451,3.7517912519835708
47x50,3.2043128590677417,2.760946506958907,2.763980639411477
34x46,1.5936794269926198,1.7108502660519869,1.6917711673654225
21x28,3.1166246894968013,2.423560954453344,3.2097879467563573
9x7,2.42620896536589,1.9775889881439197,2.18914411649575
16x38,1.2297525316960332,1.2369229747208947,1.129719339224618
42x33,1.8913314266237746,1.5906821119239323,1.8198077330373863
1x20,2.7509585857360164,3.1572401512859125,3.6417429837968225
5x23,1.958247122185528,2.404792309816053,2.442597974504614
15x1,2.856553177991766,2.8365812511445334,2.9841438237613076
7x37,1.742076667867281,2.0317499594930424,2.4941735128733784
47x13,3.6177172508103173,3.013554275312173,3.577055449307436
17x1,3.174781984446737,3.515535142467027,3.850798745962744
4x5,1.721632177609972,1.875210549212799,1.9879750337089628
33x19,1.1124513000098186,1.1573636997031709,1.1993986213536356
48x38,2.2897303054387628,1.856273294644016,2.0046936090920338
43x16,1.5968086490910351,1.0629489120442959,1.3164878102733308
38x47,2.9408885683620287,3.2221622809395623,3.359424788281625
9x2,2.1729398538137965,3.7819672926775176,4.375602385730039
26x50,3.5654081058389626,4.004434205330824,5.012827616621028
44x27,3.462227240195539,3.39148089916279,3.8468741298624716
48x4,2.8292605559435597,3.6765574675454755,4.02639139204362
45x10,1.5661241033400717,2.208795443099572,2.0880752459640854
35x32,1.1993986213536356,1.4695444079955613,1.5494856639063164
1x4,2.659748586340602,2.4513682043994502,3.079596063955303
41x37,2.183033271665967,1.3065002050330519,1.353599817927607
40x33,2.330331809296207,1.872600630964678,2.462367596149589
28x24,2.5212257762365957,3.194270358039593,4.932257424446993
39x34,2.942297335604794,2.0989301250398373,2.2198478287763783
34x38,2.766289390081818,2.958994343413031,3.0150959364365355
7x31,1.8062144815801788,1.384145488461686,2.842735180869633
16x12,1.5716435560366497,1.2297525316960332,1.5243670362348059
43x28,1.612108618471457,1.6743501066402542,2.6379512682711836
28x37,3.0646253838575794,3.2800330712650534,3.776013521979273
15x6,2.794119457061513,2.4865637697718737,2.8103270300966767
43x39,3.776365937854333,2.4901634189899395,2.4901634189899395
7x24,2.44176435466379,2.6621106983902805,4.096190388967864
47x22,1.8508698158770196,1.4410156382511106,1.8024402692544212
11x31,1.742076667867281,2.3204184159617207,3.5345761656346104
15x14,2.2078154142230995,2.106178482035343,2.1243185928387525
49x37,2.397953459657355,2.1287852271175502,2.1532091170793373
28x49,1.99729298040169,3.7205679446574407,4.0061946542225755
9x35,3.1849442053510497,3.0703090002545737,3.3813428168553488
4x15,2.209590314677936,2.2732613667031982,2.395806579024675
4x49,2.292904204034557,3.3403879506301206,3.5955854876140045
12x10,1.2742519363255236,1.1821820017846416,1.1821820017846416
10x36,3.0011702433419285,2.909313721632686,4.017736480668383
1x13,1.3569045427875668,1.4189893581950943,1.4189893581950943
33x47,2.7987749747681425,2.5766295062502715,2.7883137104809883
32x38,2.4727739358722487,2.812002480832563,2.8950171843389594
7x2,2.727421754504899,3.963522089272145,4.883071597478255
22x31,2.4787633642240867,2.3518389940321027,4.093433811156493
10x48,1.3164878102733308,4.554245047787332,4.6399416775335345
44x1,3.483222481689187,3.373669244179194,3.617930278298858
14x40,1.1993986213536356,1.6371077743026283,1.5289567994224336
20x27,2.8022398048190342,3.01233964178992,3.21243113258443
41x35,2.787196808928646,2.505773866498398,2.3261922785958027
16x6,2.5614940387512015,2.285470269350193,2.430665100087845
10x27,3.7638671633309952,3.908966392142131,4.257131499824447
35x19,1.3860017633477575,1.2742519363255236,1.3164878102733308
48x30,3.935218735956549,3.660452540034473,3.6529065229108206
2x23,2.8312785530981,3.1194234739022617,4.982001153408591
36x49,3.0181633697160675,2.516184962186083,2.246375428262551
41x12,2.146475981437957,1.6936156544798437,1.9057177148871494
26x20,2.251668004505072,1.9333631292102302,1.8002815460214867
43x30,3.611972266898439,4.235561572086307,4.5301730469566115
6x25,3.3092686185119784,2.7730781491582683,3.453655306268302
24x8,2.663286539858367,2.3803880611671158,2.7958468413594293
18x30,3.0189695792332287,5.336124296889195,5.9756298412324735
32x11,2.502563626162904,2.314812434371737,2.1995067414862315
8x27,3.5871406160833272,3.4739247971649285,4.751906740814936
19x14,1.3329097102826746,1.2297525316960332,1.239315430729068
27x22,3.629680174973688,2.7191334372954072,4.5093264959651735
48x14,3.0481352751016746,2.25728996558959,2.2455785616046815
21x12,1.8716799124350878,1.760783157254343,1.8567546808628261
13x40,2.0907047609910903,1.9463387719892762,1.9950851646698557
46x18,1.7771585154493295,1.4594411570435957,1.6371077743026283
20x6,2.9091260701518777,2.5617822624659885,2.9438306215615513
38x6,2.8684621977506177,3.5224165189145653,3.2460511487803805
22x36,1.742252387574076,1.3141181485141191,2.9149482213694236
22x42,2.1766563861543213,1.9304297974845601,1.796101145547984
21x35,2.5726671996437673,2.4165570364369824,2.434207056566542
6x46,2.0402934051281285,2.159840814059943,1.6947383602590194
39x29,2.788689489084758,2.902986397337103,2.9640302584856264
26x1,2.5043218990888416,2.9706756153183536,3.233082210411552
8x49,2.9196987591098447,4.549664201071842,4.2417869796657195
18x4,1.5705781412513098,2.613457004139716,3.013361144497299
21x6,2.7654207904778696,2.6081853214652218,2.4362075019241063
40x31,3.4148177769802768,3.924212019154061,5.276736267527997
45x23,1.4984516851685856,1.3769076856810996,1.4157229395493593
46x21,2.2420862565975086,2.030707659050809,2.2967925003514824
16x8,1.4719165222372004,1.5091672088330024,1.5268178270135986
2x40,1.701329874031029,1.4210781528900283,2.410364751032947
27x21,2.779207415115518,2.4754863163755867,2.681808971948494
27x38,3.789947597629443,3.224577574260246,3.6979390831763688
10x38,2.0233255571273383,2.063850694828936,1.8946457081379977
12x47,2.81953437044359,3.7455538827916164,4.899384073309893
18x20,3.0586671055619856,2.4008907009007956,2.6196092523739027
44x49,2.598664258564339,2.5010847111672287,2.307516726519042
50x26,3.641840964316646,3.8098941201449614,3.565231494337951
27x5,2.969781433154051,3.467110543629403,3.9042495950404614
45x13,3.185179032677817,2.406038020437187,2.6525393342989076
32x30,2.849852456818818,3.549764219806362,3.6355331963919104
31x25,2.8436652562396234,3.1543104894853555,4.121825769195427
50x32,1.8716799124350878,1.843621427163446,2.2912112109227447
33x42,3.7024917685708876,3.013554275312173,3.706705189007946
31x30,3.7013155131189963,3.896603160126995,3.9583636761594363
44x39,3.6390179243352057,2.895633696298388,2.749767631322827
32x20,1.4157229395493593,1.353599817927607,1.3164878102733308
11x35,3.15122255516284,3.4923546198016773,3.668135839321331
4x22,1.8171361221640825,2.1356768559958232,3.9874154871417042
42x38,2.41318200169936,2.1544798538819676,3.1755925438128716
5x36,2.0155487760773156,2.1014156294763104,3.4963765620613225
46x24,2.4100164621730897,1.8353654659175547,2.153402712572771
35x12,2.7572853574992715,3.0671143682853486,2.7740058700658112
25x43,1.8097050953689338,1.6738586084802807,1.797830941146157
27x24,1.963022091324184,1.8485120907384636,3.197146236763357
1x10,1.7771585154493295,1.7646947609398522,1.8203635644889171
1x23,2.6918991845442077,3.358696936226565,3.85878704252663
3x19,1.0629489120442959,1.0629489120442959,1.0629489120442959
9x19,1.0,1.0,1.0
46x30,3.033141310069461,3.3335615673079815,3.5748112437470096
32x36,1.2865300266079056,1.7492299982254995,1.539055117579496
17x18,3.4939630377769566,3.2327564597238,3.2506731680228658
30x17,2.753473420758709,1.9995061931586,2.190894414081511
45x4,3.2666706505833623,3.67944428215598,3.907017150116122
48x24,1.2561231270628248,1.0,1.0
20x36,3.0268588816791775,3.1259911758798853,4.243957113074822
32x26,2.3811015779522995,2.6183467988970675,3.4162210265862076
40x43,1.9245064870902011,1.9682070001819512,1.8089873868742816
11x14,1.3498042102003092,1.1124513000098186,1.2369229747208947
24x5,2.7836855962532514,3.035664407294365,3.4817662613777474
19x4,2.1065970463516823,2.4347112373307667,2.6679281046401377
6x37,2.1973458485724646,1.9845457221760012,1.9822226892611523
15x11,1.5716435560366497,1.4315605939072482,1.5494856639063164
28x3,2.6716705629537594,3.692725464088514,3.8515148618529076
48x23,2.0125605595789677,1.7448121572448774,1.7646947609398522
44x33,3.2837924389022084,1.8263262644062905,1.7145333504510996
26x5,2.8496013802795557,2.7699539605557533,3.148551810020364
11x42,1.9567509512848382,1.433280944444334,1.3957755818803457
16x10,2.2202350935696376,2.0142802092369325,2.083280883758133
43x23,2.20607571933731,1.7108502660519869,1.6625198002000865
40x39,2.7931676888514083,4.80571833080053,4.27233679680675
19x16,1.0629489120442959,1.0,1.0629489120442959
26x12,2.999284463465734,2.7232267080680774,2.6676767616185337
8x33,2.9725537385920795,2.5352481986349393,2.736700653545023
50x23,2.2767648498451067,2.2114186885607365,2.5299077977085727
26x49,2.8546161249429054,4.0309512224426305,3.976515565402846
38x12,1.8703081933241932,1.6448572567630408,1.6981705801825366
18x49,2.586617652398957,4.0046075708974005,4.522085517206001
48x9,1.0,1.0629489120442959,1.0
31x6,3.3790823324902473,3.372022188608356,3.1752339080872916
31x45,3.060064040384187,2.980719237416016,3.0907840426256077
17x38,1.6696994012583954,1.5169563213688035,1.7985410792523386
31x2,2.3885629259675576,3.206729503036289,3.5304991551291875
40x10,3.5234797819876844,3.612241065154894,4.348260242931174
32x27,2.3765140133575215,2.512812413391999,3.1519862863029138
29x11,1.6371077743026283,1.7108502660519869,2.094174057894697
30x34,2.1653266300818306,2.1540512731538293,2.125352836602461
14x8,1.7448121572448774,1.8079922250622302,2.0442384555961906
18x33,2.7591937019651174,2.809804156389693,3.538463046796137
36x27,2.999964061079367,3.24841052158608,3.358288384930545
25x5,2.7186919902766054,2.961353999936163,3.4314938010991076
10x47,2.711354766664788,2.978537646609055,3.050777632919392
20x43,2.2897303054387628,1.6940124438736743,1.6339160394600947
15x2,2.032763886494296,2.594788904104958,2.695637041897857
35x43,1.5770272628686273,1.384145488461686,1.384145488461686
12x45,2.8717458874925876,2.3066744506212147,2.2925316883822044
46x10,2.343342682813681,2.2202583967764027,2.3835515208190405
46x2,1.6184173358259186,2.5703588771079624,2.9697828463436777
19x18,3.5286079731630804,2.8827589502852216,3.287054501015019
38x42,2.136529065713937,2.1215232406714946,2.3098974110639348
17x9,1.1573636997031709,1.1124513000098186,1.1124513000098186
41x27,3.0217270099697977,3.086735229898793,3.3488820619173016
49x12,3.989552885100058,3.666312633746031,3.808785443917871
7x45,2.792305107978792,2.3060459163982117,2.820151107465608
22x3,1.9842263372497855,1.9304297974845601,1.9463387719892762
30x38,3.114164291787938,2.2455785616046815,2.2923287773062295
44x43,2.292755984129124,1.6676660500950307,1.7488431756466658
41x3,2.913074802553506,2.775827090737643,2.4100164621730897
44x5,3.2685502576155008,3.3017512394163653,3.404578356953989
10x25,3.072938803764426,4.0014435937406345,4.457507478716234
41x25,2.277181568712424,3.0530187964237183,3.2119744631727967
10x19,1.0,1.0,1.0
30x8,2.4225141070348903,2.4920802307837246,3.2224566131557966
33x35,1.6103257174420074,1.5169563213688035,1.5494856639063164
39x27,4.183735067052901,4.13629707300106,4.396905640011905
5x43,1.8501256941783555,1.6529072317065319,2.178227461826183
38x17,1.0,1.0,1.0
6x35,1.988455217556566,2.296450564486926,2.172985238036471
33x20,1.9121906583472943,1.9121906583472943,1.9938748725756539
50x30,3.3265119418245903,4.150870593143629,4.4063797338141155
39x32,2.697940156421402,2.6091770229670033,2.7459666747290985
31x22,2.590117389149044,1.8540086458650453,2.0612062512787133
22x37,3.335130504656455,2.55149966515035,2.481313261951181
2x22,2.5416892891656255,2.8732216724986155,3.40888505522936
5x9,1.0,1.0,1.0
1x2,2.2329307854033327,2.829413360109768,4.130761521982852
3x28,1.9568645463068284,2.3235023818004845,3.055246193114379
24x44,2.9626734800658254,2.0201734129533664,2.0451690812853065
22x33,2.5764013268907795,2.319250365276845,3.6034005538728393
12x50,3.384916197835089,3.1611917906714515,3.5532102116420576
25x23,1.4622587255979447,2.181851387071396,3.1745501225315014
33x27,2.4303693989777693,2.3824267948418427,2.8310590767929504
48x29,2.9482275941787,2.596341732513591,2.9589430440934086
25x18,2.163837788870825,2.185916906265565,2.185916906265565
48x31,2.0924274117429458,2.151072308339481,3.0814748462913997
43x27,4.152089038849924,3.6976268595807693,4.21497801240021
36x2,1.909966231756438,1.770035889121735,1.7273352117894814
38x10,2.6339062775361177,2.301019740391443,1.9992374941957325
27x6,2.9477661149820173,2.9285361021915883,3.1183944698170447
11x5,2.423560954453344,2.210870546164694,2.8709758235307876
31x10,2.453356717203189,1.956904093918261,1.9190476542685762
38x8,1.997825025535826,2.3163123402336168,3.2261288681963105
39x42,1.8945220472981728,2.157978704735159,2.2608519565928824
49x4,3.0707411151417228,3.327959614944033,3.558751783035338
21x44,2.737787976702202,3.16086575353144,3.0642589874497643
36x22,3.418208515028535,2.5140746645797987,2.958967040477816
1x18,2.2463409653462194,2.0907047609910903,2.2374290508369183
41x14,1.1124513000098186,1.1124513000098186,1.1124513000098186
42x2,1.6103257174420074,2.197865278945842,2.334059275901564
35x38,2.3399377488614985,2.6774872713153726,2.5952670551209036
50x35,3.03751953073235,2.9831088504722745,3.2074228658977413
6x47,1.9489892728668505,1.5067447501652917,1.2297525316960332
46x41,3.2779881772257538,2.782312254240054,2.7883137104809883
32x25,2.520204929455325,3.0521412010387996,4.5282674129115765
25x25,2.3438938433013834,2.455758792483654,3.050826031666077
48x8,1.4751126949379068,2.35352515783899,2.2704622650588293
12x46,3.3241449630027087,3.332121019508077,3.5013583946253775
21x22,2.4134151817090967,2.377313495644057,2.2366818195284597
25x35,2.332709681314893,2.4779414796070776,3.4504417859187613
2x13,1.4174111811317323,1.0,1.2775319170740629
38x46,1.1821820017846416,1.5179668634033427,1.5526900504599643
31x31,2.9468666914161927,2.885643882576961,3.40367128239971
25x50,3.663890151819591,3.523654289991457,4.212639883932512
45x5,1.5494856639063164,2.432330706856548,2.3586871469317945
29x39,3.2325970678412825,2.7008358982768934,2.8099496541546323
23x26,3.2485294757184326,3.089308761903638,3.895689998372959
2x47,2.8020026265754665,3.082995597926037,2.9796473890319453
50x36,2.1413613579680346,2.324142251083104,2.6895318360729767
32x33,1.0629489120442959,1.3666424669493191,1.3666424669493191
48x35,4.026003026227952,2.922371772591296,2.9253691282198795
20x7,2.8059281821095077,3.9262751254165447,5.1024695308793
39x20,1.990783053456272,1.721632177609972,1.8002815460214867
41x17,1.642175362496467,1.540683165014507,1.664575281361722
47x33,1.9842263372497855,1.4210781528900283,1.7735249330323488
1x33,2.27369360063916,2.157978704735159,1.7692965220457977
42x14,1.433280944444334,1.1993986213536356,1.2369229747208947
24x46,2.209590314677936,2.2104079867911777,1.5962425904568682
43x25,3.1115448748297942,3.3035858864148286,3.7962584968392368
20x16,1.0,1.0629489120442959,1.0629489120442959
23x4,2.442597974504614,3.1796518466509034,3.4236559470615533
19x41,1.7206136920725739,1.5770272628686273,1.5661241033400717
1x21,2.955133774308787,3.1589450098716774,3.9463854490917796
15x21,2.335090359849778,1.8801213759697668,1.9950851646698557
6x20,1.3065002050330519,1.129719339224618,1.2297525316960332
4x2,3.1448455883450404,2.8786341464907976,3.691384928433124
27x4,2.1984356961191245,2.8170455438047273,3.1126842792755927
13x18,1.5046535256247227,1.1124513000098186,1.1124513000098186
41x46,3.9430369230084628,2.7314791358300927,2.7341420203631515
24x7,3.099860448709151,4.367103442167277,4.522539466834352
50x28,3.211572141117672,3.306670389414328,3.1088110324226315
42x10,3.391224089634123,3.5209872095852144,3.46942692377299
47x6,2.310214323871131,2.4114753984733595,2.3952998976637163
35x8,2.545165486150747,2.528465700322448,3.4675690078312003
40x5,1.988455217556566,2.0174097685413663,2.8265520581662615
29x20,2.4957777622669495,2.1890360339218597,2.2772402634459614
3x8,1.5217114201886668,1.129719339224618,1.3666424669493191
5x16,1.3957755818803457,1.1573636997031709,1.1993986213536356
13x38,1.2775319170740629,1.1573636997031709,1.0629489120442959
24x25,2.31193816165004,2.124814090025488,2.3348960330759003
42x48,1.701329874031029,3.4772301794197857,3.4865743853653983
5x46,2.1977836856994872,2.2449959125066177,1.8863641375163513
29x32,3.890420850603291,3.5892757171068252,4.133808592941865
30x33,2.493887179312435,2.4417208540059145,2.540412898735327
5x21,2.554893760290667,2.217544859781488,2.217544859781488
15x37,1.1124513000098186,1.539055117579496,1.4719165222372004
40x35,2.646055620870697,1.879684062051752,1.6340116414709576
4x1,3.2158326917587052,4.171369223379703,5.2365206739030565
48x45,3.329012759314967,2.890618748952482,2.78362617148166
17x21,2.548406464830219,1.9977119078325432,2.512701462075932
25x14,1.5386713202643842,1.4496604482346787,1.5046535256247227
22x25,2.78362617148166,2.4555374579812397,2.1243185928387525
16x9,1.1573636997031709,1.0,1.0
37x31,1.6329149335712032,1.9502321715637343,1.97304130975751
16x41,1.3769076856810996,1.3878561917314132,1.353599817927607
20x21,2.7182048446725293,2.802358373258826,3.263254477313805
44x19,1.2865300266079056,1.2865300266079056,1.3164878102733308
24x45,2.7663288667005377,2.3717115570296494,2.5475614886208886
32x42,3.5483456145842047,2.237489931756383,2.47181516543934
11x47,3.618986062078828,3.8395951069090897,4.494793459677343
28x23,3.141282589632451,2.957886971250388,3.7924149183831712
46x25,3.714227590223935,3.2798547877674653,3.9202102720100793
7x43,2.023691078869157,1.6985342078855388,1.961163635199505
3x50,2.448225222620325,2.3269669484324917,2.198008739860749
31x40,3.049868365082186,2.30137271366262,2.6024004537542296
42x21,1.9866161058722147,1.8002815460214867,2.0977446753714033
39x14,1.909966231756438,1.634575078913038,1.664575281361722
35x23,2.347230565787614,2.450788810482095,2.3236214925846324
39x39,2.887474651151375,3.757379200867359,3.5955960276275003
33x44,2.889649579846033,2.4135063257625067,2.5583308150784387
14x2,1.5705781412513098,2.81650502505761,2.7348169706103165
15x45,3.0003900268583124,2.92841988786746,3.0444434129817206
10x31,1.4157229395493593,1.4594411570435957,2.613372108703372
26x37,4.048812884171727,2.4364603013828794,2.5756846657855994
42x42,2.377363058375698,2.913429681288922,2.9409734473254634
29x31,2.7376083635079165,2.5659179028402783,4.205444559696372
33x34,1.1821820017846416,1.1124513000098186,1.129719339224618
17x34,2.916148283779584,2.845837778060053,3.1922872779528455
30x12,2.240309431820123,3.128809160710115,3.6603294494025014
50x27,3.6761399818227227,3.850927819020092,3.6229413732522264
31x5,2.851788875604996,3.6195088801248905,3.5879514202510454
4x4,2.6504134279859723,2.2613487502348786,2.996302644254691
46x35,3.9499029868505393,2.400494327622448,3.071891479824412
34x23,2.528041517305878,2.5523604712779138,2.384275187098232
36x12,3.1573433288565296,2.9215739390476383,2.6174209869463754
48x2,2.1654242148849785,3.237696718419575,3.2527012863834104
30x15,2.11672183097529,1.8673507495689532,2.1727684864535703
33x25,2.845293967025635,3.106734381433855,3.453034486103684
24x29,3.060263937978311,2.6495941635373814,3.3252970416248933
4x13,1.9508174262050981,1.8778107018427295,2.5478156609871503
17x50,3.474337501278536,2.9132017444583473,3.479114546325575
4x35,2.887845426308625,2.038389156922285,2.6193776655179675
35x29,2.7302680667450634,3.4422784574224803,3.4816463050840394
3x7,1.9822484180857005,1.8112848234008507,2.31519529727101
4x50,2.6561930235355358,4.353293106069073,3.7198301690673885
32x6,3.201037532791985,2.89261528695167,3.0544800257001508
22x28,2.512499362380811,2.3044180514892463,2.970958531001537
49x33,2.5310703066241893,1.4157229395493593,1.3666424669493191
9x50,3.4369228906648996,4.117821988213972,4.796299220098844
38x40,2.787379989895467,1.9696167177811903,1.9253335992922862
14x48,2.1868527470045307,4.828177009112371,5.291280799062845
24x11,3.0071869432465097,2.857774959575445,4.041498661785701
30x9,2.9793145539333157,3.0322872236252705,3.3123261961774366
44x8,1.0629489120442959,1.6371077743026283,1.5705781412513098
23x40,2.528041517305878,2.8046169698983445,2.9024361304428865
42x37,1.4189893581950943,1.1821820017846416,1.8965705992060893
15x16,1.733932024019213,1.7217035807492065,1.6936156544798437
33x32,1.3569045427875668,1.742252387574076,1.8112848234008507
30x40,3.299483553646823,3.3942452462351755,3.8909922100991294
18x45,3.422858175915694,3.2851257479147984,3.491845564557198
50x41,2.502563626162904,1.9287762739652017,1.9787586411338964
29x26,2.860156792923891,3.060342723610115,4.402895938193006
38x35,3.3719868413492295,3.4070640926603173,3.491276560918166
37x10,1.7771585154493295,1.8959043995434628,1.8561024671553648
9x15,1.1124513000098186,1.129719339224618,1.1124513000098186
17x19,1.8725462138866302,1.6830760585202194,2.406007202829586
49x34,2.7320095250664145,1.787629354658571,1.9696167177811903
38x27,2.705654275498141,3.425113801368783,3.4059002253238493
34x14,3.37080083931356,3.2658210661162115,2.7975795421541028
24x13,2.102893253231465,1.9079300271706914,1.9333631292102302
24x23,2.671016603599862,2.798918623874864,3.8193017996964485
35x39,3.216781772091694,2.796075838977921,2.5140746645797987
3x14,1.7721728818242546,1.574044755570299,1.5705781412513098
27x39,2.7429828555523983,2.9316374670069036,3.2533109265525817
50x50,2.337050263197283,2.1305767530689903,2.3217123378606748
16x5,1.5386713202643842,1.7646947609398522,1.9442878511858976
9x25,3.1677765164808727,2.7268859886743155,2.878725477463676
41x20,2.154170342118072,2.027794764571714,1.9039668606822715
24x39,3.6327476452825382,3.6810990635857146,3.8278362963879906
48x39,2.9941821915821603,1.9222819344735451,2.064849825851577
14x13,1.9927584607442543,1.738504698328061,2.0051167891858666
10x20,1.3982807524493166,1.3769076856810996,1.3769076856810996
4x10,1.935147842354568,1.480498975444675,1.9633860841926345
45x6,1.1124513000098186,2.1038716910817303,1.9811578639400322
45x28,2.1657853436613794,2.370244671610236,3.745076183027931
38x49,3.1501633069868196,2.2557701508364483,2.4661026186092254
38x23,2.914152214566871,2.5943117448100934,2.952732393687052
27x14,2.701731584234086,2.5217677719220744,2.45516918415942
1x8,1.6947383602590194,1.6213085487902676,1.6453874255231145
42x39,2.917641525622431,2.083280883758133,2.013836259965811
8x39,3.592870086893563,3.4889415330995392,4.715188207222144
3x2,2.762431611856094,2.9433005679453474,4.039003847214224
36x11,1.5289567994224336,1.7861644615703847,2.205860408637626
43x34,2.9928889445769964,2.3052686292843965,2.3399377488614985
4x23,2.8908900414974408,3.5958463904433713,4.8073974774205235
1x12,1.2297525316960332,1.1993986213536356,1.1993986213536356
32x17,1.8256696656512974,2.0470079512121866,2.8187618639215746
14x35,2.063850694828936,2.0867264690955993,2.054144041223633
44x30,2.9652375232070347,3.1554488127871645,3.1032375489810033
3x29,2.40945617305535,2.4366626122457844,3.5989772665781534
24x37,1.5169563213688035,1.4695444079955613,1.5046535256247227
4x39,3.2318290142476362,3.5091710223419486,3.1472514394096454
23x36,2.228496814950136,1.9199916739819434,2.6745553113040037
41x42,3.4122124477834594,2.5833887841440633,2.3893278443160764
26x21,2.917518933431122,2.3627488148237594,3.5086162075980813
39x8,2.0317499594930424,2.4065182983698885,3.830766082839705
30x13,3.156118898643699,2.4930755674754916,2.4986583020573447
17x8,1.4594411570435957,1.3569045427875668,1.3769076856810996
25x39,3.2888591569044827,3.098593119816159,3.065978318610129
50x24,1.8801213759697668,1.7646947609398522,2.0293753113770467
48x49,3.823653523368372,2.893215416275173,2.7413623221468333
48x10,1.1573636997031709,1.3141181485141191,1.4860992151827352
12x15,1.4719165222372004,1.4157229395493593,1.4189893581950943
50x19,2.347500075987875,1.87876684532157,1.9278487942611164
21x43,3.343438440371559,2.9841894488737357,3.1772996745554427
20x34,2.2912112109227447,2.0624620012545387,2.0969274190248606
15x38,2.2084132739304816,2.1927872600833296,2.351642129321875
13x3,2.384714138734913,3.080916976773809,4.012510188867292
41x41,3.613689308636157,3.350204366967879,4.592638454613022
36x17,2.4438689441851498,2.225126072246053,2.235481438970205
39x19,1.2369229747208947,1.0629489120442959,1.1124513000098186
12x18,1.4189893581950943,1.2297525316960332,1.353599817927607
48x32,1.997825025535826,1.5169563213688035,1.6448572567630408
28x39,2.0765959124951707,4.557997988638115,4.551295040711582
6x13,1.4496604482346787,1.129719339224618,1.2561231270628248
1x50,2.77435857376844,2.868813064605871,3.468114496000093
43x32,2.7861650778498688,1.8863641375163513,2.114971737342457
27x33,3.46687593084283,3.360036153509703,3.949727829181222
33x5,2.0735242450919915,1.8725462138866302,2.0908412272343515
48x37,2.7584608659936802,1.8703081933241932,1.8917331102125812
9x5,1.9501798317233732,1.9121906583472943,2.2613487502348786
29x6,2.4618395947560447,2.8046169698983445,2.9107183205661116
3x42,1.9330732030716469,1.6696994012583954,2.6932307296331817
18x41,1.3164878102733308,1.2775319170740629,1.2742519363255236
27x23,1.7074284446371775,1.5968086490910351,2.2897303054387628
34x33,1.5906821119239323,1.3569045427875668,1.3957755818803457
43x9,2.0441081434874024,2.1605872255374647,2.228496814950136
29x28,2.1698721042957634,2.1872803314603506,3.5243760164412175
21x3,3.0612456378097925,3.146060262671559,3.3046840904858508
24x15,2.8015998018885844,2.280435582906522,1.9508174262050981
47x10,1.0629489120442959,1.2865300266079056,1.2297525316960332
33x18,1.536150660015789,1.3143051175100187,1.4751126949379068
21x47,3.1072140762526383,3.35849585174298,3.9975827670896056
18x21,3.4266848856948027,3.088292570859487,4.3825372292233435
1x49,2.730254716518766,2.601903325465999,2.5789368757899163
47x42,1.3379516684674342,1.2369229747208947,1.2865300266079056
11x24,2.5212172636532153,2.786977368266894,3.8472005966520966
10x42,3.056716369054667,2.907343977334636,3.569670955079388
39x37,2.693056374369768,2.4225141070348903,2.094693249659215
41x29,3.4950153639241828,2.8331967718761244,2.9497479709907233
7x32,2.979906173535495,2.6711927641450317,2.09167554596936
46x38,3.1887411147882845,2.5114146699407875,2.7490224639269294
2x25,3.3617524208947303,3.37080083931356,3.851103689526726
16x16,1.0,1.0629489120442959,1.0629489120442959
8x28,2.2838000504366773,2.318479548275186,3.5270075686355185
37x39,3.030927352458051,3.6625795070709004,3.6383464163545756
49x5,3.1055814069721457,2.9266654586237895,2.7047973432601427
33x10,2.21222806077476,2.0039739981785525,2.124814090025488
39x44,1.5046535256247227,1.5572879060320108,1.6371077743026283
32x32,1.0,1.2369229747208947,1.2297525316960332
20x28,2.442597974504614,2.2455785616046815,2.6816433066079566
7x22,1.8814778635244498,1.3143051175100187,1.4315605939072482
28x6,1.85271900953208,3.3237620331258557,3.7024300442021585
32x24,2.337856582901591,2.523500402064709,3.7098238481656187
39x45,1.3065002050330519,1.7721728818242546,1.742252387574076
18x25,3.099860448709151,3.7544417414253934,3.934456271876246
15x43,1.4751126949379068,1.5494856639063164,1.589211507973385
14x29,2.577995249435369,2.5416892891656255,2.486271522998342
19x35,2.550719276694449,2.1973458485724646,3.4287862150025754
23x41,3.511561604996461,2.994016197342779,3.1284071525535975
1x24,2.781016901253829,3.029655002183712,4.306831834541057
11x25,3.247328104819098,4.579605139586616,5.827794233334501
22x22,2.8431683968211305,3.2989495326725975,4.284992470141809
25x8,2.1683302861887426,2.944313002432849,3.609486488447082
35x28,2.909313721632686,3.2386655885212092,3.3137702346700713
47x28,2.85567007050417,2.7160141882405835,3.0867684482615734
44x11,1.831552738223221,1.6689534454660726,2.1984070887942635
46x3,3.5516564134973625,3.147438244511078,3.1444606118752243
34x42,3.133836106663837,2.4603636278621392,2.5297216827388986
2x18,1.7056761700443712,1.3666424669493191,1.42936417765236
48x3,3.121404592238547,2.965418948377006,2.81650502505761
44x12,3.0750902731901,3.1572401512859125,3.2118869794034195
23x45,2.3292874220944837,2.691685086396839,3.42104138316692
6x45,1.7492299982254995,1.924912740111658,1.8712424856764345
25x31,2.1403435030918163,2.115715742464548,3.686864239978438
5x40,2.2321911032398325,2.53381297477898,2.3899796608519472
41x50,3.165565201911957,2.7181686956305793,2.853162411870259
12x17,1.2297525316960332,1.3164878102733308,1.2742519363255236
12x23,3.095075135491878,3.3966438760920994,3.7509722318742433
22x32,1.540683165014507,1.8049171046190822,2.039911516392196
31x23,2.4957777622669495,1.9822484180857005,2.5318382455705692
17x40,2.5848124117971514,1.9278487942611164,2.3385352882181567
1x29,2.1619095808563955,2.5669995962096923,2.9468706806328413
20x4,2.5089745268512194,2.9725537385920795,3.3571959560512847
29x10,2.622169568760192,1.787629354658571,1.7965792321641558
40x29,2.954351360490551,3.496553914435366,3.455758143957912
3x23,1.7337431870269389,2.460096648308368,3.874836323794067
48x12,2.7164487454055397,3.0744090106358546,3.8071632985914756
11x6,2.1076881872979074,1.8453283908121458,1.9885950149241725
40x2,2.091894194020343,3.2573117769654827,3.8933978675626655
41x43,1.0,1.129719339224618,1.129719339224618
16x4,1.847921426083977,2.820847080733786,3.3058144634130633
2x33,2.6379512682711836,2.064849825851577,2.9179880113144496
40x23,3.2607392696430093,3.0486448405030826,3.8006991472624594
32x14,3.3336542076435687,3.159308901710037,3.2584499087274756
1x11,1.4157229395493593,1.482573058156938,1.5274675530239774
8x3,3.060695384707945,3.347329848232982,4.2134537778386525
36x21,2.21429820001523,1.634575078913038,2.1202482173161883
16x2,1.6529072317065319,2.5659179028402783,2.690508717188686
18x48,1.5046535256247227,4.06807068437772,3.548108646581954
50x22,2.571232468745679,2.3627488148237594,2.9155861016180924
39x46,1.4594411570435957,1.5572879060320108,1.5274675530239774
40x11,2.7928689379301472,2.6156140367954084,3.5133256155803974
46x28,3.801691970391405,3.3475960341048223,3.9388804101951074
50x17,1.935147842354568,1.8255227016659616,2.0870042241385365
39x35,4.242620337450016,3.1976336158761227,3.638548897425244
25x2,1.8560881345389828,3.001066960753132,3.2803035124024067
2x50,2.276417682608538,1.572058342786851,1.7080722759122469
44x23,2.398472993830891,1.9938748725756539,1.8917331102125812
23x19,2.7833906371242,1.8062144815801788,1.8677301863313627
19x37,3.2038725704847275,3.0887985836658802,3.2864091758618987
11x38,1.3498042102003092,1.3569045427875668,1.3982807524493166
45x7,1.3164878102733308,2.4909054535430597,2.285678713493456
27x2,1.7682010027204875,3.2296602477637077,3.8774893500296583
23x30,3.1116134151113224,3.9828500821898376,4.699466445163968
40x17,1.480936217579442,1.0629489120442959,1.4410156382511106
1x17,1.5386713202643842,1.5046535256247227,1.5112696486407828
30x1,2.7432062210390176,3.141282589632451,3.671956663692774
21x7,2.5893593574099443,3.115341484943239,4.573348801901486
22x39,3.368772166535478,3.631123611672465,3.6122167027632774
34x35,1.2742519363255236,1.1573636997031709,1.2297525316960332
15x35,1.9977119078325432,1.9750569963098614,2.0490893575349025
14x37,1.0629489120442959,1.129719339224618,1.129719339224618
22x15,2.1890201138123646,1.9812716892692186,2.1000807028470514
44x6,2.4328601295450647,2.8561079865071064,2.500736301564518
47x14,3.1556636846834873,2.8684621977506177,3.1929643036935094
46x19,2.0499542974406464,1.7217035807492065,1.9057177148871494
24x20,2.536075506022265,1.8913314266237746,1.8199049542950216
49x18,1.5274675530239774,1.4315605939072482,1.5169563213688035
49x14,3.7013162989291275,3.652787512752844,3.3861618599162915
15x4,3.0373432485972702,3.5220335706834,3.5850244316388977
16x49,2.4135063257625067,3.453479190006742,3.7036797953703084
28x50,2.004172786016701,4.690530560263782,4.72648139049305
4x40,2.363320539614088,1.8965705992060893,2.877175104194644
43x37,2.406271249298532,2.109249481772288,1.825737794410671
5x5,1.2369229747208947,1.129719339224618,1.1821820017846416
46x11,3.5193734357134505,3.4558296003692925,3.414284787926914
3x18,1.5716435560366497,1.2297525316960332,1.4210781528900283
4x26,2.754836248157872,2.66986353326781,3.2509632144688134
2x27,2.594995818489571,2.384275187098232,3.1412990589866
22x23,2.5877954558919005,2.5514440146697184,2.0056886514857215
15x31,1.5274675530239774,1.9130509448301056,3.3250328909678575
26x16,1.99729298040169,1.8255227016659616,1.8540086458650453
27x19,3.543737869633963,2.7097244593619454,3.0823403118271533
46x43,2.9742582676357703,2.299554911990768,2.510954856042835
26x2,1.3860017633477575,3.1583694720108,3.1589450098716774
27x36,3.5622793472699827,2.9387539000226988,4.0544535167958395
27x29,1.997825025535826,1.4157229395493593,2.675783688964151
37x37,3.209229545716515,3.1699578456472524,3.0655268062065524
37x6,2.595148002966622,3.2149313524728047,3.3042737327363922
39x4,3.216781772091694,3.018272794604037,4.094349511594783
20x45,3.850798745962744,2.6998464099677966,2.7921682771986873
6x29,3.313395778418316,3.6909794616693237,4.965542042576145
17x27,2.9583575343998345,2.649609432474528,3.3027501544077063
32x4,3.2216948504129026,3.921181597552986,3.9548798054576806
8x22,1.9795489558364459,1.3957755818803457,1.4594411570435957
14x47,4.115733672529269,4.466441265039909,4.610595918217529
19x44,2.6818720614976406,2.2936836883610474,2.2878390688220804
29x45,1.8792555331274632,2.0570940564291593,3.029302961176283
39x38,1.7488431756466658,1.2561231270628248,1.8908549372624157
38x15,3.1176396736226373,2.372381029552474,2.7032129896501234
37x36,1.5661241033400717,1.817774643532472,1.9109459396238497
26x35,3.616187952966351,3.898722433954703,4.576538748499822
16x3,3.143098208835228,3.496553914435366,3.7996782752452987
47x29,3.306983582110134,3.247468268756857,3.584583126153781
34x8,3.3696707239260406,2.726277933145571,3.472161453702727
36x37,1.6453874255231145,1.8739576096336017,1.8965705992060893
33x40,3.311069855698799,2.751220276013883,3.3220932710187374
40x7,3.3126893398030335,3.3645447357017684,4.666965799905342
37x12,2.2159188575225786,2.8642513059640122,2.472177172492144
46x6,2.9607454207600545,2.997208519385092,2.7266225054797433
40x14,1.9304297974845601,1.6830760585202194,1.7061964608091158
34x13,3.8554236350246653,3.0879345641772455,2.9290177391595527
7x16,1.6676660500950307,1.2369229747208947,1.6371077743026283
16x14,1.4820953506530583,1.4695444079955613,1.4594411570435957
30x50,2.963314099259811,2.629073482358542,2.794950259728421
34x17,3.1336160369883275,2.731349867777969,2.6828811356038753
13x17,1.3141181485141191,1.2742519363255236,1.353599817927607
22x8,2.263402166682352,2.414191177317457,3.4332316960798153
18x11,1.721632177609972,1.0,1.384145488461686
17x13,1.0,1.0,1.0
17x33,2.8809382180439282,3.3135581306567907,3.1241538236545794
45x17,1.7750359878713748,1.6235381733797678,1.8109418084551194
15x42,1.0,1.0,1.0
16x27,3.650977769928737,3.588247478587977,4.13130213670686
47x37,2.714264710469418,2.4335151328435787,2.3824267948418427
45x49,3.4118547755511033,2.5101839472531284,2.8945126883244634
2x17,1.7108502660519869,1.4820953506530583,1.5217114201886668
5x47,3.29841852184201,3.8562458524517877,3.8378615920243395
45x12,2.996713127716772,2.2447856845872955,2.603994335031705
33x3,2.8945126883244634,2.5795678777361175,3.4596675359632068
7x25,3.3961550668994964,4.386710770440933,5.082499885739964
9x37,2.180238918695736,1.8203635644889171,1.9086019437827833
38x44,2.3295235062193997,2.2136402012162755,2.261109109414764
43x15,1.634575078913038,1.5112696486407828,1.5716435560366497
43x12,3.0423117418416705,3.0127574391347562,3.4791606337735885
12x38,1.0629489120442959,1.0,1.0
21x18,3.7196558015316894,3.460852056307885,4.314819052272279
7x12,1.9171085279079858,1.5661241033400717,2.0368926078531424
39x23,3.287884156789042,3.364526241936391,3.70340014019254
37x16,1.9866161058722147,2.2235706352668694,2.382731894344464
45x46,3.402100815384903,2.073807447947196,2.3875743945251955
15x47,3.443395912703579,2.9374301655160013,3.824628648881012
24x17,1.3065002050330519,1.3329097102826746,1.3329097102826746
8x50,3.294982272938028,4.322206377407996,4.405578235445229
23x44,2.486271522998342,2.8863285382540913,3.5378194249468047
5x37,1.8732042057433103,1.944867762152685,1.520093436188189
18x2,2.499588850030955,2.639688001447806,2.777723612076004
11x7,2.606979755790745,2.003510072463261,2.326776565594228
12x30,4.133066286029118,4.333869303154445,4.880926513124559
30x3,2.3599253611897155,2.6791796436241024,2.8181882143825
48x13,2.6621872481146087,1.9892945632210808,2.135109599366475
8x42,2.0441081434874024,1.503480039303581,1.9438852052046787
19x5,1.9842263372497855,1.8481544517046582,2.6847404108165493
4x41,2.0482947629493355,1.7656051543023858,1.8555044028160383
4x27,2.535546534166694,2.157243096738632,2.8516516618912737
7x21,1.2865300266079056,1.1821820017846416,1.1821820017846416
32x12,2.6309564623212918,1.9156152102911859,2.435660236862815
10x29,3.0930772973060443,3.217795621332286,3.1649496498277934
34x28,3.149139213844425,3.1717857123562734,3.312565711633611
35x45,1.1821820017846416,1.2561231270628248,1.3141181485141191
30x45,3.413279883508585,3.7699840170064474,4.804163747616525
29x35,3.6264940675440323,3.4638452331572096,3.403517912226364
37x46,1.7439436718422865,1.0629489120442959,1.1573636997031709
3x40,1.701329874031029,1.574044755570299,1.4515515009731315
7x5,1.1993986213536356,1.1993986213536356,1.1573636997031709
36x28,2.1850394055775233,2.7963019906195266,2.6424004745232197
49x11,1.8337144492035307,2.0546701190780245,2.0064095720072457
11x37,1.5726298710361442,1.480936217579442,1.4174111811317323
10x39,3.032449567820493,2.842410509605018,3.1255939034453997
8x14,1.129719339224618,1.0629489120442959,1.0629489120442959
31x4,2.92110069020202,3.167741542850669,3.3216427946343834
26x31,1.6738586084802807,1.7832229953366157,3.198991008002258
17x11,1.6521992330731805,1.4695444079955613,1.764600489069447
6x43,1.6562547343449459,1.8171361221640825,2.3255157863158162
15x13,1.701329874031029,1.540683165014507,1.5691925832141966
2x5,1.738504698328061,1.3769076856810996,1.6738586084802807
16x19,3.052685843599505,2.812955246428574,3.255007981051162
17x3,3.345653905440089,3.786124607557836,4.222162253590083
27x17,3.086629295981709,2.788375736251152,3.0631960813954526
45x36,2.2920656611215784,1.9989143784219114,3.0309918898649824
17x45,2.5135659157327908,2.1848086238464117,2.500335645956209
45x8,1.0629489120442959,1.4622587255979447,1.6870282457672383
46x5,3.612274655758942,3.4651725672757094,3.382438676648064
48x27,1.8848992858164006,1.6676660500950307,1.634575078913038
40x28,3.898868038294424,3.8344703353069596,4.582861423945305
41x8,1.5705781412513098,1.8485120907384636,2.828550285771804
7x39,3.221100398582717,3.3899309059816587,3.154256695472449
28x32,3.201859687382428,4.468707987614978,4.234791280632293
3x27,2.8436137538004522,2.405247262544986,2.8475664205771216
12x48,2.1984070887942635,5.342560393983766,5.323066338652724
13x19,2.2210141388146107,1.875210549212799,1.963022091324184
40x44,2.376122528424108,2.1694911764969804,2.259475280050939
43x22,2.3283833222417316,1.664575281361722,1.8897145367424808
50x33,3.6964598259609507,2.557962051599823,3.0497245852486414
23x3,2.2580494661649877,2.48465178266129,2.643265529679265
12x28,3.2894881081320504,3.489504391781106,3.5086119977650596
11x23,2.2035612526469524,3.0397073990888477,3.406385682123654
22x43,2.6910945221635876,1.7337431870269389,1.9141576585497846
5x42,2.7007458738644923,2.78695155862067,2.559901706434236
22x50,2.532283300870204,4.010794558842911,4.244218409303762
42x46,3.298769776932236,2.179539289877682,2.1444535008634373
16x28,3.1285526989509775,3.3661736489135503,3.557652298225664
16x30,4.095946713715513,4.000566959010369,4.320574980058359
20x2,1.7685656356352073,2.6217153774959696,2.8841444155897866
12x19,1.1124513000098186,1.0629489120442959,1.0
12x12,1.642175362496467,1.5169563213688035,1.6103257174420074
36x47,1.2742519363255236,1.3769076856810996,1.4210781528900283
14x34,1.772923550025914,1.3860017633477575,1.4355852921759273
5x22,2.25728996558959,1.7685656356352073,2.039602688365169
39x31,2.9970896336809965,3.395022592439228,3.699160758776453
13x1,2.1544798538819676,2.8918974542160276,2.903422752079919
38x48,1.6696994012583954,4.658103654066497,4.398397073687529
30x36,2.8436137538004522,3.2043353923603837,3.4840328185169476
16x31,1.6340116414709576,1.7682010027204875,2.9428437582179985
31x38,2.4765074520585713,1.733932024019213,1.8390521753213784
26x6,3.05801019154717,3.3877267380472835,3.360036153509703
34x21,2.0442612093532895,1.6557811577816923,1.6304721336984855
29x7,2.7559341454965542,3.3440541668233603,4.409684383420318
28x1,1.8263262644062905,4.431583432332696,4.310718967911839
49x49,3.370910818216036,3.9119414767934395,4.26897734630412
23x11,1.9020947041003722,1.8112848234008507,2.407243092156394
30x37,4.179733267913136,3.24359806257968,3.273025576185342
2x20,2.013883257481945,1.9746421941471108,2.076889555512263
30x46,2.960452850207071,2.1094561384487887,2.179539289877682
31x14,3.355835897782799,3.004379903246343,3.012627010268447
6x39,2.4203112524566692,2.199603851492628,2.6048770950901208
33x28,3.039227555811621,2.9831088504722745,3.2972869194308125
43x49,2.185312472925083,1.6696994012583954,1.8011789586252025
35x37,1.4860992151827352,1.4594411570435957,1.4189893581950943
8x23,2.9935408828705867,2.915951576279041,3.6250670652310766
42x50,1.8256696656512974,1.1573636997031709,1.6883518814736371
46x33,2.961781309609806,1.8836015019524412,2.856276795829924
39x47,2.365064094603245,3.9385310025342273,3.9629348407429625
25x22,1.7217035807492065,2.395143440786189,2.6352867201630854
1x22,2.962043466162519,3.5863475008948362,4.689609751568279
17x36,2.8482142762521767,2.155576077307931,2.6072895401244787
40x8,1.9278487942611164,1.5735375744994968,2.8024858614188077
2x38,2.2330223972564407,1.760783157254343,2.0271019689634944
40x20,1.3860017633477575,1.239315430729068,1.2742519363255236
26x39,3.679020262577575,4.198766065911839,4.406408151725361
22x27,3.032449567820493,2.7436437008530956,3.1034356448248634
48x11,2.427700966062058,2.2327162864454904,2.1413613579680346
20x20,2.379477395474841,1.9189459093148364,1.770921268695097
21x34,2.500736301564518,2.661924860876493,2.5731735232630943
47x24,2.705654275498141,2.031415840071604,3.025297074771209
47x47,3.1476304094766854,2.1249934670710457,2.157978704735159
23x32,1.574044755570299,1.6232902779281957,2.0271019689634944
46x20,2.2966301539695926,2.1062965421047277,2.1094561384487887
29x5,2.9357759251184716,2.987408966504187,3.1627388902871916
5x28,2.0142802092369325,2.0936734949829323,3.147897299925874
4x29,3.5281626394914554,3.7458556806664114,4.0230638952611
37x38,2.3166811027987824,1.9333631292102302,2.048769324522495
33x50,2.996713127716772,3.2071730369653038,3.358130563964778
16x13,1.4719165222372004,1.4594411570435957,1.3957755818803457
16x44,1.6304721336984855,1.6562547343449459,1.6453874255231145
13x28,2.517666939949556,3.454319002135005,3.838133175500971
48x25,2.074977161361456,1.8481544517046582,1.8848992858164006
41x2,1.8002815460214867,2.0120288793558694,1.7685656356352073
26x29,2.584845285688598,2.1984070887942635,2.2169194329226505
37x5,1.2561231270628248,1.2297525316960332,1.8792555331274632
23x27,2.887474651151375,2.64300054952585,3.5960988790108384
17x28,2.825607445964544,3.4261945111372962,3.929800385327351
10x15,1.0629489120442959,1.0,1.0
3x20,1.0,1.0,1.0
49x29,1.9038111961127906,1.721632177609972,1.7750359878713748
38x36,2.6730372520349737,2.751021348705925,2.930107987367665
21x1,2.932628501766799,2.979255176618187,3.1285426222490624
12x25,3.737710748158573,3.7978155820787514,4.937611421064323
35x9,1.6304721336984855,2.5636682490261844,2.6308551477079316
29x33,3.4115132504841963,2.985787667719357,3.5769029387510187
45x38,3.0426066687139492,2.8132125250029247,3.0382631181494517
40x18,1.721632177609972,1.1124513000098186,1.5691925832141966
26x28,2.1653266300818306,2.2444031059069838,2.9562849060258167
21x14,1.0,1.0,1.0
48x6,2.595148002966622,2.7436437008530956,2.595148002966622
9x24,2.4515879132684923,2.7484536934827637,4.022123187236592
37x25,3.748176472370789,4.061375130428265,4.116876342486171
25x38,1.6625450058316948,1.6371077743026283,1.7303385465262886
2x24,2.849334947500826,3.2402716507360356,4.843798034728548
44x42,2.453464429529421,1.7646947609398522,1.856273294644016
21x9,2.479760155368461,2.624035242204298,3.3428325721318815
13x6,2.1413613579680346,2.0624620012545387,2.297355776569817
11x17,1.0,1.0,1.0
28x15,3.2326794751011856,3.3358869805014377,4.099833160832745
22x14,1.5970410378738988,1.5726298710361442,1.5726298710361442
12x49,3.0330866249303505,4.764836578589942,5.179977516092182
5x29,2.915951576279041,2.7583013827475042,3.600682578084981
29x30,3.1844152500671874,3.7448617856614708,3.693512250529812
29x38,3.333330148452349,2.8035645427741476,3.331003823145801
23x2,2.3886304547604524,2.94737180576951,3.535913838243508
39x7,3.048260315942921,3.066315547890609,4.874325339642769
38x29,3.180681732655841,2.9298342083519837,3.3038283505629553
16x47,3.1757356317331946,2.9239246229664233,2.6352867201630854
17x42,1.0629489120442959,1.129719339224618,1.2005324366896724
31x33,1.843621427163446,2.1532091170793373,2.1883393400480835
1x30,2.8113556470895076,3.1504264616350253,3.2266193484835584
42x36,2.2930520769132863,1.6625198002000865,2.61967317920851
22x1,2.962544612508786,3.104626965234163,3.3185562803672095
50x18,2.2613487502348786,2.0655496810220875,2.1287852271175502
1x45,2.1243185928387525,1.8334923445366464,1.5661241033400717
50x20,2.512499362380811,2.2772402634459614,2.628349916578559
39x48,1.6753246265664317,3.5618979001260973,3.3277976836825216
40x45,2.2596521150203115,2.268214261707614,2.2878390688220804
25x9,2.0248207250929373,2.0155487760773156,2.3352772581702395
20x48,2.9174785772731284,3.474036517454272,3.772562216312317
22x40,3.4396705023246352,3.0647829870819634,3.48092868104387
49x26,1.8798936503650017,1.5494856639063164,1.5906821119239323
11x22,1.5691925832141966,1.2775319170740629,1.2775319170740629
14x32,3.6617767838511286,3.4946795798716708,3.142442374590258
2x32,2.244444168517047,2.8571297876356003,2.836236415681127
49x36,2.3235023818004845,2.4603636278621392,2.4700865906682608
25x12,2.9404195797061745,2.4603636278621392,2.5412849294516384
41x28,3.224609813292729,3.044113942399953,3.154390499701248
44x32,3.446601368194928,2.4734597677575736,2.470555176588294
23x25,3.4729061069449005,3.3979323077797,4.055481293493006
9x13,1.1573636997031709,1.0629489120442959,1.129719339224618
38x41,2.7181828008013205,2.5373677644254418,3.1851540322274317
1x37,2.78695155862067,2.5658975258208536,2.3478252506733637
38x32,1.7145593446654277,1.5726298710361442,1.5726298710361442
21x33,3.67306608636145,3.562087627307047,4.0961924471014814
25x30,2.930618907897869,2.7073448908016147,3.5753504462705203
36x29,1.6340116414709576,2.0190316307826808,2.1397603517576185
45x45,2.9063206975708074,2.5101839472531284,2.3695001119521004
47x39,3.6160892155402844,2.9990460450499645,2.9688189244190784
38x9,2.5799941627719236,2.2192153912725976,3.327981317601534
31x37,2.434796322409932,2.064317489340642,2.28090693383212
20x30,3.3107491119551873,4.441815059355785,4.5128126226564
48x44,3.018272794604037,2.257021483093202,2.6897175482036144
24x35,2.3645256814759743,2.2228327568696815,1.9479493047718461
7x17,1.0629489120442959,1.0,1.0
15x7,1.8097050953689338,1.7579507407351997,1.7735249330323488
5x30,3.3757919790437585,4.612610911706069,4.881617324181188
43x42,1.5169563213688035,1.3498042102003092,1.3143051175100187
39x25,3.6557153679535372,3.6006018576751924,4.122201854144558
14x12,1.5112696486407828,1.0,1.3498042102003092
32x29,3.0414892652953074,2.3556778600865,2.7649446555477994
37x27,3.972518432285878,3.929800385327351,3.8751372918611007
32x50,2.8664623646521403,2.7827627086841598,3.4470409942151425
8x16,1.7217035807492065,1.1573636997031709,1.6339160394600947
44x47,3.2318290142476362,2.8543283540770052,3.3050884096229103
43x10,3.6869618233212758,3.514960606721631,3.284978974773553
9x20,1.1573636997031709,1.1573636997031709,1.1573636997031709
25x1,3.2152904348485887,3.0896595661025996,3.9520655096054274
12x6,2.550719276694449,1.8453283908121458,1.9633860841926345
35x3,1.843621427163446,1.539055117579496,1.8158709722806445
46x47,3.688233281763444,3.5889790618651736,4.614542910167918
24x26,2.211859188016873,2.151864538036304,2.784417725056092
22x41,3.0994361313626873,3.0058181312577066,3.542003282004198
28x21,2.182047990308093,2.861680454877927,3.1440246618982406
34x19,1.0,1.0,1.0
19x28,1.6036034862338133,1.9938748725756539,3.1614889587066726
11x41,2.1883784772738646,2.357907200499203,2.3765915535625295
20x23,2.810776090780271,2.7792083404786703,2.9155861016180924
40x30,3.8108790900044722,3.599856605046253,4.323409296299246
33x49,3.697468621770111,4.520568339356118,4.309637074451394
41x24,1.5599955778443344,1.3666424669493191,2.682660723055697
36x41,2.3206722490203013,1.7646947609398522,2.0155487760773156
31x43,2.246654145450092,2.0064095720072457,2.658250302710184
2x30,3.715760410636278,4.18356081446312,4.434948037833589
1x3,1.8665169407472009,1.880289919954868,1.9696167177811903
33x48,2.127935930869289,4.856496877757122,3.9651613241442227
49x7,1.739849491274967,2.757157077874185,2.7162161365261746
6x4,1.8062144815801788,1.2742519363255236,1.2775319170740629
1x34,2.385163623727974,1.817774643532472,2.1027112452570638
35x18,2.0945509257178285,1.961903291658637,1.961252363090238
48x40,1.3982807524493166,1.536150660015789,1.3769076856810996
6x33,2.249435247932194,2.594301988876359,2.5952420046530538
32x40,3.746624572667791,3.5528844492236873,3.717230731069725
34x11,2.1065970463516823,1.5936794269926198,1.937625765992424
33x4,2.4069389118681785,3.0204262287860897,3.364828005820426
46x12,3.293802018270036,2.669499513009063,3.0609741129837693
41x15,1.770921268695097,1.5691925832141966,1.664575281361722
36x32,1.0,1.0629489120442959,1.1124513000098186
12x3,2.4121801490436257,3.1021902214181045,3.552646039223951
23x21,2.4443813135626673,2.7644127343762626,2.6650730927522277
19x30,3.027415909327675,3.747822371422729,4.319099946917093
25x27,2.4489771031131333,2.1305767530689903,2.3952998976637163
35x50,3.093326406362397,3.164980852992607,2.8180984291790603
34x9,2.4210979535957886,2.7958468413594293,2.9138612901224525
7x27,2.232225829089129,2.224734603441504,3.080546085864255
7x44,2.5140746645797987,2.6774872713153726,2.6410213832050355
46x29,3.200422748156381,2.2241005380810557,3.5054019607021605
49x32,2.749100688588667,2.2231800710969267,2.8694398530224614
48x42,1.129719339224618,1.5243670362348059,1.4622587255979447
47x19,1.9245064870902011,2.023691078869157,1.9352992419461035
4x25,3.1261143147108066,2.8130787605776,3.588800183353605
30x20,1.6639434274663765,1.6639434274663765,1.642175362496467
28x47,2.7348169706103165,4.087679266026813,4.796967423196973
33x21,1.6213085487902676,1.3143051175100187,1.3957755818803457
30x16,2.521811959725599,2.4985404399968703,2.6511157670158596
31x15,2.9373110949376207,2.8257718105694902,2.8822361936439402
27x28,2.0980103610061733,2.1444535008634373,2.9909146053438045
21x42,1.3769076856810996,1.8852343166148258,1.7074284446371775
41x31,3.185315143431474,2.4245026403645413,3.603849196517552
10x32,2.1332423537781837,1.7721728818242546,1.6103257174420074
36x10,1.9502321715637343,2.1478646689220313,1.7477598995231192
10x33,3.381543731781125,3.314910250684909,4.0202576639757375
32x23,2.0142802092369325,2.1062965421047277,2.7411035141944544
23x10,2.59342850104236,1.9130509448301056,1.6639434274663765
43x19,1.1124513000098186,1.0629489120442959,1.129719339224618
40x38,2.0980103610061733,2.094693249659215,2.602068047059056
46x27,3.717776182199226,3.6489450597386144,4.608580703725468
30x42,3.358299834550596,2.517332799729999,2.6245695633858754
8x36,2.0869473904548124,1.6232902779281957,3.366154605739247
40x13,2.529300840538931,2.450970007883302,2.1875848668018714
42x3,2.527297884374563,2.9927860406801994,3.6892180807191775
28x28,2.874521114067521,3.434258694652713,3.8287391586553294
13x21,2.328915864886749,2.7075501908735315,2.86691704442451
32x28,2.131699520470406,2.3793471013769465,3.316735020166727
2x4,2.623715120726004,2.5299077977085727,3.144512539693515
39x18,1.5968086490910351,1.0,1.4496604482346787
28x42,3.488233008903246,3.901803594333104,5.105536095745554
36x7,1.5780049214389438,1.774889524417937,3.4668388426917756
28x19,2.1875848668018714,1.8353654659175547,2.0125083693025725
34x31,1.3329097102826746,1.536150660015789,1.7108502660519869
33x14,3.2892536194462982,3.920693693898344,4.002132962761763
15x41,1.1821820017846416,1.1573636997031709,1.1821820017846416
45x1,2.8905352551193273,2.4443080978377987,3.579600149693672
1x7,2.311013878258155,2.8472701431762015,3.2850815249679273
32x13,2.6668914330169105,2.1715897554109196,2.126000184206609
31x19,1.0,1.0,1.0
21x31,1.944867762152685,1.7061964608091158,2.9468706806328413
18x9,1.129719339224618,1.129719339224618,1.129719339224618
35x25,2.8558194990777865,2.9483630555405553,2.902060848069083
28x33,2.7060857360875463,3.931096193023072,4.189400592019565
12x4,2.4378094907251784,3.187667265845424,3.2824114531391273
28x31,3.103826005427967,2.735840971646821,4.400283299802347
1x16,2.4410563441813937,2.3279671321321085,2.024824820217169
19x50,3.1103964932491013,3.459169816369962,3.8167389878903304
24x19,3.138790372190192,2.536075506022265,2.082290856356688
39x36,1.4315605939072482,1.5780049214389438,2.7561795149276676
27x43,2.310518383334887,2.5808587652103405,3.9263281133937937
23x5,1.8621628146936107,1.6639434274663765,2.282606336856426
19x1,2.1977836856994872,2.3645256814759743,2.4948764677527677
10x40,2.998888888848219,2.724911106873089,3.873320072676317
34x25,2.9663734392855017,2.981913428696898,3.153119082508272
44x13,2.689510640933239,2.2531485221296763,2.3408193230089536
31x9,1.901819957036735,1.9037447007839174,2.5997298505144477
43x36,2.074754678533774,1.8445718166542613,3.2479591634344325
6x17,1.0629489120442959,1.0,1.0629489120442959
9x47,2.6171102229709273,2.6345819813088958,2.6599575670715243
17x2,2.3174497643553416,2.8388075713885135,2.8434174208804377
9x16,1.3498042102003092,1.129719339224618,1.1821820017846416
21x27,2.7479387481142754,2.3627373605838025,3.3233654705668085
37x28,2.376409041411344,3.3584543576994372,3.2327564597238
7x47,2.032763886494296,1.8959043995434628,2.0623489532745083
21x30,3.499084894105018,4.051734736176919,4.037168899997817
23x33,3.008562392989978,4.0744527951415375,3.657010664162583
11x28,3.3887339022336778,3.472609740373587,3.674941979747056
28x38,3.828340701790113,3.969102000320188,4.226358593140832
19x22,2.9293360221846636,3.5108654414918097,4.084791063828239
19x38,3.1698072979202645,3.263202896452072,3.125537979045476
17x16,1.0629489120442959,1.1124513000098186,1.1124513000098186
23x31,1.482573058156938,1.575255862261824,3.0707251970897156
42x25,3.646799977482333,3.267013080013893,4.032138903224573
9x8,1.4695444079955613,1.4984516851685856,1.433280944444334
24x12,2.5046505915512616,2.828468263513867,3.001905609504516
5x24,2.2580494661649877,2.498139232196302,3.733230092131231
24x9,2.65064244896532,2.570387494271459,3.1906834725865014
15x36,1.3957755818803457,1.5572879060320108,1.5067447501652917
12x44,2.746202465490551,2.4135063257625067,2.385163623727974
18x10,1.1573636997031709,1.1573636997031709,1.1821820017846416
5x14,1.5770272628686273,1.536150660015789,1.5046535256247227
8x45,2.2449125695891468,2.0969274190248606,1.9681332751225358
24x32,1.760783157254343,2.0506659746060882,2.241651758849249
17x14,1.0629489120442959,1.0,1.0629489120442959
36x23,2.119800738723225,2.6374602026436214,2.353963409026581
13x23,2.8807363160615265,3.69872274136116,4.984349215265143
26x43,2.751235785270502,2.234495049026411,2.6668914330169105
13x10,1.0,1.0,1.0
23x6,2.5718817332570874,3.125231347620761,3.3002568617218397
30x30,2.9293360221846636,3.2328032367791217,3.0036012824464446
11x13,1.4496604482346787,1.1573636997031709,1.4594411570435957
8x30,2.9911371002133356,3.8302352152639916,4.404525279328575
5x6,1.4751126949379068,1.4189893581950943,1.4695444079955613
21x25,2.7338896114019864,3.5280925921525657,3.7337795772370694
45x25,3.3376624288951624,3.337939697773768,3.482016634133686
20x22,3.088505811973452,2.7679267743664115,2.8633735921880774
19x15,1.0,1.0,1.0
33x29,3.5776951431972552,3.692630425041396,4.273496711907189
41x1,2.731257480949567,2.3035115882445516,2.263402166682352
22x16,1.7056761700443712,1.667013503141615,1.6738586084802807
22x12,1.3329097102826746,1.2561231270628248,1.3065002050330519
10x21,1.5962425904568682,1.4622587255979447,1.5415295230215962
22x44,3.186829574101207,3.123828625841477,3.08009231487905
47x8,1.2297525316960332,2.2241005380810557,2.0297002044748234
3x49,2.880842498448279,4.117929657758059,3.840854899225466
7x8,1.4594411570435957,1.3143051175100187,1.3769076856810996
47x36,3.3656477715836624,2.6062675447248855,3.912762478182632
1x46,3.0193831572398775,2.9015409381066086,2.3060459163982117
19x49,3.557728380599884,4.062418963842579,6.178786761197721
45x2,1.7861644615703847,3.24396933092462,3.6327351646912907
46x42,3.6809709516360605,3.477700024741837,3.504975276405109
16x21,2.72079835564126,3.4593186383327126,3.2821530412022217
20x3,2.6505078697361557,3.07664500547943,3.4698101870790734
29x36,2.775111511248389,2.5291540528235212,4.121463692876562
11x27,4.229283993222708,4.380731320416155,5.796645266448761
4x24,3.612474361222515,4.672648806087442,6.3396430170127775
43x20,1.8334923445366464,1.6703771883867882,1.8093549644798672
15x8,1.664575281361722,1.634575078913038,1.742252387574076
38x45,1.4515515009731315,1.5599955778443344,1.6448572567630408
32x22,1.6079554253745105,1.5067447501652917,1.5415295230215962
8x20,1.0,1.0,1.0
9x27,3.9029222370837195,2.833014961472781,2.928794423516866
31x28,2.285470269350193,2.3340985373177223,2.7988747030611685
15x40,1.5169563213688035,1.536150660015789,1.4984516851685856
10x24,2.225097762431853,2.146475981437957,3.3563947671658325
19x12,1.5112696486407828,1.0629489120442959,1.4695444079955613
6x23,2.2294327036244024,2.0142802092369325,2.2767648498451067
7x1,2.5220033194955604,3.185828735909553,3.869384207804286
15x15,2.240309431820123,2.0506514241681377,2.067492520169415
45x44,2.1648418285626705,1.8002815460214867,1.7488431756466658
29x25,2.43686911137767,2.4766089471317785,4.076836074084411
43x24,3.0380827862659676,3.065997474160966,4.145125164383053
35x27,2.4857210800190774,2.5795678777361175,2.2631436629203017
13x16,1.6235381733797678,1.0,1.3957755818803457
14x1,2.75979429314818,2.9105635741637914,3.2394156258390074
24x2,1.958247122185528,3.4107541879540206,3.885880978449028
23x14,2.111674999282116,2.2455785616046815,2.4694847885575926
12x36,2.3885629259675576,2.4943214008832677,2.8374685169216787
14x19,2.5140746645797987,2.4028795943021843,2.367864146469021
11x16,1.0629489120442959,1.0629489120442959,1.0629489120442959
28x46,2.151925991115854,4.2434936078927565,3.988636045705361
19x7,2.296636383140181,2.6740451414727997,3.7191566148398105
18x7,3.376594618609545,2.7648715229106013,3.6498527183520175
40x21,2.9063206975708074,2.4864291430326335,2.8669572245975985
8x13,1.5112696486407828,1.129719339224618,1.4410156382511106
25x49,2.7012755466812983,2.396985417938347,2.4819716613230915
37x13,2.9355834618030108,3.1740715861268325,3.1918060835361404
12x22,2.4957777622669495,2.1814056243657274,2.6177033105245555
7x13,1.2297525316960332,1.1124513000098186,1.1573636997031709
26x3,3.295598092594151,2.4277891244749,2.4865637697718737
12x39,3.664804373079774,3.3725297349116734,3.547486196316078
49x43,2.8945126883244634,2.843549713858462,2.574011861919921
8x41,2.3066744506212147,2.31193816165004,2.872351132602184
14x25,3.167941381971767,3.8426146706101147,4.689093746036511
50x21,3.3785253987199333,2.4700865906682608,4.121463692876562
8x25,3.4184198383366824,3.1073219083639954,4.603232210690937
13x4,2.5349022067276064,3.244890090376661,4.914630544928431
2x10,1.1124513000098186,1.1124513000098186,1.1124513000098186
31x1,1.9977119078325432,3.4997580717890093,3.7280158783868718
28x40,3.5863994009773785,4.158164294674276,5.107825182950677
50x1,3.2889198308590397,3.8551467661597227,4.45964144008734
3x25,2.7214082521499066,3.152137058682405,3.5041521198997967
10x1,2.3734311623208373,3.4115132504841963,3.6598089140959296
28x13,2.6874604546391727,3.9250570181621782,4.173300280487437
37x20,1.129719339224618,1.1124513000098186,1.1573636997031709
17x41,1.1821820017846416,1.3141181485141191,1.1821820017846416
29x44,2.2086417688155304,2.232680751428626,3.639956974892684
37x33,2.6334958446005436,2.4582141553913592,2.5830944565303984
50x38,1.742252387574076,1.7074284446371775,1.738504698328061
50x43,2.5442552663633053,2.4395278553031376,2.2444031059069838
45x37,2.4584580372014426,2.151072308339481,2.4651680291874007
19x2,1.3164878102733308,2.6339356022063996,2.6299764614212817
49x44,3.191696922916087,2.303136255861872,2.5208561623255674
48x34,2.83777926281612,1.572058342786851,1.6484878215654042
47x17,1.1993986213536356,1.1124513000098186,1.1821820017846416
10x8,1.7074284446371775,1.7074284446371775,1.7061964608091158
42x15,1.6214839204949758,1.3164878102733308,1.3769076856810996
13x44,2.95238043333232,3.015905530847032,3.581321970550748
5x1,3.378598324731154,4.3913530971529156,4.8202628303724495
34x40,3.6240814055215056,3.25679977212165,3.6823529873557814
40x26,3.4860364455741024,3.3366724789930164,3.572084534045987
39x9,2.5179992350730145,2.0890952337824844,3.0436119949962426
7x33,2.4092664161306203,1.9156452484285649,2.271400741040175
7x35,2.71187906313662,2.3571752018681833,2.55222493335874
3x38,2.3352772581702395,2.1014156294763104,3.0078357645463774
13x27,4.454876120004012,4.689640249411642,5.300393485292639
40x41,2.598200321567418,3.1891955824585296,4.301921238308098
50x47,3.2451467081859295,2.7575549478090156,3.4648930191389664
25x11,2.054689786896532,1.7607064028001491,3.1362208502000417
16x37,1.520093436188189,1.3498042102003092,1.2775319170740629
35x49,4.131721282465055,4.765979725235034,4.520109752397041
33x31,1.2561231270628248,1.7273352117894814,1.8328699779098343
19x32,3.0869655635894406,2.250937857801096,3.914637691985939
29x15,3.2822646108353486,2.1883393400480835,3.095023651609219
8x43,1.4860992151827352,1.737628134621997,1.9617957555178487
31x20,1.6947383602590194,1.6521992330731805,1.5726298710361442
21x37,3.586016959090901,2.8517265107931293,3.056707154922967
28x30,2.939552147372493,4.305939930937384,4.4582820181173854
44x44,1.7133595312997691,1.2742519363255236,1.3957755818803457
47x46,3.0486009754784598,1.9716289057225598,2.1473202159172153
15x5,2.099745541866596,2.132874787615374,2.7021276162310874
9x34,2.4604656925779635,1.755458050034265,2.429312878995818
48x7,1.0,1.664575281361722,1.8109418084551194
22x38,3.3001400352642882,4.512221688071241,4.935040733832445
25x47,1.796101145547984,1.9748341989064895,1.8716799124350878
32x34,1.0629489120442959,1.3065002050330519,1.3982807524493166
18x37,3.3957378875792057,2.500413509384626,2.6758467657997826
47x15,1.8256696656512974,1.6743501066402542,1.875210549212799
30x49,2.3153349308145814,1.8798936503650017,2.2005594646624314
41x18,1.8665169407472009,1.5770272628686273,1.770035889121735
3x47,2.0800259715381757,1.9222417762933837,1.5906821119239323
22x46,2.993749316546099,2.8976161904199396,2.3630620417235613
26x14,1.384145488461686,1.3498042102003092,1.384145488461686
16x35,2.712496413194695,2.651209497309739,2.770908937687776
32x2,2.1927872600833296,2.748138727343055,2.899976357366688
38x20,1.4174111811317323,1.4496604482346787,1.5386713202643842
41x44,1.1124513000098186,1.0629489120442959,1.0629489120442959
45x27,3.521291192045213,3.3019339263161918,4.1720426612699715
14x27,3.9409593716366937,4.305726680453689,4.214056909998254
28x8,3.6046417553752046,3.8038691501717476,4.414842847283003
8x34,2.514126949195794,1.7530222830941102,2.2897213419257265
5x20,2.2086417688155304,2.0120288793558694,2.1062472905860377
36x19,2.031415840071604,1.5046535256247227,1.7541477942135582
4x6,1.796101145547984,1.6304721336984855,1.7458534445028377
12x43,2.5672963331954786,1.9130509448301056,1.9189459093148364
8x4,2.8303001921846316,2.8696248548054033,4.062674946497128
12x7,2.2613487502348786,1.8358430560463772,2.0387782630553724
24x28,2.603994335031705,2.3906797678842002,3.266945138128781
24x22,1.574044755570299,2.0977914590473783,2.902316456313938
9x45,1.733932024019213,1.4719165222372004,1.2561231270628248
42x31,1.6625450058316948,1.8109418084551194,3.3336542076435687
49x31,1.7997802572785304,1.3957755818803457,2.8742037926163606
22x26,2.1047134416549564,1.9057177148871494,1.9333631292102302
37x14,2.8760201047947485,3.26950232058781,3.3791763973766287
23x39,2.9708236527416827,3.3195398766442743,3.3842417134499025
4x45,2.151413284239934,2.24520656668784,2.0561580044462895
43x40,2.982222054067891,2.4864834860849347,2.718744757465221
8x37,2.43686911137767,1.8567546808628261,1.6103257174420074
26x26,2.2885713480876504,2.5172529427211905,3.041477349894409
33x2,1.6562547343449459,3.545257716297273,3.6181196194207956
44x31,1.9880757157075706,1.956904093918261,3.4046956579563163
42x43,1.8358430560463772,1.6743501066402542,1.7685656356352073
3x36,1.7206136920725739,1.5770272628686273,2.5088403227712135
36x43,1.3769076856810996,1.3164878102733308,1.353599817927607
3x15,1.3143051175100187,1.3164878102733308,1.4210781528900283
6x15,1.0,1.0,1.0
10x9,1.0,1.0,1.0
15x34,1.667013503141615,1.5705781412513098,1.5770272628686273
8x2,2.1065970463516823,3.6269578602521086,4.527912326893832
26x34,3.829345260175752,4.022856465738034,4.226760121203573
25x6,3.810186394706843,3.159273282520544,3.4817786698047053
10x10,1.5599955778443344,1.4315605939072482,1.5067447501652917
37x21,2.708807573257346,1.990783053456272,2.930754971659484
27x13,3.488633809417887,2.728461208775439,3.324136874109319
43x7,1.926992331359097,2.8809382180439282,2.9348427059116675
11x48,1.3959485058295895,5.414896488299004,4.916906633446926
22x20,1.8965705992060893,1.4719165222372004,1.5964606380702095
15x12,1.2775319170740629,1.0629489120442959,1.129719339224618
17x10,1.3498042102003092,1.3498042102003092,1.3957755818803457
4x14,1.7284304414716962,1.3164878102733308,1.5179668634033427
42x26,3.8609017593357455,3.2156328245972676,4.081661978846414
26x10,2.6904172505037014,2.004172786016701,2.1066890709231463
3x17,1.7492299982254995,1.5572879060320108,1.6079554253745105
8x9,1.0629489120442959,1.0,1.0
14x39,2.1814056243657274,1.5494856639063164,1.6448572567630408
4x37,1.5067447501652917,1.612108618471457,2.0802065102504543
33x36,1.0,1.0,1.0
46x22,2.834017771408756,2.4065406694359504,2.7740058700658112
41x10,3.618975862622311,2.7663894012785732,2.8475664205771216
8x17,1.239315430729068,1.0,1.1124513000098186
37x43,1.6243278367756078,1.1573636997031709,1.2775319170740629
29x13,2.5611244875034087,1.8621628146936107,2.094174057894697
4x30,3.8186769395276654,5.291757098445225,5.458479223918511
25x29,1.9750312049111547,1.9245064870902011,2.2812098210696714
39x12,2.6589687249598377,2.3414243964883443,2.5234518076173718
35x42,2.8841444155897866,2.5672963331954786,2.789684818975165
21x41,1.6639434274663765,1.536150660015789,1.5726298710361442
11x36,1.5770272628686273,1.5274675530239774,1.6738586084802807
33x8,3.0297908063845553,2.133918423048299,2.99826399151681
17x7,2.1984356961191245,2.1875848668018714,2.6774872713153726
20x47,2.2112255643569125,2.2455493408294154,2.2298458502909946
49x41,2.2382614882506973,1.770035889121735,1.9566933233969104
23x9,2.1927872600833296,2.2534879922240165,3.1827794512990777
3x31,1.817774643532472,1.5599955778443344,2.6366434795219043
2x43,2.157978704735159,1.9977119078325432,1.8778107018427295
32x44,3.205546372417134,2.628253653185546,2.4518613376680167
30x43,2.489711142297733,2.7830258874633467,2.7421550356939277
2x6,1.7646947609398522,1.3164878102733308,1.6184173358259186
8x46,2.803193805554986,2.353743540109485,2.3031209241209996
24x18,2.228650688695056,1.924912740111658,2.055103848945693
2x39,2.4390358555585254,2.847152072450687,2.9043585804225374
11x3,2.065103739008911,2.9451977366491064,2.973076222520817
37x29,1.7486663698150369,2.3666909146031387,2.2323582530382082
37x4,3.544847976025482,3.522928345060119,4.090930121931648
32x37,1.3569045427875668,1.3498042102003092,1.2775319170740629
18x32,3.5811733499208445,3.3336542076435687,3.56700739657024
44x3,2.805441486647384,3.3061553032338633,3.1929643036935094
21x46,2.9472592551963177,2.0747434825700526,2.028721415901813
5x4,2.082290856356688,1.6703771883867882,1.760783157254343
31x24,2.4633610836376727,2.560447575712057,3.755366841932534
43x8,1.2742519363255236,2.0248207250929373,1.8453283908121458
36x1,3.2915523554171457,3.033802923841202,3.0895820189402694
12x5,1.99210395551597,1.9980250163188582,2.5603615348743287
27x20,2.553867209454532,2.330331809296207,2.264995062894096
31x8,3.3107491119551873,3.6163921875063325,3.90755417336798
21x36,1.988455217556566,1.933295601706783,3.3140462967192867
22x2,2.266174596717513,3.2085537585529655,3.1297446415819783
28x36,3.308220702319257,4.2760446528288565,5.009925301974365
23x23,2.0869473904548124,2.7200992325798947,2.6055442187803965
2x16,2.0190316307826808,1.540683165014507,1.664575281361722
10x17,1.5112696486407828,1.0629489120442959,1.3569045427875668
42x22,1.5906821119239323,1.3569045427875668,1.4157229395493593
13x22,2.8209560267925524,2.775210150370698,3.6889609869002515
9x29,1.8913314266237746,2.159384979445577,2.6971117757349776
35x26,2.18042878372704,2.0634936536283512,1.7985410792523386
3x3,1.972426177697084,1.7721728818242546,1.8501256941783555
33x12,2.4584580372014426,2.59148845672438,2.601903325465999
37x50,3.2335456301577423,2.990513027870473,3.4297782112695
8x47,3.5295560980020064,3.7449692813020303,4.168053601467409
9x6,2.0125083693025725,1.5962425904568682,1.4984516851685856
8x29,2.197712802329163,2.139009224056876,2.6155613864707896
28x26,3.398518143122383,4.169340380674826,5.320914199238111
1x43,1.520093436188189,1.7997802572785304,1.4189893581950943
46x17,1.5526900504599643,1.4515515009731315,1.4515515009731315
44x48,1.997825025535826,3.345033272186631,3.3932397639704206
26x46,2.2084132739304816,1.6214839204949758,1.3860017633477575
24x48,2.225126072246053,3.3979425526472693,3.3709076533668347
9x48,2.0190316307826808,4.324342476664868,3.76012702087038
31x50,2.4080394882256475,2.268567020330696,1.6304721336984855
8x11,1.8245777915484591,1.2561231270628248,1.7771585154493295
30x6,3.0438076299529153,3.510253282514117,3.473608062179237
45x29,2.24756989360337,1.7108502660519869,3.5741801350017695
18x43,1.4820953506530583,1.5386713202643842,1.4695444079955613
45x39,3.146060262671559,2.065103739008911,2.1335888365422626
43x14,2.155576077307931,1.805508457957155,2.1013498286422427
49x3,2.6729459609571995,3.325791343326986,3.53849813573398
47x7,2.0431904110354915,2.9112451483375708,2.9112685972400394
36x16,2.849852456818818,3.1133016603098835,2.798704712491533
21x45,3.023032718092763,3.379014076232326,3.892525094071144
41x21,1.6304721336984855,1.4315605939072482,1.482573058156938
29x49,2.8091891541918668,3.252998408221139,3.9780294397093945
42x5,1.8909807919947987,1.7488431756466658,2.5214060392249507
5x41,1.8500425520989816,1.540683165014507,2.732059880897441
1x40,2.695528620580677,3.2036746553289577,3.762197177903078
47x5,2.8080519165900903,3.3019339263161918,3.2787362597359953
34x26,2.0634936536283512,2.0321592294247557,2.17788054569324
33x26,2.715644750086318,2.6561930235355358,3.39068771246822
1x36,1.8097050953689338,1.8511590114621785,3.0223059083239323
50x45,2.6480688649875157,1.5599955778443344,1.9625847909842615
20x13,1.0,1.0,1.0
30x4,2.310812026710359,2.340184136022126,2.2420862565975086
13x5,2.6826800676371194,2.4206656515186955,4.031477160895553
44x29,2.0865637616935735,1.7477598995231192,3.0954441068244036
49x16,2.8546161249429054,2.2202350935696376,2.6352867201630854
46x15,3.1732876162965082,3.0731954424895016,4.006307059388478
26x18,2.5050788894419544,2.2790946307458837,2.898351035622902
23x34,2.515685696894379,2.9459047696952627,3.316999729100456
6x41,1.782506070292507,1.8451839798263563,1.709752535858155
45x24,2.312922627164149,1.7750359878713748,2.0629485178504976
6x19,1.2561231270628248,1.2369229747208947,1.2369229747208947
15x28,3.0737912930078504,3.2442926550257134,3.5012866176069646
26x38,3.5374045958490754,3.0092245844378605,3.5490286806601223
22x11,1.9892945632210808,1.7050770249930305,1.9808568639789894
35x47,1.909966231756438,1.6562547343449459,1.8965705992060893
15x39,1.742252387574076,1.5067447501652917,1.4622587255979447
45x22,1.4189893581950943,1.3141181485141191,1.3141181485141191
44x21,1.6493848884661177,1.3329097102826746,1.6232902779281957
36x35,1.4410156382511106,1.742076667867281,1.9716289057225598
46x40,2.3108083053862716,2.0620294954943086,2.0637034464741797
37x41,2.6219016894205867,2.4410563441813937,3.795667000740342
34x1,3.7500356080778197,3.924700980076966,3.8570039876157862
29x48,2.1844810659105853,3.718879511858131,4.047062343415583
11x8,2.4251880606084906,2.3254242610822717,3.4648676940741505
29x41,2.779210670275548,1.9992374941957325,2.343342682813681
37x23,1.3164878102733308,1.6743501066402542,2.409971863409611
2x15,1.6696994012583954,1.3498042102003092,1.4695444079955613
40x40,3.060695384707945,3.7075458990493453,4.364165768767795
26x17,2.4891500094224717,2.1094561384487887,2.224340778496762
4x18,1.6753246265664317,1.4719165222372004,1.6340116414709576
8x21,2.265068713151594,2.1109481468806948,2.234495049026411
13x37,1.129719339224618,1.129719339224618,1.0629489120442959
4x34,2.218708590293503,1.3982807524493166,1.4622587255979447
18x17,2.141918635352073,2.013836259965811,2.013836259965811
18x35,3.1282888491027565,3.8798126877474846,4.2131291262355015
7x46,2.83777926281612,2.4051176067866784,2.2284741080655133
50x34,3.605385170502041,2.558904929876932,3.4507703901644975
45x14,1.6703771883867882,1.384145488461686,1.4174111811317323
39x11,2.9747648995432794,2.2860683159929143,2.4963985327096534
22x10,2.2286273917520614,2.106178482035343,2.2473988324228564
16x48,1.9330732030716469,3.988191897771571,3.9173015441798613
13x36,1.6103257174420074,1.7696882951113682,1.8144748730575526
11x34,2.560502772807105,2.424419109670924,2.573879662979582
11x29,2.8583552722360497,2.7131416026745128,3.03476696229838
44x38,2.92074639373647,2.4700865906682608,2.4277891244749
16x45,2.773297258704777,2.5643108314241414,2.567713840772334
28x18,2.3438938433013834,1.9633860841926345,2.3455552316118347
9x11,1.1821820017846416,1.0629489120442959,1.1124513000098186
28x10,2.5089745268512194,2.862995415464813,2.9363603095022346
22x7,3.143245307042249,3.415262136609056,4.822810552555601
33x30,3.184702876326235,3.987887821017345,4.0136468356803485
27x12,3.2159268033100314,4.17312881839154,4.15981807669175
44x20,1.3329097102826746,1.3164878102733308,1.3164878102733308
3x37,1.9880757157075706,2.537668772703316,2.7286892147691
31x35,2.443923995632822,2.225126072246053,2.3741459909428824
29x24,1.4622587255979447,1.3769076856810996,2.665810261932332
8x32,3.2100694429567485,3.7416767882732467,4.763028863634827
31x49,2.3276442790069574,2.504549714964927,2.3128582979232517
25x40,3.0542782441909617,2.613813382288592,3.230005976525516
16x1,2.383316196987293,2.5068944933819908,2.5726671996437673
5x33,2.139009224056876,2.1647513129725,2.1868289331054216
10x12,1.5968086490910351,1.0629489120442959,1.4695444079955613
38x16,1.2297525316960332,1.1821820017846416,1.2297525316960332
30x27,3.7410482210951854,3.078569109554463,3.7098604178034713
16x7,1.909966231756438,1.7721728818242546,1.961163635199505
7x10,1.3957755818803457,1.2297525316960332,1.1821820017846416
32x5,2.935466734801768,3.7411223015389172,3.8264334401643483
42x13,1.8002815460214867,1.5906821119239323,1.746416166254003
10x35,3.343110750155525,3.9885867901952317,4.2360305515191
30x44,3.341627373313094,3.4803758481300715,4.440619178140807
18x3,3.002410674835845,3.2651139790954695,3.719129614046233
8x26,3.3880927091705773,3.5297751616928954,5.021907208134448
39x28,2.761394268951462,3.564354485249619,3.310256593234522
6x10,1.1993986213536356,1.129719339224618,1.2005324366896724
37x15,2.901914271082146,2.5220033194955604,2.6625730164784227
6x36,1.6830760585202194,1.575255862261824,2.723130881712623
19x10,1.433280944444334,1.3141181485141191,1.3141181485141191
19x25,3.3626599580282366,3.254145082765698,4.061887278257946
13x45,2.6999652557541887,2.7730786155533282,3.3338068019170146
6x50,2.209590314677936,3.6319791082672914,3.433142312285714
11x20,1.2369229747208947,1.2369229747208947,1.2369229747208947
18x13,1.6339160394600947,1.3769076856810996,1.5289567994224336
12x8,1.5046535256247227,1.4496604482346787,1.6448572567630408
25x20,2.0612062512787133,1.924912740111658,2.0297002044748234
8x7,2.6457442971404292,1.9508753765138143,2.3098974110639348
13x50,2.7586542837567753,2.938884687071021,3.049481731979365
19x43,1.2865300266079056,1.1573636997031709,1.1573636997031709
39x41,2.3659753225659625,2.3457388035195277,2.0051167891858666
45x26,3.5066617680127115,3.1939662497417216,3.7505583142315344
12x41,2.596802129954573,2.1916360836604216,2.483571892463848
41x36,2.2706688069375796,2.551373635223401,4.149592861562708
44x17,1.1124513000098186,1.0629489120442959,1.0629489120442959
36x36,1.3666424669493191,1.6830760585202194,1.7861644615703847
36x6,2.117626677106676,2.0317499594930424,1.6340116414709576
36x50,2.276429153239376,2.1324985410101434,2.0506659746060882
33x9,2.0499542974406464,2.185312472925083,2.567491013276183
40x24,2.9411338103814995,3.036225276108701,4.542894115108399
28x43,3.351620785120579,3.2051024955400886,5.2092603800700585
12x26,3.4804432465951285,3.157805014314204,3.8302352152639916
41x48,1.8779049572550024,3.7811360457899506,3.391439096663511
45x34,2.0831686913563647,1.764726930951221,2.8652228900285093
34x41,3.76134323874022,3.5132432866796766,3.569296873449174
46x26,3.5293131048411372,3.8496146247131686,4.097041976246288
23x28,2.824426955544471,2.856513975364557,3.5311189827839384
16x50,2.6918927034293745,2.349923250725187,2.7450532174683757
13x20,2.625048762611923,2.151343000170872,2.756575641301526
37x2,1.8049171046190822,1.42936417765236,1.611843379338015
42x32,2.904394728550733,2.6604796141529783,2.3715542463912103
46x14,3.0557762211872403,3.20739743014336,4.183416790514442
50x44,2.6532366418964997,2.111879998586905,2.4114753984733595
23x18,2.8871872640267466,2.6981453001104523,2.931160581669243
6x22,1.9728859260073044,1.4174111811317323,1.4174111811317323
40x12,2.106178482035343,1.6214839204949758,2.135888708338006
26x11,1.7997802572785304,1.743852299569422,1.9808568639789894
14x42,1.129719339224618,1.129719339224618,1.0629489120442959
5x12,1.8898815748423097,1.6435392391584118,2.3281340033751703
6x49,2.875130203132936,2.9940542500971676,3.021392920631994
42x35,1.5962425904568682,1.4189893581950943,2.0139081665869982
24x38,2.510905179242348,2.6707775156058426,3.2470837273732047
31x27,2.723969138018979,2.8024855512643754,3.411760114539067
13x33,2.9935577815394154,2.824426955544471,2.812462898560899
27x7,3.7212487234856493,4.004463779056104,4.739547146643624
38x28,2.374817849337747,3.1836991203452922,3.278723059776565
6x32,1.7486663698150369,2.1715897554109196,3.2218828758809157
39x30,3.3777179885846333,3.575016372823024,3.7953845149708343
2x29,2.071641527386597,1.9934931262829318,3.1126152106862905
3x45,2.0907047609910903,1.8508698158770196,1.7917634286623516
39x15,2.1013498286422427,1.9811578639400322,2.0982186726634033
17x37,1.9545100243290208,2.0431904110354915,1.8739576096336017
14x33,2.9005534879758392,2.17361831123197,2.464317045655437
17x25,2.9842229766369304,2.777442052870557,3.330768900156164
36x9,1.572058342786851,1.3666424669493191,1.8328699779098343
43x38,3.043145830679338,2.09167554596936,2.139920580203494
21x21,2.764685198102816,2.6427517180865254,3.43947229790679
41x40,2.4866462721891813,1.6870282457672383,1.8712424856764345
46x48,2.200215684318269,3.3653272500899734,3.691746830273898
14x15,2.5321087277902685,2.310214323871131,2.64109999778079
42x18,1.8748584677905173,1.4410156382511106,2.0248207250929373
7x26,3.1828990759540408,3.2262786111080013,3.8046724958962783
17x43,1.0629489120442959,1.129719339224618,1.1124513000098186
38x18,2.0125605595789677,1.8852343166148258,1.909966231756438
1x35,2.5306834976811583,2.4755638327710576,2.6512242184562234
9x12,1.384145488461686,1.0,1.2775319170740629
38x4,3.1260842285645065,3.579119828058974,3.7395050936861742
14x50,3.4115689391993964,3.8354514407938267,4.468751529535173
29x4,3.522557557214695,3.508628786344203,3.8454703694062866
5x13,1.796018217828986,1.4189893581950943,1.760783157254343
30x14,2.6025953078989414,2.0637034464741797,2.11817439419495
18x19,2.4521066586410045,2.47531863561513,2.394564250277227
10x45,1.9199916739819434,2.2693342998985573,3.079142393484283
36x31,1.0629489120442959,1.2369229747208947,1.2865300266079056
11x44,3.2490938442244293,2.8972233613923217,2.9333633939655375
34x29,3.685170774439293,4.147067877441526,4.03458631611784
17x5,1.6947383602590194,1.539055117579496,2.1627475648768937
14x10,1.0,1.0,1.0
24x31,1.8250547160438146,1.6947383602590194,3.2599886661924247
15x22,3.5507781252749915,3.4997580717890093,3.9697025698763406
25x41,2.8968433984649766,2.5864409070087016,2.50172906531321
26x42,1.7696882951113682,1.755458050034265,2.2732613667031982
40x49,3.9866915072575893,3.50695233483011,5.504461893303195
18x47,2.753473420758709,2.4205457081048154,2.1324985410101434
26x7,3.1421970322471173,3.386766582131714,3.1320269799259615
45x20,1.0,1.0629489120442959,1.1124513000098186
27x3,3.244355508186838,3.1386639194468606,3.8629554819270004
18x50,3.67666348996968,3.611315129073129,4.0389367535147445
11x26,3.8656405141619525,4.788065113742691,5.652833043998731
43x48,2.5191543847219955,2.318332372773275,2.4106735399512966
42x9,2.8812061989208266,3.067944548746281,3.6829421926613204
46x44,3.5249900478873055,3.492274197794312,3.746640718580011
30x31,4.108276301604511,4.575957598328879,5.155351508851748
16x29,3.387869196052569,3.401174513111947,3.907824876763178
2x19,1.3769076856810996,1.2742519363255236,1.2865300266079056
20x41,2.521446632824856,2.646874570736586,2.800335478917773
19x31,1.9809618915303195,2.151747108237485,3.320863990390614
35x44,1.1573636997031709,1.1124513000098186,1.1124513000098186
33x41,3.864168810780858,3.300071404460053,3.3355095736223968
28x5,2.8113556470895076,3.760923877464996,3.7290540807120256
34x27,2.0155487760773156,2.151413284239934,2.018418885594385
20x5,2.1086849230651086,2.4039151580735565,2.963401276062156
40x37,1.7488431756466658,1.4515515009731315,1.2005324366896724
24x1,2.9469410464004757,3.3231640176698063,3.373848737606924
20x14,1.0,1.0,1.0
43x13,2.708807573257346,2.650527111267294,2.8433784568858864
42x17,1.9728859260073044,1.9316749438197114,2.024824820217169
40x15,3.0192849055152933,3.433288055817618,3.7435289228601327
9x31,1.482573058156938,1.7160906507667715,3.0105695881078316
3x13,1.8245777915484591,1.3329097102826746,1.9875668542462646
50x3,2.825607445964544,2.815732346468881,3.1211473726363494
33x38,3.2275009757693827,3.0170841608075323,3.2272325157555395
28x34,2.9331205446833564,3.9264138985060697,4.09731700158798
26x9,2.50086327014253,1.9384918076231372,2.637246811126488
27x46,2.1332423537781837,1.7656051543023858,1.6696994012583954
4x9,1.6984332340231805,1.1821820017846416,1.6689534454660726
28x35,2.8834017790380373,4.37357508068551,4.444039486541317
34x49,3.7927162173269995,4.664878742357753,4.32565177190912
43x33,3.3841453282332914,2.9105635741637914,2.55403193358474
34x32,1.3164878102733308,1.5599955778443344,1.5906821119239323
34x36,1.1124513000098186,1.1821820017846416,1.2561231270628248
38x5,2.26572270567373,2.3718015254201235,2.484454167777873
25x21,2.5724806533409335,2.28390862624173,2.151413284239934
8x8,1.9316749438197114,1.8002815460214867,1.9547922221896794
35x41,2.7663288667005377,2.186902008815339,2.704784653002458
21x40,2.5200666719359117,2.674316687335288,2.9492475390596464
26x22,2.9690104407027142,2.9044463896725516,2.410364751032947
23x29,1.9038111961127906,1.986267720712434,2.63969291751363
18x29,3.552901633357733,4.232755664757136,5.145664482550401
11x10,2.120416893414263,1.8946457081379977,1.9453731736701285
48x28,2.262869379592461,2.11817439419495,2.11817439419495
23x7,4.106484273123858,4.409250310946505,5.003211255839225
24x34,2.3753093794988334,2.5659595687314267,3.1098872080691042
20x35,3.070334966994398,2.931067211752615,2.7809990035800416
9x40,2.17361831123197,2.064317489340642,2.52283372658009
4x17,1.3860017633477575,1.2742519363255236,1.4376985165811031
9x4,2.6950474070193424,2.6794276891014017,3.495044988304819
7x42,1.2369229747208947,1.5494856639063164,1.7721728818242546
16x36,2.1332423537781837,2.344279137024157,2.4963985327096534
34x2,1.5217114201886668,2.6599575670715243,2.9279191609187056
23x35,2.5582169598513502,2.754358891203097,3.262524243701048
32x1,3.073521424978542,3.0612920877118857,2.980719237416016
9x21,1.5716435560366497,1.4496604482346787,1.5046535256247227
21x24,2.4205457081048154,2.2820520126811465,3.67965691311089
27x44,3.588672308777475,4.04373508608765,5.398936357428523
25x42,3.3399952885362523,3.0588588771245626,3.2063304104477934
43x26,2.603994335031705,2.771627492968796,2.9260624125595274
40x27,3.9969366010885885,4.119267417596689,4.534005650854601
28x12,3.3843658199560127,4.459608544685602,4.63269221001903
19x11,1.239315430729068,1.0,1.0
36x42,3.0893817629059748,3.1188673701833136,3.273025576185342
50x5,3.1283626152552215,3.7213058845949822,3.720190103356112
28x9,3.7321826005128367,4.144373490896885,5.0776023391684735
16x43,1.2369229747208947,1.2865300266079056,1.3164878102733308
41x5,2.291920231560305,2.370177057275178,2.925460425311233
50x11,1.1124513000098186,1.6214839204949758,1.7206136920725739
14x24,2.0490893575349025,2.53381297477898,3.9878437773102875
34x12,2.4669290878875785,3.340872027886649,3.100505876943898
37x24,2.2728276981796447,2.277181568712424,3.829492713803752
29x8,2.905785466107474,2.779210670275548,3.4001506680510363
11x11,2.681187720363447,2.151072308339481,3.0410024640660165
34x43,2.7573148396869724,2.2035612526469524,2.295591654726614
2x35,2.7708531926848963,2.9497479709907233,4.227154691198897
48x5,2.968647044332391,3.502750082017693,3.443395912703579
6x12,1.8242223947745868,1.3141181485141191,1.875210549212799
9x39,3.391015798621245,2.9529982929332896,3.172870595354696
25x17,1.4174111811317323,1.4496604482346787,1.4496604482346787
7x23,2.688102604884479,2.922005978577311,3.225497560443442
5x50,3.3834039508747082,4.658166518609241,4.581986589154431
22x29,2.920713163141779,3.1589450098716774,3.4113045201397565
31x42,3.386190128422572,3.05353596546211,3.2485078104320766
2x2,1.9405389688048973,2.481553787604478,3.080916976773809
19x23,2.625048762611923,3.5597261122526067,3.730234979811304
26x32,2.2769675466377235,2.640763701591304,2.779149364611934
10x3,2.543500170225709,2.424055346287723,3.7548825665209566
49x28,1.9977119078325432,1.8101750430575687,1.8047444807274702
39x1,2.2920561272869335,2.820643119051466,3.046423131588016
7x7,2.8171137851533583,2.0452375227779993,2.460131891824215
6x31,2.4615158045751344,2.347500075987875,3.872152456087923
2x1,2.906680107565209,3.7119551661932197,4.228973994935541
13x29,2.2912112109227447,3.1522074596609575,3.579594623060801
18x39,3.784767030569191,4.436188351520132,4.52865416500001
29x3,2.3176833443948683,3.010149870666215,3.0997790870674873
22x24,1.6625450058316948,1.9945825362872314,3.102698279527044
1x32,2.4227279240020843,1.8089873868742816,1.9428828858672929
44x37,3.2901664504841155,2.6839912150340934,2.3843690286165238
24x3,2.9097104510912994,3.144724665505189,3.83848437508353
40x42,3.6305525001246344,3.163098534943694,3.1554488127871645
6x26,2.9477065070589967,2.4819269093248733,3.21188986801037
18x12,1.540683165014507,1.0629489120442959,1.3329097102826746
13x12,1.858903507711174,1.574044755570299,2.3636251869666873
24x27,2.5758441131438796,2.5695849709954937,3.202752776700262
3x44,2.5168147605285776,2.0497498179848885,2.0705707843657595
38x34,1.3769076856810996,1.5067447501652917,1.4820953506530583
14x30,4.135347638411554,3.8433449685740597,3.677740400301014
40x46,2.2473988324228564,1.6738586084802807,1.520093436188189
35x11,1.4719165222372004,1.6676660500950307,1.5599955778443344
36x4,2.1367524024149787,2.4523749756320936,2.542168591977954
21x48,2.013883257481945,3.070700112863623,3.3022614735296876
25x15,2.1698721042957634,1.9039668606822715,2.0142802092369325
39x21,2.796739017408656,2.250937857801096,2.6683123677821934
49x39,3.4494039539909034,2.4754863163755867,2.597038236722154
29x27,2.163935294069017,2.2897303054387628,3.685662909217684
42x41,2.7905129971302594,2.500736301564518,3.472694709879477
12x13,1.6036034862338133,1.3065002050330519,1.503480039303581
30x41,3.3609720872012714,3.1558011225631084,3.2666706505833623
47x31,1.5179668634033427,1.520093436188189,2.9338888807286847
5x26,2.908913944622032,2.382876204140949,2.985909809866906
17x31,1.6138800634778396,1.817774643532472,3.0071869432465097
14x14,1.667013503141615,1.5572879060320108,1.5726298710361442
42x30,2.9747648995432794,2.8276220171952877,2.89809975112424
2x46,2.755435825910293,3.225164039295978,3.3343559560120895
21x17,2.3803880611671158,2.1404870052344234,2.1883784772738646
19x17,1.6947383602590194,1.5705781412513098,1.5705781412513098
27x31,2.412385213561684,2.280228547822964,4.073224515077335
18x44,2.7602320814535957,2.6778424992484897,2.42157966725636
34x20,2.3361768493569453,2.225097762431853,2.225097762431853
7x20,1.239315430729068,1.3164878102733308,1.3164878102733308
36x20,1.7061964608091158,1.5691925832141966,1.5968086490910351
44x22,1.9508753765138143,1.664575281361722,1.7284304414716962
45x42,1.6453874255231145,1.6371077743026283,1.589211507973385
42x47,2.3044180514892463,2.0484100397938714,2.6307685562078396
26x36,3.52304600936906,3.0157981170091737,3.5332582761998648
21x26,2.9144935565553434,2.6563958910474357,2.887875985646419
48x46,4.190654060670776,2.9663174124537615,2.825307260965575
7x29,1.7717128000477056,2.5783548928871465,3.5831903847481406
1x9,1.129719339224618,1.129719339224618,1.1821820017846416
19x40,2.1532091170793373,1.9633860841926345,2.309595932468756
34x48,2.53733390813236,4.87725342639987,4.212821041001271
18x38,3.0626828101406702,3.00944004125404,3.022117878776146
43x3,2.8151943861476085,2.942004073377169,3.4277910660351423
29x29,1.480936217579442,1.5691925832141966,3.031118386225167
8x24,2.54932701821611,2.0155487760773156,3.4019602887338873
28x16,2.604918885803077,3.2060294677981607,3.481040371519037
10x43,2.624035242204298,2.699608420400618,3.0550141751018436
13x9,1.0,1.0,1.0
37x18,2.1657853436613794,1.8716799124350878,2.0046936090920338
45x21,1.901819957036735,1.4594411570435957,1.536150660015789
33x46,1.7691180747276567,1.9157167786470255,1.8965705992060893
39x26,4.313511896022548,4.403441968984952,4.498742690239873
33x33,2.6353414284850984,1.9352992419461035,2.2042540176668104
12x14,1.3498042102003092,1.1124513000098186,1.2369229747208947
17x26,3.0003900268583124,2.444229140635027,2.9182065844786007
28x25,3.035707629977638,4.354697720909457,5.5731169534338285
40x6,2.5848124117971514,3.407228864952584,4.24931676978024
32x31,1.2297525316960332,1.6562547343449459,1.6917711673654225
19x39,2.3627373605838025,2.4398359277446104,2.485321464411595
40x48,2.254568903835343,3.5224165189145653,4.41481837685114
16x24,2.8386904093831107,3.3072267913850473,4.632632526188238
30x2,2.424024550607782,3.20578764716979,3.840219071097485
5x31,1.7943913674089518,1.8852343166148258,2.9346219034323764
25x24,1.5661241033400717,1.484956654950524,2.8935800324774683
30x48,2.340184136022126,3.607633222751247,3.830180274246698
11x2,1.7011489969890363,4.746228258509468,4.622549868301891
7x9,1.2297525316960332,1.1124513000098186,1.1821820017846416
17x44,1.5716435560366497,1.3860017633477575,1.1993986213536356
9x30,2.3734311623208373,3.251352729378219,3.8231227025441856
22x5,1.4751126949379068,1.701329874031029,2.4438100551339286
1x38,2.4889212248944332,2.4804217259586188,3.413240384801473
35x20,2.131699520470406,2.0869473904548124,2.0869473904548124
3x30,2.959234829425045,4.374508046712602,4.891239338407757
21x4,2.9063079466435706,3.494135593857896,4.03733407822371
9x46,1.817774643532472,1.7917634286623516,1.6870282457672383
14x21,2.830501582169002,2.993847209951893,2.90666227702795
35x4,2.4134034818464487,2.413759649363644,2.454169019465488
40x50,3.1661736381304575,2.7334315884531506,2.952671162005563
44x4,3.5879514202510454,3.3619293125734795,3.9158482820652076
47x35,3.1857101474469243,1.9937806364819093,2.7284853737412096
33x39,3.073663638019537,2.8550041758923155,2.664830371864037
37x17,2.2086417688155304,2.0655496810220875,2.0442612093532895
3x22,2.680699781786975,2.9375325679666417,4.464347225278127
20x9,2.013836259965811,1.9601317042077895,2.7004057073750434
21x50,2.8550041758923155,4.164630123363244,4.649968160508602
31x39,2.8362249443873457,2.388069956822803,2.887875985646419
11x9,1.4496604482346787,1.3143051175100187,1.4315605939072482
46x4,3.7762305135196765,3.490604164462785,3.5994402600794286
32x47,2.8950171843389594,2.5089745268512194,3.2551457134401343
27x49,2.7654150136948528,4.135428091685671,4.656440320598934
13x11,1.4174111811317323,1.0,1.1993986213536356
10x28,3.9075120468592104,3.875786239204455,4.168377530849425
23x20,1.9020947041003722,1.589211507973385,1.8371086754386257
47x41,3.2254212534010795,3.2894459338148025,3.8334021700844545
36x34,1.0629489120442959,1.1124513000098186,1.1124513000098186
41x9,3.6257363281519264,3.638278607496958,3.5160986658896785
38x11,2.117626677106676,1.760783157254343,2.1397706218032497
39x5,2.3206722490203013,1.9892945632210808,2.5012499946102507
46x32,3.825389150356697,3.6142501424688325,5.199708599892583
25x7,2.563354123068638,3.4776763010693026,3.480670889735876
40x22,2.239192071322566,1.562945119886892,1.7784840681720644
44x28,2.5117162687237085,2.5850319702761193,3.2142620904865855
27x35,3.6694541729330292,3.333330148452349,4.278380937870913
3x21,2.7699539605557533,2.388885914094717,3.470945338249279
22x30,3.369434702192366,3.9497034699399425,3.615455481250674
10x11,1.4984516851685856,1.1993986213536356,1.42936417765236
4x20,1.3065002050330519,1.3666424669493191,1.3329097102826746
47x2,2.1868527470045307,2.953377751543254,3.2684029353280954
46x36,3.1091145869022103,2.429312878995818,4.320772917126819
3x39,3.1344275998230375,4.059995447034018,3.7527788704888265
19x13,1.5726298710361442,1.3860017633477575,1.5526900504599643
28x17,2.338484409483369,2.244250924261432,2.29594605935941
22x19,2.5156400319438923,1.742076667867281,1.539055117579496
46x7,2.2536994432405866,3.741259257082308,3.4267190625995374
47x44,2.298937595343674,1.7653635436855506,1.7653635436855506
1x44,2.3066744506212147,2.5979377207071046,2.419051562498267
47x9,1.0629489120442959,1.1993986213536356,1.2742519363255236
2x45,2.6076692689112586,2.5754417697762815,2.4003145884867974
5x3,2.5318382455705692,2.3135652156458737,2.3470191463767707
30x24,2.275909906286344,2.385163623727974,3.7382892078996726
33x1,3.017754899268405,2.918977811944366,2.944733313354767
11x18,1.4496604482346787,1.0,1.3143051175100187
6x16,1.239315430729068,1.1124513000098186,1.1573636997031709
43x50,2.6826800676371194,1.805508457957155,2.6791796436241024
4x28,2.117626677106676,2.3952998976637163,3.9366408884264645
35x24,2.052905281951454,2.6339062775361177,3.8158578271048857
6x21,1.0,1.0,1.0
2x31,1.6214839204949758,1.742252387574076,2.7769398943881494
28x11,3.26928541416175,3.2977347959316354,3.83850741467054
42x24,2.7260020795517814,2.195378089342826,3.935292955686325
47x25,3.0011702433419285,2.8827735086658466,3.1969464734941075
33x7,2.4979437337956067,2.8743960600287464,3.933551486629489
43x46,3.1590599812881663,2.180238918695736,2.2086417688155304
34x37,1.3065002050330519,1.1993986213536356,1.239315430729068
3x41,2.2449125695891468,2.305193279997298,2.7564199070410957
20x8,1.9601317042077895,2.222655584564351,2.310214323871131
1x26,2.796075838977921,2.7163474581949623,3.2335426382925614
6x2,2.209590314677936,2.78372716237346,3.813297017529156
43x18,1.8002815460214867,1.2756213140095665,1.7692965220457977
19x42,1.0629489120442959,1.5661241033400717,1.5526900504599643
8x12,1.8917331102125812,1.3746110880271727,1.8560881345389828
10x30,3.7301072283632837,3.888757077275442,4.986891859246357
26x23,2.236559761150041,3.1559506399270014,3.9428017663540755
47x48,2.0649686597628305,4.321292423871311,4.6474169317999525
17x12,1.6036034862338133,1.3498042102003092,1.4594411570435957
20x26,2.414384031351245,2.4123502797940377,2.6427962473387607
47x23,1.4719165222372004,1.4157229395493593,1.3164878102733308
7x40,2.390057781530672,2.2810588353343237,2.933426141963849
6x34,1.9156152102911859,1.984848930621399,2.310518383334887
13x15,1.7939986986086762,1.642175362496467,1.7273352117894814
35x48,3.070885239626797,4.801152786602476,4.298610033024293
18x23,2.8834769382597325,3.455746592710945,3.7917475511357015
21x29,2.1875848668018714,1.8384808986590433,1.8501256941783555
1x47,2.856034393779884,2.9650472783232877,2.8596421220397996
18x22,3.9200772716871604,3.5259873922011824,3.7408422791664915
19x46,2.736883801677799,2.7442842116512045,3.377945989286466
45x18,1.8002815460214867,1.8002815460214867,2.019996055959623
27x30,2.956315870605549,3.674154557430846,4.083776596340128
28x29,2.9441849617918243,3.5233554660086552,5.182626265617239
6x30,3.956181108403705,4.19564858933744,5.130802480465004
6x38,1.5970410378738988,1.7488431756466658,3.2691032313525645
11x39,2.68547619484402,2.515608484666469,2.61247418600163
36x44,1.2297525316960332,1.1124513000098186,1.1573636997031709
9x23,2.7212280118925736,2.0800259715381757,2.5540968869858185
2x3,1.8703081933241932,1.4751126949379068,1.709752535858155
22x45,2.407243092156394,2.586437084928967,3.3217442605868244
39x43,2.2086417688155304,1.6197152072058243,1.7273352117894814
38x31,1.0629489120442959,1.1573636997031709,1.1821820017846416
45x32,2.1619095808563955,1.8328699779098343,2.735840971646821
18x24,3.15842764355722,3.6281386417431123,5.210934737262311
23x43,3.1498104210737337,2.314090950403582,2.5573418656351268
36x48,2.4262450929072217,3.9476148741748847,3.8857761060945863
39x2,2.2827185352706927,3.1199345237487295,3.32983536190114
10x14,1.1993986213536356,1.1573636997031709,1.1124513000098186
37x48,2.1657853436613794,3.4673798054933966,3.294422926180436
22x47,2.9790432847517185,2.5058867688990034,3.0235202013186155
23x42,3.0894594020288038,2.2678454214710793,2.5198294780868418
10x44,2.7014025707784115,2.4742538662282696,2.9157293769262482
6x24,1.6214839204949758,1.9630793560380053,3.306159341820939
24x24,2.0125083693025725,2.10913382192217,3.3440541668233603
39x24,2.4347112373307667,1.9222417762933837,3.603511345469122
5x48,1.6696994012583954,4.453741658251981,4.078617800288288
30x18,1.5067447501652917,1.3164878102733308,1.3569045427875668
10x18,1.6743501066402542,1.0629489120442959,1.5386713202643842
18x34,3.17136580362601,3.243826997493691,4.031270890919397
44x18,1.4174111811317323,1.1821820017846416,1.3345165639065242
6x1,3.020271804614137,4.063620077737745,4.098277501171038
36x18,1.2775319170740629,1.129719339224618,1.2005324366896724
45x41,2.250579970101707,1.772923550025914,1.8897145367424808
42x34,1.6940124438736743,1.5169563213688035,2.3843690286165238
47x16,1.9508753765138143,1.5936794269926198,1.9278755604849618
33x13,3.338867774975366,3.498376970381179,3.3263912294266733
18x36,2.607666203090156,2.33279544621923,2.6338285414867157
15x3,2.816345800081094,3.5875339209703485,3.696572482697034
44x14,2.063850694828936,1.6936156544798437,1.8255227016659616
46x13,3.5952601560074564,4.3230003765285,4.76769913224095
20x38,1.820672202173774,1.8677301863313627,1.815377853669268
31x16,3.287054501015019,3.29827462388244,2.8961118158914845
46x31,2.3255157863158162,2.0321592294247557,3.531086014548756
37x9,2.2221236376081848,1.5716435560366497,2.0201734129533664
17x48,1.6830760585202194,4.738787743884553,5.159730633309019
6x7,1.6703771883867882,1.2865300266079056,1.6232902779281957
3x11,1.9758509044500678,1.881046173723799,2.2920561272869335
23x12,2.622778333835963,2.7760022585002524,2.695637041897857
27x11,3.012627010268447,2.7437814841375743,3.7007325482402456
13x48,1.664575281361722,4.206732805203599,4.645540710019425
39x6,3.0775527206006985,3.373503985315012,3.117397207750009
20x44,2.886102246401637,2.4171917188978256,2.2596666872838647
44x41,3.154089640443654,2.588080146745621,2.9182065844786007
6x42,1.8109418084551194,1.850952626758079,2.5683578989318696
35x21,2.2635916444970743,1.8481544517046582,1.796018217828986
13x47,3.3482368638228346,3.752008120105416,5.034330087793678
4x3,1.3498042102003092,1.1821820017846416,1.2865300266079056
27x42,2.464342747855877,2.5749191448532827,3.710600757319963
14x5,1.7750359878713748,1.9508753765138143,2.987526644915881
4x47,2.345548738742206,3.0112457098658223,2.8675313921557164
31x18,2.128843753832249,1.8358430560463772,1.875210549212799
2x21,2.8223885021647024,2.083280883758133,2.5120575050494542
43x47,2.21429820001523,1.5661241033400717,2.24756989360337
49x45,3.333049988596958,2.6559418833055832,2.836422819643378
46x34,3.261846861443948,1.9278755604849618,3.7293669532773017
25x32,2.8043044770670535,2.3423346332142043,2.623657049212563
22x34,2.5970575353721124,2.836459173181803,4.184572479154261
2x7,1.9876669750024174,2.1532091170793373,2.539044495665506
21x23,1.6103257174420074,1.520093436188189,1.6593756076078212
36x26,2.1429041520992205,2.3098974110639348,2.539079884812376
28x2,1.4189893581950943,3.4345320253838296,3.736194987284061
2x41,1.9811578639400322,1.5654579343184079,1.8264589556444855
18x31,1.7531434264506585,1.6753246265664317,2.984868008478749
8x40,2.225097762431853,1.9567509512848382,2.229375241106907
47x26,2.314090950403582,2.0974169571715344,2.095839631428881
45x35,2.343342682813681,2.092335781691047,2.6499769380547957
34x22,3.1738567443077894,2.30137271366262,2.8895230708371815
36x39,3.135163367760305,2.581699818326566,2.998890555057319
3x34,2.0368926078531424,1.5705781412513098,2.7681422752689175
23x22,2.8690680425030006,2.843612637545773,3.2901065646435264
5x25,2.902021432873818,2.486517704650373,2.836297558035941
50x48,3.449931820299688,2.52367386556265,3.0983495776302403
38x26,2.3151468445333627,2.855481696217846,2.6971117757349776
24x49,4.019104682924395,4.3932979671273324,4.773307611553785
3x12,1.9758509044500678,1.8739576096336017,2.3411556358550576
37x34,2.1249071424060135,1.770921268695097,1.9260101400475063
23x1,2.5069443106123197,3.208880792581377,3.4538208906929966
16x40,1.6243278367756078,1.901819957036735,1.742076667867281
26x8,2.564792117720045,3.308546904949177,3.796839072433105
23x47,2.9477661149820173,3.0649711296311786,4.045352441910875
7x30,3.399557405963836,4.031968960762691,3.651604182581592
4x12,1.99210395551597,1.850952626758079,2.447844502229835
14x9,1.0,1.0,1.0
9x43,1.5386713202643842,1.433280944444334,1.4355852921759273
9x42,1.8733068857244586,2.1890201138123646,2.420277177590172
35x40,4.392700150680757,3.4739247971649285,4.113522686926932
45x3,2.9893651427129933,3.2135337377791395,4.168082438752223
34x50,3.156451337897245,3.1066654690549154,3.542339012746663
46x37,4.179225690156479,2.478786478419721,2.8803879444550335
8x31,2.400458919429904,3.1440246618982406,4.158363002489934
4x42,2.28390862624173,1.9325861975669394,1.8952935104184263
17x35,3.4748507466682854,3.604185964296992,3.830974835852242
6x3,3.056716369054667,2.6217153774959696,3.3898657945660076
47x21,1.721632177609972,1.0,1.4496604482346787
33x17,2.809787152377083,2.4083103444312353,2.3135652156458737
29x47,2.644266660954634,2.610869086854952,3.3072784266994737
11x15,1.0629489120442959,1.0,1.0
14x11,1.5968086490910351,1.0629489120442959,1.4695444079955613
30x22,1.9567509512848382,1.4594411570435957,1.5067447501652917
4x7,1.9822484180857005,1.8093549644798672,2.131699520470406
48x48,2.731257480949567,3.924073355955525,4.048322626815533
4x44,2.4328601295450647,3.2624877536416808,2.4681646570896647
10x22,1.847921426083977,1.6036034862338133,1.6251156940096259
45x31,1.6738586084802807,1.8203635644889171,3.5608739229475463
37x19,1.956904093918261,1.3957755818803457,1.5661241033400717
10x13,1.634575078913038,1.1124513000098186,1.5599955778443344
7x18,1.239315430729068,1.0,1.0
23x13,1.1124513000098186,1.1573636997031709,1.1993986213536356
17x46,3.096796607456717,2.810703593747707,3.251616648926033
43x17,1.480498975444675,1.3329097102826746,1.3329097102826746
21x2,1.9927584607442543,2.4299429338901555,2.4884668701883648
5x8,1.3666424669493191,1.3141181485141191,1.353599817927607
37x7,1.8965705992060893,2.159384979445577,3.83289928184906
13x35,1.1124513000098186,1.0629489120442959,1.0
27x15,3.151910493132416,2.4771568467988803,2.72079835564126
43x41,3.236879775432271,2.66665535161442,3.401770741930548
14x31,1.4355852921759273,1.612108618471457,2.8279987829414193
39x49,2.09167554596936,1.503480039303581,1.129719339224618
40x19,1.5691925832141966,1.129719339224618,1.3957755818803457
7x41,2.607726441881255,3.2981514079799426,3.7572618522770447
7x15,1.2742519363255236,1.1821820017846416,1.2297525316960332
4x31,2.6703599434452054,2.4483610496645034,3.017754899268405
15x48,1.8384808986590433,4.082159572983881,4.408427609392813
19x29,3.4010950769701958,3.6430633252829594,4.590056062359397
8x18,1.540683165014507,1.0,1.384145488461686
31x34,1.0,1.129719339224618,1.1821820017846416
34x24,2.66374183620207,2.881676042542098,4.427573441852493
27x1,1.9190476542685762,3.044830933875934,2.9053278600035033
26x44,2.8742788652473386,2.4392836609579924,2.6217114055718547
29x50,2.750333791153358,3.474315863983602,4.420712846428992
19x21,2.8743179520702866,2.7347087155976397,2.9510779312670703
37x42,1.7685656356352073,1.7750359878713748,1.7217035807492065
19x36,3.3299999340441224,2.7509585857360164,4.117822598753164
5x17,1.5705781412513098,1.5217114201886668,1.5970410378738988
19x48,2.4902236938805733,3.555130894968723,4.2747087150368985
28x14,2.470167166286864,4.215801364291589,4.612593999932155
3x43,1.9775889881439197,1.8062144815801788,1.8112848234008507
42x12,2.400458919429904,1.7217035807492065,1.9547922221896794
42x11,3.2617675139790587,2.762431611856094,4.06903014348641
41x34,2.09167554596936,1.4157229395493593,1.3666424669493191
18x8,2.1592828696361277,2.013883257481945,2.1249934670710457
11x45,2.730254716518766,2.5109166650268935,2.427075678853953
34x7,3.2433584446184907,3.4432010375961815,4.788237461671508
25x48,2.797734018995796,2.94516659196969,3.3833425240043913
3x24,2.6431912873731656,2.7457861074824996,4.088122796743557
34x5,1.8508698158770196,1.8778107018427295,2.3425801256568954
27x34,3.4154537440980666,2.94365450360782,3.0170841608075323
37x11,2.141918635352073,1.7530222830941102,1.7145333504510996
12x42,1.4410156382511106,1.667013503141615,1.574044755570299
6x9,1.1124513000098186,1.0,1.0629489120442959
42x44,1.4751126949379068,1.1573636997031709,1.1993986213536356
2x42,2.3637139066668924,2.3571752018681833,2.1727684864535703
4x32,1.8814778635244498,1.6738586084802807,1.6722136233049663
24x47,2.8419039810596316,2.4985404399968703,3.7318535223007703
43x21,2.1870388633370865,1.6689534454660726,2.0055661192407843
21x39,3.147185286569595,3.4425031181046983,3.7952667970843237
4x36,2.2666951758022735,1.839400514720894,3.423658995415603
10x34,3.079251620656795,2.6328532631733625,3.1796096885089398
6x48,1.612108618471457,3.7737636480327197,3.420249546490771
10x5,1.847921426083977,1.7750359878713748,1.7685656356352073
3x6,1.7439436718422865,1.2756213140095665,1.732680916706775
10x50,2.3803880611671158,4.045758688202593,4.771749567752837
13x31,2.439312732925543,1.8814778635244498,3.314913775180492
3x26,2.8171137851533583,2.843317757820024,3.2472689236626495
31x41,3.6377799505175035,2.7303573891820454,3.262810061364514
49x22,2.566856873045764,2.153159796781646,2.9514544213902343
24x41,3.867034769932234,3.192659373002288,3.757718251285505
9x26,2.978646158022391,2.513990803320377,2.7820159891166307
34x15,3.5977237206645034,2.886102246401637,3.2155437660238952
34x44,1.7108502660519869,1.5067447501652917,1.4622587255979447
1x48,2.0430305158412905,4.211415179774855,3.7297488063798925
17x22,2.8839466644764435,2.9095487349741207,2.9573299394124
32x48,2.665810261932332,3.471052845602416,4.3421533286302125
3x48,2.21429820001523,3.4468997970825033,2.829413360109768
10x16,1.634575078913038,1.1821820017846416,1.5906821119239323
21x5,1.820672202173774,1.742252387574076,2.2592680741421183
9x17,1.1821820017846416,1.2297525316960332,1.2005324366896724
6x18,1.480498975444675,1.4157229395493593,1.353599817927607
37x40,2.3695001119521004,1.6722136233049663,1.7888540559157484
34x30,2.5890253010332316,3.4581884991279246,3.5233857855841433
20x24,1.4622587255979447,1.6214839204949758,3.1619327223587748
18x26,3.0067193515805104,3.831176453707129,3.782314957330153
9x41,2.7712489388438133,2.2920561272869335,2.729262481965045
13x24,2.9239246229664233,2.9842229766369304,4.294847086720836
13x26,4.0850346551885055,4.277778985497959,5.064364990461737
12x31,1.667013503141615,1.5572879060320108,3.225191236233187
14x26,4.069305517454574,4.398952999198896,4.873350498808067
28x41,3.49990965421298,4.020560944685686,4.534395991353797
7x34,2.678398972482891,2.198008739860749,2.2496006973755653
13x8,1.480498975444675,1.3769076856810996,1.4157229395493593
27x48,2.4334869060648936,3.804948991562714,4.280027035168756
37x44,1.3769076856810996,1.1124513000098186,1.1124513000098186
35x2,2.6291007892970466,2.4489771031131333,2.767992214923781
12x24,2.3526404464720847,2.624307574278863,3.637071508902668
6x44,2.673296151610453,2.613777633732892,2.584719365407697
29x34,2.292904204034557,1.5705781412513098,1.4594411570435957
10x26,3.420590212439024,3.9272130228350712,4.038115402219105
34x39,2.8803879444550335,2.8030115484054385,2.5766941222721287
5x34,2.18042878372704,2.0125083693025725,2.2901769162438437
29x2,1.4719165222372004,2.6345808357634604,2.8118953751819022
47x32,3.194270358039593,2.8261104827146757,2.8420479292191954
2x28,3.0612920877118857,3.1747991407838208,4.140749803793351
2x48,2.144311034969106,3.604102380449436,3.3813238275146356
25x16,1.4594411570435957,1.384145488461686,1.3498042102003092
25x26,2.2221236376081848,1.9038111961127906,2.3411556358550576
2x9,1.1821820017846416,1.1124513000098186,1.1124513000098186
7x4,2.6480019896696407,2.4498314932043233,2.642961727896003
19x24,2.4362840231629583,2.24627312406642,3.824277090027439
28x44,2.649949582437701,3.5008782654664947,4.285568561472919
43x44,1.482573058156938,1.3569045427875668,1.3164878102733308
13x43,2.3793371442342273,2.2279028561980656,2.396501732866097
7x48,1.6696994012583954,3.9914473095910123,3.73031083124066
2x44,2.4134034818464487,3.088178072126377,2.986434214604541
27x41,3.8878425447713423,3.6342283118207863,4.3282163818342
45x48,3.1525173954909427,2.5372440792938513,3.317775873204563
22x48,2.178227461826183,3.4622385445327373,3.1283584375871616
28x48,1.9812716892692186,3.6726285717361487,3.9333539289578856
5x7,1.9746421941471108,1.5661241033400717,2.1397706218032497
4x48,1.6753246265664317,3.6594954361175462,3.7810948996301375
5x2,2.9053623124484593,3.499103566039228,4.615767224294785
27x26,2.6910945221635876,2.5212257762365957,3.495342771047199
21x32,2.7455187964930436,2.61247418600163,3.218561590504743
2x34,2.4394226538445283,1.7607064028001491,2.4909054535430597
31x44,3.1767852977698916,2.600451321081358,3.4303778310887383
19x26,3.286409879950816,3.164925318090623,4.36802211950843
28x7,4.187960680526523,4.395220990634977,5.444019341773836
9x18,1.129719339224618,1.0629489120442959,1.0629489120442959
10x41,2.773929108534762,2.593469581856272,2.8530638817974086
8x38,2.0517707325254904,2.0482947629493355,2.7980284360483507
26x48,1.8353654659175547,3.905788601297165,3.595619634835986
31x26,2.8561079865071064,2.517332799729999,3.5614783436626256
16x34,2.6910945221635876,2.400120161840262,2.397953459657355
19x34,1.8677301863313627,1.520093436188189,2.8992438080013763
37x26,4.272840843171934,4.025353899541176,4.088567691682206
2x26,2.9583575343998345,2.5220033194955604,3.218193083789436
30x26,2.9291808179471786,3.0447518812856527,3.4506767545158903
23x48,1.9750312049111547,3.922313550240289,3.7672610610055353
8x44,2.1919264175225273,2.1939230982620015,2.399261903141415
5x44,2.1267904008913416,1.9566933233969104,1.9222417762933837
