,cLISI_kmeans5,cLISI_louvain,cLISI_leiden
29x42,1.721632177609972,2.7931676888514083,2.3811015779522995
44x36,1.1993986213536356,2.2897303054387628,2.815109629714735
34x6,3.177011244749034,2.8046169698983445,2.8971632520946367
42x19,1.0,2.3217123378606748,2.0450960584926925
41x6,1.3143051175100187,2.889249754707257,2.837193141756971
41x39,1.9980250163188582,2.442597974504614,2.8614263818285695
49x13,1.7439436718422865,2.9857782187907977,3.1411379489875304
25x28,1.0,2.336573541485641,2.186902008815339
12x1,1.4984516851685856,2.182047990308093,2.2444031059069838
16x11,1.0629489120442959,2.403986791237417,1.7488431756466658
6x8,1.0,1.7145333504510996,3.0894594020288038
29x19,1.8748584677905173,1.6753246265664317,2.0190316307826808
35x16,1.7858869300686604,1.664575281361722,1.9635030076312345
14x43,1.9980250163188582,2.211759510622499,2.499588850030955
24x10,1.0,2.613031499454761,2.6271809468893514
6x40,1.0629489120442959,3.2437916090966543,2.6219016894205867
42x20,1.6743501066402542,1.8748584677905173,1.5046535256247227
20x33,1.0,2.623715120726004,2.9748977688701026
30x25,1.0,2.3644040173824363,2.477095539697476
35x46,1.0,1.5572879060320108,2.527297884374563
35x14,1.1124513000098186,1.5691925832141966,2.0989301250398373
36x40,1.3498042102003092,2.52367386556265,3.171936119209571
4x38,1.0,3.500652722828094,2.8560570477825844
14x38,1.7858869300686604,2.138080842097776,2.3793371442342273
13x30,1.0,1.8665169407472009,2.047005318307887
46x8,1.0,1.85271900953208,2.5073112903084858
32x21,1.384145488461686,2.1770768436365775,1.9121906583472943
9x36,1.9039668606822715,1.755458050034265,2.078860896991962
45x16,1.1993986213536356,3.2105022284541063,2.4097920204216767
8x10,1.5691925832141966,2.983514831694634,2.849852456818818
35x35,1.0629489120442959,1.3329097102826746,2.240309431820123
35x1,1.0,2.185916906265565,2.2547850449260958
15x17,1.384145488461686,1.2742519363255236,2.688102604884479
46x39,1.1573636997031709,1.8242223947745868,2.5134095905928215
17x39,1.1573636997031709,2.063850694828936,2.232680751428626
49x48,1.7439436718422865,1.1124513000098186,1.0
5x18,1.5691925832141966,3.4742898916428646,3.238419884764911
23x38,1.4496604482346787,2.673296151610453,2.5756846657855994
38x39,1.3143051175100187,2.5848124117971514,2.8547313385623516
24x40,1.480936217579442,2.7214082521499066,3.0074559007033033
12x11,1.0,1.572058342786851,2.606979755790745
20x37,1.0,1.5169563213688035,2.3400710335564905
36x24,1.239315430729068,1.8852343166148258,2.3052686292843965
44x7,1.805508457957155,1.9955571994469739,2.1031384839880625
9x44,1.1124513000098186,1.0,1.0
24x14,1.1993986213536356,2.343034145882987,3.3267197863814757
11x21,1.9822484180857005,3.0423117418416705,2.4211681773850553
36x14,1.239315430729068,1.8353654659175547,2.826789141904009
44x46,1.0,2.3317850219814455,3.001612276857137
14x44,1.738504698328061,1.0,1.0
32x18,1.0,2.3063439993584067,2.111674999282116
18x27,1.1124513000098186,2.51481919778965,2.9550154332503205
22x6,2.071641527386597,2.5672963331954786,3.227103594061505
37x1,2.155576077307931,1.6079554253745105,1.8256696656512974
37x47,2.9619014347611023,2.343034145882987,2.0227709402638276
21x10,1.0,1.8353654659175547,2.7014025707784115
44x9,2.039911516392196,2.779207415115518,2.6671872942792296
31x11,1.0629489120442959,2.433874456564629,2.737787976702202
29x14,1.239315430729068,2.1573004833739833,3.641816090984264
18x15,1.1993986213536356,2.7373760324255474,2.185916906265565
13x7,1.0,1.353599817927607,2.1973458485724646
40x36,1.540683165014507,3.2986224111702414,3.926969757722771
18x5,1.0629489120442959,3.7681552367098297,2.837717522196157
3x32,1.0,2.7562269376955597,3.149178505245491
45x40,1.7439436718422865,2.343034145882987,2.734377742376525
4x33,1.5968086490910351,2.404383493314322,3.5300786071060166
9x28,1.0,2.1013498286422427,2.7998933833950863
41x26,1.0629489120442959,1.0629489120442959,1.0629489120442959
23x17,1.239315430729068,2.4949411514353677,3.022967011302326
14x36,1.7439436718422865,1.1993986213536356,1.1124513000098186
25x10,1.8420227750373133,2.7818725569182914,3.513499636968384
8x48,1.9980250163188582,1.0,1.0
7x50,1.0,2.6621271498255115,2.8272098540028368
31x36,1.4496604482346787,1.6493848884661177,1.3164878102733308
38x43,1.1821820017846416,1.634575078913038,1.990783053456272
20x40,1.7858869300686604,1.4355852921759273,1.8256696656512974
17x23,1.7439436718422865,2.396076660311373,2.5050788894419544
35x10,1.0,2.1013498286422427,2.760005258983541
33x6,1.805508457957155,2.239948640634149,2.316538406112097
38x22,1.540683165014507,2.013883257481945,2.800363437000093
35x6,1.6984332340231805,2.185916906265565,2.104167714845245
47x3,1.8898815748423097,1.7439436718422865,1.6984332340231805
20x11,1.384145488461686,1.7750359878713748,1.739849491274967
44x40,1.9171085279079858,1.9684775005558242,1.805508457957155
41x19,1.1124513000098186,2.8635879866374374,3.703211095789281
17x17,1.9822484180857005,2.3044413078808286,3.6434502842203287
37x45,1.858903507711174,1.239315430729068,1.1993986213536356
47x34,1.0,1.0,1.0
7x49,1.540683165014507,2.8252838437558614,3.1498104210737337
39x33,1.0,1.5386713202643842,2.3254242610822717
38x50,1.9980250163188582,2.4513682043994502,2.9213427123181535
49x46,1.0,2.3875595639198672,2.536075506022265
1x42,1.0629489120442959,1.9316749438197114,2.003510072463261
25x19,1.805508457957155,2.992110949036552,3.8041322202539143
22x21,1.1124513000098186,2.0936734949829323,2.4485560282066183
26x25,1.5691925832141966,2.713627194919073,2.731859660903496
15x25,1.0,1.9684775005558242,2.1109481468806948
35x15,1.2775319170740629,1.6696994012583954,2.4669919292453137
5x39,1.1573636997031709,3.9470441814084314,3.2948596609288474
30x11,1.858903507711174,2.3387649136339568,2.819015599123513
22x9,1.1573636997031709,2.715280189889712,3.187821176753061
23x49,1.0,2.516869691991297,2.5191543847219955
12x32,1.480936217579442,2.6171102229709273,3.2121167143281917
13x49,1.9822484180857005,2.5913402537025183,3.1199345237487295
33x11,1.8898815748423097,1.1573636997031709,1.3569045427875668
10x6,1.1993986213536356,3.0057885197355314,3.0846887007511055
42x27,1.9758509044500678,2.0181112319159147,2.0666316637093076
12x9,1.5691925832141966,2.4815445175145316,1.7832229953366157
16x23,1.0,2.8223885021647024,2.9783309802900457
12x27,1.0629489120442959,2.2547850449260958,2.345359333547124
24x6,1.0,1.6743501066402542,1.7439436718422865
37x35,1.0,1.8420227750373133,1.9684775005558242
43x43,1.858903507711174,2.0169860714345442,2.3174497643553416
15x32,2.071641527386597,2.0517707325254904,2.1062965421047277
20x25,1.1993986213536356,2.223126204294758,2.5636682490261844
35x7,1.9758509044500678,2.8112992757442727,3.1013335528839168
32x39,1.0,1.540683165014507,2.0169860714345442
18x28,1.9758509044500678,1.958247122185528,1.7653635436855506
44x35,1.0,1.4751126949379068,2.51481919778965
20x29,1.1573636997031709,2.7327994696923135,2.599172459319787
11x19,1.4496604482346787,2.688102604884479,2.0980103610061733
6x28,1.9293010006713525,2.512499362380811,2.5021616765510024
24x33,1.4496604482346787,2.2774926656617165,2.377154720220609
22x35,1.6493848884661177,2.8275385434957334,3.345653905440089
26x40,1.9876669750024174,3.1933606214397017,3.4438874597541
44x15,1.9293010006713525,1.480498975444675,2.4162460487115167
46x49,1.9955571994469739,1.2775319170740629,1.9079300271706914
50x6,1.0629489120442959,1.480936217579442,1.664575281361722
46x23,1.6743501066402542,1.9245064870902011,2.8196928733480298
13x42,1.0,3.02675777306667,3.094894233982328
48x36,1.0,2.4028795943021843,2.830270877529425
19x6,1.0629489120442959,2.423740743546465,3.1931685671016536
27x10,1.2742519363255236,2.5021616765510024,2.6511157670158596
34x4,2.0142802092369325,1.1573636997031709,1.0629489120442959
15x23,1.0,2.7004057073750434,2.7186919902766054
20x31,1.0,2.5971447080611845,2.8420479292191954
19x19,1.9171085279079858,2.9955555529478386,3.6503510781821764
12x2,1.3498042102003092,2.067492520169415,2.318479548275186
48x21,1.0,1.870828230574525,3.07797496018613
23x15,1.5112696486407828,2.409515806717679,2.66709451280821
1x5,1.6984332340231805,3.330834095638691,3.0972277742926697
16x25,1.0,2.3219335782676156,2.998888888848219
35x34,1.3498042102003092,1.7448121572448774,1.6696994012583954
50x9,1.0,1.7653635436855506,1.8245777915484591
42x45,1.239315430729068,1.0629489120442959,1.4355852921759273
38x33,1.0,1.8946457081379977,2.759131339402701
40x32,1.0,2.7186039902504393,3.579872942150169
17x49,1.0,2.2090883212586543,2.545972486848636
29x18,1.8898815748423097,2.9836825529223736,3.3421116602155436
50x49,1.0,1.958247122185528,2.6179072033208275
47x38,1.4174111811317323,2.630365848724027,3.392515695841228
11x12,1.0,1.0629489120442959,2.8482142762521767
49x17,1.99210395551597,2.42550696567446,3.5742651604524416
5x38,1.7858869300686604,2.30137271366262,2.4584580372014426
21x15,1.4496604482346787,2.7259922271982555,3.0626828101406702
39x40,1.8898815748423097,3.3561424641973807,3.702100686670639
14x6,1.8898815748423097,2.3052686292843965,1.8445718166542613
7x19,1.2775319170740629,1.9149239394675486,1.3769076856810996
46x16,1.0,1.8917331102125812,1.5274675530239774
35x22,1.8898815748423097,2.310214323871131,3.040403840451564
5x45,1.8420227750373133,1.8500425520989816,2.8161125348416505
50x31,1.1573636997031709,3.215924825368523,3.4177113400449772
45x11,1.858903507711174,1.3143051175100187,1.6304721336984855
50x13,1.5691925832141966,2.067492520169415,2.182047990308093
49x40,1.9995061931586,1.0629489120442959,1.4594411570435957
32x3,1.9684775005558242,1.5691925832141966,1.7050770249930305
31x48,1.8256696656512974,1.0629489120442959,1.0629489120442959
38x38,1.5691925832141966,2.5781309250517244,3.237005018853113
34x10,1.6984332340231805,2.2114186885607365,2.186902008815339
38x2,1.8898815748423097,2.623715120726004,2.9620400343489766
27x50,1.480936217579442,1.796101145547984,2.1324985410101434
38x14,1.0,2.067492520169415,2.141918635352073
48x50,1.9980250163188582,2.6621271498255115,3.354340546013246
25x34,1.1993986213536356,1.4751126949379068,1.3569045427875668
19x47,1.9955571994469739,3.3331513039115834,3.6245820270835156
20x10,1.0,2.33279544621923,2.7362524540567845
50x42,1.6493848884661177,1.5691925832141966,1.6493848884661177
28x22,1.9795489558364459,1.6909493045998962,2.250579970101707
13x39,1.0629489120442959,3.0529280223121154,2.7102620231788404
4x19,1.4174111811317323,2.5421469324872263,2.0979167960929965
30x28,1.1573636997031709,2.4206656515186955,2.9096525861357123
21x11,1.9876669750024174,3.4993305955576814,3.6905906544188594
26x15,1.0629489120442959,2.1844810659105853,2.126000184206609
50x40,1.1124513000098186,1.5705781412513098,2.5050788894419544
47x27,1.5968086490910351,2.5376098160921874,2.968647044332391
30x35,1.5691925832141966,2.3514843549159763,2.3656344607035957
42x29,1.3143051175100187,2.8223885021647024,3.4178229781517597
44x50,1.9039668606822715,1.4496604482346787,1.9676990601291187
16x17,1.7858869300686604,2.0088932790131158,3.0209452517039286
27x45,1.805508457957155,4.117821988213972,4.521247759491943
32x8,1.0,2.2103974239772715,2.241691040775872
40x34,1.3769076856810996,1.0629489120442959,1.0629489120442959
44x2,1.0629489120442959,2.8528614109941364,3.0712716210221456
49x8,1.1993986213536356,2.337050263197283,2.755504505327857
17x30,1.1993986213536356,2.5191543847219955,3.519201363559056
30x32,1.9039668606822715,2.482739664144764,2.837979620124313
49x19,1.239315430729068,2.3619331867173683,3.4115407581535426
15x10,1.0629489120442959,1.8256696656512974,2.7501546305619686
7x6,1.3143051175100187,2.174190647426606,1.9790678191529023
32x43,1.0,2.2774926656617165,2.542335489582853
27x40,1.5112696486407828,1.892303251787476,2.382053603104955
11x46,1.9684775005558242,2.2444031059069838,2.131699520470406
50x10,1.0,1.796101145547984,2.651268838439776
33x43,1.0,2.800363437000093,3.1297165629427623
31x7,1.6235381733797678,1.9876669750024174,1.9684775005558242
8x19,1.7653635436855506,1.9316749438197114,1.5726298710361442
36x45,1.5691925832141966,1.7284304414716962,1.8093549644798672
39x50,1.9822484180857005,3.3351557019299,3.5864808142615505
31x47,1.0,2.9853326887527034,3.453538972452058
19x8,1.1993986213536356,2.657105290400477,2.120416893414263
49x10,1.0,1.9405389688048973,2.2912112109227447
30x7,1.1573636997031709,2.2455785616046815,2.4415314123663587
20x46,1.0,2.261714518531327,2.944867534018055
48x1,1.0629489120442959,2.7760893095031935,2.7573148396869724
48x20,1.2775319170740629,2.939231042326206,3.987155590871344
13x2,1.9876669750024174,2.2605029691224603,2.345359333547124
50x39,1.5112696486407828,2.132324684281493,3.2172790754804694
21x8,1.0,2.613372108703372,2.613813382288592
26x41,1.0,2.314004093252728,3.335672572699028
4x16,1.1573636997031709,2.3387649136339568,1.7975112933436428
45x50,1.2775319170740629,1.4496604482346787,2.0890952337824844
49x50,1.9995061931586,1.8946457081379977,2.409971863409611
5x49,1.2775319170740629,2.654637665820354,3.064051635288808
21x49,1.9980250163188582,3.1205978257759854,3.685662909217684
36x8,1.6984332340231805,2.266151507409317,2.989335127404217
3x4,1.2775319170740629,1.0629489120442959,1.1124513000098186
15x18,1.540683165014507,2.3906797678842002,2.9110189347762536
26x4,1.5968086490910351,1.9287762739652017,1.8334923445366464
18x42,1.9955571994469739,1.7832229953366157,2.285502091424501
15x30,1.0,1.239315430729068,2.2447856845872955
41x13,1.9876669750024174,2.352806377895062,3.2979025601783634
50x2,1.5691925832141966,1.6036034862338133,2.0506514241681377
35x17,1.0,2.9024361304428865,3.248706592203823
19x27,1.1124513000098186,2.17361831123197,2.7201325763678077
14x49,1.3143051175100187,1.4174111811317323,1.9980250163188582
44x26,1.9955571994469739,1.0,1.0
17x47,1.3143051175100187,2.643641024986398,3.322086685799134
32x7,1.1573636997031709,2.544219318119696,2.826789141904009
17x29,1.0,1.6079554253745105,2.598200321567418
50x4,1.0629489120442959,1.5572879060320108,2.7413623221468333
25x4,1.0629489120442959,2.4771568467988803,3.0991084690899036
48x18,1.5691925832141966,2.5614940387512015,2.239948640634149
14x16,1.805508457957155,1.239315430729068,1.99210395551597
15x44,1.480936217579442,1.0629489120442959,1.0629489120442959
44x10,1.0,1.3860017633477575,2.4727739358722487
44x16,1.858903507711174,1.634575078913038,1.6521992330731805
16x20,1.2775319170740629,2.1242691030244893,2.326025277733409
33x16,1.0,2.8528614109941364,3.778689007507841
29x12,1.9876669750024174,3.903220736238962,3.1929643036935094
29x22,1.9822484180857005,2.349999185593815,1.5770272628686273
6x5,1.0,1.1573636997031709,2.0320536148775523
4x8,1.0,1.0629489120442959,2.1883784772738646
33x37,1.0,1.3957755818803457,2.521371487825479
20x17,1.0,2.638249908763712,2.8800771394408233
33x15,1.3498042102003092,2.9024361304428865,3.446418258103115
30x10,1.0,2.083280883758133,2.954280130494807
19x9,1.8748584677905173,3.133630135714909,2.1109481468806948
38x25,1.0,2.8666947694580833,2.81476614033175
15x19,1.0,2.7998933833950863,3.0322473324456665
37x49,1.0629489120442959,2.590117389149044,3.0980553644304756
16x15,1.239315430729068,1.539055117579496,2.497462811966096
48x33,1.0,2.9036251878997965,3.030927352458051
48x16,1.9822484180857005,1.7217035807492065,2.846246246475128
50x29,1.0,2.3140747166370557,2.6837826171320804
12x34,1.239315430729068,1.0,1.0
15x27,1.0629489120442959,2.3317850219814455,2.1585341310942057
36x13,1.9508174262050981,2.5321087277902685,3.6191081494380186
8x35,1.7653635436855506,2.317815463559292,3.59221384173563
24x30,1.1993986213536356,2.837979620124313,3.018044434302826
16x33,1.0629489120442959,1.2742519363255236,1.7997802572785304
42x1,1.239315430729068,2.596387824519735,2.6987833203550573
27x9,1.1573636997031709,2.917518933431122,3.3294752765872886
9x3,1.1573636997031709,2.7705197328296616,3.465934868283124
26x30,1.0,2.9899999702034843,3.0657825460185264
29x46,1.2775319170740629,2.7648061077273836,3.360517289773768
14x41,1.9876669750024174,1.7133595312997691,1.8673507495689532
39x3,1.536150660015789,1.8358430560463772,1.6703771883867882
41x23,1.0,2.596387824519735,3.0885039347456966
27x25,1.9822484180857005,3.1887411147882845,2.7340622196841364
35x36,1.7750359878713748,1.480936217579442,1.5386713202643842
45x9,1.7439436718422865,1.1573636997031709,1.0
49x9,1.5968086490910351,2.4489771031131333,2.852088494259956
36x3,1.7439436718422865,1.9508174262050981,1.9758509044500678
49x24,1.0,1.9239097134381211,1.787629354658571
36x25,1.540683165014507,1.8049171046190822,1.7486663698150369
40x4,1.9955571994469739,2.4669290878875785,3.1758666101283515
39x17,1.0,1.129719339224618,2.1357872820419557
24x50,1.0,1.1124513000098186,1.6743501066402542
17x20,1.0629489120442959,1.634575078913038,2.1084027684832902
27x32,1.9955571994469739,2.51481919778965,2.1101922323760607
14x18,1.239315430729068,2.9360452982348018,2.197712802329163
20x32,1.8748584677905173,2.477095539697476,3.051261153134095
47x30,1.3498042102003092,2.7314234359809655,3.4742898916428646
26x47,1.1573636997031709,2.8386904093831107,3.1865925981378
45x33,1.0,2.455418331303794,2.848381958518997
3x9,1.0,1.9682070001819512,2.918977811944366
50x8,1.0,1.6243278367756078,2.5021616765510024
49x47,2.309034179290272,2.2078154142230995,2.548949196639649
50x14,1.0,2.0575625195391343,2.837979620124313
25x46,1.1573636997031709,1.9601317042077895,1.990783053456272
21x13,1.5968086490910351,2.6767345265208626,3.551674474371082
23x50,1.0629489120442959,1.1124513000098186,1.87876684532157
16x18,1.1573636997031709,2.7186039902504393,1.3498042102003092
43x5,1.9980250163188582,2.4225141070348903,2.6729561149398537
24x4,1.9508174262050981,2.6171102229709273,2.8635879866374374
24x16,1.9822484180857005,1.5962425904568682,2.395143440786189
11x50,1.239315430729068,2.517666939949556,2.5191543847219955
18x14,1.0,3.1141955024102232,2.329722714928206
13x41,1.0,3.104626965234163,2.63311689299941
31x21,1.0,2.7348169706103165,2.340005714002289
29x1,1.0629489120442959,2.241691040775872,2.5478091869882533
49x1,1.5112696486407828,3.022248415204144,3.612105225285382
39x13,1.3143051175100187,2.370244671610236,3.597778783367249
42x6,1.9955571994469739,2.766576869770785,2.8341559455714878
48x41,1.239315430729068,2.544219318119696,2.837270900758974
14x22,1.0,2.2447856845872955,2.7463130004703467
32x45,2.0,1.8062144815801788,1.9938748725756539
26x27,1.0629489120442959,2.606479030434107,2.6911355054593256
47x1,1.4496604482346787,3.202203186188598,3.823859086225652
15x29,1.0,1.2297525316960332,2.2885713480876504
8x15,1.0,1.7206136920725739,3.3169203601028605
14x3,1.8242223947745868,1.9405389688048973,1.9316749438197114
29x9,1.6743501066402542,2.4891500094224717,2.4891500094224717
9x38,1.7439436718422865,3.218337565336774,3.292068360335598
42x40,1.9876669750024174,1.9997554247116354,2.0873711123196173
50x16,1.0,2.1844810659105853,2.823361110006413
33x45,1.6493848884661177,1.772923550025914,2.0320536148775523
43x11,1.0,2.197865278945842,3.018442906805369
42x49,1.0,2.922866594315899,3.6434502842203287
19x45,1.0,2.094693249659215,2.516845176869406
3x46,1.9293010006713525,2.1870388633370865,2.159384979445577
20x39,1.1124513000098186,2.3206178150147276,2.5530122423177626
50x7,1.6984332340231805,1.0629489120442959,1.1124513000098186
8x1,1.239315430729068,2.6263419124949,3.0157981170091737
1x41,1.3143051175100187,3.9723029227122364,3.498033459006623
44x34,1.2775319170740629,1.6639434274663765,1.5274675530239774
20x50,1.8748584677905173,2.967994143065726,3.237005018853113
9x9,1.0,1.4719165222372004,1.9809618915303195
43x45,1.2775319170740629,1.3143051175100187,1.5046535256247227
17x4,1.9880642846876742,2.788689489084758,3.2361366562647835
27x8,1.99210395551597,1.9842263372497855,1.9676990601291187
21x38,1.4174111811317323,1.8917331102125812,1.9992374941957325
18x1,1.1573636997031709,2.252882347375575,2.513942391997122
49x6,1.0,2.4293607792918626,2.8546308028491105
5x10,1.7653635436855506,2.25728996558959,1.701329874031029
20x12,1.3143051175100187,2.003510072463261,1.540683165014507
40x16,1.8242223947745868,2.0800259715381757,1.3164878102733308
35x30,1.0,1.1124513000098186,1.1993986213536356
41x45,1.0,1.0,1.5169563213688035
17x24,1.8748584677905173,2.455758792483654,3.1738621447357573
16x32,1.3498042102003092,2.7928689379301472,3.563101916699254
22x4,1.1124513000098186,2.3666909146031387,3.228389169739216
35x33,1.1573636997031709,2.327350238129073,3.0278254571717973
28x20,1.9635030076312345,1.1573636997031709,1.1573636997031709
22x49,1.0,2.662767435255195,3.076439840897198
1x27,1.0,2.413492325754231,3.201712565042514
27x47,1.5691925832141966,2.917641525622431,2.8484948847434555
34x18,1.9501798317233732,1.990783053456272,2.0493222833875375
12x29,1.7858869300686604,2.0402934051281285,2.2605591494796706
42x4,1.0,3.5860674503363326,2.5235333239910807
29x21,1.0,1.239315430729068,1.892303251787476
14x4,2.5275464664776255,2.063850694828936,2.8188981483618987
45x15,1.8898815748423097,1.3379516684674342,2.2103974239772715
41x7,1.6235381733797678,2.4528985496016817,2.3734311623208373
16x42,1.4695444079955613,2.239192071322566,2.4169610439672007
30x29,1.9955571994469739,2.971189397021318,2.680699781786975
34x16,3.4233873757059636,2.151072308339481,2.1973458485724646
31x29,1.99210395551597,2.264995062894096,3.2651139790954695
41x16,1.1573636997031709,2.6910945221635876,2.7861650778498688
9x1,1.1573636997031709,2.6727416112064857,3.537303636214253
49x38,1.8242223947745868,1.5705781412513098,2.5539647682647835
38x37,1.0,2.0890497820320317,2.295633506133007
10x49,1.9822484180857005,2.9096525861357123,3.1526463991495124
20x49,1.0,2.3029437828843204,3.0020306141837136
46x50,1.1993986213536356,2.9099772433103754,3.5835871807984616
41x4,2.0890952337824844,1.1821820017846416,1.6371077743026283
32x41,1.0,3.9517018089001352,3.4054711335386987
14x17,1.1993986213536356,2.5539122851057945,3.139476886294949
9x22,1.239315430729068,3.128770969389303,3.013920718039622
49x35,1.1993986213536356,1.664575281361722,2.223126204294758
32x35,1.0,1.642175362496467,2.3166811027987824
26x19,2.0,3.0074559007033033,2.8046169698983445
44x24,1.9758509044500678,3.5991103118245475,3.1072816181377307
38x24,1.0629489120442959,2.144311034969106,2.8098015276396486
16x22,1.9980250163188582,2.5344464164887035,2.8229943047145962
2x37,2.0,2.8971632520946367,3.253680931120728
15x26,1.4984516851685856,1.5726298710361442,1.5274675530239774
25x13,1.9508174262050981,2.0546701190780245,3.0684079061689378
1x25,1.480936217579442,2.0989301250398373,2.190341180139419
14x45,1.6235381733797678,2.155576077307931,3.0667209123112036
5x32,1.0629489120442959,2.1867449716978373,2.9579698571246453
5x27,1.3164878102733308,1.957773851276386,2.082482686541697
20x1,1.0,2.5211160704880307,2.7610247299713344
50x46,1.0,2.190341180139419,2.151925991115854
13x32,1.5968086490910351,2.969518859338392,3.1884121460919697
41x32,1.480936217579442,2.543125664097104,2.1973458485724646
2x14,1.9684775005558242,3.340847342743264,3.1792193474278174
5x15,1.3498042102003092,3.778273340193104,3.888648659929604
7x3,1.4496604482346787,2.585543872676175,3.7447645299419916
12x35,1.4174111811317323,2.1605872255374647,2.6156657632173257
34x47,2.4979861329948423,1.909966231756438,1.8852343166148258
1x1,1.9995061931586,2.7860645856152706,2.6379512682711836
31x46,1.0,1.6696994012583954,2.6486496887448525
47x12,1.9980250163188582,3.421030650001053,3.4918041757434612
43x35,1.384145488461686,1.9222819344735451,2.2099012351175453
48x47,1.9955571994469739,2.402363567034914,2.5193360860301715
41x11,1.1993986213536356,2.5766295062502715,2.2889884090600052
9x14,1.5046535256247227,2.0,1.0629489120442959
24x36,1.664575281361722,1.6689534454660726,2.0977753582384455
32x46,1.0,1.4695444079955613,1.9501798317233732
47x45,1.0629489120442959,1.9222819344735451,2.5505163186619964
50x12,1.4174111811317323,1.9453731736701285,2.010391374951775
44x45,1.0629489120442959,2.311013878258155,2.363725822082961
20x18,1.540683165014507,2.9770380971244816,3.4809901440155326
25x33,1.0,1.8451839798263563,2.647858493592172
49x30,1.9405389688048973,2.5284774782180004,2.646874570736586
2x49,1.1993986213536356,2.409515806717679,3.0648246449100287
30x21,1.0629489120442959,1.9020947041003722,1.9149239394675486
11x32,1.4496604482346787,2.2267447914633998,2.409515806717679
3x33,1.1124513000098186,2.1573004833739833,2.3029437828843204
3x16,1.0,1.1124513000098186,1.8337144492035307
19x33,1.4496604482346787,2.6087411961703073,2.627051545830503
16x46,1.9995061931586,2.21429820001523,2.681187720363447
27x27,1.1821820017846416,2.139009224056876,3.0783012587831204
12x40,1.9684775005558242,2.3166811027987824,2.5065519510353416
10x23,1.0629489120442959,2.5946118794026565,2.825253835845265
29x23,1.1124513000098186,2.8546308028491105,2.95238043333232
1x19,1.9955571994469739,2.734297198559863,2.722648974599167
10x46,1.1573636997031709,2.111879998586905,2.5673197519278887
32x15,1.9758509044500678,2.6688792864564745,3.0539907723875572
1x31,1.1124513000098186,1.9790678191529023,2.654637665820354
3x1,1.8242223947745868,2.9595341457079947,3.317978880733413
14x23,2.0402934051281285,2.1084027684832902,2.185916906265565
37x32,1.8420227750373133,2.9293360221846636,2.8528614109941364
41x47,1.3143051175100187,1.7858869300686604,1.9287762739652017
29x40,1.5968086490910351,2.23650740092809,2.590117389149044
18x16,1.1124513000098186,2.225097762431853,1.4355852921759273
47x40,1.0629489120442959,2.3066744506212147,2.5543879168752226
15x9,1.7858869300686604,2.6987833203550573,3.189502927294611
25x44,1.129719339224618,1.0,1.0
10x7,1.0,3.2326794751011856,2.81953437044359
46x1,1.6743501066402542,2.8654776042931336,2.0402934051281285
29x37,1.721632177609972,2.9442680013756966,3.1498104210737337
23x16,1.9822484180857005,1.384145488461686,1.8245777915484591
32x16,1.5691925832141966,2.391706325367555,3.3674650119830485
10x37,1.0,1.4355852921759273,1.9567509512848382
14x46,1.721632177609972,2.8881085463122784,3.1960813637889216
27x16,1.0629489120442959,1.9304297974845601,2.5784789418624947
50x37,1.0,2.3908496068809355,2.685758690976307
46x9,1.8420227750373133,2.7654150136948528,2.662767435255195
6x27,1.8420227750373133,1.738504698328061,1.85271900953208
20x42,1.480936217579442,1.129719339224618,1.0629489120442959
41x49,1.0,2.2605591494796706,2.3255157863158162
40x25,1.9876669750024174,2.6874604546391727,2.979513942718746
8x6,1.9601317042077895,2.732059880897441,1.796101145547984
26x45,1.1124513000098186,2.7610247299713344,3.5393054795622554
7x28,1.6984332340231805,2.1094561384487887,2.188681744812619
24x42,1.9601317042077895,2.9661131029726318,3.716474475766552
28x4,1.3143051175100187,1.0,1.0
43x4,1.5112696486407828,2.782084063052601,3.607442362811018
31x3,1.7858869300686604,1.6743501066402542,1.9079300271706914
47x18,1.8748584677905173,1.805508457957155,1.0
11x40,1.3143051175100187,2.3658858649021726,2.958108045059873
15x24,1.1124513000098186,2.0501627137568885,2.453356717203189
35x13,1.1124513000098186,2.782084063052601,3.5628712612121984
27x18,1.9039668606822715,2.5442552663633053,1.8508698158770196
1x6,1.1573636997031709,2.66709451280821,3.3088628146733443
3x5,1.0,1.5386713202643842,2.792899744746676
30x47,1.3498042102003092,2.1306034487283934,2.779207415115518
47x4,1.1821820017846416,2.225097762431853,2.3514843549159763
30x23,1.1124513000098186,3.389791732068954,3.305470202392902
45x47,1.858903507711174,2.928877789382545,3.0963414920308594
33x24,1.0,3.3347298863989354,3.111453473628134
21x16,1.1124513000098186,2.2732613667031982,3.156962450881205
5x35,1.8748584677905173,2.7314234359809655,3.1771074690707795
3x35,1.1124513000098186,2.9477929124640334,3.294319182996414
22x17,1.0629489120442959,2.0989301250398373,2.955133774308787
28x45,1.3329097102826746,1.1124513000098186,1.1124513000098186
28x27,1.1124513000098186,1.129719339224618,1.2005324366896724
12x20,1.2775319170740629,2.543125664097104,2.347230565787614
31x32,1.0629489120442959,1.9316749438197114,2.155576077307931
27x37,1.384145488461686,1.2297525316960332,1.7653635436855506
13x46,1.9822484180857005,3.1893839453888,3.0637464938503727
23x46,1.2297525316960332,2.396076660311373,2.2582489601022377
12x33,1.0,2.343601828061845,2.9794460848505864
29x43,1.0,3.1578735168985537,2.453217726142947
22x13,1.9601317042077895,2.30583726730771,3.491635799800606
18x6,1.0629489120442959,2.920224771496429,3.3590080002752876
15x46,1.0,1.0629489120442959,2.013883257481945
9x32,1.0629489120442959,2.381101577952299,2.811133730508315
9x10,1.5112696486407828,2.3044180514892463,1.612108618471457
17x15,1.4315605939072482,1.8420227750373133,1.3569045427875668
38x19,1.9995061931586,2.5491140727019403,3.3768505294989946
30x5,1.1993986213536356,1.738504698328061,1.8896143469854967
13x13,1.0,1.0,2.5710646652322207
46x46,1.0,2.047005318307887,2.9783309802900457
35x31,1.6213085487902676,2.391706325367555,2.33279544621923
37x3,1.9508174262050981,2.0142802092369325,1.9728859260073044
18x18,1.9171085279079858,2.903420018487284,3.5195820130786077
1x39,1.239315430729068,3.7140602263153504,2.4891249007675453
39x10,1.3498042102003092,2.489616922357828,3.6076002806868157
2x36,1.2865300266079056,2.1961399209935424,2.434967692343313
12x21,1.6235381733797678,3.6473462839090534,3.2635976683747003
1x14,1.0,1.9822484180857005,2.4604656925779635
25x45,1.0629489120442959,2.6700117609239338,2.649949582437701
45x43,1.0629489120442959,2.151072308339481,2.2673293653251902
19x3,1.0,2.1357872820419557,2.2774926656617165
3x10,1.6493848884661177,2.3824267948418427,2.0890952337824844
44x25,1.1124513000098186,3.1841139699505843,2.8267128997464996
26x24,1.721632177609972,3.5252327296310586,3.3322054050155763
32x9,1.6235381733797678,2.130447464582335,2.2814911615567097
12x16,1.0,2.789242381684836,2.6249356076712793
15x20,1.0,2.4174239098473533,2.689510640933239
40x1,1.2297525316960332,2.295633506133007,2.543125664097104
41x33,1.0,1.7685656356352073,2.328915864886749
47x20,1.858903507711174,2.1335888365422626,3.3553558963193817
40x3,1.5386713202643842,2.1242691030244893,2.0506514241681377
43x6,1.0,2.2501690383898287,2.17361831123197
24x21,1.2775319170740629,2.43709996615255,2.953337815107792
14x28,1.1124513000098186,1.1573636997031709,1.2297525316960332
48x15,1.0,2.9923334615793165,3.3968664680463614
38x13,1.6036034862338133,1.7217035807492065,2.139920580203494
1x15,1.0629489120442959,2.1243185928387525,3.030523990085675
45x30,1.8898815748423097,2.094693249659215,3.418409978322064
49x23,1.8420227750373133,2.9455315203468007,2.9620400343489766
49x2,1.5705781412513098,2.384275187098232,1.990783053456272
47x11,1.0629489120442959,2.0421087887389064,2.0297002044748234
30x39,1.9758509044500678,2.36615775373676,3.1000879605852907
4x21,1.0,3.8665416565176796,3.8380117400636196
20x19,1.0,2.0748133752164315,2.6334034854448163
29x17,1.0,2.4140160341106505,1.9684775005558242
41x38,1.0,2.5984759014022547,3.5184862983816307
34x34,1.0,1.0629489120442959,1.0
38x30,1.0,1.612108618471457,2.3317850219814455
40x47,1.480936217579442,2.826789141904009,3.733652339262713
33x23,1.5691925832141966,2.0575625195391343,1.9977119078325432
42x16,1.6743501066402542,2.1710058242445553,2.111674999282116
42x7,1.4751126949379068,2.535546534166694,2.6321990847088155
9x33,1.4174111811317323,2.1573004833739833,2.275958335680992
25x36,1.3498042102003092,1.6753246265664317,2.178227461826183
36x15,1.9405389688048973,2.8196928733480298,3.2925731450521805
49x25,1.3143051175100187,2.398472993830891,3.2115240794114768
49x20,1.7653635436855506,2.4081136946545354,3.3887796656961395
38x7,1.9601317042077895,2.17361831123197,1.9121906583472943
11x30,1.239315430729068,1.6197152072058243,2.5034394913739324
47x49,1.9508174262050981,1.8739576096336017,2.7610247299713344
35x5,1.6984332340231805,2.209590314677936,2.9563669296475474
43x1,1.0,2.2966301539695926,2.6334034854448163
38x21,1.384145488461686,3.1892456506386546,1.9575883441585389
39x16,1.1124513000098186,2.6460718527507168,2.013883257481945
37x8,1.1124513000098186,2.812002480832563,3.324112881269885
50x25,1.0,2.7107245136065257,3.4682696811741542
32x10,1.0,2.094693249659215,2.9352286296362173
33x22,1.540683165014507,3.1056232069287173,2.3518389940321027
21x20,1.1124513000098186,2.613031499454761,2.9036251878997965
4x43,1.9980250163188582,3.1983497644636385,2.8099496541546323
11x4,1.6696994012583954,3.1637331161547904,3.604304275963974
31x13,1.8420227750373133,1.3329097102826746,2.1413613579680346
48x19,1.1124513000098186,1.4315605939072482,2.082482686541697
42x28,1.5968086490910351,2.8637706518307278,3.042398378059794
49x27,1.0629489120442959,2.4460765910968383,3.703211095789281
43x31,1.6235381733797678,3.2184754605250747,3.5178466415830902
17x32,1.0629489120442959,2.969781433154051,3.4144662904953518
18x46,1.9601317042077895,1.8337144492035307,3.4214991370469536
15x50,1.9876669750024174,2.1766563861543213,2.798918623874864
7x14,1.6235381733797678,2.478344625095628,1.739849491274967
2x8,1.0,1.2297525316960332,2.8805383144565577
14x7,1.6689534454660726,2.7947174559750643,3.1620062364565613
15x33,1.0,1.961252363090238,2.7186039902504393
48x43,1.0,2.316538406112097,2.7232795304585466
50x15,1.0,1.7832229953366157,2.490483567340897
7x38,1.9822484180857005,3.235915934505167,3.685662909217684
45x19,1.384145488461686,1.6743501066402542,1.4594411570435957
13x25,1.3498042102003092,3.313331105603122,3.0707411151417228
26x33,1.0629489120442959,2.1961399209935424,2.649949582437701
48x26,2.340005714002289,1.5968086490910351,1.540683165014507
36x38,1.0629489120442959,2.8691558269614696,3.225064729537426
26x13,1.0,2.837979620124313,3.8530856709980355
42x23,1.9822484180857005,2.4943737845909424,3.1992357916557967
49x21,1.0,1.1821820017846416,3.1093420955148403
30x19,1.9995061931586,2.864877492476384,2.6642026553147424
21x19,1.1573636997031709,2.7327994696923135,3.7638671633309952
31x17,1.858903507711174,2.6424004745232197,3.02675777306667
15x49,1.0,1.9489892728668505,2.6700117609239338
25x37,1.0,1.9822484180857005,1.850952626758079
12x37,1.8242223947745868,1.1124513000098186,1.433280944444334
11x33,1.1124513000098186,1.480936217579442,1.8203635644889171
43x2,1.6743501066402542,3.238495895211345,4.308004318112533
36x46,1.0,1.664575281361722,2.377363058375698
5x19,1.7653635436855506,1.2561231270628248,2.2536350837915444
14x20,1.7858869300686604,2.3219335782676156,2.6545588102353204
22x18,1.9171085279079858,2.6336640147777195,3.051261153134095
41x22,1.9601317042077895,1.9938748725756539,2.1592828696361277
43x29,2.3235023818004845,1.9866161058722147,2.216914224241541
23x24,1.5112696486407828,3.8343494698457605,3.823645276860903
32x19,1.9955571994469739,1.482573058156938,2.3627373605838025
9x49,1.0629489120442959,2.837193141756971,3.187821176753061
32x49,1.9601317042077895,2.0452375227779993,2.6639036717963704
46x45,1.7653635436855506,1.9989143784219114,2.906680107565209
10x2,1.0,3.9380223324586154,4.96170680670975
49x15,1.9980250163188582,2.943305840766808,3.81769338765058
13x34,1.4496604482346787,1.0,1.0
38x3,1.0629489120442959,2.358696031962861,2.5523875203010498
37x22,1.9405389688048973,3.691299058496566,3.7284536410271283
37x30,1.480936217579442,1.9880642846876742,1.9278487942611164
48x17,1.8420227750373133,1.2775319170740629,2.1243185928387525
25x3,1.9171085279079858,2.43709996615255,2.568567607415555
11x49,1.6743501066402542,1.129719339224618,1.2775319170740629
24x43,1.1993986213536356,2.1803122493975007,2.9045552576143794
49x42,1.1124513000098186,2.4521066586410045,3.3376503236155943
34x3,1.8748584677905173,1.0,1.0
36x30,1.239315430729068,1.239315430729068,1.9171085279079858
38x1,1.3164878102733308,1.9775889881439197,1.8291377815328993
16x26,1.4496604482346787,1.0629489120442959,1.0629489120442959
11x43,1.480936217579442,2.1770768436365775,1.9995061931586
13x14,1.0,1.642175362496467,1.5962425904568682
42x8,1.0629489120442959,2.615871055544849,2.94365450360782
23x8,1.5716435560366497,2.0661468818541535,2.1091280996077
6x6,1.0,2.8561079865071064,2.439258840528431
31x12,1.7439436718422865,2.709962829923508,3.175604553774308
47x43,1.6984332340231805,2.019163418716979,2.275958335680992
41x30,1.0,2.396076660311373,2.935609873319291
20x15,1.5968086490910351,2.0945509257178285,2.696682440735003
10x4,1.2775319170740629,4.0639345158462366,3.6492044148861837
34x45,1.5770272628686273,1.5274675530239774,1.3860017633477575
6x14,1.540683165014507,2.3283833222417316,3.2948919697762507
4x46,1.8748584677905173,1.8093549644798672,3.0525230423553906
7x36,1.0,2.7256121704521057,3.039654900684067
19x20,1.0,2.292904204034557,2.0252001804118476
36x5,1.384145488461686,2.528887772984856,2.8758630699232812
1x28,1.0,2.960452850207071,3.473249860635566
29x16,1.0,1.6936156544798437,1.8256696656512974
17x6,1.5691925832141966,2.9279059551418265,3.154089640443654
23x37,1.0,2.3166811027987824,3.0862624158635694
36x33,1.0,1.85271900953208,2.7049309121958234
16x39,1.384145488461686,1.4984516851685856,1.9086019437827833
40x9,1.5691925832141966,3.5934868390216477,3.9439489812213564
39x22,1.540683165014507,3.370144190288496,2.1249934670710457
8x5,1.9758509044500678,3.717829840937642,3.907931222293994
11x1,1.5726298710361442,2.225097762431853,2.377363058375698
47x50,1.1124513000098186,2.013883257481945,2.5398541545661186
34x46,1.99210395551597,2.802179570493554,2.87606649696846
21x28,1.2775319170740629,2.275958335680992,2.5321087277902685
9x7,1.0,1.2561231270628248,1.9079300271706914
16x38,1.9293010006713525,1.6909493045998962,1.99729298040169
42x33,1.9995061931586,2.013883257481945,2.87606839210026
1x20,1.0,2.2885713480876504,2.8024005251229123
5x23,1.9980250163188582,2.8431799519446774,3.0539907723875572
15x1,1.0629489120442959,1.9758509044500678,2.6217428083475585
7x37,1.0,2.673296151610453,3.2685502576155008
47x13,1.1573636997031709,2.8082427381195427,3.227103594061505
17x1,1.6235381733797678,1.1124513000098186,1.0
4x5,1.0,1.5691925832141966,2.132324684281493
33x19,1.2297525316960332,1.9038111961127906,2.083280883758133
48x38,1.3143051175100187,1.909966231756438,2.338484409483369
43x16,1.9039668606822715,2.2678454214710793,1.3769076856810996
38x47,1.0,1.6639434274663765,2.7532626443655874
9x2,1.7858869300686604,3.74402062164562,3.6983747140800585
26x50,1.99210395551597,1.2865300266079056,1.5599955778443344
44x27,1.2297525316960332,2.0441081434874024,1.8501256941783555
48x4,1.9171085279079858,1.9955571994469739,1.9980250163188582
45x10,1.0,1.0,1.2369229747208947
35x32,1.0629489120442959,1.2775319170740629,1.3569045427875668
1x4,1.9601317042077895,2.9770380971244816,2.585543872676175
41x37,1.4174111811317323,2.6139646015458795,3.3837233380363267
40x33,1.3498042102003092,1.8748584677905173,3.0687610890255734
28x24,1.8242223947745868,2.8022398048190342,3.9432835076583865
39x34,1.0629489120442959,1.2297525316960332,1.1821820017846416
34x38,1.634575078913038,1.0629489120442959,1.0629489120442959
7x31,1.0,1.353599817927607,2.6480019896696407
16x12,1.0,1.5179668634033427,2.2860683159929143
43x28,1.9684775005558242,2.5021616765510024,2.904394728550733
28x37,2.6918927034293745,1.612108618471457,1.482573058156938
15x6,1.0,1.6213085487902676,2.4159069847251855
43x39,1.239315430729068,3.1933606214397017,3.6065803608053573
7x24,1.0,2.6603920475984477,4.136339008014725
47x22,1.0,1.0629489120442959,2.190894414081511
11x31,1.0,2.467168219213558,3.4015898685098453
15x14,1.0,2.027794764571714,2.4970203219794413
49x37,1.0,2.5211160704880307,2.752896964473556
28x49,2.1984356961191245,3.0235759302137617,4.450181880164218
9x35,1.9876669750024174,1.8242223947745868,1.9758509044500678
4x15,1.0,2.60830668380832,2.4121801490436257
4x49,1.0,2.9579698571246453,2.972221577101559
12x10,1.7858869300686604,1.6936156544798437,2.190894414081511
10x36,1.9293010006713525,2.177952220053013,2.6227299922225447
1x13,1.1573636997031709,1.8657097653001318,2.8561079865071064
33x47,1.1124513000098186,1.9676990601291187,2.239948640634149
32x38,1.239315430729068,1.8256696656512974,1.87876684532157
7x2,1.0,3.120807100994192,2.7987057518305045
22x31,1.0,2.028721415901813,3.094924197368613
10x48,1.858903507711174,1.0,1.0
44x1,1.480936217579442,2.812002480832563,3.183284123935742
14x40,1.8242223947745868,1.5716435560366497,1.8733068857244586
20x27,1.664575281361722,1.937626232920332,2.16588673752023
41x35,1.0,2.8637706518307278,3.3970597685191564
16x6,3.152018612024535,2.423560954453344,2.8172592721787133
10x27,1.8898815748423097,2.4625199776556452,2.6454556812841554
35x19,1.1124513000098186,1.634575078913038,2.1872803314603506
48x30,1.4174111811317323,2.6504134279859723,3.138370958830984
2x23,1.0,1.9137540201162473,2.228183300010482
36x49,1.0629489120442959,2.442597974504614,2.7529225102123447
41x12,1.9171085279079858,1.4695444079955613,2.0470079512121866
26x20,1.0,2.763174185974837,3.741684354991529
43x30,1.1124513000098186,2.254913175406131,2.9842288889167206
6x25,1.6743501066402542,2.071641527386597,2.083280883758133
24x8,1.7653635436855506,2.404383493314322,2.259958402852007
18x30,1.1573636997031709,2.607712420141936,3.010149870666215
32x11,1.1573636997031709,1.8909807919947987,2.962706929540143
8x27,1.5112696486407828,2.288137475135322,2.5794082840806327
19x14,1.0629489120442959,2.9404195797061745,3.85819579292543
27x22,1.8898815748423097,3.5266094755020303,2.7431868067737915
48x14,1.9684775005558242,2.7734505418683146,2.788689489084758
21x12,1.9405389688048973,2.4364603013828794,1.4984516851685856
13x40,1.0,3.507577837614645,3.2913252624039124
46x18,1.480936217579442,1.9171085279079858,1.6984332340231805
20x6,1.0,1.9822484180857005,2.2582489601022377
38x6,1.1124513000098186,1.755458050034265,1.9633860841926345
22x36,1.1124513000098186,3.8022107646341583,2.247452257031922
22x42,1.1573636997031709,1.87876684532157,2.2267447914633998
21x35,2.1242691030244893,3.268226396912958,3.8105719099761837
6x46,1.239315430729068,2.2447856845872955,2.464342747855877
39x29,1.540683165014507,2.528041517305878,2.841972430495878
26x1,1.9508174262050981,2.5539647682647835,2.783325043435281
8x49,2.0142802092369325,1.5112696486407828,1.5386713202643842
18x4,1.1573636997031709,2.8546161249429054,3.369870491296445
21x6,1.540683165014507,1.8500425520989816,2.9192561233390872
40x31,1.0,3.1950135675961633,2.1868527470045307
45x23,1.5691925832141966,1.6676660500950307,1.5289567994224336
46x21,1.0,1.7976191361471927,2.5915184980921944
16x8,1.1573636997031709,1.8420227750373133,1.433280944444334
2x40,1.5112696486407828,2.295633506133007,2.512499362380811
27x21,1.0,4.123767222102734,3.535390254885767
27x38,1.0,2.0980103610061733,2.2885713480876504
10x38,1.2775319170740629,2.5584709964203523,3.101343401908879
12x47,1.0629489120442959,2.731859660903496,2.9011231476074903
18x20,1.5112696486407828,2.363725822082961,2.817780856542561
44x49,1.9684775005558242,2.815732346468881,2.8949891859501986
50x26,1.5968086490910351,3.036225276108701,3.3723484078619768
27x5,1.0,2.0517707325254904,2.168940066833924
45x13,1.3498042102003092,2.657105290400477,3.286293131458475
32x30,1.0629489120442959,1.8002815460214867,2.5284774782180004
31x25,1.6235381733797678,1.6521992330731805,2.733547383672256
50x32,1.2775319170740629,2.815109629714735,3.4453779301904928
33x42,1.9171085279079858,3.2358096865494264,3.340872550044207
31x30,1.0629489120442959,1.5112696486407828,2.3236214925846324
44x39,1.3143051175100187,1.9405389688048973,2.345359333547124
32x20,1.5968086490910351,1.5494856639063164,2.4901634189899395
11x35,1.9811578639400322,1.6036034862338133,1.433280944444334
4x22,1.0,3.8587287955125746,3.006993827145283
42x38,1.9316749438197114,3.4831487413761804,3.6487238985393593
5x36,1.9980250163188582,3.103145666133116,3.3718465463169727
46x24,1.3143051175100187,3.314715730164273,2.6999652557541887
35x12,1.9508174262050981,1.4594411570435957,1.797830941146157
25x43,1.3143051175100187,2.81476614033175,3.6417602783794014
27x24,1.0,2.5796286864553335,1.924912740111658
1x10,1.0,2.190341180139419,2.414191177317457
1x23,1.7439436718422865,1.9790678191529023,2.648885418211781
3x19,1.721632177609972,2.1065970463516823,2.1770940598359916
9x19,1.8242223947745868,1.8453283908121458,2.6920400025609306
46x30,1.9758509044500678,1.3860017633477575,2.754629993914047
32x36,1.540683165014507,1.0629489120442959,1.0629489120442959
17x18,1.0629489120442959,1.9156152102911859,2.9583575343998345
30x17,1.4174111811317323,2.146475981437957,1.9453731736701285
45x4,1.9508174262050981,1.9812716892692186,2.285678713493456
48x24,1.9995061931586,2.5530122423177626,1.6639434274663765
20x36,1.129719339224618,2.064317489340642,1.8203635644889171
32x26,1.9293010006713525,1.0,1.0
40x43,1.805508457957155,3.124903879917463,3.504773904522047
11x14,1.9955571994469739,3.3376503236155943,3.2997783077308354
24x5,1.0,2.197887609642918,2.5941926722635222
19x4,1.4189893581950943,2.458203387206759,2.818687099803537
6x37,1.6235381733797678,2.998888888848219,3.47693178882962
15x11,1.4496604482346787,2.4827864531513018,1.935147842354568
28x3,1.1993986213536356,1.0,1.0
48x23,1.0,2.2666951758022735,2.8834017790380373
44x33,1.0,1.9330779810526384,2.697328726057863
26x5,1.480936217579442,2.384714138734913,2.746202465490551
11x42,1.858903507711174,2.352707412560888,2.735711668163528
16x10,1.1993986213536356,2.528041517305878,3.3807078941012563
43x23,1.8242223947745868,2.130447464582335,3.4292959636793436
40x39,1.0,3.1205978257759854,2.3646159319090607
19x16,1.384145488461686,2.0155487760773156,2.528887772984856
26x12,1.239315430729068,2.4603636278621392,2.0169860714345442
8x33,1.0,2.996703722927592,3.202203186188598
50x23,1.3143051175100187,2.1844810659105853,3.1553074640751877
26x49,1.0,3.0215174986098883,3.135551860145125
38x12,1.1993986213536356,2.6424004745232197,3.3617121968766424
18x49,1.9171085279079858,1.5046535256247227,2.154407737950219
48x9,1.6235381733797678,1.8420227750373133,1.87876684532157
31x6,1.0,2.1287852271175502,2.9279059551418265
31x45,1.4496604482346787,1.9508174262050981,2.2099012351175453
17x38,1.8909807919947987,2.4864834860849347,2.6561930235355358
31x2,1.1124513000098186,2.3753779686976384,2.630620661821091
40x10,1.0,3.076439840897198,3.522583006023133
32x27,1.5691925832141966,2.5984759014022547,2.714264710469418
29x11,1.5112696486407828,2.6700117609239338,3.003342995057678
30x34,1.0,1.0,1.0
14x8,1.4355852921759273,2.073875964154325,2.4697528430539335
18x33,1.8898815748423097,2.3811015779522995,3.003774333970185
36x27,1.0629489120442959,2.676347729590347,2.969781433154051
25x5,1.2775319170740629,2.7998933833950863,2.9451977366491064
10x47,1.0629489120442959,3.0074559007033033,3.3433220270910233
20x43,1.8242223947745868,1.353599817927607,1.4515515009731315
15x2,1.574044755570299,2.2501690383898287,2.3254242610822717
35x43,1.9171085279079858,1.2742519363255236,1.8089873868742816
12x45,1.5112696486407828,2.8386904093831107,3.0099705192169197
46x10,1.0,1.0,1.3143051175100187
46x2,1.1573636997031709,2.2550554019288476,2.760971539255136
19x18,1.7439436718422865,3.357144529379362,3.4926098521729614
38x42,1.7439436718422865,2.363725822082961,2.92110069020202
17x9,1.6493848884661177,2.837193141756971,2.155576077307931
41x27,1.7439436718422865,2.5539647682647835,2.856203125218965
49x12,1.0,1.7056761700443712,1.7976191361471927
7x45,1.7439436718422865,3.4867475331072857,2.846246246475128
22x3,1.5726298710361442,2.024824820217169,2.200340240135252
30x38,1.1993986213536356,2.0442612093532895,2.352707412560888
44x43,1.7858869300686604,1.7439436718422865,1.7439436718422865
41x3,1.0,1.9293010006713525,2.5784789418624947
44x5,1.0,2.662767435255195,2.7558660617431596
10x25,1.0,1.9330732030716469,2.477379138417641
41x25,1.0,2.3206178150147276,2.4943737845909424
10x19,1.0,2.3423346332142043,2.6780979514731587
30x8,1.0,2.8098015276396486,2.8496013802795557
33x35,1.0,1.129719339224618,2.1803122493975007
39x27,1.805508457957155,2.1961399209935424,3.154730263835967
5x43,1.0629489120442959,3.197077230067108,2.6729561149398537
38x17,2.0,1.6213085487902676,1.755458050034265
6x35,1.0629489120442959,2.6321990847088155,3.00571863564761
33x20,1.99210395551597,1.667013503141615,2.6996363863019104
50x30,1.0,2.343034145882987,3.3661736489135503
39x32,1.0629489120442959,1.7858869300686604,2.2090883212586543
31x22,1.4594411570435957,2.159840814059943,2.460301759559566
22x37,1.0,2.3619331867173683,2.6053731440973715
2x22,1.0,2.5496839481606086,3.609759246881467
5x9,1.9980250163188582,2.174190647426606,1.2865300266079056
1x2,1.0,2.5954205570349864,3.16784325894596
3x28,1.805508457957155,1.9992374941957325,2.234495049026411
24x44,1.0629489120442959,1.0,1.0
22x33,1.0629489120442959,2.9579698571246453,3.8340176106603185
12x50,1.9405389688048973,1.8203635644889171,2.0737062057967113
25x23,1.721632177609972,2.2103974239772715,2.515608484666469
33x27,1.8748584677905173,2.4697528430539335,2.1961399209935424
48x29,1.5112696486407828,1.5046535256247227,2.539044495665506
25x18,1.0,2.8132125250029247,2.6599834648680636
48x31,1.3498042102003092,3.222904930539445,2.852530588344332
43x27,1.9758509044500678,2.3699039340078656,3.2105022284541063
36x2,1.482573058156938,2.239948640634149,2.3848418170522363
38x10,1.0,2.3699039340078656,2.5766295062502715
27x6,1.721632177609972,1.85271900953208,1.8657097653001318
11x5,1.6493848884661177,2.4771568467988803,1.99729298040169
31x10,1.0,2.256093124167895,2.8827589502852216
38x8,1.0,1.738504698328061,2.7314234359809655
39x42,1.0629489120442959,1.99210395551597,2.1974259880057954
49x4,1.847921426083977,1.9997554247116354,1.9121906583472943
21x44,1.7133595312997691,1.3164878102733308,1.3379516684674342
36x22,1.5691925832141966,3.160483721971832,2.8284871623684933
1x18,1.5691925832141966,2.6076692689112586,3.6599676563782313
41x14,1.4174111811317323,1.2561231270628248,2.0980103610061733
42x2,1.5691925832141966,2.0517707325254904,1.9980250163188582
35x38,1.1573636997031709,1.9293010006713525,1.9039668606822715
50x35,1.0,1.664575281361722,2.381842004359017
6x47,1.0,2.9404195797061745,3.378934274731621
46x41,1.0629489120442959,2.489711142297733,2.5447619211325714
32x25,1.3164878102733308,3.292053268276733,2.0421087887389064
25x25,1.0629489120442959,2.6118390012224846,3.2652060187772727
48x8,1.8814778635244498,2.1710058242445553,2.2501690383898287
12x46,1.4174111811317323,2.688102604884479,2.7102620231788404
21x22,1.540683165014507,2.524172621980989,3.3657857928254438
25x35,1.2775319170740629,1.765490659246599,1.9879750337089628
2x13,1.0,1.0,2.1062965421047277
38x46,1.0,2.1287852271175502,2.5135659157327908
31x31,1.3498042102003092,2.3236214925846324,2.6219016894205867
25x50,1.2775319170740629,1.3569045427875668,1.8703081933241932
45x5,1.6493848884661177,2.2536350837915444,2.5827296591158158
29x39,1.1124513000098186,2.398472993830891,2.2501690383898287
23x26,1.9508174262050981,1.0,1.0
2x47,1.4496604482346787,2.3066873548679734,2.8546308028491105
50x36,1.9995061931586,2.237489931756383,2.0402934051281285
32x33,1.0,1.6703771883867882,2.174190647426606
48x35,1.0,2.190341180139419,2.773297258704777
20x7,1.9980250163188582,2.4081136946545354,2.532731732306426
39x20,1.3769076856810996,2.2814096647314406,1.574044755570299
41x17,1.540683165014507,2.2294327036244024,1.6909493045998962
47x33,1.0,2.916148283779584,3.4654959302158033
1x33,1.3143051175100187,2.822513277890181,3.026010188548364
42x14,1.9171085279079858,1.9684775005558242,1.4174111811317323
24x46,1.9995061931586,2.613031499454761,3.056742277345257
43x25,1.4496604482346787,1.881046173723799,3.0345845221146783
20x16,1.8242223947745868,1.520093436188189,2.536828837363476
23x4,1.0,1.892303251787476,1.6251156940096259
19x41,1.0,3.3351557019299,2.999964061079367
1x21,1.1993986213536356,3.6017862258727407,3.17107493864936
15x21,1.5112696486407828,2.1047134416549564,2.902021432873818
6x20,1.1993986213536356,1.8353654659175547,2.5698286573393943
4x2,1.0,2.4042034791232076,2.4957777622669495
27x4,1.5112696486407828,2.013836259965811,2.013836259965811
13x18,1.738504698328061,2.5299077977085727,2.0634936536283512
41x46,1.0,1.9568645463068284,2.4891500094224717
24x7,1.9728859260073044,2.4395278553031376,2.3906797678842002
50x28,1.0,2.536828837363476,2.9720545001276575
42x10,1.7653635436855506,2.738803955060369,3.0147413120650315
47x6,1.2775319170740629,2.306272515134287,2.8196928733480298
35x8,1.9293010006713525,2.6181306584258417,2.6913104789402755
40x5,1.0,2.500671683194741,2.5117162687237085
29x20,1.540683165014507,1.612108618471457,2.609804273179323
3x8,1.0,1.0629489120442959,2.5140746645797987
5x16,1.5968086490910351,2.239948640634149,1.8540086458650453
13x38,1.384145488461686,3.140616492280877,2.9431811486929997
24x25,1.0629489120442959,2.6321990847088155,2.905071751721335
42x48,1.5968086490910351,1.0,1.0
5x46,1.858903507711174,2.2547850449260958,2.4521066586410045
29x32,1.9876669750024174,2.3164146276633324,2.111674999282116
30x33,1.1124513000098186,1.7858869300686604,2.623715120726004
5x21,1.480936217579442,2.5536975856499935,2.964995387443097
15x37,1.0,1.1993986213536356,1.892303251787476
40x35,1.1573636997031709,2.8431799519446774,2.913074802553506
4x1,1.5968086490910351,3.507608753210418,4.286672528895125
48x45,1.0,1.5716435560366497,1.961252363090238
17x21,1.0,2.2267447914633998,2.6414229437655514
25x14,1.540683165014507,1.4157229395493593,2.4697528430539335
22x25,1.9039668606822715,2.8310484200961175,3.2095500841305107
16x9,1.4174111811317323,2.8597720381977396,2.6655077247514782
37x31,1.2775319170740629,3.398554533393348,3.711298821532016
16x41,1.0,3.2975973535865735,3.396526554516295
20x21,1.9876669750024174,1.5274675530239774,2.1592828696361277
44x19,1.239315430729068,1.9316749438197114,1.9121906583472943
24x45,1.5968086490910351,3.0432778399007914,3.5259432696120014
32x42,1.1124513000098186,1.6079554253745105,2.3166811027987824
11x47,1.2775319170740629,2.3044180514892463,2.4390358555585254
28x23,1.5691925832141966,1.0,1.0
46x25,1.99210395551597,2.251668004505072,2.9923334615793165
7x43,1.5691925832141966,3.583543579771557,2.8800771394408233
3x50,1.721632177609972,3.089820126094574,3.7335764563883145
31x40,1.2775319170740629,1.0629489120442959,1.5386713202643842
42x21,1.0,2.6777839848801426,2.784068297639774
39x14,1.5112696486407828,2.4511946292025506,3.4388506313265275
35x23,1.4174111811317323,1.9955571994469739,2.384275187098232
39x39,1.0,2.761836412499467,2.141918635352073
33x44,2.9483780850194896,1.6639434274663765,1.5046535256247227
14x2,1.8420227750373133,2.1647513129725,2.5048745872014346
15x45,1.0,1.0,1.1573636997031709
10x31,1.0,2.886466186151756,3.8319784378428783
26x37,1.0,2.0442612093532895,2.8610119179346167
42x42,1.384145488461686,2.8864002973293856,3.216857511962896
29x31,1.0629489120442959,3.6788834660947525,2.0155487760773156
33x34,1.2775319170740629,1.6213085487902676,1.4594411570435957
17x34,1.239315430729068,1.1124513000098186,1.0629489120442959
30x12,1.1993986213536356,3.9831531936068005,3.8632374416199453
50x27,1.0,2.596387824519735,2.834120473705594
31x5,1.805508457957155,1.9876669750024174,1.8748584677905173
4x4,1.99210395551597,3.462227240195539,3.856762445090862
46x35,1.0,2.9579698571246453,2.8163894332206447
34x23,1.9405389688048973,1.0,1.0
36x12,1.9293010006713525,3.0107937501357203,3.9396038817073964
48x2,1.1573636997031709,2.6700117609239338,3.0213156618030643
30x15,1.9039668606822715,3.26928541416175,3.4875951460402317
33x25,1.4496604482346787,2.434967692343313,3.022724766574484
24x29,1.1993986213536356,2.6139646015458795,2.8805383144565577
4x13,1.0,1.1821820017846416,2.6624493553751774
17x50,1.480936217579442,1.9822484180857005,2.783325043435281
4x35,1.1124513000098186,2.9599980601104128,3.3225802397062543
35x29,1.0,2.543125664097104,2.917518933431122
3x7,1.0,1.2561231270628248,2.42550696567446
4x50,1.5968086490910351,2.3967551759678107,2.729262481965045
32x6,1.0629489120442959,1.6743501066402542,1.9489892728668505
22x28,2.1109481468806948,2.1413613579680346,2.4485560282066183
49x33,1.0,2.7362524540567845,3.3978154540435797
9x50,1.9822484180857005,1.8002815460214867,1.9501798317233732
38x40,1.1993986213536356,2.8610119179346167,3.5684643578630246
14x48,3.6569546267242714,2.590117389149044,2.455418331303794
24x11,1.239315430729068,2.7998933833950863,3.1765537893126514
30x9,1.0,1.9811578639400322,2.208687241056231
44x8,1.0,1.6235381733797678,1.8917331102125812
23x40,1.6235381733797678,1.5112696486407828,1.4984516851685856
42x37,1.3143051175100187,2.1698721042957634,3.293012737441678
15x16,1.384145488461686,1.3569045427875668,2.2444031059069838
33x32,1.6984332340231805,1.0,1.482573058156938
30x40,1.1573636997031709,2.063850694828936,2.4669919292453137
18x45,1.6493848884661177,1.1573636997031709,1.2369229747208947
50x41,1.239315430729068,1.8002815460214867,1.9787586411338964
29x26,1.961252363090238,1.536150660015789,1.9398965342847279
38x35,1.0,2.239192071322566,2.647858493592172
37x10,1.0,2.2099012351175453,2.3908496068809355
9x15,1.0,2.1332423537781837,2.2876536954026223
17x19,1.540683165014507,2.5021616765510024,2.8365812511445334
49x34,1.0,1.1124513000098186,1.0629489120442959
38x27,1.4174111811317323,3.0921456839684933,3.5834379917673345
34x14,2.4513682043994502,1.8917331102125812,1.9866161058722147
24x13,1.9995061931586,2.1875848668018714,2.6504134279859723
24x23,1.9293010006713525,2.630134911884051,3.4067295449853705
35x39,1.721632177609972,1.3957755818803457,2.1335888365422626
3x14,1.7858869300686604,2.649949582437701,2.078860896991962
27x39,1.0,2.770945181525976,3.497196442221139
50x50,1.0,2.5284774782180004,2.9869635386405538
16x5,1.0629489120442959,3.690687748145743,3.3856000432922757
9x25,1.9980250163188582,2.3317850219814455,2.733550504587359
41x20,1.9405389688048973,2.1397603517576185,3.347942395259246
24x39,1.0629489120442959,3.0894594020288038,3.6473462839090534
48x39,1.9876669750024174,1.3498042102003092,1.7858869300686604
14x13,1.0,1.0629489120442959,1.1993986213536356
10x20,1.1821820017846416,1.7439436718422865,1.6493848884661177
4x10,1.0,1.6453874255231145,3.2181253690332925
45x6,1.1993986213536356,1.8203635644889171,1.8852343166148258
45x28,1.5691925832141966,2.685758690976307,3.0913408110199794
38x49,1.3143051175100187,2.185916906265565,2.708434098430598
38x23,1.1573636997031709,2.4159069847251855,2.967994143065726
27x14,1.9601317042077895,2.779207415115518,3.284348712196097
1x8,1.0,1.8485120907384636,3.201037532791985
42x39,1.1124513000098186,2.9603340447196227,3.307471052238546
8x39,1.0,3.8003732601191347,3.475614579045453
3x2,1.9684775005558242,2.978646158022391,3.3612698083875108
36x11,1.0,2.256715103550201,2.53733390813236
43x34,1.9995061931586,1.0,1.0
4x23,1.0,2.7932688869427844,3.1303041721472935
1x12,1.9955571994469739,2.5046505915512616,2.8927613333911255
32x17,1.0629489120442959,2.6403437481713117,3.330834095638691
14x35,1.0629489120442959,1.384145488461686,1.3498042102003092
44x30,1.0629489120442959,2.416477556164703,2.886911081877972
3x29,1.0,3.936498371059417,2.9209386174900005
24x37,1.2775319170740629,1.7858869300686604,2.031415840071604
4x39,1.0,3.2328032367791217,2.839047637248122
23x36,1.0,3.219777049290653,3.273245329582668
41x42,1.9980250163188582,2.010391374951775,2.327350238129073
26x21,1.1124513000098186,3.608376774556756,3.238419884764911
39x8,1.1124513000098186,2.4528985496016817,2.1441439342575372
30x13,1.0629489120442959,1.9489892728668505,2.275909906286344
17x8,1.4315605939072482,1.9676990601291187,1.6521992330731805
25x39,1.0629489120442959,2.528041517305878,2.6738177225283386
50x24,1.5691925832141966,2.844691179354,2.4478105781845407
48x49,1.0629489120442959,1.9980250163188582,1.8358430560463772
48x10,1.0,1.805508457957155,2.464317045655437
12x15,1.0,2.211711390106157,2.1062965421047277
50x19,1.0,2.3164146276633324,3.553715518349168
21x43,1.9684775005558242,1.8049171046190822,1.972426177697084
20x34,1.2742519363255236,1.1993986213536356,1.1124513000098186
15x38,1.5112696486407828,2.9099772433103754,3.480830494280553
13x3,1.6235381733797678,2.185916906265565,2.649609432474528
41x41,1.0,3.3151738026911737,2.6671995206400294
36x17,1.540683165014507,1.239315430729068,2.0989301250398373
39x19,1.480936217579442,2.3235023818004845,1.5962425904568682
12x18,1.480936217579442,2.9544436932611275,2.4765074520585713
48x32,1.9405389688048973,2.0575625195391343,2.1883393400480835
28x39,1.5726298710361442,1.1993986213536356,1.2005324366896724
6x13,1.540683165014507,2.4627623875212414,1.7217035807492065
1x50,1.8898815748423097,3.0274385812241746,3.2519215553578564
43x32,1.9758509044500678,2.6846476969678164,3.0497142551968546
27x33,1.0,1.2297525316960332,1.8898815748423097
33x5,1.7439436718422865,2.9455506226976285,3.1870412617847554
48x37,1.0,2.146475981437957,2.790806531070013
9x5,1.805508457957155,2.51481919778965,2.643641024986398
29x6,1.2775319170740629,2.3236214925846324,2.2966301539695926
3x42,1.0,3.502357882592614,2.602192803620479
18x41,1.0,3.3129753415945538,2.906805199073957
27x23,1.480936217579442,2.132324684281493,2.7951285764816465
34x33,1.7653635436855506,2.4765074520585713,2.390697039412191
43x9,1.0,2.190341180139419,2.3848418170522363
29x28,1.0,2.5284774782180004,2.8256747587577227
21x3,1.1573636997031709,2.4614357226980967,3.2334281051378
24x15,1.99210395551597,2.063850694828936,3.212501294285929
47x10,1.7439436718422865,1.4496604482346787,2.2047052892982455
33x18,1.9995061931586,3.189599543459089,3.949390480276763
21x47,1.0,3.1950135675961633,2.857774959575445
18x21,1.1993986213536356,1.805508457957155,1.8898815748423097
1x49,1.129719339224618,1.9245064870902011,1.8011789586252025
47x42,1.8420227750373133,2.7091403532417306,3.144446062334786
11x24,1.5386713202643842,3.523654289991457,4.4883894092567935
10x42,1.7858869300686604,1.6339160394600947,1.7486663698150369
39x37,1.721632177609972,2.4081136946545354,3.205812481398838
41x29,1.0,2.550719276694449,2.9869635386405538
7x32,1.9171085279079858,3.5085499299504814,3.732229964464432
46x38,1.2297525316960332,1.6743501066402542,1.4751126949379068
2x25,1.721632177609972,2.130447464582335,2.0484100397938714
16x16,1.0,2.6247694382904663,3.238773655836923
8x28,1.6036034862338133,1.8913314266237746,2.16588673752023
37x39,1.0,2.52283372658009,1.9997554247116354
49x5,1.5112696486407828,1.6984332340231805,1.721632177609972
33x10,1.0,2.063850694828936,2.6996363863019104
39x44,1.9405389688048973,1.0629489120442959,1.0629489120442959
32x32,1.8242223947745868,1.1124513000098186,1.239315430729068
20x28,1.0,2.1858434469202965,2.734377742376525
7x22,2.1404870052344234,3.4573690945839286,2.647858493592172
28x6,1.9822484180857005,1.0629489120442959,1.0
32x24,1.0,2.0067181104327583,2.969059108369231
39x45,1.9995061931586,1.9239097134381211,2.1592828696361277
18x25,1.9171085279079858,1.3164878102733308,1.2297525316960332
15x43,1.2297525316960332,1.6036034862338133,1.4695444079955613
14x29,1.384145488461686,1.480936217579442,1.8945220472981728
19x35,1.858903507711174,3.6434502842203287,3.8074039686859047
23x41,1.9601317042077895,2.4123502797940377,2.677068050443136
1x24,1.6213085487902676,1.96209790621669,2.5421469324872263
11x25,1.9955571994469739,1.8245777915484591,2.257925446213921
22x22,1.1124513000098186,1.7108502660519869,2.181851387071396
25x8,1.384145488461686,1.9293010006713525,2.2294327036244024
35x28,1.0,2.3644040173824363,2.9899999702034843
47x28,1.8748584677905173,2.1883784772738646,3.403101165506352
44x11,1.0,1.986267720712434,2.5553946891162336
46x3,1.9822484180857005,2.8682008860468073,2.9532461887754238
34x42,1.8898815748423097,2.0169860714345442,2.0373778914776364
2x18,1.9405389688048973,3.639758545546762,2.483242291212263
48x3,1.5691925832141966,1.805508457957155,2.1858434469202965
44x12,1.9822484180857005,3.693477280061827,3.9296878623712193
23x45,1.0629489120442959,2.797734018995796,3.475596016733899
6x45,1.540683165014507,2.0517707325254904,2.2294327036244024
25x31,1.0,2.641669778787245,2.361807956922495
5x40,1.9293010006713525,2.945426864256272,2.912601159548733
41x50,1.0629489120442959,1.5599955778443344,2.0120288793558694
12x17,1.1124513000098186,2.316538406112097,1.1124513000098186
12x23,1.2742519363255236,1.480498975444675,1.9566933233969104
22x32,1.9955571994469739,2.929046114012323,3.1345959726217045
31x23,1.3498042102003092,2.1585341310942057,2.6336640147777195
17x40,1.3498042102003092,1.9938748725756539,1.9453731736701285
1x29,1.8898815748423097,2.0402934051281285,2.6727416112064857
20x4,1.2775319170740629,1.85271900953208,2.2889884090600052
29x10,1.0629489120442959,2.905071751721335,2.8046169698983445
40x29,1.6036034862338133,2.0402934051281285,2.1062965421047277
3x23,1.480936217579442,3.1230827031628854,3.3344968082816533
48x12,1.540683165014507,2.8223885021647024,3.122079369646318
11x6,1.5386713202643842,2.3408193230089536,2.3893278443160764
40x2,1.2775319170740629,1.8567546808628261,2.275958335680992
41x43,1.7488431756466658,1.2775319170740629,1.1821820017846416
16x4,1.1124513000098186,2.239192071322566,2.2436483757927737
2x33,1.7858869300686604,2.920224771496429,3.340596107084283
40x23,1.0,2.1710058242445553,2.9074245383359396
32x14,1.1124513000098186,2.9099772433103754,3.356987575034923
1x11,1.0,1.8242223947745868,2.385710361161649
8x3,1.480936217579442,3.0429138108621996,3.6599676563782313
36x21,1.0,1.3329097102826746,2.6911355054593256
16x2,1.9293010006713525,2.5530122423177626,2.6128995667487382
18x48,1.3569045427875668,1.2865300266079056,1.2742519363255236
50x22,1.1993986213536356,3.0331178514501733,2.650527111267294
39x46,1.0629489120442959,1.5386713202643842,2.0936734949829323
40x11,1.0,2.4210979535957886,3.8266722631416688
46x28,1.5968086490910351,1.5962425904568682,2.9667066973289513
50x17,1.1993986213536356,2.054144041223633,3.0310704765415797
39x35,1.4496604482346787,1.1573636997031709,1.3860017633477575
25x2,1.4174111811317323,1.958247122185528,2.0666316637093076
2x50,1.9405389688048973,2.953270768170728,3.5660923451297357
44x23,1.239315430729068,2.887189106819788,3.2750188104374303
23x19,1.9955571994469739,1.5906821119239323,2.738803955060369
19x37,1.239315430729068,2.5696640496994605,2.9213427123181535
11x38,1.9316749438197114,1.9316749438197114,1.9997554247116354
45x7,1.6036034862338133,2.1653266300818306,2.250579970101707
27x2,1.2775319170740629,2.3793371442342273,3.0285506400129654
23x30,1.858903507711174,2.372381029552474,2.5617822624659885
40x17,1.0,1.0,2.254913175406131
1x17,1.9684775005558242,1.4410156382511106,2.1858434469202965
30x1,1.6936156544798437,1.7217035807492065,1.8917331102125812
21x7,1.5691925832141966,2.3166811027987824,2.730254716518766
22x39,1.540683165014507,2.7610247299713344,2.837270900758974
34x35,1.480936217579442,1.755458050034265,1.7050770249930305
15x35,1.0629489120442959,1.4695444079955613,2.33279544621923
14x37,1.0,1.6493848884661177,1.634575078913038
22x15,1.9293010006713525,1.2297525316960332,2.4771568467988803
44x6,1.0,1.642175362496467,2.4169610439672007
47x14,1.1573636997031709,1.9866161058722147,2.504521094262794
46x19,1.0,2.4487396553783882,3.001612276857137
24x20,1.8420227750373133,1.87876684532157,2.0125083693025725
49x18,1.2865300266079056,1.721632177609972,1.847921426083977
49x14,1.0,2.391706325367555,2.998888888848219
15x4,3.6720538653207733,2.0800259715381757,2.337050263197283
16x49,1.0629489120442959,1.4315605939072482,2.1267904008913416
28x50,2.4042034791232076,2.132324684281493,2.094693249659215
4x40,1.2742519363255236,2.4174788518906913,2.8543283540770052
43x37,1.3498042102003092,2.654637665820354,3.166418766389146
5x5,1.0,2.329722714928206,2.667360228433795
46x11,1.9293010006713525,2.3044180514892463,2.349999185593815
3x18,1.4496604482346787,2.3188727475680144,1.6947383602590194
4x26,1.0,1.0,1.0
2x27,1.796101145547984,1.9398965342847279,2.17453850986292
22x23,1.0629489120442959,2.4251880606084906,3.172404737450733
15x31,1.0,3.015400222514554,2.151413284239934
26x16,1.6743501066402542,3.4067295449853705,3.081967625540923
27x19,1.540683165014507,2.6330281892370655,3.108295194982264
46x43,1.0629489120442959,2.453217726142947,2.7708531926848963
26x2,1.1573636997031709,2.228496814950136,3.1932480207043525
27x36,1.9980250163188582,2.998914972238698,3.1092401811769146
27x29,1.1124513000098186,2.4815445175145316,2.727421754504899
37x37,1.3498042102003092,1.384145488461686,1.5386713202643842
37x6,1.4174111811317323,2.3514843549159763,2.564754444852271
39x4,1.1124513000098186,2.1084027684832902,2.111879998586905
20x45,1.0,1.5705781412513098,2.1803122493975007
6x29,1.384145488461686,2.404383493314322,3.1397250629547373
17x27,1.9980250163188582,2.229591873920416,2.429312878995818
32x4,1.3957755818803457,2.1444535008634373,2.4162460487115167
8x22,2.0125083693025725,3.760305286964474,2.3087396328037983
14x47,1.9995061931586,2.266151507409317,2.2827185352706927
19x44,1.1573636997031709,1.0,1.0
29x45,1.5112696486407828,2.9770380971244816,3.686578099549169
39x38,1.858903507711174,3.6373560815176704,3.511519745474133
38x15,1.0,2.6727416112064857,3.2784786585057297
37x36,1.433280944444334,1.6703771883867882,1.742076667867281
26x35,1.239315430729068,1.480936217579442,2.3073603034487005
16x3,2.961028624588466,2.2635916444970743,1.909966231756438
47x29,1.6493848884661177,2.499588850030955,2.631747768407994
34x8,1.9822484180857005,1.0,1.0
36x37,1.0,1.5968086490910351,2.4390358555585254
33x40,1.9955571994469739,1.6696994012583954,2.3740359121275514
40x7,1.5968086490910351,3.2340564559467073,3.189599543459089
37x12,1.7858869300686604,2.5523875203010498,2.5781309250517244
46x6,1.6235381733797678,1.99210395551597,1.9822484180857005
40x14,1.3498042102003092,3.0665806780180263,2.2678454214710793
34x13,1.8242223947745868,1.1124513000098186,1.0
7x16,1.0,1.8716799124350878,1.796018217828986
16x14,1.1124513000098186,2.8561079865071064,2.9074519004446913
30x50,1.0,2.649030503566715,2.7222478323037613
34x17,2.3066744506212147,1.239315430729068,1.1821820017846416
13x17,1.0629489120442959,1.3982807524493166,1.1821820017846416
22x8,1.8420227750373133,2.1961399209935424,2.1267904008913416
18x11,1.1124513000098186,1.1993986213536356,1.5705781412513098
17x13,1.0,1.433280944444334,1.9239097134381211
17x33,1.1124513000098186,2.17361831123197,2.596387824519735
45x17,1.6493848884661177,2.609804273179323,2.1243185928387525
15x42,1.9501798317233732,1.5046535256247227,1.2742519363255236
16x27,1.0,1.9980250163188582,1.9758509044500678
47x37,1.1573636997031709,2.5539647682647835,3.2843737183029313
45x49,1.0,2.5614940387512015,3.5861251051566128
2x17,1.3143051175100187,2.4467175629032627,2.2889884090600052
5x47,1.0,2.7648061077273836,3.0939198436603697
45x12,1.2775319170740629,3.39264347550046,1.770035889121735
33x3,1.805508457957155,2.1592828696361277,2.032763886494296
7x25,1.9955571994469739,2.3646159319090607,2.901914271082146
9x37,1.0,1.4751126949379068,2.3885629259675576
38x44,1.8665169407472009,1.8657097653001318,1.7217035807492065
43x15,1.3498042102003092,1.721632177609972,1.5112696486407828
43x12,1.0,1.1124513000098186,2.565140386264545
12x38,1.858903507711174,1.847921426083977,1.9057177148871494
21x18,1.1573636997031709,2.2889884090600052,2.6671995206400294
7x12,1.0,1.2297525316960332,2.1870388633370865
39x23,1.858903507711174,2.923176805551071,3.045873761590374
37x16,1.9171085279079858,1.9790678191529023,2.4460765910968383
45x46,1.0,2.0125083693025725,2.5318382455705692
15x47,1.4496604482346787,1.536150660015789,1.6339160394600947
24x17,1.0,2.598200321567418,2.8889835170789677
8x50,1.239315430729068,2.5813125522262075,3.068122255745325
23x44,1.0,1.0,1.0
5x37,1.384145488461686,2.4949411514353677,2.657105290400477
18x2,1.3498042102003092,2.6026099793226942,3.2643751536873116
11x7,2.336573541485641,3.6946808793751154,2.9794460848505864
12x30,1.9980250163188582,2.51481919778965,2.9308617422972425
30x3,1.0629489120442959,2.0661468818541535,2.1875848668018714
48x13,1.6984332340231805,2.062221675989085,2.347230565787614
8x42,1.0,3.2682064091163925,3.0425197183928874
19x5,1.0,3.180555996605598,2.5658975258208536
4x41,1.0,4.020769799620755,3.3250847291187506
4x27,1.1124513000098186,2.4689353347235428,2.728387012745775
7x21,1.8242223947745868,2.8827589502852216,1.87876684532157
32x12,1.0629489120442959,2.998888888848219,3.286293131458475
10x29,1.0629489120442959,2.504953025283132,3.0245674933069027
34x28,1.5112696486407828,1.8982012697205304,1.8852343166148258
35x45,1.0,1.480936217579442,2.2447856845872955
30x45,1.0629489120442959,2.8199700698444228,3.2906242208230263
29x35,1.9039668606822715,1.536150660015789,2.2210141388146107
37x46,1.0,1.0,1.6079554253745105
3x40,1.6984332340231805,2.7434105941934863,3.2613750020919214
7x5,1.0,1.2742519363255236,1.9453731736701285
36x28,1.3143051175100187,2.0227709402638276,2.7987940711200494
49x11,1.6703771883867882,2.032763886494296,2.0980103610061733
11x37,1.9758509044500678,1.540683165014507,1.7750359878713748
10x39,1.5968086490910351,2.2211451662984425,2.4323220847953246
8x14,1.0,2.614358050063481,2.890618748952482
31x4,1.858903507711174,1.8242223947745868,2.295633506133007
26x31,1.0629489120442959,3.298769776932235,2.548949196639649
17x11,1.8898815748423097,3.1048727411498014,2.641904087478659
6x43,1.3143051175100187,4.068985679540216,3.223626286187556
15x13,1.0,1.738504698328061,2.299554911990768
2x5,1.0,1.0,2.1287852271175502
16x19,1.9876669750024174,2.753473420758709,2.902316456313938
17x3,1.9995061931586,1.9038111961127906,1.8256696656512974
27x17,1.5112696486407828,2.8575702042916307,3.7142785403709873
45x36,1.0,1.772923550025914,2.2099469944069647
17x45,1.0,1.4174111811317323,2.148935602948729
45x8,1.5968086490910351,1.5968086490910351,1.6493848884661177
46x5,1.9955571994469739,1.6036034862338133,1.6036034862338133
48x27,1.1573636997031709,2.382053603104955,2.938558006541803
40x28,1.9601317042077895,1.9121906583472943,2.0368926078531424
41x8,1.0,2.4065406694359504,2.779207415115518
7x39,1.0,2.9842229766369304,2.3814502996434332
28x32,1.9995061931586,1.0,1.0
3x27,1.9405389688048973,1.5962425904568682,1.6214839204949758
12x48,1.4174111811317323,1.0,1.0
13x19,1.9508174262050981,1.9508753765138143,1.239315430729068
40x44,1.5962425904568682,1.1124513000098186,1.1124513000098186
43x22,1.9758509044500678,2.9468666914161927,1.986267720712434
50x33,1.0,2.2885713480876504,2.9794460848505864
23x3,1.3498042102003092,2.9455506226976285,3.4956744187156055
12x28,1.4174111811317323,1.99210395551597,2.190341180139419
11x23,1.1124513000098186,2.8888955225297956,2.5447619211325714
22x43,1.7858869300686604,2.56579693752977,2.750487108974651
5x42,1.7653635436855506,3.756141419437831,3.793264499285561
22x50,1.0,1.6079554253745105,2.413492325754231
42x46,1.9293010006713525,1.536150660015789,2.21429820001523
16x28,1.480936217579442,2.288137475135322,2.9260806586520633
16x30,1.0,1.7284304414716962,2.4669919292453137
20x2,1.0629489120442959,2.0989301250398373,2.1984356961191245
12x19,1.384145488461686,2.0181112319159147,1.2865300266079056
12x12,1.0,1.0629489120442959,2.8431799519446774
36x47,1.0,1.0629489120442959,1.239315430729068
14x34,1.0629489120442959,1.0629489120442959,1.0629489120442959
5x22,1.1124513000098186,2.383316196987293,2.9307121103919735
39x31,1.805508457957155,3.3961550668994964,3.3435233041619705
13x1,1.7858869300686604,2.774757045763739,3.2899478057960874
38x48,2.4756978976231316,1.3329097102826746,1.2297525316960332
30x36,1.1993986213536356,1.8917331102125812,1.8917331102125812
16x31,1.0,3.7220291562507186,3.581580065758539
31x38,1.1124513000098186,2.4511946292025506,2.697416949057145
26x6,1.9039668606822715,1.7448121572448774,2.4334869060648936
34x21,1.892303251787476,1.7050770249930305,1.8897145367424808
29x7,1.4315605939072482,2.5191543847219955,2.630365848724027
28x1,1.4174111811317323,1.0,1.0
49x49,1.0,2.802179570493554,3.2696076781426378
23x11,2.579813955073839,2.43709996615255,2.5094481276561345
30x37,1.5112696486407828,2.1062965421047277,1.8112848234008507
2x20,1.4496604482346787,2.609994202098004,2.947783870875029
30x46,1.5968086490910351,2.4395719328521293,3.067963398970203
31x14,1.0,2.1919264175225273,2.192093256409854
6x39,1.0,2.915429246609067,2.208795443099572
33x28,1.0629489120442959,2.892620831289387,3.335377568533995
43x49,1.1993986213536356,2.502110894110805,3.436549867262384
35x37,1.0,1.7133595312997691,2.837979620124313
8x23,1.3143051175100187,2.4395719328521293,3.6195088801248905
42x50,1.1573636997031709,2.8466477691998704,3.6104305611238936
46x33,1.1124513000098186,1.7439436718422865,2.1537972703274324
39x47,1.6743501066402542,2.920044279963257,3.4182657737182702
25x22,1.540683165014507,2.0190316307826808,2.1471317958321254
1x22,1.480936217579442,3.251463050458266,2.9588387889931536
17x36,1.0629489120442959,2.39456838572999,2.66004970797555
40x8,1.4315605939072482,1.8500425520989816,2.538290423835364
2x38,1.239315430729068,4.111838864615884,3.784767030569191
40x20,1.480936217579442,2.3140747166370557,2.104167714845245
26x39,1.0,2.724911106873089,3.0776599241893448
22x27,1.1821820017846416,1.482573058156938,1.7975112933436428
48x11,1.540683165014507,1.5726298710361442,1.7284304414716962
20x20,1.0,1.8657097653001318,2.439258840528431
21x34,1.1573636997031709,1.0,1.1124513000098186
47x24,1.0,1.4860992151827352,2.478786478419721
47x47,1.9137540201162473,1.831552738223221,1.8716799124350878
23x32,1.805508457957155,2.6332169984528315,2.749126595243637
46x20,1.858903507711174,1.482573058156938,2.384275187098232
29x5,1.384145488461686,1.9728859260073044,2.0977753582384455
5x28,1.1993986213536356,1.7832229953366157,2.254568903835343
4x29,1.9293010006713525,3.445276432313094,3.0194243508604433
37x38,1.9995061931586,3.26321423768993,4.080756364411045
33x50,1.805508457957155,2.354752370005295,2.699989816297556
16x13,1.0629489120442959,2.9261985257899057,2.47181516543934
16x44,2.0402934051281285,1.1124513000098186,1.1124513000098186
13x28,1.239315430729068,1.8358430560463772,2.0442612093532895
48x25,1.5691925832141966,1.433280944444334,2.8199700698444228
41x2,1.0,1.9822484180857005,2.062221675989085
26x29,1.99210395551597,1.8112848234008507,3.2105022284541063
37x5,1.7439436718422865,2.8866670021233496,3.4779795700929466
23x27,1.1573636997031709,1.9316749438197114,2.1444535008634373
17x28,1.6493848884661177,2.5344464164887035,2.8955887618943597
10x15,1.0,1.0,2.4771568467988803
3x20,1.9822484180857005,2.36615775373676,2.3254242610822717
49x29,1.0629489120442959,2.3317850219814455,2.4069389118681785
38x36,1.9601317042077895,1.772923550025914,2.064849825851577
21x1,1.7074284446371775,1.7750359878713748,1.7976191361471927
12x25,2.7436437008530956,1.433280944444334,1.536150660015789
35x9,1.3498042102003092,2.8682008860468073,3.1450966568367624
29x33,1.1124513000098186,2.7214082521499066,2.8275385434957334
45x38,1.3143051175100187,2.071641527386597,2.111674999282116
40x18,1.0,1.0,2.065103739008911
26x28,1.0629489120442959,1.8665169407472009,1.7646947609398522
21x14,1.1124513000098186,3.058121598233019,2.945426864256272
48x6,1.1124513000098186,2.261714518531327,2.490483567340897
9x24,2.1094561384487887,2.7681422752689175,2.490483567340897
37x25,1.0,2.2678454214710793,3.1828990759540408
25x38,1.0629489120442959,2.453464429529421,2.883336827982914
2x24,1.2865300266079056,4.399693391642918,5.6353743185789105
44x42,1.384145488461686,1.3329097102826746,1.4594411570435957
21x9,1.1821820017846416,2.4756978976231316,2.3206178150147276
13x6,1.8420227750373133,2.701731584234086,2.054144041223633
11x17,1.0,1.0,2.1094561384487887
28x15,1.3957755818803457,1.0,1.0629489120442959
22x14,1.0,2.23650740092809,2.720227452868646
12x49,1.1573636997031709,2.4081136946545354,2.4545555958911476
5x29,1.4496604482346787,2.185312472925083,2.2267447914633998
29x30,1.129719339224618,2.310812026710359,2.323344221852683
29x38,1.480936217579442,1.4820953506530583,1.7653635436855506
23x2,1.1124513000098186,1.539055117579496,1.8171361221640825
39x7,1.7653635436855506,2.8664419111681947,3.2984957617373416
38x29,1.1124513000098186,2.3414243964883443,2.969781433154051
16x47,1.9822484180857005,2.082290856356688,2.0400468399075185
17x42,1.9684775005558242,1.6936156544798437,2.3625205301109498
31x33,1.0,1.8500425520989816,2.662767435255195
1x30,1.0629489120442959,2.901914271082146,3.7125443667834097
42x36,1.7653635436855506,3.3920108128794526,3.4306787151235776
22x1,1.8242223947745868,2.3236214925846324,2.25728996558959
50x18,1.9601317042077895,2.613372108703372,2.945426864256272
1x45,1.1993986213536356,2.3740359121275514,2.737787976702202
50x20,1.0,1.8245777915484591,2.4251880606084906
39x48,1.6493848884661177,1.0,1.0
40x45,1.8898815748423097,2.3029437828843204,2.272125264858494
25x9,1.0,2.6591307518499523,2.738803955060369
20x48,1.0629489120442959,1.0,1.0
22x40,1.540683165014507,2.822513277890181,2.969781433154051
49x26,1.909966231756438,1.384145488461686,1.3143051175100187
11x22,1.6493848884661177,3.129095014685179,1.9137540201162473
14x32,1.0629489120442959,3.002410674835845,3.1460545705714007
2x32,1.6743501066402542,2.594780807389424,3.1844152500671874
49x36,1.480936217579442,2.311013878258155,2.0800259715381757
25x12,1.0629489120442959,3.104626965234163,2.6788705245326994
41x28,1.0,1.8703081933241932,2.7012755466812983
44x32,1.4174111811317323,2.8046169698983445,2.7691257310025525
23x25,1.8898815748423097,2.663625652143466,2.9333781613893612
9x13,1.0,1.8814778635244498,2.1413613579680346
38x41,1.0,2.9411227424247475,2.526683015840267
1x37,1.1573636997031709,2.013836259965811,2.528041517305878
38x32,1.0,1.5046535256247227,1.9790678191529023
21x33,1.0,2.3859093774090283,2.9651562571176937
25x30,1.4174111811317323,2.920044279963257,3.3924582941312367
36x29,1.0,1.634575078913038,2.275958335680992
45x45,1.0,1.8946457081379977,2.148466688484431
47x39,1.7439436718422865,2.211711390106157,2.2547850449260958
38x9,1.8898815748423097,2.1961399209935424,2.1173665752550304
31x37,1.0,2.5284774782180004,2.9999999999999996
20x30,1.5968086490910351,2.1031384839880625,2.2286273917520614
48x44,1.7653635436855506,1.0,1.0
24x35,1.9171085279079858,2.734297198559863,3.0082031522932646
7x17,1.0,1.8511590114621785,2.9236668588225596
15x7,1.7750359878713748,2.792270093869828,2.9292905805867737
5x30,1.5112696486407828,3.212032968262691,2.851277073911745
43x42,1.1573636997031709,2.240309431820123,2.5800177987452164
39x25,1.6936156544798437,2.1109481468806948,2.2429254382894337
14x12,1.0,1.0,1.9278487942611164
32x29,1.1993986213536356,2.311013878258155,2.2966301539695926
37x27,1.4355852921759273,2.067492520169415,2.141918635352073
32x50,1.0,3.0820827775139046,2.1653266300818306
8x16,1.0,1.4622587255979447,3.4809901440155326
44x47,1.0,1.4496604482346787,2.151343000170872
43x10,1.540683165014507,1.8337144492035307,2.430665100087845
9x20,1.6743501066402542,1.6909493045998962,2.6334034854448163
25x1,1.1124513000098186,1.9866161058722147,2.296450564486926
12x6,1.4496604482346787,2.608917614199148,3.921327718406401
35x3,1.0,2.0421087887389064,2.250937857801096
46x47,1.858903507711174,1.909966231756438,2.0252001804118476
24x26,2.363725822082961,1.384145488461686,1.3498042102003092
22x41,1.1124513000098186,2.395806579024675,2.8107858718114667
28x21,2.190341180139419,2.151072308339481,3.3561424641973807
34x19,2.3206178150147276,2.753473420758709,2.841983446822074
19x28,1.1124513000098186,2.316538406112097,2.237489931756383
11x41,1.0,2.812955246428574,2.4262450929072217
20x23,1.0,2.148935602948729,2.596387824519735
40x30,1.3143051175100187,2.363725822082961,2.7769398943881494
33x49,1.1124513000098186,2.680699781786975,3.2975316227894784
41x24,1.9822484180857005,2.6850307010433174,2.87794211996929
36x41,1.0,1.721632177609972,2.5813125522262075
31x43,1.0,2.556996604245098,2.6231916856414323
2x30,1.0,2.9981603646047454,3.953134422508641
1x3,1.1124513000098186,3.0245674933069027,3.1564530663550663
33x48,1.9405389688048973,1.0629489120442959,1.0
49x7,1.9684775005558242,1.8420227750373133,1.858903507711174
6x4,2.2774926656617165,2.761394268951462,1.3769076856810996
1x34,1.7858869300686604,1.0,1.0
35x18,1.9995061931586,1.7717128000477056,2.228496814950136
48x40,1.8242223947745868,2.074754678533774,2.3044413078808286
6x33,1.9171085279079858,1.7656051543023858,1.6738586084802807
32x40,1.9039668606822715,1.480936217579442,1.7284304414716962
34x11,2.09958519866624,1.1124513000098186,1.1124513000098186
33x4,1.0,2.6486496887448525,2.9122659472293546
46x12,1.3498042102003092,3.826606687525006,3.854568112632045
41x15,1.239315430729068,2.7648061077273836,2.8241838643040778
36x32,1.0,1.4174111811317323,1.7217035807492065
12x3,1.9501798317233732,1.8002815460214867,2.027794764571714
23x21,1.9405389688048973,3.343438440371559,2.7355165444940277
19x30,1.9293010006713525,3.4776791351558582,3.691839179412091
25x27,1.384145488461686,2.3164146276633324,2.902572563138132
35x50,1.9293010006713525,1.9567509512848382,2.8196928733480298
34x9,1.7653635436855506,1.0,1.0
7x27,3.4823885342096927,2.9869635386405538,2.998888888848219
7x44,1.4695444079955613,1.0629489120442959,1.5046535256247227
46x29,1.8420227750373133,2.734377742376525,3.4010066557807668
49x32,1.384145488461686,2.453464429529421,2.4894890101357166
48x42,1.0,2.190894414081511,2.311013878258155
47x19,1.540683165014507,3.740177701566111,3.477630609157068
4x25,1.0,2.8881085463122784,3.435425066743406
30x20,1.1993986213536356,2.8267128997464996,3.0626828101406702
28x47,1.2369229747208947,1.0,1.0
33x21,1.1573636997031709,2.0402934051281285,1.5169563213688035
30x16,1.0,2.388139737126737,2.4865637697718737
31x15,1.721632177609972,2.701731584234086,3.395691716480675
27x28,1.7653635436855506,2.071641527386597,2.151343000170872
21x42,1.9293010006713525,1.6521992330731805,2.259475280050939
41x31,1.480936217579442,2.5492967783273666,3.1771074690707795
10x32,1.0,2.3166811027987824,2.7816309653969085
36x10,1.8420227750373133,1.5274675530239774,2.5050788894419544
10x33,1.384145488461686,2.074754678533774,2.6336640147777195
32x23,1.4174111811317323,2.6334958446005436,2.9285361021915883
23x10,1.0,2.4159069847251855,2.942297335604794
43x19,1.1993986213536356,1.4820953506530583,1.1124513000098186
40x38,1.7858869300686604,3.4742898916428646,3.717829840937642
46x27,1.9684775005558242,2.7479387481142754,2.716179696567317
30x42,1.8420227750373133,2.11672183097529,2.5329356927050073
8x36,1.0,3.8400481984048787,3.402776086873525
40x13,1.4174111811317323,3.5476291669254114,3.356987575034923
42x3,1.1124513000098186,2.3066873548679734,2.6962127070924327
28x28,1.1573636997031709,1.0,1.0
13x21,1.0,2.8043850445283507,4.0232433060739154
32x28,2.06380420485268,1.4355852921759273,1.4355852921759273
2x4,1.0,1.0629489120442959,2.5827296591158158
39x18,1.0,1.1821820017846416,2.5462803071072506
28x42,1.3143051175100187,3.312617923452177,5.168205865420527
36x7,1.3498042102003092,2.9770380971244816,3.446418258103115
28x19,2.7671789634906405,3.347942395259246,2.6727416112064857
34x31,1.4174111811317323,1.0,1.0
33x14,1.6493848884661177,2.1844810659105853,2.635563149851228
15x41,1.99210395551597,2.2473988324228564,2.925140392812684
45x1,1.0,3.2680787603144363,3.652314632354726
1x7,1.0,2.0653574207816536,3.6341443226247168
32x13,1.0,2.8888455168024434,3.0894866953995734
31x19,1.0629489120442959,2.4395719328521293,3.156962450881205
21x31,1.0,1.6830760585202194,2.654637665820354
18x9,1.6743501066402542,2.0,1.4496604482346787
35x25,1.1124513000098186,2.4065406694359504,3.0941677742805234
28x33,1.1124513000098186,1.0,1.0
12x4,1.8898815748423097,2.254568903835343,2.5068944933819908
28x31,1.0,3.4771610080599427,3.72449848949581
1x16,1.9405389688048973,2.21429820001523,2.66004970797555
19x50,1.3498042102003092,3.2607392696430093,2.7162161365261746
24x19,1.0,2.0233255571273383,2.651268838439776
39x36,1.7439436718422865,2.214306904089255,2.726073470555374
27x43,1.6493848884661177,3.882384610176535,2.983665574655667
23x5,1.9293010006713525,1.9676990601291187,2.225097762431853
19x1,1.6743501066402542,1.6493848884661177,1.7488431756466658
10x40,1.6984332340231805,2.1357872820419557,2.154170342118072
34x25,2.848991903823495,2.5073112903084858,2.434967692343313
44x13,1.4496604482346787,1.4594411570435957,2.237489931756383
31x9,1.1993986213536356,2.7362524540567845,3.0280277799678688
43x36,1.9938748725756539,2.453954987170992,3.2725492888089676
6x17,1.858903507711174,2.9842288889167206,3.4859189978911598
9x47,1.4496604482346787,3.0517845924633713,3.1398616873221563
17x2,1.3143051175100187,1.634575078913038,1.5716435560366497
9x16,1.0,1.1573636997031709,1.9330779810526384
21x27,1.4174111811317323,2.0748133752164315,2.4177910517274226
37x28,2.2814911615567097,1.5386713202643842,1.5386713202643842
7x47,1.1573636997031709,2.7255355966251256,2.759131339402701
21x30,1.9601317042077895,3.1303041721472935,3.331083952416471
23x33,1.0629489120442959,2.6336640147777195,2.3740359121275514
11x28,1.9955571994469739,2.753473420758709,2.5742300300050966
28x38,1.2742519363255236,1.0,1.0
19x22,2.083280883758133,2.3709954935666504,3.3100565423501602
19x38,1.3143051175100187,2.7973790325494607,2.8899462255365567
17x16,1.1993986213536356,1.8445718166542613,2.8724071329528202
23x31,1.3498042102003092,4.221625963056943,3.861284849147142
42x25,1.480936217579442,2.200340240135252,2.6635372680663383
9x8,1.0,1.7646947609398522,3.108306570359465
24x12,1.0,2.9091780830601652,3.345470105101486
5x24,1.0,3.3575887029972864,3.7806766166032664
24x9,2.7172823976181193,3.073068577638112,2.849852456818818
15x36,1.805508457957155,1.8748584677905173,1.9676990601291187
12x44,1.2775319170740629,1.0,1.0
18x10,1.0629489120442959,2.0181112319159147,3.4992887726563255
5x14,1.0,1.5572879060320108,2.5447619211325714
8x45,1.384145488461686,3.131097536469928,3.66049414591232
24x32,1.9684775005558242,3.1117698241926357,3.6107323595209118
17x14,1.9405389688048973,2.794119457061513,2.964485870253252
36x23,1.9822484180857005,2.318479548275186,3.3016476210801615
13x23,1.9758509044500678,3.0642992975923464,4.10472687723333
26x43,1.1124513000098186,4.154629504246464,3.3185562803672095
13x10,1.0,2.7558660617431596,2.1062965421047277
23x6,1.9876669750024174,2.3619331867173683,2.3414243964883443
30x30,1.1993986213536356,2.701731584234086,2.5696640496994605
11x13,1.0,1.6830760585202194,3.1933606214397017
8x30,1.0,3.557736253983861,2.983514831694634
5x6,1.1993986213536356,2.292755984129124,3.419912454948727
21x25,1.99210395551597,2.2267447914633998,2.860515860735255
45x25,2.0,2.272125264858494,2.4174239098473533
20x22,1.1573636997031709,2.812002480832563,2.7454335376417003
19x15,1.9995061931586,1.9293010006713525,1.5386713202643842
33x29,1.9508174262050981,2.713627194919073,2.596387824519735
41x1,1.1573636997031709,2.8817589421483354,3.1853427855597896
22x16,1.9758509044500678,1.8673507495689532,3.0444434129817206
22x12,1.9293010006713525,2.2762843057408118,2.557446770797575
10x21,2.0517707325254904,3.174297719113081,1.935147842354568
22x44,1.6703771883867882,1.129719339224618,1.129719339224618
47x8,1.9842263372497855,1.8002815460214867,1.9278487942611164
3x49,1.0,2.4891500094224717,2.7049309121958234
7x8,1.0,1.0,1.5691925832141966
47x36,1.2775319170740629,2.0046936090920338,2.6766208155519706
1x46,1.7858869300686604,1.958247122185528,2.0880752459640854
19x49,1.0,2.5344464164887035,2.9863464664222867
45x2,1.3143051175100187,3.540624823737578,3.1306897490245076
46x42,1.805508457957155,2.381101577952299,3.128809160710115
16x21,1.384145488461686,1.9995061931586,2.314090950403582
20x3,1.99210395551597,2.1648418285626705,2.3699039340078656
29x36,1.9508174262050981,2.6249356076712793,3.010614205565397
11x27,2.6249356076712793,2.4028795943021843,2.4697528430539335
4x24,2.5696640496994605,3.0776599241893448,4.799577474746388
43x20,1.1573636997031709,2.630134911884051,2.741406402925878
15x8,1.9405389688048973,1.6625450058316948,2.560777845082541
38x45,1.0,1.1124513000098186,2.0400468399075185
32x22,1.3498042102003092,2.7905091096785197,3.232484681355469
8x20,1.1124513000098186,2.0735242450919915,2.7010469567585673
9x27,2.064849825851577,2.7524347678582957,2.8188981483618987
31x28,1.1124513000098186,2.2501690383898287,2.543125664097104
15x40,1.9955571994469739,2.9005534879758392,2.9599980601104128
10x24,1.0,2.8995798906048913,3.7932508182569937
19x12,1.0,1.0,2.0989301250398373
6x23,1.0,2.216914224241541,2.3597624237877706
7x1,1.0629489120442959,2.2774926656617165,2.863683684013253
15x15,1.384145488461686,2.841983446822074,3.238773655836923
45x44,1.8748584677905173,1.0629489120442959,1.0629489120442959
29x25,1.4496604482346787,2.432330706856548,2.17361831123197
43x24,1.0,2.2134881872303254,2.2810588353343237
35x27,1.1124513000098186,1.9684775005558242,2.5376098160921874
13x16,1.5968086490910351,2.003510072463261,1.6079554253745105
14x1,1.384145488461686,1.239315430729068,1.6339160394600947
24x2,1.0,2.8575702042916307,3.5637548888284707
23x14,1.3498042102003092,2.6026099793226942,3.830085556437543
12x36,1.6743501066402542,1.5386713202643842,1.536150660015789
14x19,1.4496604482346787,2.483242291212263,2.855035490122337
11x16,1.0,2.5469065187245796,2.2198478287763783
28x46,1.9039668606822715,1.0,1.0
19x7,1.7050770249930305,4.6430152703491885,5.726894774811808
18x7,1.0,3.9399169327279884,3.6711021756778006
40x21,1.0629489120442959,2.1722120214840586,2.0352825831483727
8x13,1.0,1.0,2.430665100087845
25x49,1.2775319170740629,2.66709451280821,3.2378621875887803
37x13,1.0629489120442959,1.5572879060320108,2.013836259965811
12x22,1.0,2.1297125196619704,2.335090359849778
7x13,1.0,1.0629489120442959,2.6321990847088155
26x3,1.721632177609972,2.8431799519446774,3.231918869955378
12x39,1.1573636997031709,1.7284304414716962,1.8062144815801788
49x43,1.8748584677905173,1.9746421941471108,2.0142802092369325
8x41,1.0,2.661337137304265,3.366763895942065
14x25,1.129719339224618,1.847921426083977,1.9811578639400322
50x21,1.99210395551597,3.308143098125909,2.797734018995796
8x25,1.0,2.749459273997205,3.272142925629962
13x4,1.0,3.709529196761736,3.3397107518295126
2x10,1.0629489120442959,2.645893030264557,3.2442926550257134
31x1,1.5691925832141966,2.4824851782151747,3.19361729818207
28x40,1.8353654659175547,1.1993986213536356,1.1993986213536356
50x1,1.0,1.8500425520989816,2.5696640496994605
3x25,1.2775319170740629,2.4727739358722487,2.6004207700919886
10x1,1.4496604482346787,2.3908496068809355,2.622778333835963
28x13,2.8708595689520546,2.7691937656350345,3.001905609504516
37x20,1.8898815748423097,2.0890497820320317,1.2297525316960332
17x41,1.0,3.1841139699505843,3.029398471148433
29x44,2.326025277733409,2.336573541485641,3.442472693869889
37x33,1.0629489120442959,1.634575078913038,2.5284774782180004
50x38,1.9508174262050981,2.146224493342787,2.0989301250398373
50x43,1.6493848884661177,1.6036034862338133,1.384145488461686
45x37,1.0,1.8242223947745868,2.305370493542064
19x2,1.5112696486407828,2.835833314374692,2.697328726057863
49x44,1.2297525316960332,1.1573636997031709,1.1573636997031709
48x34,1.1124513000098186,1.1993986213536356,1.1821820017846416
47x17,1.3143051175100187,1.9121906583472943,1.2742519363255236
10x8,1.0629489120442959,1.2775319170740629,1.3769076856810996
42x15,1.0,1.1124513000098186,1.7832229953366157
13x44,2.4364603013828794,2.1162640276057565,2.074977161361456
5x1,1.9980250163188582,3.1925883541815807,3.5944607471555825
34x40,1.8002815460214867,1.129719339224618,1.129719339224618
40x26,1.8898815748423097,2.0470079512121866,1.9795489558364459
39x9,1.1573636997031709,2.310518383334887,2.4008907009007956
7x33,1.9601317042077895,2.837193141756971,2.9455506226976285
7x35,1.1573636997031709,3.024633299248013,3.3959724867248915
3x38,1.0,3.6121905295656647,2.6053731440973715
13x27,1.1124513000098186,2.155576077307931,2.567075706306983
40x41,1.0,2.585802274356662,2.613457004139716
50x47,1.99210395551597,1.129719339224618,2.433874456564629
25x11,1.0,2.3414243964883443,2.551823872941943
16x37,1.0,1.0629489120442959,1.6235381733797678
35x49,1.0,2.783325043435281,2.7734505418683146
33x31,1.3498042102003092,1.8814778635244498,1.8814778635244498
19x32,1.480936217579442,3.990258543198875,4.122465926768808
29x15,1.0,2.8517265107931293,2.760946506958907
8x43,1.9171085279079858,3.5424176432995016,3.749124173410215
31x20,1.7653635436855506,3.1473900293777377,3.6222559091264017
21x37,1.0,2.7010469567585673,2.87606839210026
28x30,1.9405389688048973,2.623961283704559,2.8623739634346324
44x44,1.8358430560463772,1.2865300266079056,1.1993986213536356
47x46,1.0,1.9790678191529023,2.554893760290667
15x5,1.2775319170740629,2.917518933431122,3.385328396372561
9x34,1.5386713202643842,1.0629489120442959,1.0629489120442959
48x7,1.9508174262050981,1.2742519363255236,1.3164878102733308
22x38,1.6235381733797678,1.9039668606822715,2.0873711123196173
25x47,1.9171085279079858,2.2860683159929143,3.4102486771696596
32x34,1.0629489120442959,1.2865300266079056,1.2297525316960332
18x37,1.0629489120442959,1.755458050034265,2.5710646652322207
47x15,1.0,2.693026159154275,2.696682440735003
30x49,1.1993986213536356,3.091263466305816,1.8358430560463772
41x18,1.0,2.342310834924922,3.6968322142118155
3x47,1.6743501066402542,2.6589687249598377,3.3428325721318815
22x46,1.2775319170740629,2.111879998586905,2.5512443447642528
26x14,1.1993986213536356,2.3052686292843965,3.3757919790437585
16x35,1.7439436718422865,2.489616922357828,2.7965453523999733
32x2,1.0,1.9501798317233732,2.2774926656617165
38x20,1.9601317042077895,2.2078154142230995,2.9024361304428865
41x44,1.3860017633477575,1.433280944444334,1.3143051175100187
45x27,1.9508174262050981,2.8682008860468073,3.425300441816229
14x27,1.6036034862338133,2.027794764571714,2.146224493342787
28x8,1.2775319170740629,1.0,1.0
8x34,1.8420227750373133,1.1124513000098186,1.0
5x20,1.7858869300686604,2.3206178150147276,2.448225222620325
36x19,1.8909807919947987,1.9039668606822715,1.480936217579442
4x6,1.0629489120442959,3.255206227944588,3.618189402003875
12x43,1.9684775005558242,1.3498042102003092,1.4496604482346787
8x4,1.3143051175100187,3.0794848042097303,2.6738177225283386
12x7,1.9822484180857005,1.805508457957155,1.3498042102003092
24x28,1.0,2.2267447914633998,2.0155487760773156
24x22,1.9405389688048973,2.3235023818004845,2.3470191463767707
9x45,1.0629489120442959,2.225126072246053,2.8105360107159805
42x31,1.0,2.7107926939543225,2.577564261002201
49x31,1.0,2.5193360860301715,2.2331711097933558
22x26,1.8242223947745868,1.0,1.0
37x14,1.5691925832141966,2.074754678533774,2.091894194020343
23x39,1.9405389688048973,1.5970410378738988,1.957773851276386
4x45,1.2775319170740629,2.7268322337182194,2.638249908763712
43x40,1.9171085279079858,1.6936156544798437,1.642175362496467
8x37,1.9039668606822715,2.132324684281493,2.8523188523748653
26x26,2.0517707325254904,1.1573636997031709,1.0629489120442959
33x2,1.1573636997031709,2.398472993830891,2.568567607415555
44x31,1.239315430729068,2.6842511925541297,3.052965904611648
42x43,1.4174111811317323,2.537668772703316,2.535546534166694
3x36,1.1124513000098186,3.389245277339831,2.8888955225297956
36x43,1.9980250163188582,1.1124513000098186,1.129719339224618
3x15,1.0,2.3922263887156725,2.695637041897857
6x15,1.805508457957155,2.949053233142297,2.87606649696846
10x9,1.1573636997031709,1.6304721336984855,1.482573058156938
15x34,1.805508457957155,2.437525196209718,2.352707412560888
8x2,1.0,3.7782105278448896,2.9096588974168127
26x34,1.2742519363255236,1.3769076856810996,1.3379516684674342
25x6,1.3498042102003092,1.6936156544798437,2.536828837363476
10x10,1.6235381733797678,2.5870431827518026,2.1332423537781837
37x21,1.0,1.0629489120442959,2.8817589421483354
27x13,1.6936156544798437,2.2463409653462194,2.5870431827518026
43x7,2.2925316883822044,1.9746421941471108,1.7646947609398522
11x48,1.9293010006713525,1.0,1.0
22x20,1.9039668606822715,2.527297884374563,3.480188273409975
15x12,1.0,1.3569045427875668,1.6243278367756078
17x10,1.7653635436855506,1.8097050953689338,2.647858493592172
4x14,1.6984332340231805,1.9955571994469739,2.163837788870825
42x26,1.6235381733797678,1.0,1.0
26x10,1.0,2.969781433154051,3.4859048535490595
3x17,1.239315430729068,1.5046535256247227,1.2742519363255236
8x9,1.9822484180857005,1.9121906583472943,1.3143051175100187
14x39,1.3569045427875668,1.5962425904568682,1.4315605939072482
4x37,1.0,2.7699539605557533,2.7962706149097567
33x36,1.0,1.8337144492035307,1.8353654659175547
46x22,1.7653635436855506,3.028626690655435,3.037133075377553
41x10,1.0,2.182047990308093,2.006918297120656
8x17,1.0,1.3666424669493191,3.002410674835845
37x43,1.0,1.7488431756466658,1.642175362496467
29x13,1.239315430729068,2.6334034854448163,2.855399364773532
4x30,2.0,2.5120575050494542,2.8818303170729966
25x29,1.0,2.074754678533774,2.7631153257468233
39x12,1.9980250163188582,3.1665657779460017,3.4097133816375367
35x42,1.5112696486407828,3.1765537893126514,3.822088425735457
21x41,1.9039668606822715,2.7555846651321345,3.2010908639448177
11x36,1.6984332340231805,1.612108618471457,1.8062144815801788
33x8,1.480936217579442,2.815732346468881,2.532569885540829
17x7,1.2742519363255236,2.777874273753433,2.5208561623255674
20x47,1.0,3.056716369054667,3.7322685482449964
49x41,1.3143051175100187,2.2329307854033327,2.3740359121275514
23x9,1.0629489120442959,2.4864291430326335,2.9426254508283844
3x31,1.0,4.04583351761039,3.841465993761841
2x43,1.0,2.486271522998342,2.2090883212586543
32x44,1.9039668606822715,1.0,1.0
30x43,1.8898815748423097,3.2043565755621866,3.830530606995417
2x6,1.9405389688048973,2.931067211752615,1.956904093918261
8x46,1.9955571994469739,2.7186039902504393,2.9893651427129933
24x18,1.1573636997031709,2.5696640496994605,3.588374880401362
2x39,1.480936217579442,3.753686400809733,3.0657825460185264
11x3,1.9758509044500678,2.482739664144764,2.528041517305878
37x29,1.9508174262050981,1.3164878102733308,1.3860017633477575
37x4,1.5968086490910351,2.7225322251997164,3.1123180732836304
32x37,1.0,1.3957755818803457,2.3400710335564905
18x32,1.0629489120442959,3.789947597629443,3.1777362908494458
44x3,1.99210395551597,2.6217744210264957,2.753419067996704
21x46,1.0629489120442959,1.612108618471457,2.0508607020953096
5x4,1.9039668606822715,2.864877492476384,2.649609432474528
31x24,1.805508457957155,2.7232267080680774,2.92110069020202
43x8,2.224340778496762,1.4984516851685856,1.2865300266079056
36x1,1.384145488461686,2.3317850219814455,2.4227279240020843
12x5,1.9508174262050981,2.5858605230442344,3.1738567443077894
27x20,1.0629489120442959,2.5890253010332316,2.815424811672572
31x8,1.0,2.047005318307887,2.404383493314322
21x36,1.0,3.558873656374107,2.69803987121966
22x2,1.9684775005558242,3.2238738385246966,2.749126595243637
28x36,1.4695444079955613,1.1993986213536356,1.0
23x23,1.0,1.9316749438197114,2.502679875071151
2x16,1.5968086490910351,2.9579698571246453,2.6217153774959696
10x17,1.0,1.0,2.298937595343674
42x22,1.384145488461686,2.228650688695056,2.365173523311059
13x22,1.0,2.4679401508279932,2.88989940454096
9x29,1.9405389688048973,2.1961399209935424,1.9278487942611164
35x26,1.4984516851685856,1.5572879060320108,1.536150660015789
3x3,1.0,2.4803133415970677,2.5065519510353416
33x12,1.0,2.6902604548200397,2.292904204034557
37x50,1.0,2.7965453523999733,2.067492520169415
8x47,1.4496604482346787,2.622778333835963,2.7861650778498688
9x6,1.0,3.083178805739067,3.1744046004013597
8x29,1.384145488461686,2.6217428083475585,3.040952963412077
28x26,1.239315430729068,1.0,1.4174111811317323
1x43,1.3498042102003092,2.9863464664222867,3.6022683264645283
46x17,1.3498042102003092,2.5710646652322207,2.0869473904548124
44x48,1.6984332340231805,1.129719339224618,1.0629489120442959
26x46,1.0,2.4140160341106505,3.022618823436794
24x48,1.3498042102003092,1.0,1.480936217579442
9x48,1.9684775005558242,1.0,1.0
31x50,1.7439436718422865,3.491635799800606,3.0832861404511167
8x11,1.0,1.0629489120442959,2.1803122493975007
30x6,1.805508457957155,1.87876684532157,2.5073112903084858
45x29,1.9171085279079858,2.7532626443655874,3.166418766389146
18x43,1.858903507711174,1.6079554253745105,1.6639434274663765
45x39,1.6235381733797678,1.8049171046190822,2.076889555512263
43x14,1.9508174262050981,2.737787976702202,2.9377447966121175
49x3,1.0,2.065103739008911,2.396076660311373
47x7,1.805508457957155,1.782506070292507,2.106973660283878
36x16,1.3143051175100187,2.365173523311059,3.4809901440155326
21x45,1.858903507711174,3.114164291787938,3.738289718388351
41x21,1.7653635436855506,2.778312594034918,2.71187906313662
29x49,1.0,3.8043468702788132,3.0779467840017247
42x5,1.9995061931586,3.434344117706171,3.9312204243136244
5x41,1.0,1.9458405933817482,3.5571584170991706
1x40,1.0629489120442959,2.630365848724027,2.8496013802795557
47x5,1.7858869300686604,1.5691925832141966,1.7858869300686604
34x26,1.540683165014507,1.0,1.0
33x26,2.1573004833739833,1.1573636997031709,1.1573636997031709
1x36,1.3143051175100187,3.031118386225167,3.594296254783929
50x45,1.0,1.3498042102003092,2.2814096647314406
20x13,1.7653635436855506,1.7074284446371775,2.003510072463261
30x4,1.9866161058722147,2.409971863409611,2.622778333835963
13x5,1.0,2.513511353519768,3.657776441808345
44x29,1.9171085279079858,2.363725822082961,3.1415733084469633
49x16,1.7439436718422865,2.1397603517576185,2.42550696567446
46x15,1.9405389688048973,1.5169563213688035,2.2885713480876504
26x18,1.0,2.0431904110354915,2.6026099793226942
23x34,1.0629489120442959,1.0629489120442959,1.129719339224618
6x41,1.0,2.43491459858663,3.20935931068943
45x24,2.182047990308093,2.536075506022265,1.4189893581950943
6x19,1.9684775005558242,2.082290856356688,1.8909807919947987
15x28,1.0,1.2742519363255236,1.8203635644889171
26x38,1.1573636997031709,2.607666203090156,3.480188273409975
22x11,1.0,3.1738567443077894,2.984868008478749
35x47,1.0,1.4594411570435957,2.1162640276057565
15x39,1.9995061931586,1.1821820017846416,1.384145488461686
45x22,1.1124513000098186,2.504765481534857,2.6109901351803173
44x21,1.0,2.779210670275548,2.3087396328037983
36x35,1.0,1.1821820017846416,1.5970410378738988
46x40,1.5046535256247227,2.062221675989085,1.9121906583472943
37x41,1.0,1.8965705992060893,3.2476991490872122
34x1,2.266151507409317,1.1993986213536356,1.1993986213536356
29x48,1.3769076856810996,1.0,1.3143051175100187
11x8,1.9278487942611164,3.4078784388463568,3.797785293107832
29x41,1.0,3.5428709539647403,3.0803294415188596
37x23,1.5968086490910351,2.0,2.338886717192537
2x15,1.5691925832141966,2.372381029552474,2.3312757697815583
40x40,1.1993986213536356,3.335377568533995,2.1654242148849785
26x17,1.2775319170740629,3.3314960167164127,2.1653266300818306
4x18,1.3143051175100187,2.0980103610061733,1.701329874031029
8x21,1.0,2.402363567034914,2.298421264499438
13x37,1.1573636997031709,1.2775319170740629,1.3143051175100187
4x34,1.7488431756466658,1.0629489120442959,1.0629489120442959
18x17,1.5691925832141966,2.3908496068809355,2.1850394055775233
18x35,1.8420227750373133,1.433280944444334,1.4695444079955613
7x46,1.6743501066402542,2.4227279240020843,3.17503066407575
50x34,1.6743501066402542,2.197887609642918,2.102893253231465
45x14,1.5716435560366497,2.4073631358332674,2.9472844742664024
39x11,1.9980250163188582,2.4394226538445283,2.6486496887448525
22x10,1.0,2.148935602948729,2.802179570493554
16x48,1.8898815748423097,1.0629489120442959,1.0
13x36,1.1124513000098186,2.715922372448848,2.6618937112324663
11x34,1.0629489120442959,1.0629489120442959,1.0629489120442959
11x29,1.4174111811317323,1.3143051175100187,1.239315430729068
44x38,2.0517707325254904,2.0989301250398373,2.2772402634459614
16x45,1.0,1.5726298710361442,1.8353654659175547
28x18,2.396076660311373,2.1766563861543213,2.275909906286344
9x11,1.0,1.0629489120442959,1.480936217579442
28x10,1.5112696486407828,1.0629489120442959,1.0
22x7,1.1993986213536356,3.080401101488491,3.421030650001053
33x30,1.1124513000098186,1.1124513000098186,1.7050770249930305
27x12,1.7653635436855506,3.092474482922008,2.56579693752977
44x20,1.9980250163188582,1.9287762739652017,2.866595988576613
3x37,1.7653635436855506,2.4864834860849347,2.6948821696901892
31x35,1.0,1.239315430729068,1.4594411570435957
29x24,1.0,2.7806543329461997,3.4119063353207197
8x32,1.9684775005558242,2.652423914721649,2.66665535161442
31x49,1.7439436718422865,2.6457442971404292,3.518851920675664
25x40,1.2775319170740629,1.5968086490910351,1.8358430560463772
16x1,2.027794764571714,1.5968086490910351,1.384145488461686
5x33,1.5691925832141966,2.7373210454455306,3.1677765164808727
10x12,1.0,1.0,1.9601317042077895
38x16,1.4496604482346787,1.3666424669493191,2.43709996615255
30x27,1.0,3.1052199259623348,2.705654275498141
16x7,1.0629489120442959,2.382053603104955,2.7483587793827042
7x10,1.0,1.6703771883867882,1.9682070001819512
32x5,2.0989301250398373,2.2678454214710793,2.4251880606084906
42x13,1.6743501066402542,2.9455506226976285,2.0368926078531424
10x35,1.1573636997031709,1.9245064870902011,2.17361831123197
30x44,1.0,1.0,1.0629489120442959
18x3,1.5691925832141966,2.5813125522262075,2.6818720614976406
8x26,2.0450960584926925,1.1124513000098186,1.1124513000098186
39x28,1.0,2.013883257481945,1.9086019437827833
6x10,1.9876669750024174,2.4292214672859784,1.843621427163446
37x15,1.1993986213536356,2.292904204034557,3.519201363559056
6x36,1.0,3.18252021378672,2.1861207682545696
19x10,1.858903507711174,1.7133595312997691,1.8852343166148258
19x25,1.0629489120442959,2.581498184562075,2.794119457061513
13x45,1.4496604482346787,2.0452375227779993,2.2090883212586543
6x50,1.6743501066402542,2.544219318119696,2.874521114067521
11x20,1.9758509044500678,2.2814096647314406,3.2181253690332925
18x13,1.0,2.11672183097529,2.733803562600879
12x8,1.8420227750373133,3.4147641562201954,3.430028994227291
25x20,1.1124513000098186,2.482739664144764,3.4741086966532664
8x7,1.1124513000098186,2.9438709620937877,2.333074163643962
13x50,1.9822484180857005,1.5770272628686273,1.9239097134381211
19x43,1.9684775005558242,1.2297525316960332,1.7771585154493295
39x41,1.0,3.642479903183203,2.448577841836288
45x26,2.5827296591158158,1.4174111811317323,1.433280944444334
12x41,1.0,3.0313020371824853,2.874133242713357
41x36,1.0,2.063850694828936,2.30668570796225
44x17,1.1821820017846416,2.7699539605557533,1.7771585154493295
36x36,1.0629489120442959,2.2447856845872955,2.550719276694449
36x6,1.9171085279079858,2.5742300300050966,2.9070891964138856
36x50,1.1124513000098186,1.6453874255231145,2.82763535565973
33x9,1.480936217579442,1.9287762739652017,2.435028699540775
40x24,1.0,3.0204190596991376,3.539082053316059
28x43,1.9293010006713525,2.7791014266920526,4.4036139867391775
12x26,1.8242223947745868,1.0,1.0
41x48,1.3143051175100187,1.0629489120442959,1.0629489120442959
45x34,1.239315430729068,1.0,1.0
34x41,2.229591873920416,1.9750312049111547,1.9278755604849618
46x26,2.6621271498255115,1.5112696486407828,1.5046535256247227
23x28,2.7590368434943264,2.413492325754231,2.521417781459924
16x50,1.721632177609972,2.295633506133007,2.3414243964883443
13x20,1.7858869300686604,1.957773851276386,1.2775319170740629
37x2,1.5705781412513098,2.404383493314322,2.382053603104955
42x32,1.0,3.622889391335277,3.4797082369579697
46x14,1.9980250163188582,1.6243278367756078,2.239192071322566
50x44,2.186902008815339,1.738504698328061,1.540683165014507
23x18,1.540683165014507,1.2865300266079056,2.3400710335564905
6x22,1.642175362496467,3.018522957542852,2.172129823283405
40x12,1.0,1.0629489120442959,1.9980250163188582
26x11,1.0,2.6996363863019104,3.1937384412258747
14x42,1.9980250163188582,1.772923550025914,1.8049171046190822
5x12,1.0,1.2742519363255236,2.3740359121275514
6x49,1.3498042102003092,3.0783012587831204,3.4514042023826987
42x35,1.9876669750024174,2.312922627164149,3.392515695841228
24x38,1.1124513000098186,2.130447464582335,2.6302508288269735
31x27,1.9980250163188582,2.7691937656350345,3.460157624126424
13x33,1.1993986213536356,1.8049171046190822,2.1766563861543213
27x7,1.2865300266079056,1.9568645463068284,2.52367386556265
38x28,1.0,1.9245064870902011,2.7518471590576925
6x32,1.540683165014507,2.992110949036552,3.575715481315588
39x30,1.805508457957155,1.7074284446371775,2.062221675989085
2x29,1.3143051175100187,3.810882074029855,3.9326173895676413
3x45,1.2775319170740629,2.6217744210264957,3.248706592203823
39x15,1.9039668606822715,2.266151507409317,2.8436137538004522
17x37,1.0,1.6753246265664317,2.669566869498214
14x33,1.0,1.1124513000098186,1.3164878102733308
17x25,1.7653635436855506,2.3044180514892463,2.765600488034496
36x9,1.6743501066402542,3.3501541482725807,3.9087760512895096
43x38,1.239315430729068,2.5065519510353416,3.150074923949757
21x21,1.0629489120442959,2.87606839210026,2.7503533500687922
41x40,1.1124513000098186,2.5021616765510024,2.2267447914633998
46x48,2.324142251083104,1.1993986213536356,1.1993986213536356
14x15,1.0,2.4618395947560447,1.937626232920332
42x18,1.0,1.1124513000098186,2.065103739008911
7x26,1.384145488461686,1.0,1.0
17x43,1.2005324366896724,1.856273294644016,1.7607064028001491
38x18,1.1124513000098186,2.778644151492593,2.384714138734913
1x35,1.0629489120442959,2.423560954453344,2.5793266862738857
9x12,1.0,1.1821820017846416,2.4807620345093313
38x4,1.0,1.1821820017846416,2.0655496810220875
14x50,1.0629489120442959,2.295633506133007,2.5740200431014464
29x4,1.7653635436855506,3.4022159492657935,3.459287440268074
5x13,1.0,1.6079554253745105,2.0748133752164315
30x14,1.858903507711174,2.6902604548200397,3.781912823703648
18x19,1.1573636997031709,2.885643882576961,2.964584619099007
10x45,1.9822484180857005,2.9153544777639877,2.515608484666469
36x31,1.5770272628686273,2.6486496887448525,2.8347993459164353
11x44,1.5968086490910351,1.0,1.0
34x29,1.9501798317233732,1.9676990601291187,2.032763886494296
17x5,1.0629489120442959,3.709079297755367,3.075253719682917
14x10,1.540683165014507,1.5112696486407828,1.1993986213536356
24x31,1.0629489120442959,4.216814276782876,3.9505108006380185
15x22,1.8898815748423097,2.9096525861357123,3.563101916699254
25x41,1.9995061931586,3.1652175859180756,3.56833226770605
26x42,1.0,3.593086523120773,2.7033752534506745
40x49,1.3143051175100187,2.7928689379301472,2.926949497679809
18x47,1.239315430729068,2.265068713151594,2.8036406765605393
26x7,1.480936217579442,1.99210395551597,1.99210395551597
45x20,1.1573636997031709,2.139009224056876,2.6026099793226942
27x3,1.0,1.9746421941471108,1.9880642846876742
18x50,1.1124513000098186,2.9404195797061745,3.062634175868553
11x26,1.9876669750024174,1.0,1.0
43x48,1.0,1.0,1.0
42x9,1.0,3.6375284531637457,2.699935916347176
46x44,2.853322817629751,1.5046535256247227,1.4174111811317323
30x31,1.9039668606822715,3.1529082243283164,3.327820071814157
16x29,1.0629489120442959,1.99210395551597,2.1084027684832902
2x19,1.7439436718422865,2.4460765910968383,2.0655496810220875
20x41,1.9293010006713525,1.5274675530239774,1.9892945632210808
19x31,1.0,2.9888411126701144,3.543853869986592
35x44,1.5046535256247227,1.1124513000098186,1.1124513000098186
33x41,1.5968086490910351,2.837270900758974,2.933024693377101
28x5,1.0,1.0,1.0
34x27,1.3957755818803457,1.1573636997031709,1.1573636997031709
20x5,1.3143051175100187,2.1287852271175502,2.6062675447248855
40x37,1.4695444079955613,2.606979755790745,2.9966511156513542
24x1,1.5572879060320108,2.0293753113770467,2.1276287376236365
20x14,1.384145488461686,1.6036034862338133,2.5489824140433828
43x13,1.9293010006713525,3.2784786585057297,3.0172659100516688
42x17,1.5112696486407828,2.0800259715381757,1.9121906583472943
40x15,1.9822484180857005,2.5764896222667466,2.902572563138132
9x31,1.0629489120442959,3.0974748081146575,4.519991441370253
3x13,1.0,1.0629489120442959,2.317815463559292
50x3,1.0,2.757686196628197,2.9899999702034843
33x38,1.9822484180857005,1.5169563213688035,1.8500425520989816
28x34,1.2775319170740629,1.0,1.0
26x9,2.0421087887389064,2.0506514241681377,2.0452375227779993
27x46,2.0936734949829323,2.92110069020202,3.4718865013635782
4x9,1.0,1.2742519363255236,3.0862624158635694
28x35,1.9039668606822715,1.0629489120442959,1.0629489120442959
34x49,1.3957755818803457,1.5726298710361442,1.4751126949379068
43x33,1.1573636997031709,2.697328726057863,2.963314099259811
34x32,1.5046535256247227,1.7284304414716962,1.5386713202643842
34x36,1.9995061931586,1.0629489120442959,1.0629489120442959
38x5,1.9684775005558242,2.753473420758709,2.893791177415341
25x21,1.9293010006713525,2.151724088888044,2.265068713151594
8x8,1.8748584677905173,3.556050554719853,3.9955991278442307
35x41,1.6493848884661177,2.7984905546177883,2.1875848668018714
21x40,1.0,2.482739664144764,2.802179570493554
26x22,1.3569045427875668,2.6804610351164877,3.026145922903133
23x29,1.1993986213536356,2.982222054067891,3.1205978257759854
18x29,2.1977836856994872,2.543125664097104,2.6217428083475585
11x10,1.1124513000098186,2.2732613667031982,2.7512202760138824
48x28,1.1573636997031709,2.306272515134287,3.4522392021810657
23x7,1.1821820017846416,2.5034394913739324,2.9261985257899057
24x34,1.634575078913038,1.1573636997031709,1.0629489120442959
20x35,1.1124513000098186,1.536150660015789,2.1605872255374647
9x40,1.0,3.1575034007680274,3.335130504656455
4x17,1.6235381733797678,3.489504391781106,3.3474588034904755
9x4,1.3957755818803457,2.677068050443136,2.464317045655437
7x42,1.0,3.647660962186014,3.5619468852650527
16x36,1.0,1.9601317042077895,2.172129823283405
34x2,1.0,1.0,1.0
23x35,1.7653635436855506,2.139009224056876,2.6309564623212918
32x1,1.9039668606822715,2.5781309250517244,2.5881749387288884
9x21,1.4355852921759273,2.4188048740399677,1.961903291658637
21x24,1.5968086490910351,3.6084380155100826,3.825598112003766
27x44,1.3957755818803457,1.0629489120442959,1.4695444079955613
25x42,1.5968086490910351,2.1977836856994872,2.572178350104129
43x26,2.592476263404524,1.6235381733797678,1.6235381733797678
40x27,1.9876669750024174,2.6621271498255115,2.552027924280892
28x12,2.5781309250517244,2.439312732925543,2.9472844742664024
19x11,1.3498042102003092,1.1124513000098186,1.1573636997031709
36x42,1.9995061931586,2.9923334615793165,3.6858484491176755
50x5,1.0,1.8500425520989816,2.0190316307826808
28x9,1.5691925832141966,1.0,1.0
16x43,1.3498042102003092,1.4751126949379068,1.5046535256247227
41x5,1.0,2.837979620124313,3.0833003925833244
50x11,1.9995061931586,1.0629489120442959,1.3498042102003092
14x24,1.0,3.378131551275135,3.8434880165034766
34x12,1.634575078913038,1.0,1.0
37x24,1.0,4.027831183907606,4.211979705867582
29x8,1.384145488461686,1.634575078913038,1.9278487942611164
11x11,1.0,2.192093256409854,2.82936057598624
34x43,2.3617062690749884,1.2742519363255236,1.239315430729068
2x35,1.0,2.9857782187907977,3.5337531767975987
48x5,1.6984332340231805,1.858903507711174,1.6493848884661177
6x12,1.0,1.0629489120442959,2.4065406694359504
9x39,1.6743501066402542,2.504765481534857,2.9546553166383833
25x17,1.384145488461686,2.4625199776556452,3.0972277742926697
7x23,1.0,2.630134911884051,2.9547646757507957
5x50,1.6493848884661177,2.7705197328296616,3.1415733084469633
22x29,2.4328601295450647,1.6738586084802807,1.7050770249930305
31x42,1.0629489120442959,2.8610119179346167,3.242026156737527
2x2,1.0,1.540683165014507,1.5386713202643842
19x23,1.1821820017846416,1.3666424669493191,2.052905281951454
26x32,1.0,2.4460765910968383,2.1471317958321254
10x3,1.0,3.4493989650840113,3.002967786037036
49x28,1.0,2.1961399209935424,3.0992319604333067
39x1,1.239315430729068,1.3329097102826746,1.2369229747208947
7x7,1.480936217579442,2.9298342083519837,2.151724088888044
6x31,1.0,1.6371077743026283,3.044185185279808
2x1,1.9684775005558242,4.013868395615441,3.7217553678826634
13x29,1.0,1.796018217828986,2.1729398538137965
18x39,1.9822484180857005,2.197887609642918,2.9428781749984427
29x3,1.4174111811317323,2.1062965421047277,2.062221675989085
22x24,1.8898815748423097,2.2501690383898287,2.917808598134429
1x32,1.1124513000098186,2.66004970797555,3.132483132105053
44x37,1.0,1.2865300266079056,1.9866161058722147
24x3,1.8748584677905173,1.7448121572448774,2.536075506022265
40x42,1.99210395551597,2.64762043135881,3.18273128815531
6x26,1.9822484180857005,1.0,1.0
18x12,1.0,1.8199049542950216,2.838227092733733
13x12,1.0,1.0,2.067492520169415
24x27,1.9508174262050981,2.1653266300818306,2.3066873548679734
3x44,1.0629489120442959,1.0629489120442959,1.0629489120442959
38x34,1.9980250163188582,2.923176805551071,3.4067295449853705
14x30,1.7858869300686604,2.094693249659215,2.755341727089846
40x46,1.0,1.6743501066402542,1.6493848884661177
35x11,1.9601317042077895,2.3680440195209926,2.5764013268907795
36x4,1.384145488461686,3.0956196617047036,3.801691970391405
21x48,1.847921426083977,1.2865300266079056,1.9222819344735451
25x15,1.8748584677905173,2.969781433154051,3.4068571535244616
39x21,1.0,2.12166387873063,3.3927163127526936
49x39,1.8420227750373133,1.8245777915484591,1.8049171046190822
29x27,1.0,3.7044167920465574,3.1185645443057197
42x41,1.9758509044500678,3.375332009132221,3.6985674224815495
12x13,1.0,1.4515515009731315,2.9431811486929997
30x41,1.0,3.529717767213939,3.1276389606429453
47x31,1.0,2.2211689283211884,3.2169128505598796
5x26,1.9508174262050981,1.0,1.0
17x31,1.540683165014507,3.691299058496566,3.621663286820688
14x14,1.4174111811317323,1.831552738223221,2.8436652562396234
42x30,1.9980250163188582,3.028467734042782,2.864969528348548
2x46,1.4496604482346787,2.311013878258155,2.285678713493456
21x17,1.9293010006713525,1.8049171046190822,1.796101145547984
19x17,1.805508457957155,2.6118390012224846,3.456754468442688
27x31,1.0,2.5259184741602487,1.8328699779098343
18x44,2.6971995492723337,1.3498042102003092,1.3498042102003092
34x20,2.458240776454302,1.3569045427875668,1.239315430729068
7x20,1.0,2.779207415115518,1.738504698328061
36x20,1.8748584677905173,3.022248415204144,1.5716435560366497
44x22,1.5968086490910351,1.8982012697205304,1.796101145547984
45x42,1.9980250163188582,1.2775319170740629,1.5705781412513098
42x47,1.7858869300686604,2.365173523311059,2.651986230262082
26x36,1.1993986213536356,2.5344464164887035,2.8860313981525225
21x26,1.9293010006713525,1.0,1.0
48x46,1.0,2.1267904008913416,2.684715331147626
7x29,1.3143051175100187,2.645222805282528,2.7577414379467626
1x9,1.0,2.9923334615793165,3.345470105101486
19x40,1.0,3.1117698241926357,2.625048762611923
34x48,1.3143051175100187,1.0,1.0
18x38,1.9955571994469739,1.7858869300686604,2.50139449231123
43x3,1.7858869300686604,3.429530335020336,3.649016007701298
29x29,1.6235381733797678,2.453217726142947,3.1483206614054673
8x24,1.0,1.2775319170740629,2.3680440195209926
28x16,1.6909493045998962,1.5705781412513098,1.6304721336984855
10x43,1.9293010006713525,3.215924825368523,3.783113819199318
13x9,1.0,1.1993986213536356,1.6639434274663765
37x18,1.1124513000098186,1.924912740111658,1.433280944444334
45x21,1.2775319170740629,3.144446062334786,2.7501546305619686
33x46,1.1573636997031709,1.721632177609972,2.1653266300818306
39x26,1.8242223947745868,1.0,1.0
33x33,1.0,1.3569045427875668,1.9938748725756539
12x14,1.0,2.1537972703274324,2.3135652156458737
17x26,2.0517707325254904,1.0629489120442959,1.0629489120442959
28x25,1.536150660015789,1.3957755818803457,1.4410156382511106
40x6,1.8748584677905173,3.4064087060691834,3.8159828060790835
32x31,1.5217114201886668,2.0890952337824844,2.2613487502348786
19x39,1.3498042102003092,2.390697039412191,2.1062965421047277
40x48,1.2742519363255236,1.1124513000098186,1.0
16x24,1.4174111811317323,3.61539247995061,3.5518793568487994
30x2,1.858903507711174,2.3235023818004845,2.404792309816053
5x31,1.0629489120442959,4.395278532271726,3.755903215617381
25x24,1.9955571994469739,2.9110309490163084,3.507774919777155
30x48,1.0,1.0,1.0
11x2,1.1124513000098186,4.162867426480231,4.094781567753057
7x9,1.0,1.4719165222372004,3.055246193114379
17x44,1.9121906583472943,1.1124513000098186,1.1124513000098186
9x30,1.7653635436855506,3.0011702433419285,3.5243498675475955
22x5,1.721632177609972,3.3347298863989354,3.5245077696361258
1x38,1.1573636997031709,1.7074284446371775,1.9245064870902011
35x20,1.9171085279079858,2.363725822082961,3.2071979687361885
3x30,1.6984332340231805,2.8463032618076953,2.3803880611671158
21x4,1.1573636997031709,2.416477556164703,2.763980639411477
9x46,1.9758509044500678,2.404383493314322,2.8841472415392424
14x21,1.1124513000098186,2.9955555529478386,3.405275319987962
35x4,1.805508457957155,2.9110189347762536,2.987526644915881
40x50,1.1573636997031709,3.2437916090966543,3.0192849055152933
44x4,1.540683165014507,2.1984356961191245,2.372381029552474
47x35,1.8420227750373133,2.17361831123197,2.4211681773850553
33x39,2.6091094976718936,2.4824851782151747,2.645222805282528
37x17,1.1124513000098186,3.157586127746498,3.4424905307667713
3x22,1.0,2.772308837425985,3.709966079843746
20x9,1.9758509044500678,2.410428594235158,2.5523875203010498
21x50,1.3143051175100187,2.609804273179323,2.9939596090317138
31x39,1.0629489120442959,1.6743501066402542,2.218708590293503
11x9,1.9684775005558242,2.398177422665172,1.9149239394675486
46x4,1.6743501066402542,2.715280189889712,2.7648061077273836
32x47,1.7653635436855506,2.182047990308093,1.9822484180857005
27x49,1.0,3.7815164008241267,3.5426781549477817
13x11,1.0,2.218598276811184,3.3426065259240922
10x28,1.4496604482346787,2.7296435257921376,3.3375106524026803
23x20,1.540683165014507,2.6868248446636946,2.9683103125082857
47x41,1.5691925832141966,3.174781984446737,3.525209545799189
36x34,1.0,1.2297525316960332,1.1821820017846416
41x9,2.328915864886749,3.2226525020420294,3.547725937465622
38x11,1.4496604482346787,2.25728996558959,2.9024361304428865
39x5,1.9758509044500678,3.0212905382098416,3.3744660654773626
46x32,1.0629489120442959,2.9005534879758392,3.7769622857444234
25x7,1.9758509044500678,1.634575078913038,1.7646947609398522
40x22,1.0,3.792958687126202,3.711950612642713
44x28,1.0629489120442959,2.3599253611897155,2.350744139329324
27x35,1.7653635436855506,1.3164878102733308,1.5716435560366497
3x21,1.0,3.065442815744284,3.2317517607361865
22x30,1.0629489120442959,2.9455506226976285,3.086149152088388
10x11,1.0,2.0969274190248606,3.3655159661988594
4x20,1.0,2.9288360795986117,3.6065803608053573
47x2,1.1573636997031709,2.437525196209718,2.8598256768771755
46x36,1.480936217579442,2.590117389149044,3.6792046373631067
3x39,1.0,3.5211117186210523,2.244444168517047
19x13,1.0,2.6371613992466303,2.8443105541736875
28x17,1.0,1.0,1.0
22x19,1.9980250163188582,1.6493848884661177,2.06380420485268
46x7,1.9955571994469739,1.99210395551597,2.062221675989085
47x44,2.323692872124129,1.2775319170740629,1.2775319170740629
1x44,1.0629489120442959,1.0,1.0
47x9,1.1821820017846416,1.3164878102733308,1.2775319170740629
2x45,1.0,2.6336640147777195,2.659464305921158
5x3,1.847921426083977,1.701329874031029,2.1888562089954893
30x24,1.0,3.641816090984264,2.7987057518305045
33x1,1.6493848884661177,2.759131339402701,2.998407506685966
11x18,1.0,1.0,1.9121906583472943
6x16,1.9293010006713525,1.9568645463068284,1.2865300266079056
43x50,1.3498042102003092,4.099278236932662,4.2770966121489735
4x28,1.0,2.6457442971404292,3.5742651604524416
35x24,1.0629489120442959,2.180238918695736,2.4884668701883648
6x21,1.1124513000098186,2.863193135987542,2.345665145154626
2x31,1.6235381733797678,2.564792117720045,2.4891500094224717
28x11,1.0629489120442959,1.0,1.0629489120442959
42x24,1.0,1.2561231270628248,2.5781309250517244
47x25,1.9980250163188582,1.5386713202643842,1.7750359878713748
33x7,1.6984332340231805,3.398518143122383,2.732059880897441
43x46,1.1993986213536356,2.630365848724027,3.0160480777005474
34x37,1.9039668606822715,2.5696640496994605,2.521371487825479
3x41,1.0,2.315747289874562,2.7162161365261746
20x8,1.9501798317233732,2.731859660903496,3.192524639357542
1x26,1.3569045427875668,1.1993986213536356,1.1573636997031709
6x2,1.0,3.136135079914443,3.3121024221216113
43x18,1.0,1.1993986213536356,2.598200321567418
19x42,1.1993986213536356,2.972253625346547,2.845293967025635
8x12,1.0,1.1124513000098186,2.1413613579680346
10x30,1.0,3.3739362924626177,3.0974008418872043
26x23,1.1573636997031709,2.844082905348355,3.1529082243283164
47x48,1.9508174262050981,1.0,1.0
17x12,1.0,1.847921426083977,2.5629478047720493
20x26,1.4496604482346787,1.0,1.0
47x23,1.3498042102003092,2.0517707325254904,1.7750359878713748
7x40,1.0,2.6457442971404292,2.9785747933511963
6x34,1.858903507711174,1.0,1.0
13x15,1.0,1.0,1.9997554247116354
35x48,1.3143051175100187,1.6696994012583954,1.4984516851685856
18x23,1.858903507711174,1.5716435560366497,1.642175362496467
21x29,1.4174111811317323,2.4727739358722487,3.5677717650671736
1x47,1.0,2.106178482035343,2.5073112903084858
18x22,1.9758509044500678,2.9099772433103754,3.4893452961815976
19x46,1.9822484180857005,3.2274640454070465,3.7376835343975454
45x18,1.9508174262050981,3.183815772891321,2.35352515783899
27x30,1.805508457957155,1.8171361221640825,2.111879998586905
28x29,1.4174111811317323,1.0,1.0
6x30,1.0629489120442959,3.018272794604037,2.3414243964883443
6x38,1.6984332340231805,3.496126795310685,3.678830047163965
11x39,1.9508174262050981,2.906680107565209,3.127030795202874
36x44,1.1821820017846416,1.1993986213536356,1.1573636997031709
9x23,1.5705781412513098,2.652991701911847,3.3667453643414738
2x3,1.0,1.1821820017846416,1.738504698328061
22x45,1.0,2.802179570493554,3.307471052238546
39x43,1.9601317042077895,1.5716435560366497,1.3769076856810996
38x31,2.2047052892982455,1.738504698328061,1.4315605939072482
45x32,1.805508457957155,2.295633506133007,2.23650740092809
18x24,1.0,3.7447645299419916,3.413523767707479
23x43,1.4174111811317323,2.5046505915512616,2.7082942596427966
36x48,3.0683686859322585,2.815109629714735,2.7932688869427844
39x2,1.1124513000098186,2.4081136946545354,2.724911106873089
10x14,1.0,1.0,1.8657097653001318
37x48,1.7653635436855506,1.0629489120442959,1.0629489120442959
22x47,1.0,1.858903507711174,2.3044180514892463
23x42,1.0,2.0936734949829323,2.1974259880057954
10x44,1.961252363090238,1.4984516851685856,1.6562547343449459
6x24,1.0,2.5841586922008597,3.06839166148173
24x24,1.5968086490910351,3.537047502460645,3.6187698309977696
39x24,1.0629489120442959,4.061556701343157,4.06751547220707
5x48,1.3329097102826746,1.0,1.0
30x18,1.9684775005558242,1.8420227750373133,1.4496604482346787
10x18,1.0,1.5243670362348059,2.856203125218965
18x34,2.013836259965811,1.2369229747208947,1.1821820017846416
44x18,1.239315430729068,1.5968086490910351,1.4174111811317323
6x1,1.2369229747208947,2.265068713151594,2.7573148396869724
36x18,1.9955571994469739,2.2547850449260958,1.772923550025914
45x41,1.9995061931586,1.3143051175100187,1.667013503141615
42x34,1.8898815748423097,1.0,1.0
47x16,1.5112696486407828,3.4893452961815976,2.736440908589042
33x13,1.0629489120442959,3.107657658978057,3.5398318267732654
18x36,1.480936217579442,3.5056594983120264,4.059359535398929
15x3,1.0,2.1413613579680346,2.225126072246053
44x14,1.0,2.347230565787614,3.1972008988161584
46x13,1.5112696486407828,2.5700686216414934,2.155576077307931
20x38,1.858903507711174,1.7997802572785304,2.1766563861543213
31x16,2.0,2.9770380971244816,3.4999228826027204
46x31,1.0,3.0777649595198002,2.1202482173161883
37x9,1.0,2.877315048762028,2.3848914140432766
17x48,2.1919264175225273,1.3164878102733308,1.2297525316960332
6x7,1.9995061931586,2.1357872820419557,1.3769076856810996
3x11,1.0,1.0,2.0452375227779993
23x12,1.0,1.9501798317233732,1.8049171046190822
27x11,1.0,1.4157229395493593,2.1440420022446616
13x48,2.42550696567446,1.909966231756438,2.0171183648542286
39x6,1.239315430729068,2.9783309802900457,3.594240764485376
20x44,1.5691925832141966,1.0629489120442959,1.0629489120442959
44x41,1.9676990601291187,3.3857010528753464,3.5842094217683984
6x42,1.0,2.909543039507016,2.9706756153183536
35x21,1.7439436718422865,3.419484021363458,3.4372412393974194
13x47,1.7653635436855506,2.3071170555881797,2.516845176869406
4x3,1.5112696486407828,3.399076738181013,3.2896185540893983
27x42,1.0,2.0907047609910903,3.2676920016030917
14x5,1.5112696486407828,3.95150640679041,4.453109626672185
4x47,1.540683165014507,3.1892456506386546,3.7096948719220073
31x18,1.0,2.5882025338466073,3.5601349140154697
2x21,1.0629489120442959,3.2637875739803537,3.5911283200064417
43x47,1.6743501066402542,2.889249754707257,3.4551791824625284
49x45,1.0,1.8353654659175547,2.5530122423177626
46x34,1.9866161058722147,1.847921426083977,1.9651861989351376
25x32,1.5112696486407828,2.148466688484431,2.738508370824642
22x34,1.5691925832141966,1.0,1.0
2x7,1.0,1.0629489120442959,2.437525196209718
21x23,1.7653635436855506,1.6493848884661177,1.7750359878713748
36x26,1.5968086490910351,1.0,1.0
28x2,1.0629489120442959,1.0,1.1993986213536356
2x41,1.0,3.8613541682857018,3.045034654686468
18x31,1.0,2.9930581505998872,2.567491013276183
8x40,1.2775319170740629,3.3674650119830485,2.436477806565949
47x26,3.812437998561964,2.3100276142291047,2.4159069847251855
45x35,1.9601317042077895,1.9876669750024174,2.2547850449260958
34x22,1.540683165014507,1.0,1.0629489120442959
36x39,1.0,2.9770380971244816,3.028467734042782
3x34,1.7653635436855506,1.0,1.0
23x22,1.1124513000098186,3.7725629369927947,3.408940952486322
5x25,2.48071910319556,2.0233255571273383,1.8852343166148258
50x48,3.115766694225745,2.2327162864454904,2.8002372773280624
38x26,1.384145488461686,1.7056761700443712,1.6521992330731805
24x49,1.0,2.484880223279884,1.9676990601291187
3x12,1.0,1.353599817927607,2.396076660311373
37x34,1.0,1.129719339224618,1.0629489120442959
23x1,1.0629489120442959,2.9816354290268277,2.9770380971244816
16x40,1.1573636997031709,1.1573636997031709,1.0629489120442959
26x8,1.9822484180857005,2.172129823283405,2.1710058242445553
23x47,1.0,3.457171944750739,3.6642845977817218
7x30,1.8898815748423097,3.933532373632587,4.1591115040735085
4x12,1.0,1.0,2.1870388633370865
14x9,1.9171085279079858,1.7858869300686604,1.0
9x43,1.1993986213536356,3.0753517608070675,3.457647671979363
9x42,1.9293010006713525,3.072580734217791,2.9428549374879553
35x40,1.0,1.6079554253745105,2.3793371442342273
45x3,1.9876669750024174,1.6235381733797678,1.664575281361722
34x50,1.7858869300686604,1.0,1.0
46x37,1.0,1.5046535256247227,2.5539647682647835
8x31,1.0,1.2865300266079056,2.7296435257921376
4x42,1.0,3.0850200286119547,2.279409400434508
17x35,1.2297525316960332,1.0,1.2297525316960332
6x3,1.6235381733797678,3.398395104213609,3.689559216156326
47x21,1.0,1.0629489120442959,1.9039668606822715
33x17,1.1124513000098186,2.050870545456028,2.910660533827901
29x47,1.384145488461686,2.889249754707257,3.7215044622022426
11x15,1.0,1.1573636997031709,2.5890253010332316
14x11,1.0,1.239315430729068,2.259958402852007
30x22,1.9293010006713525,2.871930178432119,2.457381097557075
4x7,1.0,1.0629489120442959,2.802179570493554
48x48,2.884466173549769,1.875210549212799,1.7997802572785304
4x44,1.0629489120442959,1.0,1.1993986213536356
10x22,1.0629489120442959,2.8753259193312006,2.4716098419520702
45x31,1.8748584677905173,3.47693178882962,3.1622089209240882
37x19,1.0629489120442959,1.4410156382511106,1.3329097102826746
10x13,1.0,1.2297525316960332,2.607666203090156
7x18,1.0,1.0,2.2547850449260958
23x13,1.1124513000098186,2.3029437828843204,1.2742519363255236
17x46,1.99210395551597,2.2885713480876504,2.9259241127117
43x17,1.239315430729068,1.2742519363255236,1.4751126949379068
21x2,1.9405389688048973,1.9171085279079858,1.9039668606822715
5x8,1.0,1.9057177148871494,2.275958335680992
37x7,1.9039668606822715,3.021392920631994,3.725585404999626
13x35,1.1124513000098186,2.419084414137367,2.97762567263179
27x15,1.1993986213536356,2.8341559455714878,2.909589426081762
43x41,1.0,3.9660605249752097,2.775210150370698
14x31,1.0,2.268212615569757,3.217795621332286
39x49,1.1124513000098186,2.662767435255195,3.5573280023295095
40x19,1.9980250163188582,1.6235381733797678,1.0629489120442959
7x41,1.0,2.3306512333224414,2.8633049967708617
7x15,1.0,1.6830760585202194,3.4037098183748435
4x31,1.0,2.1657853436613794,2.481421942983743
15x48,1.1821820017846416,1.3329097102826746,1.2742519363255236
19x29,1.384145488461686,2.21429820001523,2.6217428083475585
8x18,1.0,1.0,1.9728859260073044
31x34,1.239315430729068,1.5770272628686273,1.3957755818803457
34x24,1.0,1.0,1.1124513000098186
27x1,1.634575078913038,1.9038111961127906,1.7074284446371775
26x44,1.0629489120442959,1.0,1.0629489120442959
29x50,1.8420227750373133,3.72861860946459,3.7177698515082285
19x21,1.480936217579442,3.192146909435941,3.3336542076435687
37x42,1.7858869300686604,2.528887772984856,2.848991903823495
19x36,1.5691925832141966,2.450970007883302,3.125948419177087
5x17,1.0629489120442959,2.953270768170728,1.85271900953208
19x48,1.2742519363255236,1.0629489120442959,1.2297525316960332
28x14,1.9293010006713525,1.0,1.0
3x43,1.9980250163188582,3.333438905674476,3.56442309691414
42x12,1.6493848884661177,1.6936156544798437,1.1993986213536356
42x11,1.9822484180857005,4.102130219246997,3.7986277258103844
41x34,1.1124513000098186,1.2742519363255236,1.2369229747208947
18x8,1.8748584677905173,3.398518143122383,2.1647513129725
11x45,1.2775319170740629,2.622778333835963,3.011126935476154
34x7,1.5705781412513098,1.3143051175100187,1.3143051175100187
25x48,1.3164878102733308,1.0,1.0
3x24,1.0,3.252340780252822,3.4429770772061437
34x5,2.450788810482095,1.2775319170740629,1.239315430729068
27x34,1.0629489120442959,1.1573636997031709,1.1124513000098186
37x11,1.9980250163188582,2.478148917305723,2.8760637678685548
12x42,1.2742519363255236,2.0506514241681377,1.7685656356352073
6x9,1.0,1.4594411570435957,1.3666424669493191
42x44,2.464317045655437,1.1993986213536356,1.1993986213536356
2x42,1.540683165014507,3.386190128422572,3.201712565042514
4x32,1.3498042102003092,1.909966231756438,2.4177910517274226
24x47,1.0,4.223707021872369,4.214014908223648
43x21,1.0,2.7740058700658112,2.63311689299941
21x39,1.3498042102003092,2.417569401416386,2.7211989984725085
4x36,1.1124513000098186,3.1276389606429453,2.665612017941279
10x34,2.0936734949829323,1.129719339224618,1.129719339224618
6x48,1.384145488461686,1.239315430729068,1.1821820017846416
10x5,1.5968086490910351,3.515535142467027,3.026010188548364
3x6,1.540683165014507,1.9684775005558242,1.858903507711174
10x50,1.239315430729068,2.1919264175225273,2.311013878258155
13x31,1.0,2.6924804785815333,3.15670208487674
3x26,1.8242223947745868,1.0,1.0
31x41,1.805508457957155,2.3166811027987824,2.622098084732566
49x22,1.0,1.1821820017846416,2.9579698571246453
24x41,1.9684775005558242,1.7832229953366157,2.1657853436613794
9x26,1.9171085279079858,1.0,1.0
34x15,1.990783053456272,1.2369229747208947,1.129719339224618
34x44,1.8242223947745868,1.0,1.0
1x48,1.1124513000098186,1.0,1.0
17x22,1.4174111811317323,2.349999185593815,2.5080908046050836
32x48,2.345548738742206,1.2775319170740629,1.2297525316960332
3x48,1.0,1.0,1.0
10x16,1.0,1.0629489120442959,2.013836259965811
21x5,1.4174111811317323,3.538721755407627,2.816389812611739
9x17,1.0,1.2005324366896724,1.5046535256247227
6x18,1.7653635436855506,2.733803562600879,2.464317045655437
37x40,1.0,3.5834379917673345,2.788689489084758
34x30,1.8909807919947987,1.7217035807492065,1.664575281361722
20x24,1.0629489120442959,2.7928689379301472,3.0255193131017792
18x26,2.024824820217169,1.1124513000098186,1.1124513000098186
9x41,1.0,3.775563410772574,3.185681998991964
13x24,1.0,1.961603588422835,3.1271162573989333
13x26,1.1124513000098186,1.0,1.1124513000098186
12x31,1.0,3.0325881901787235,2.3982718113547388
14x26,1.540683165014507,1.0,1.0
28x41,1.847921426083977,3.5058044851795467,4.825094982139824
7x34,1.9980250163188582,1.0,1.0
13x8,1.0,3.0390032455151528,2.6231916856414323
27x48,1.7133595312997691,1.1821820017846416,1.3769076856810996
37x44,1.9876669750024174,1.0,1.0
35x2,1.0,1.5217114201886668,1.7696882951113682
12x24,1.0,3.0838503932535093,3.5877000806113304
6x44,1.2297525316960332,1.0,1.1993986213536356
29x34,1.0629489120442959,1.0629489120442959,1.0629489120442959
10x26,1.6743501066402542,1.0,1.0
34x39,1.9039668606822715,1.0,1.0
5x34,1.9508174262050981,1.0,1.0
29x2,1.6493848884661177,2.4328601295450647,2.998407506685966
47x32,1.7653635436855506,3.2340564559467073,3.3961550668994964
2x28,1.2297525316960332,1.6689534454660726,2.091894194020343
2x48,1.0,1.0,1.0
25x16,1.1124513000098186,2.438620006372541,3.7727882031023867
25x26,1.1821820017846416,1.1993986213536356,1.1993986213536356
2x9,1.0,1.4210781528900283,2.039911516392196
7x4,1.239315430729068,3.032739570327881,2.727421754504899
19x24,1.0,2.906860705989303,3.2786593423734196
28x44,1.5112696486407828,1.0,1.5968086490910351
43x44,2.8976511545319164,1.5726298710361442,1.480936217579442
13x43,1.0,3.3614761242669102,2.703477655678518
7x48,1.0629489120442959,1.0,1.0
2x44,1.8203635644889171,1.433280944444334,1.4157229395493593
27x41,1.0,2.5830944565303984,2.028860893731389
45x48,2.0936734949829323,1.1573636997031709,1.0629489120442959
22x48,2.3644040173824363,2.2086417688155304,2.1191177068051377
28x48,1.3143051175100187,1.0,1.480936217579442
5x7,1.0,1.6079554253745105,2.4037441948596068
4x48,1.0,1.0,1.0
5x2,1.9601317042077895,3.685226465181758,3.927640323506859
27x26,1.1573636997031709,1.1573636997031709,1.1573636997031709
21x32,1.0,2.6041407324773207,2.083280883758133
2x34,1.9995061931586,1.0,1.0
31x44,3.326868407392052,2.1710058242445553,2.4293607792918626
19x26,1.0,1.0,1.0
28x7,1.4496604482346787,1.0,1.0
9x18,1.0,1.1821820017846416,2.577995249435369
10x41,1.0,3.643520600362981,2.9547646757507957
8x38,1.7858869300686604,2.550565983270141,2.9574582819547373
26x48,1.1821820017846416,1.0629489120442959,1.3569045427875668
31x26,2.6352867201630854,1.4174111811317323,1.384145488461686
16x34,1.1573636997031709,1.0,1.0
19x34,1.1821820017846416,1.0629489120442959,1.1124513000098186
37x26,1.99210395551597,1.0,1.0
2x26,1.9684775005558242,1.0,1.0
30x26,1.642175362496467,1.5962425904568682,1.7238179114370882
23x48,1.7858869300686604,2.6091637587048284,4.048197008577598
8x44,1.2865300266079056,1.0629489120442959,1.1993986213536356
5x44,1.1573636997031709,1.0,1.0
