2.817665338516235352e+00	1.970830798149108887e+00
1.912014484405517578e+00	1.195974111557006836e+00
-1.713849008083343506e-01	3.680351734161376953e+00
9.433742523193359375e+00	2.188197851181030273e+00
1.416827440261840820e+00	6.944237947463989258e-01
2.008831262588500977e+00	1.564261436462402344e+00
2.549663543701171875e+00	-1.575277328491210938e+00
-3.157455921173095703e+00	-1.485406160354614258e+00
1.169487595558166504e+00	3.513503313064575195e+00
8.790886878967285156e+00	4.166966915130615234e+00
9.633629798889160156e+00	3.584236860275268555e+00
1.729895710945129395e+00	-2.158997535705566406e+00
1.747958302497863770e+00	-3.337820470333099365e-01
1.761803507804870605e+00	5.469585418701171875e+00
-2.067832231521606445e+00	-1.085026621818542480e+00
6.676239013671875000e+00	3.380055189132690430e+00
9.293866157531738281e+00	1.338992118835449219e+00
-1.087247729301452637e+00	5.771032571792602539e-01
9.082454442977905273e-02	-1.623906254768371582e+00
-4.489937782287597656e+00	1.708531022071838379e+00
-2.387596368789672852e+00	6.496458053588867188e-01
3.844402313232421875e+00	3.231590613722801208e-02
4.921842098236083984e+00	2.693473577499389648e+00
1.078116655349731445e+00	5.425517082214355469e+00
3.226220369338989258e+00	2.613474845886230469e+00
-3.747672557830810547e+00	5.667139291763305664e-01
7.701203823089599609e+00	1.284576654434204102e+00
2.132166624069213867e+00	2.762836694717407227e+00
5.684476852416992188e+00	-9.242870807647705078e-01
7.415354251861572266e+00	-1.079628705978393555e+00
-3.904127836227416992e+00	2.600903987884521484e+00
-1.493626713752746582e+00	4.603599384427070618e-02
6.905480623245239258e-01	-3.013666629791259766e+00
3.852851688861846924e-01	2.597419023513793945e+00
1.526315093040466309e+00	5.252695560455322266e+00
-3.931172490119934082e-01	6.706803321838378906e+00
8.966257095336914062e+00	6.393492817878723145e-01
9.600499868392944336e-01	3.452133893966674805e+00
1.726487398147583008e+00	6.404434442520141602e-01
1.210468530654907227e+00	3.503631830215454102e+00
9.309004783630371094e+00	4.355080604553222656e+00
-2.016078472137451172e+00	1.417257785797119141e+00
4.452801704406738281e+00	4.663338661193847656e-01
-2.576174497604370117e+00	2.882133960723876953e+00
-4.721408337354660034e-02	8.473296165466308594e+00
1.488189220428466797e+00	-2.492402791976928711e+00
7.261731147766113281e+00	-9.177531599998474121e-01
7.630836367607116699e-01	-1.383669495582580566e+00
-2.060027360916137695e+00	2.777404487133026123e-01
-2.208393573760986328e+00	8.041538238525390625e+00
1.041365242004394531e+01	2.259943008422851562e+00
3.347346484661102295e-01	9.201826453208923340e-01
2.075579166412353516e+00	1.028600335121154785e+00
1.444473981857299805e+00	4.368729114532470703e+00
-7.366431951522827148e-01	4.016508102416992188e+00
1.261041045188903809e+00	-1.907871723175048828e+00
-2.548286318778991699e-01	4.772606372833251953e+00
3.361596345901489258e+00	2.402719259262084961e+00
4.506185054779052734e+00	-2.285816818475723267e-01
8.555783271789550781e+00	2.414949893951416016e+00
7.531824588775634766e+00	2.540313243865966797e+00
4.700695037841796875e+00	1.765841245651245117e+00
6.396802425384521484e+00	4.098831176757812500e+00
3.488949537277221680e+00	2.739667415618896484e+00
-3.293900012969970703e+00	2.928853750228881836e+00
1.172596216201782227e+00	1.367119789123535156e+00
-3.383834362030029297e+00	-1.535662770271301270e+00
-4.235715389251708984e+00	-7.362857460975646973e-01
2.516444206237792969e+00	-2.344607114791870117e+00
1.439610600471496582e+00	5.258582115173339844e+00
-2.090918302536010742e+00	6.517797708511352539e-01
-7.108260393142700195e-01	8.886882781982421875e+00
2.959635257720947266e+00	3.437131643295288086e+00
2.870058715343475342e-01	4.532258987426757812e+00
-3.164023399353027344e+00	3.166035652160644531e+00
-1.563701987266540527e+00	1.973109126091003418e+00
-2.050550699234008789e+00	1.270465850830078125e+00
-2.419685363769531250e+00	-1.177405476570129395e+00
9.066165685653686523e-01	1.218879297375679016e-01
1.888885021209716797e+00	-1.564089417457580566e+00
6.160822696983814240e-03	1.595605492591857910e+00
-2.396560430526733398e+00	1.110960245132446289e+00
4.470504760742187500e+00	-2.377099514007568359e+00
-2.306379973888397217e-01	2.719949245452880859e+00
5.545358180999755859e+00	-1.863618969917297363e+00
1.040615320205688477e+00	-2.870987176895141602e+00
-8.796542882919311523e-01	3.477399110794067383e+00
-1.134632945060729980e+00	6.262732982635498047e+00
2.949366331100463867e+00	2.480912208557128906e+00
-2.054984569549560547e+00	1.852973103523254395e+00
2.122424125671386719e+00	1.335436940193176270e+00
-2.304994821548461914e+00	2.625030279159545898e-01
5.649015903472900391e-01	-8.770697712898254395e-01
2.381773948669433594e+00	-2.044064998626708984e+00
2.536202430725097656e+00	-3.881556987762451172e-01
-3.152446448802947998e-01	3.064663521945476532e-02
-3.005361080169677734e+00	-1.441800951957702637e+00
6.575106382369995117e-01	-2.634390592575073242e+00
5.240076541900634766e+00	2.691756963729858398e+00
4.270695209503173828e+00	2.117898702621459961e+00
4.316705703735351562e+00	9.160086512565612793e-01
7.621625900268554688e+00	4.339307308197021484e+00
2.236139297485351562e+00	2.071919679641723633e+00
4.698858261108398438e+00	4.995007514953613281e+00
1.499446511268615723e+00	1.499732971191406250e+00
5.263089656829833984e+00	-3.742682635784149170e-01
-1.133945286273956299e-01	-1.211290836334228516e+00
8.723179817199707031e+00	1.612272977828979492e+00
-7.148454189300537109e-01	4.101407527923583984e-01
-1.792166948318481445e+00	1.222698569297790527e+00
-1.144539833068847656e+00	1.663729310035705566e+00
-3.165986776351928711e+00	2.397181034088134766e+00
2.121765375137329102e+00	5.537223339080810547e+00
1.239996790885925293e+00	1.559703230857849121e+00
-2.777015686035156250e+00	-1.495950818061828613e+00
-9.686101675033569336e-01	4.910794734954833984e+00
1.819229125976562500e+00	2.359306812286376953e+00
-1.540087461471557617e+00	3.141334056854248047e-01
-2.969933509826660156e+00	3.264923691749572754e-01
-1.806626558303833008e+00	1.160850167274475098e+00
5.293791770935058594e+00	-2.108973741531372070e+00
-2.396420538425445557e-01	-2.744022905826568604e-01
2.310935020446777344e+00	-1.602177619934082031e+00
2.002677202224731445e+00	1.825946688652038574e+00
3.264974355697631836e+00	1.348643064498901367e+00
2.529341220855712891e+00	-2.425469875335693359e+00
5.490655303001403809e-01	-2.468412160873413086e+00
-3.587617874145507812e+00	1.782136917114257812e+00
1.570153832435607910e+00	-1.767745494842529297e+00
5.066004276275634766e+00	5.629479408264160156e+00
1.479994893074035645e+00	2.875149488449096680e+00
4.125851154327392578e+00	2.442143440246582031e+00
-1.012864589691162109e+00	1.544197082519531250e+00
-1.286274313926696777e+00	6.084632396697998047e+00
-2.772740602493286133e+00	2.464315481483936310e-02
6.937094211578369141e+00	3.382889986038208008e+00
3.004076480865478516e+00	1.071486696600914001e-01
3.780882835388183594e+00	4.519272327423095703e+00
9.686296463012695312e+00	4.764743328094482422e+00
3.716897249221801758e+00	-1.872628211975097656e+00
8.203161239624023438e+00	-1.823131442070007324e-01
-2.767312526702880859e+00	-1.356862425804138184e+00
-3.507240295410156250e+00	5.869085788726806641e+00
-2.423570156097412109e+00	3.619856357574462891e+00
-1.831648945808410645e+00	3.078227043151855469e+00
-4.095788478851318359e+00	5.131859779357910156e-01
3.594375610351562500e+00	3.039797782897949219e+00
-2.333118915557861328e-01	1.702636599540710449e+00
7.358302593231201172e+00	-1.528311967849731445e-01
6.877729296684265137e-02	-2.807615995407104492e+00
1.444675922393798828e+00	4.254738807678222656e+00
1.047780895233154297e+01	4.281635284423828125e+00
1.250552654266357422e+00	-2.400683641433715820e+00
3.731323242187500000e+00	1.958592414855957031e+00
6.481690406799316406e+00	-2.062454223632812500e+00
3.999131441116333008e+00	8.950186371803283691e-01
3.535704374313354492e+00	-1.181576728820800781e+00
1.014920616149902344e+01	1.599681735038757324e+00
5.800900459289550781e+00	-2.286401271820068359e+00
2.570314168930053711e+00	-1.996934533119201660e+00
1.872642755508422852e+00	3.913250565528869629e-01
5.262894034385681152e-01	-1.035412192344665527e+00
5.389848947525024414e-01	2.726089715957641602e+00
3.887984156608581543e-01	-2.060700654983520508e+00
-1.717710375785827637e+00	3.493681430816650391e+00
-1.194489002227783203e+00	2.176720619201660156e+00
-7.184485793113708496e-01	6.627197742462158203e+00
2.517351865768432617e+00	5.004031062126159668e-01
-2.829717397689819336e+00	-6.292220950126647949e-01
1.108667328953742981e-01	4.401386737823486328e+00
3.622911930084228516e+00	2.099415063858032227e+00
4.753955900669097900e-01	-2.873114347457885742e+00
2.580542325973510742e+00	-3.567091822624206543e-01
-1.839823126792907715e+00	6.120835781097412109e+00
6.187783241271972656e+00	4.381049633026123047e+00
4.196466505527496338e-01	-2.677890539169311523e+00
-3.392590761184692383e+00	3.040494203567504883e+00
7.734778523445129395e-01	8.439715385437011719e+00
5.113634109497070312e+00	5.397196769714355469e+00
7.106657981872558594e+00	-1.486922740936279297e+00
2.030063122510910034e-01	-6.773762106895446777e-01
7.702681541442871094e+00	-1.093890145421028137e-01
3.072393178939819336e+00	-2.313704967498779297e+00
-2.293195009231567383e+00	3.668534040451049805e+00
-1.594397187232971191e+00	-2.486453294754028320e+00
-2.218514680862426758e-01	2.777732372283935547e+00
2.294200420379638672e+00	-1.269635319709777832e+00
3.579266786575317383e+00	-8.940215706825256348e-01
3.583572149276733398e+00	-2.900916814804077148e+00
3.848647832870483398e+00	1.273632884025573730e+00
-2.253191947937011719e+00	-8.808350563049316406e-01
-9.846591353416442871e-01	6.669584274291992188e+00
3.140510082244873047e+00	3.508105754852294922e+00
-3.424742937088012695e+00	3.055022716522216797e+00
8.322939872741699219e-01	-1.671538591384887695e+00
-1.193356871604919434e+00	2.859757184982299805e+00
2.942987680435180664e+00	-1.748519897460937500e+00
1.171638607978820801e+00	-2.955897331237792969e+00
6.029931068420410156e+00	-1.108255624771118164e+00
4.799410343170166016e+00	1.078461647033691406e+00
2.943942308425903320e+00	8.158826231956481934e-01
1.562395215034484863e+00	-7.390362620353698730e-01
-4.437534809112548828e+00	1.698841333389282227e+00
3.046635150909423828e+00	2.974608659744262695e+00
-9.537216424942016602e-01	1.928676009178161621e+00
9.827401161193847656e+00	1.485550284385681152e+00
-2.807312488555908203e+00	2.415087461471557617e+00
6.100317955017089844e+00	1.868636965751647949e+00
2.776724338531494141e+00	2.315995931625366211e+00
5.896250247955322266e+00	-3.765854835510253906e-01
-3.449684858322143555e+00	2.576803684234619141e+00
9.494829177856445312e-01	1.741430163383483887e+00
8.371914625167846680e-01	5.350252389907836914e-01
-1.895206794142723083e-02	6.230429649353027344e+00
7.064668655395507812e+00	-2.517064213752746582e-01
5.045397758483886719e+00	5.214419841766357422e+00
-2.326791524887084961e+00	3.339292049407958984e+00
2.715142726898193359e+00	-3.841281831264495850e-01
8.727718353271484375e+00	4.540548801422119141e+00
9.224924087524414062e+00	2.954247236251831055e+00
3.693659782409667969e+00	-6.496781706809997559e-01
2.600503921508789062e+00	-1.783120632171630859e+00
2.936246156692504883e+00	2.425533294677734375e+00
6.419951438903808594e+00	2.669358253479003906e+00
-2.584841549396514893e-01	-1.366117835044860840e+00
9.558531761169433594e+00	1.204643130302429199e+00
2.860472917556762695e+00	-1.440050363540649414e+00
2.533732652664184570e+00	3.029860496520996094e+00
1.892039656639099121e+00	5.693033695220947266e+00
-2.118305206298828125e+00	1.050227761268615723e+00
4.429646968841552734e+00	-2.080787420272827148e+00
1.073578119277954102e+00	2.737983942031860352e+00
4.543072283267974854e-01	-2.503398656845092773e+00
4.585146903991699219e-01	2.868799269199371338e-01
-7.762028574943542480e-01	1.540928006172180176e+00
-2.060621023178100586e+00	4.688480854034423828e+00
2.333478927612304688e+00	-6.917161941528320312e-01
-7.886834740638732910e-01	-1.228001415729522705e-01
-2.374109029769897461e+00	1.745382070541381836e+00
-2.786239385604858398e+00	9.982255101203918457e-01
2.071137666702270508e+00	1.636259436607360840e+00
4.938236236572265625e+00	-1.099636077880859375e+00
5.293973922729492188e+00	-1.215574979782104492e+00
-2.689365386962890625e+00	7.172319889068603516e+00
-3.985241413116455078e+00	1.169526815414428711e+00
5.283909797668457031e+00	-9.065689444541931152e-01
-8.252042531967163086e-01	3.070403575897216797e+00
3.859210491180419922e+00	2.839409828186035156e+00
7.181376934051513672e+00	2.504439353942871094e+00
5.465169906616210938e+00	-4.268013834953308105e-01
9.547146797180175781e+00	1.681692481040954590e+00
1.084893608093261719e+01	5.499966144561767578e+00
-4.370893955230712891e+00	2.031882762908935547e+00
-2.922363877296447754e-01	-2.460327625274658203e+00
1.817055225372314453e+00	-1.237562656402587891e+00
1.272373676300048828e+00	-3.615195751190185547e-01
6.976628780364990234e+00	2.013593673706054688e+00
-3.657369136810302734e+00	-1.503039717674255371e+00
2.317001342773437500e+00	-1.591085314750671387e+00
3.440233469009399414e+00	2.151870965957641602e+00
4.007381439208984375e+00	-1.745612025260925293e+00
-2.935975492000579834e-01	4.931798577308654785e-01
2.207050323486328125e+00	-5.160282254219055176e-01
-8.700501918792724609e-01	-2.637893915176391602e+00
-3.115636110305786133e+00	6.757199287414550781e+00
-3.104463815689086914e+00	-1.923349350690841675e-01
2.040292739868164062e+00	2.996789216995239258e-01
1.818281769752502441e+00	1.101820822805166245e-02
9.534445405006408691e-01	-4.317535758018493652e-01
-1.465685248374938965e+00	9.979001283645629883e-01
9.271929860115051270e-01	2.339329481124877930e+00
1.886733174324035645e+00	2.045983552932739258e+00
2.807875871658325195e+00	8.864291310310363770e-01
3.097223997116088867e+00	1.320528686046600342e-01
2.641535043716430664e+00	-1.205879688262939453e+00
3.772943258285522461e+00	5.847558498382568359e+00
1.962874978780746460e-01	4.685437679290771484e+00
-1.683362841606140137e+00	-5.978892445564270020e-01
1.831196784973144531e+00	5.748235583305358887e-01
-2.873765945434570312e+00	3.254928350448608398e+00
-5.326326489448547363e-01	4.818119525909423828e+00
9.889951348304748535e-01	5.288654804229736328e+00
-5.419253706932067871e-01	3.218866512179374695e-02
7.986656665802001953e+00	1.724555253982543945e+00
-2.999264717102050781e+00	-1.930872917175292969e+00
6.652245998382568359e+00	3.919596195220947266e+00
9.866232872009277344e+00	3.811345338821411133e+00
-9.204503893852233887e-01	1.526320815086364746e+00
-1.299951434135437012e+00	1.604531407356262207e-01
1.728489160537719727e+00	8.693966865539550781e-01
6.992115378379821777e-01	7.449346542358398438e+00
5.335407257080078125e+00	1.876052498817443848e+00
3.182799100875854492e+00	-4.271871745586395264e-01
3.625058412551879883e+00	1.209401369094848633e+00
-2.088519811630249023e+00	2.126879841089248657e-01
1.042252826690673828e+01	2.323078155517578125e+00
-4.134316444396972656e+00	1.874361872673034668e+00
2.972059011459350586e+00	5.955867767333984375e-01
-1.706143260002136230e+00	1.261471748352050781e+00
1.244949221611022949e+00	-1.178312778472900391e+00
6.719001770019531250e+00	-1.147944927215576172e+00
-1.301572203636169434e+00	1.359806895256042480e+00
5.081343650817871094e+00	1.527958214282989502e-01
4.534443855285644531e+00	3.186225891113281250e+00
3.246699571609497070e+00	2.470196247100830078e+00
5.588545799255371094e+00	-2.247426986694335938e+00
3.155480146408081055e+00	4.013649463653564453e+00
6.759808540344238281e+00	1.532938480377197266e-01
3.640304803848266602e+00	5.594926834106445312e+00
5.575760364532470703e+00	-2.209776878356933594e+00
1.695087671279907227e+00	3.203621625900268555e+00
4.846853256225585938e+00	2.024272918701171875e+00
4.842239379882812500e+00	-1.582394838333129883e+00
3.302219867706298828e+00	-1.441979765892028809e+00
2.349753141403198242e+00	5.537635326385498047e+00
4.111757755279541016e+00	1.216595411300659180e+00
-3.808627426624298096e-01	4.142723560333251953e+00
-3.404566287994384766e+00	-5.221506953239440918e-01
5.347955226898193359e+00	1.052456498146057129e+00
-3.143895626068115234e+00	7.773045301437377930e-01
1.032903575897216797e+01	4.465279579162597656e+00
1.893242716789245605e+00	2.507461786270141602e+00
1.196149230003356934e+00	1.304603219032287598e+00
3.504581212997436523e+00	3.360942602157592773e+00
2.617836296558380127e-01	1.930288672447204590e+00
-1.887692809104919434e+00	-1.201005101203918457e+00
-2.725230693817138672e+00	3.788744211196899414e+00
8.062770843505859375e+00	2.943961620330810547e+00
3.281231403350830078e+00	1.400519967079162598e+00
2.561657428741455078e+00	3.741559028625488281e+00
1.209598660469055176e+00	9.042912721633911133e-01
1.548816919326782227e+00	2.971105575561523438e+00
-2.993793010711669922e+00	3.004417419433593750e+00
1.895862460136413574e+00	2.473699331283569336e+00
4.298140048980712891e+00	2.101714611053466797e+00
-2.222925424575805664e+00	4.407713890075683594e+00
3.721886396408081055e+00	1.139152497053146362e-01
1.007153606414794922e+01	2.292297124862670898e+00
-1.726757526397705078e+00	2.314248561859130859e+00
4.014438092708587646e-01	8.623930215835571289e-01
-1.282612532377243042e-01	1.956536293029785156e+00
3.378818511962890625e+00	5.273504257202148438e+00
2.157043933868408203e+00	4.142585754394531250e+00
-2.952257156372070312e+00	2.647199928760528564e-01
9.413581848144531250e+00	1.786413669586181641e+00
6.286509037017822266e+00	-1.609631657600402832e+00
9.189100265502929688e+00	1.073634505271911621e+00
-4.047621250152587891e+00	2.210770606994628906e+00
-3.809288501739501953e+00	1.644077420234680176e+00
4.506992816925048828e+00	2.485398292541503906e+00
4.191112995147705078e+00	3.162315130233764648e+00
3.576879501342773438e+00	1.618023037910461426e+00
-4.032763957977294922e+00	1.990216970443725586e+00
5.090223550796508789e-01	7.443130016326904297e+00
5.206171035766601562e+00	1.026621341705322266e+00
-2.864331007003784180e+00	-1.796727418899536133e+00
5.574939250946044922e+00	6.315096020698547363e-01
3.239338994026184082e-01	7.351326465606689453e+00
6.121630668640136719e-01	2.882171630859375000e+00
6.623167514801025391e+00	2.997698783874511719e+00
8.369568824768066406e+00	2.987060546875000000e+00
2.249989986419677734e+00	1.803026348352432251e-01
1.826693177223205566e+00	-2.814887762069702148e+00
-5.073256492614746094e-01	-5.386378169059753418e-01
4.975481033325195312e-01	5.351125240325927734e+00
9.897218346595764160e-01	1.644785881042480469e+00
-1.258834749460220337e-01	6.473715305328369141e+00
-3.818367123603820801e-01	3.203261494636535645e-01
4.706120491027832031e+00	-1.864826202392578125e+00
1.939000844955444336e+00	2.293455362319946289e+00
2.090063393115997314e-01	3.280356407165527344e+00
-2.270486831665039062e+00	4.539410173892974854e-01
2.980929136276245117e+00	4.191610336303710938e+00
3.151783943176269531e+00	3.007946491241455078e+00
2.966575145721435547e+00	-2.813353240489959717e-01
2.402557373046875000e+00	2.148188591003417969e+00
3.794776439666748047e+00	4.649929046630859375e+00
5.285074710845947266e+00	-7.303985357284545898e-01
2.134055137634277344e+00	-2.838024139404296875e+00
-2.474601268768310547e+00	2.623630464076995850e-01
-2.927552938461303711e+00	4.353753566741943359e+00
4.250225067138671875e+00	3.980625867843627930e-01
5.797925472259521484e+00	5.206546783447265625e-01
8.540506362915039062e-01	-6.156195998191833496e-01
8.189694285392761230e-01	-3.432740569114685059e-01
-6.776071339845657349e-02	1.670998454093933105e+00
-3.650965929031372070e+00	-6.704842448234558105e-01
3.763830184936523438e+00	-2.260189294815063477e+00
-1.535996556282043457e+00	-8.776055574417114258e-01
4.441615343093872070e-01	3.247209072113037109e+00
2.085411787033081055e+00	9.407759308815002441e-01
-1.872879028320312500e+00	-7.970408797264099121e-01
-3.021445035934448242e+00	7.553012371063232422e-01
-1.913972377777099609e+00	-4.968435466289520264e-01
3.856056451797485352e+00	4.382396221160888672e+00
1.921354532241821289e+00	8.878557085990905762e-01
7.299605369567871094e+00	-1.337854623794555664e+00
6.529948234558105469e+00	1.110754489898681641e+00
5.579075336456298828e+00	2.604114294052124023e+00
-5.575203895568847656e-01	4.109236717224121094e+00
-2.879019260406494141e+00	6.586606502532958984e+00
6.860231399536132812e+00	2.813050746917724609e+00
-2.494150400161743164e+00	1.548147320747375488e+00
5.003573417663574219e+00	3.840628147125244141e+00
2.806739091873168945e+00	-4.024369269609451294e-02
1.663793623447418213e-01	-7.601061463356018066e-01
5.876672267913818359e+00	9.415021538734436035e-01
6.747640132904052734e+00	-1.410644173622131348e+00
6.062622547149658203e+00	3.093998432159423828e+00
-4.045942783355712891e+00	1.495663285255432129e+00
1.853413462638854980e+00	2.711622476577758789e+00
2.246346175670623779e-01	4.244593620300292969e+00
-1.657043576240539551e+00	1.362225413322448730e+00
8.742146939039230347e-02	1.909448385238647461e+00
-1.985608816146850586e+00	5.284260213375091553e-02
2.748629093170166016e+00	-1.447209119796752930e+00
3.304598569869995117e+00	2.233689069747924805e+00
8.705918312072753906e+00	3.775288820266723633e+00
1.546594500541687012e+00	3.640878796577453613e-01
-1.377725452184677124e-01	9.186002612113952637e-01
9.151853561401367188e+00	1.964511156082153320e+00
4.156041145324707031e+00	2.252279281616210938e+00
7.656927704811096191e-01	3.035316944122314453e+00
-3.521703928709030151e-02	-1.076047897338867188e+00
1.310941338539123535e+00	5.565438747406005859e+00
4.856329917907714844e+00	6.105459332466125488e-01
4.228021144866943359e+00	1.086672544479370117e-01
2.367806196212768555e+00	-1.280989050865173340e+00
3.062020063400268555e+00	1.770624756813049316e+00
1.887443661689758301e+00	-1.318644523620605469e+00
-8.313382416963577271e-02	-6.765040159225463867e-01
6.091452598571777344e+00	2.519015312194824219e+00
2.225291013717651367e+00	1.373799800872802734e+00
1.385354399681091309e+00	3.787040948867797852e+00
6.164138317108154297e-01	1.207585692405700684e+00
8.225691318511962891e-01	2.412695884704589844e+00
5.018708229064941406e+00	-2.642528295516967773e+00
-2.935502827167510986e-01	4.021503448486328125e+00
3.875336170196533203e+00	-2.055317401885986328e+00
1.979410052299499512e-01	7.664662837982177734e+00
7.422806262969970703e+00	2.189008712768554688e+00
4.194489479064941406e+00	1.685131072998046875e+00
-1.739829659461975098e+00	2.349234580993652344e+00
4.633448600769042969e+00	-2.840634346008300781e+00
3.700638294219970703e+00	4.815627336502075195e-01
-7.512223720550537109e-01	2.472708940505981445e+00
2.616100311279296875e-01	1.593352794647216797e+00
4.375633716583251953e+00	2.118126392364501953e+00
-4.507536888122558594e+00	1.415472269058227539e+00
-1.769006550312042236e-01	4.764482021331787109e+00
-9.459971189498901367e-01	-6.568931341171264648e-01
7.067614197731018066e-01	4.701496601104736328e+00
-1.784757375717163086e+00	2.461940944194793701e-01
1.249181151390075684e+00	5.425992608070373535e-01
5.340514659881591797e+00	-9.276843070983886719e-01
4.490056037902832031e+00	-3.360227048397064209e-01
-1.321785926818847656e+00	-1.133533716201782227e+00
2.220325469970703125e+00	3.096807241439819336e+00
-1.489097595214843750e+00	8.212764739990234375e+00
3.883551120758056641e+00	2.614718437194824219e+00
-4.674822390079498291e-01	2.367316007614135742e+00
7.794725894927978516e+00	-4.427140653133392334e-01
-2.131658941507339478e-01	4.998676300048828125e+00
2.923013687133789062e+00	1.128412723541259766e+00
1.991177320480346680e+00	-1.766937971115112305e+00
7.968930244445800781e+00	2.433441638946533203e+00
3.139557838439941406e+00	-1.986431598663330078e+00
9.746244430541992188e+00	1.964841961860656738e+00
5.207539081573486328e+00	1.255702823400497437e-01
-6.277171969413757324e-01	2.536936521530151367e+00
1.065680831670761108e-01	7.148923873901367188e+00
3.316022872924804688e+00	-1.193462133407592773e+00
6.581810951232910156e+00	2.980782747268676758e+00
3.351128816604614258e+00	3.884529829025268555e+00
8.742580413818359375e-01	-1.088682711124420166e-01
1.616681098937988281e+00	1.218940973281860352e+00
1.542545080184936523e+00	-2.356832027435302734e+00
2.429011911153793335e-01	8.968680381774902344e+00
9.899497032165527344e-02	7.433470249176025391e+00
1.937413811683654785e+00	-1.698899507522583008e+00
-2.392954587936401367e+00	4.119898796081542969e+00
-1.062688827514648438e+00	1.787138462066650391e+00
3.884707450866699219e+00	3.532069683074951172e+00
5.578226566314697266e+00	2.534028291702270508e+00
-2.425280094146728516e+00	1.385884165763854980e+00
6.801863670349121094e+00	3.335627317428588867e+00
4.971490383148193359e+00	-2.422492742538452148e+00
5.280967235565185547e+00	1.900429129600524902e+00
-1.984782576560974121e+00	2.563791573047637939e-01
3.065850257873535156e+00	1.307978987693786621e+00
8.642539978027343750e+00	6.585498899221420288e-02
7.435889720916748047e+00	-1.204971194267272949e+00
4.142901897430419922e+00	-3.085616827011108398e+00
-6.207242012023925781e-01	2.536899089813232422e+00
1.059021949768066406e+01	4.477385997772216797e+00
-2.053181171417236328e+00	2.031185477972030640e-01
-1.277397871017456055e+00	4.514120578765869141e+00
2.342417389154434204e-01	2.576326608657836914e+00
4.013963222503662109e+00	3.712238311767578125e+00
6.195379257202148438e+00	2.247008800506591797e+00
2.529757738113403320e+00	-2.495592355728149414e+00
3.239378929138183594e+00	9.583582878112792969e-01
7.886105060577392578e+00	6.231526136398315430e-01
1.344697475433349609e+00	-3.095827579498291016e+00
4.588843822479248047e+00	-1.111859917640686035e+00
6.080066561698913574e-01	4.855949878692626953e+00
2.330458164215087891e+00	3.417181730270385742e+00
9.758508682250976562e+00	1.857537508010864258e+00
2.843253873288631439e-02	-1.751263022422790527e+00
2.536665678024291992e+00	8.543312549591064453e-01
1.934145092964172363e+00	2.362401962280273438e+00
6.677469730377197266e+00	-1.833877086639404297e+00
2.971693992614746094e+00	-1.476765155792236328e+00
3.191167354583740234e+00	5.143109798431396484e+00
-2.128448486328125000e+00	7.642874121665954590e-02
5.798164367675781250e+00	5.787965059280395508e-01
5.127918124198913574e-01	5.110823154449462891e+00
-7.243084311485290527e-01	1.492685198783874512e+00
6.055395603179931641e+00	2.305854082107543945e+00
-2.959874629974365234e+00	1.536475539207458496e+00
1.604364514350891113e+00	-2.197621822357177734e+00
3.172107696533203125e+00	-1.966956377029418945e+00
4.044999599456787109e+00	-2.776299238204956055e+00
-1.921697258949279785e+00	-1.806428074836730957e+00
7.346016407012939453e+00	-1.253910213708877563e-01
2.824635505676269531e+00	3.435514211654663086e+00
5.145031213760375977e-01	3.430150032043457031e+00
2.999246835708618164e+00	3.242143392562866211e+00
8.035379409790039062e+00	3.230268239974975586e+00
-1.587859749794006348e+00	7.901442646980285645e-01
4.841972351074218750e+00	-7.141800522804260254e-01
4.051043510437011719e+00	1.144091486930847168e+00
-3.271016359329223633e+00	6.427471160888671875e+00
-3.934826135635375977e+00	4.548104405403137207e-01
4.450861454010009766e+00	7.445661425590515137e-01
3.961921691894531250e+00	-1.050712823867797852e+00
6.987549781799316406e+00	-3.095956519246101379e-02
1.035045623779296875e+00	-1.585852503776550293e-01
-5.684179663658142090e-01	1.989757657051086426e+00
1.908945441246032715e+00	3.009549856185913086e+00
8.849224448204040527e-01	-8.935041427612304688e-01
-1.422002792358398438e+00	-2.636985063552856445e+00
3.789090871810913086e+00	-2.666054725646972656e+00
-1.157168745994567871e+00	-1.526413917541503906e+00
2.700931787490844727e+00	-2.322515100240707397e-01
1.813367843627929688e+00	-7.455189228057861328e-01
-3.876131176948547363e-01	-2.076563358306884766e+00
1.780226945877075195e+00	1.899800896644592285e+00
6.291466236114501953e+00	1.330718249082565308e-01
5.280620098114013672e+00	-2.516784191131591797e+00
7.180507779121398926e-01	-8.768221735954284668e-01
-1.355466127395629883e+00	-2.746967315673828125e+00
-1.972989797592163086e+00	-2.060476392507553101e-01
3.609835147857666016e+00	-4.530168771743774414e-01
-5.648566484451293945e-01	1.031567692756652832e+00
6.294819831848144531e+00	1.776371955871582031e+00
6.383166313171386719e+00	2.222144365310668945e+00
2.499575614929199219e+00	-2.181348204612731934e-01
2.150120258331298828e+00	-2.407295942306518555e+00
-2.009968519210815430e+00	-1.586312055587768555e+00
-1.723723173141479492e+00	-2.708801746368408203e+00
2.198695182800292969e+00	1.242997407913208008e+00
3.048686027526855469e+00	3.346789479255676270e-01
2.024265050888061523e+00	1.815424561500549316e-01
7.502745389938354492e-01	3.377934932708740234e+00
9.411463737487792969e+00	8.497997522354125977e-01
1.058666229248046875e+01	5.242738723754882812e+00
5.635886669158935547e+00	-3.135461509227752686e-01
-3.601664304733276367e+00	1.028143525123596191e+00
9.434585571289062500e-01	4.678197383880615234e+00
-1.756958842277526855e+00	-9.236477613449096680e-01
4.100741863250732422e+00	2.185685873031616211e+00
4.883258342742919922e+00	-1.608282446861267090e+00
1.249495267868041992e+00	1.282905578613281250e+00
-9.797137975692749023e-01	7.549968957901000977e-01
-1.155653834342956543e+00	-1.874976634979248047e+00
-2.247203826904296875e+00	5.216798186302185059e-01
3.346916437149047852e+00	-6.566921472549438477e-01
1.089651346206665039e+00	-1.850502014160156250e+00
9.651125907897949219e+00	4.081693172454833984e+00
8.287712097167968750e+00	-3.909261226654052734e-01
7.146717905998229980e-01	-1.976366877555847168e+00
3.088904619216918945e+00	-1.417835474014282227e+00
-1.027583837509155273e+00	1.386174201965332031e+00
-2.227497339248657227e+00	1.057600378990173340e+00
-1.944923281669616699e+00	2.859508514404296875e+00
-8.285888433456420898e-01	2.851468563079833984e+00
6.947913646697998047e+00	3.944028854370117188e+00
-3.969141483306884766e+00	1.739978551864624023e+00
4.596107482910156250e+00	-2.711778879165649414e+00
3.286843538284301758e+00	-1.456112980842590332e+00
3.355198383331298828e+00	-2.328830480575561523e+00
1.216636419296264648e+00	-1.974731683731079102e+00
7.655866146087646484e-01	1.420471429824829102e+00
7.815477848052978516e+00	4.775581836700439453e+00
5.901429176330566406e+00	-2.255456209182739258e+00
-5.677029490470886230e-02	1.444558143615722656e+00
1.815840244293212891e+00	-5.781966075301170349e-02
1.401357054710388184e-01	-2.208319902420043945e+00
7.704752922058105469e+00	4.611173629760742188e+00
2.138444900512695312e+00	-2.180444478988647461e+00
-2.437015295028686523e+00	8.020130157470703125e+00
-3.310624361038208008e+00	1.572610378265380859e+00
5.698769092559814453e+00	2.352228164672851562e+00
-1.522207140922546387e+00	1.161343336105346680e+00
2.718728780746459961e+00	-3.045577526092529297e+00
-1.391774713993072510e-01	9.390814900398254395e-01
2.112060070037841797e+00	2.742884635925292969e+00
3.063729524612426758e+00	2.318771839141845703e+00
-1.013653755187988281e+00	3.417745590209960938e+00
-8.445108532905578613e-01	6.133682250976562500e+00
-3.920502185821533203e+00	7.728239893913269043e-01
-2.053623914718627930e+00	2.583328962326049805e+00
-2.400841474533081055e+00	4.361557960510253906e+00
1.647434830665588379e+00	4.279215335845947266e+00
8.799027442932128906e+00	1.997811555862426758e+00
-6.472933292388916016e-01	2.027590513229370117e+00
2.736980915069580078e+00	3.979880213737487793e-01
5.709004878997802734e+00	-8.330026865005493164e-01
4.804924488067626953e+00	2.388879776000976562e+00
1.826026439666748047e+00	5.219744682312011719e+00
-2.235548734664916992e+00	-4.144624471664428711e-01
3.738884449005126953e+00	-1.719521284103393555e+00
7.068612575531005859e+00	3.643397331237792969e+00
-3.220295429229736328e+00	5.859089374542236328e+00
5.240369796752929688e+00	-1.532936811447143555e+00
1.783362984657287598e+00	1.919076889753341675e-01
5.642825126647949219e+00	4.263851165771484375e+00
2.260290384292602539e+00	2.023010730743408203e+00
1.862403899431228638e-01	-1.218240737915039062e+00
-3.352871894836425781e+00	-1.705196142196655273e+00
5.689212322235107422e+00	1.805909514427185059e+00
2.030789375305175781e+00	-6.440140008926391602e-01
1.160811543464660645e+00	6.595355868339538574e-01
-4.129276275634765625e+00	1.742593765258789062e+00
1.575347423553466797e+00	5.461819171905517578e+00
6.555117607116699219e+00	3.944932937622070312e+00
4.953357219696044922e+00	-1.417165756225585938e+00
6.434129714965820312e+00	1.367795228958129883e+00
1.126051425933837891e+00	2.944237470626831055e+00
4.177218437194824219e+00	1.373003959655761719e+00
-3.992321014404296875e+00	2.653350353240966797e+00
-6.876583099365234375e-01	-6.587066650390625000e-01
8.515865325927734375e+00	2.584172487258911133e+00
-2.142716944217681885e-01	4.649017333984375000e+00
-4.128362238407135010e-01	4.466769099235534668e-01
-1.242204308509826660e+00	-2.005621910095214844e+00
3.804852962493896484e+00	1.325492113828659058e-01
-2.965759038925170898e+00	1.117991447448730469e+00
2.515913248062133789e+00	1.291944503784179688e+00
5.996534824371337891e+00	2.167530775070190430e+00
-2.365902900695800781e+00	9.121654033660888672e-01
9.226369857788085938e+00	1.722264885902404785e+00
4.439080715179443359e+00	-2.393383979797363281e+00
-1.061516046524047852e+00	1.895077705383300781e+00
8.751564979553222656e+00	3.550096154212951660e-01
-2.448581457138061523e+00	-1.682548671960830688e-01
5.537894725799560547e+00	4.000303745269775391e+00
1.662908911705017090e+00	-1.846565961837768555e+00
-2.875170230865478516e+00	-2.012838602066040039e+00
5.378382802009582520e-01	2.983233690261840820e+00
-4.084373474121093750e+00	1.475415825843811035e+00
-3.611002206802368164e+00	2.770685434341430664e+00
8.874413490295410156e+00	1.596015453338623047e+00
7.940701842308044434e-01	2.205853350460529327e-02
-9.364960193634033203e-01	2.253472954034805298e-01
1.882834076881408691e+00	9.230796813964843750e+00
-2.348951816558837891e+00	5.578683853149414062e+00
-2.072939157485961914e+00	5.446585655212402344e+00
7.840460300445556641e+00	3.603774070739746094e+00
9.813587188720703125e+00	3.890257596969604492e+00
-1.839499354362487793e+00	-1.216339230537414551e+00
-1.934575080871582031e+00	6.121184349060058594e+00
2.551798343658447266e+00	-1.494838356971740723e+00
3.475255250930786133e+00	3.267531156539916992e+00
7.314514636993408203e+00	5.178970336914062500e+00
9.872093200683593750e+00	1.561431050300598145e+00
7.358101844787597656e+00	4.483649253845214844e+00
3.221015214920043945e+00	-1.820911407470703125e+00
-3.053506135940551758e+00	2.181984901428222656e+00
1.358013987541198730e+00	9.472014427185058594e+00
2.226918190717697144e-01	2.382390975952148438e+00
8.385653495788574219e+00	9.547731280326843262e-01
3.693894386291503906e+00	2.991074562072753906e+00
7.126045703887939453e+00	-6.197490096092224121e-01
2.283622264862060547e+00	4.047354221343994141e+00
3.685378313064575195e+00	-2.644412994384765625e+00
-3.727499162778258324e-03	3.935038328170776367e+00
7.064170837402343750e-01	2.390041828155517578e+00
7.371827125549316406e+00	5.425424575805664062e+00
7.153232097625732422e+00	4.690622806549072266e+00
-5.443859845399856567e-03	9.257462501525878906e+00
1.899917483329772949e+00	-7.022557258605957031e-01
-4.823438823223114014e-01	4.635201454162597656e+00
-2.903953075408935547e+00	-1.060824632644653320e+00
-2.536992549896240234e+00	-3.055583536624908447e-01
6.212784722447395325e-02	6.336533546447753906e+00
-1.030218243598937988e+00	-1.315590888261795044e-01
5.630153656005859375e+00	-2.469084501266479492e+00
1.178174614906311035e+00	-1.544225811958312988e+00
2.663355588912963867e+00	2.874186277389526367e+00
-1.836975693702697754e+00	2.825036048889160156e-01
5.505100727081298828e+00	-1.545485615730285645e+00
3.606640577316284180e+00	-1.016757130622863770e+00
1.944098711013793945e+00	-7.922034859657287598e-01
-1.088971495628356934e+00	-8.471215367317199707e-01
-1.129479169845581055e+00	5.992470383644104004e-01
4.541019916534423828e+00	5.312045812606811523e-01
2.390239238739013672e+00	1.313349008560180664e-01
-7.448285222053527832e-01	-4.822891950607299805e-01
7.195259094238281250e+00	-4.120418131351470947e-01
6.328331470489501953e+00	3.172579526901245117e+00
3.119559288024902344e+00	-1.209593176841735840e+00
9.406536102294921875e+00	1.235152363777160645e+00
4.611718654632568359e+00	5.644899845123291016e+00
5.276251316070556641e+00	-2.015040159225463867e+00
-8.738852143287658691e-01	9.524228572845458984e-01
-1.650322079658508301e-01	-7.333290576934814453e-02
4.527547836303710938e+00	5.034931898117065430e-01
3.969213366508483887e-01	4.220827579498291016e+00
4.514482021331787109e+00	1.367409229278564453e+00
2.726736307144165039e+00	-5.501360297203063965e-01
-1.634192705154418945e+00	2.241984128952026367e+00
2.453027009963989258e+00	2.902126550674438477e+00
3.901783943176269531e+00	3.854238986968994141e+00
3.867676258087158203e+00	3.471834659576416016e+00
2.768600881099700928e-01	1.606675386428833008e+00
6.138058185577392578e+00	4.739822864532470703e+00
-9.569891691207885742e-01	-1.889193177223205566e+00
9.917706489562988281e+00	1.397163033485412598e+00
4.709646224975585938e+00	-2.867855072021484375e+00
3.951388835906982422e+00	1.304849147796630859e+00
7.743268013000488281e+00	2.379596710205078125e+00
3.356932640075683594e+00	2.895588159561157227e+00
3.848300457000732422e+00	5.431801795959472656e+00
3.825603723526000977e+00	2.827689409255981445e+00
1.888100385665893555e+00	-2.179613709449768066e-01
5.724124312400817871e-01	2.997196435928344727e+00
-1.804654479026794434e+00	-2.611853361129760742e+00
1.288973689079284668e-01	4.848230838775634766e+00
5.583195686340332031e+00	-7.234836220741271973e-01
-2.101184129714965820e+00	-6.215752959251403809e-01
8.863891363143920898e-01	-1.364765048027038574e+00
-1.742520928382873535e+00	-1.665652155876159668e+00
-3.585835099220275879e-01	6.903259277343750000e+00
-2.213278055191040039e+00	-3.148318231105804443e-01
1.907988667488098145e+00	2.881310701370239258e+00
1.763173580169677734e+00	-2.767968177795410156e+00
6.183274388313293457e-01	3.812783241271972656e+00
7.213635444641113281e+00	3.528225421905517578e+00
4.820004940032958984e+00	3.585051774978637695e+00
4.729346752166748047e+00	1.533349275588989258e+00
8.231816291809082031e+00	1.870977640151977539e+00
1.807595372200012207e+00	9.008687734603881836e-01
4.792787551879882812e+00	-1.073117405176162720e-01
6.471367359161376953e+00	4.110607147216796875e+00
-2.933201193809509277e-01	-2.357554674148559570e+00
6.291346549987792969e-01	2.012748569250106812e-01
5.228507518768310547e+00	-2.753001213073730469e+00
6.243865489959716797e+00	-2.270629882812500000e+00
1.146926879882812500e-01	-7.985064387321472168e-01
-6.894879341125488281e-01	4.489814281463623047e+00
3.905208587646484375e+00	1.471367597579956055e+00
5.481885433197021484e+00	3.882136642932891846e-01
-2.308839559555053711e+00	7.451490759849548340e-01
7.697687625885009766e+00	-9.049239158630371094e-01
2.872861862182617188e+00	3.376929283142089844e+00
-1.962872862815856934e+00	4.789269447326660156e+00
1.691544532775878906e+00	5.615095615386962891e+00
8.980883598327636719e+00	3.267798185348510742e+00
1.647457242012023926e+00	2.325778007507324219e+00
6.138062953948974609e+00	4.180534839630126953e+00
2.847270965576171875e+00	-4.407057166099548340e-01
8.991016387939453125e+00	1.199696421623229980e+00
-1.652607917785644531e+00	7.867640018463134766e+00
6.475345611572265625e+00	-1.500145792961120605e+00
-2.319889545440673828e+00	2.060376405715942383e-01
-3.297093808650970459e-01	2.186751365661621094e+00
1.271923899650573730e+00	4.856083869934082031e+00
3.677124977111816406e-01	-1.415185570716857910e+00
2.976392745971679688e+00	-1.235113739967346191e+00
6.737133502960205078e+00	3.165352106094360352e+00
4.920644283294677734e+00	-2.923474550247192383e+00
7.814861774444580078e+00	3.385520935058593750e+00
4.398150742053985596e-01	2.508676767349243164e+00
7.516879439353942871e-01	-2.330038070678710938e+00
7.739273071289062500e+00	3.557580947875976562e+00
4.410879611968994141e+00	2.243569135665893555e+00
2.877810955047607422e+00	3.294537305831909180e+00
1.020651459693908691e+00	5.369142532348632812e+00
-1.339734673500061035e+00	1.869519710540771484e+00
5.601850152015686035e-01	3.129475593566894531e+00
8.665434718132019043e-01	4.769424915313720703e+00
-2.131826281547546387e-01	1.255505681037902832e+00
3.376725435256958008e+00	4.865511059761047363e-01
-2.379282474517822266e+00	-1.797142148017883301e+00
3.833009243011474609e+00	2.682438373565673828e+00
-2.705735206604003906e+00	6.596849441528320312e+00
3.344619750976562500e+00	-2.109519958496093750e+00
2.400003910064697266e+00	1.720842123031616211e+00
-3.683943748474121094e+00	-1.285317420959472656e+00
4.758155345916748047e+00	3.697815895080566406e+00
6.406397819519042969e+00	1.062581777572631836e+00
-1.707483649253845215e+00	3.716748952865600586e+00
7.015896439552307129e-01	3.009413242340087891e+00
-2.218335866928100586e+00	5.197605609893798828e+00
2.464649438858032227e+00	2.500835657119750977e+00
-4.052997589111328125e+00	7.353870272636413574e-01
2.185030221939086914e+00	3.479786872863769531e+00
6.461629390716552734e+00	2.706951618194580078e+00
-1.943116307258605957e+00	2.727917194366455078e+00
7.048222064971923828e+00	-1.114498615264892578e+00
-3.703631639480590820e+00	-1.229703426361083984e+00
1.185913681983947754e+00	2.322916746139526367e+00
4.772786617279052734e+00	2.838132858276367188e+00
1.849154353141784668e+00	2.360649824142456055e+00
3.409259796142578125e+00	4.542274475097656250e+00
-1.266517639160156250e+00	3.240663766860961914e+00
-2.568620443344116211e+00	6.492835879325866699e-01
-2.441597223281860352e+00	8.869103789329528809e-01
1.368564486503601074e+00	7.148209214210510254e-01
-3.279573678970336914e+00	-1.886436700820922852e+00
1.027908802032470703e+01	1.909050107002258301e+00
-7.201966047286987305e-01	3.189967274665832520e-01
-3.727530241012573242e+00	1.908179283142089844e+00
-2.679222106933593750e+00	3.577299714088439941e-01
6.391288757324218750e+00	2.400349378585815430e+00
1.951767802238464355e+00	-3.222187280654907227e+00
3.107176065444946289e+00	5.597770959138870239e-02
2.820712089538574219e+00	-1.692665934562683105e+00
-1.314816355705261230e+00	-2.338580369949340820e+00
-1.495986819267272949e+00	2.816698789596557617e+00
3.836191177368164062e+00	-9.956475496292114258e-01
-5.622413754463195801e-01	-1.951558709144592285e+00
7.349517822265625000e+00	3.085464477539062500e+00
8.416543960571289062e+00	8.004972338676452637e-01
8.294621467590332031e+00	3.242375373840332031e+00
-1.747943162918090820e+00	-9.542587995529174805e-01
-5.765183568000793457e-01	8.371713638305664062e+00
3.842740774154663086e+00	8.750563263893127441e-01
1.385719299316406250e+00	4.038116455078125000e+00
-7.758121490478515625e-01	-1.431408524513244629e-01
-3.105689048767089844e+00	-1.227041006088256836e+00
1.158726692199707031e+00	-2.484831094741821289e+00
5.367569446563720703e+00	1.423861533403396606e-01
5.700021266937255859e+00	8.435571789741516113e-01
-7.562716007232666016e-01	-2.334793508052825928e-01
9.061948657035827637e-01	1.996785044670104980e+00
1.074303627014160156e+00	-1.535840272903442383e+00
1.050370216369628906e+00	2.246115207672119141e+00
6.697288990020751953e+00	1.601773023605346680e+00
-1.277706146240234375e+00	7.580692172050476074e-01
-2.148198127746582031e+00	-2.034365415573120117e+00
1.388720035552978516e+00	4.547138690948486328e+00
8.029024004936218262e-01	1.567228198051452637e+00
-6.525990366935729980e-01	8.991735458374023438e+00
6.182816505432128906e+00	-1.596637815237045288e-01
5.915544509887695312e+00	-1.857815384864807129e+00
1.666870355606079102e+00	-2.171011686325073242e+00
2.729692935943603516e+00	4.307397365570068359e+00
-3.019905328750610352e+00	1.907174825668334961e+00
-4.141217708587646484e+00	5.348212122917175293e-01
2.751181125640869141e+00	3.464566469192504883e-01
7.427091598510742188e+00	-1.007892251014709473e+00
4.778385162353515625e-03	-1.410216331481933594e+00
-2.461993455886840820e+00	-1.436088800430297852e+00
-2.327451944351196289e+00	2.837671279907226562e+00
2.194226026535034180e+00	1.784753561019897461e+00
2.568908214569091797e+00	7.537669539451599121e-01
-4.634624421596527100e-01	-1.248810291290283203e+00
1.055643463134765625e+01	4.082615852355957031e+00
-4.587447643280029297e+00	1.588788151741027832e+00
2.805850028991699219e+00	3.980678558349609375e+00
-1.157267451286315918e+00	2.122085571289062500e+00
-3.015667438507080078e+00	3.014085054397583008e+00
3.744178295135498047e+00	2.699481964111328125e+00
-1.438223123550415039e+00	5.005133628845214844e+00
4.116624832153320312e+00	3.089047908782958984e+00
5.203466415405273438e-01	2.541154384613037109e+00
-4.076493263244628906e+00	2.484729528427124023e+00
-2.012239456176757812e+00	7.446845062077045441e-03
8.766596317291259766e-01	5.822007656097412109e-01
4.114493370056152344e+00	-1.966589331626892090e+00
4.843587875366210938e+00	6.822454333305358887e-01
3.463230431079864502e-01	9.249480068683624268e-02
-6.176733374595642090e-01	4.244432449340820312e-01
6.992668628692626953e+00	-5.101625323295593262e-01
3.548285722732543945e+00	-7.548901438713073730e-01
1.479845792055130005e-01	-8.928110599517822266e-01
3.044031858444213867e+00	-2.276839733123779297e+00
1.764239430427551270e+00	2.005585432052612305e+00
5.264729499816894531e+00	5.727228641510009766e+00
6.351722717285156250e+00	8.489360213279724121e-01
2.419765472412109375e+00	2.833217382431030273e-01
4.164068698883056641e+00	-2.757495164871215820e+00
8.035334348678588867e-01	8.644879341125488281e+00
3.917091786861419678e-01	3.318858146667480469e+00
7.209408760070800781e+00	1.791953682899475098e+00
-4.177756786346435547e+00	9.288841485977172852e-01
-5.171725749969482422e-01	1.685972571372985840e+00
-1.734799504280090332e+00	-2.752303123474121094e+00
2.683962583541870117e+00	7.343252897262573242e-01
-9.026186466217041016e-01	2.676382541656494141e+00
-3.039694309234619141e+00	-1.773067712783813477e+00
7.765367031097412109e+00	2.737513542175292969e+00
4.409041881561279297e+00	-1.569835901260375977e+00
9.921410560607910156e+00	4.702342987060546875e+00
9.081748962402343750e+00	3.837521672248840332e-01
3.583477020263671875e+00	5.560536384582519531e+00
-2.879568099975585938e+00	-1.064442992210388184e+00
-4.181536436080932617e-01	7.299794673919677734e+00
-6.133922562003135681e-02	5.029290914535522461e-01
3.225340247154235840e-01	2.407061576843261719e+00
-2.808649539947509766e+00	1.763775229454040527e+00
6.519155979156494141e+00	7.973613739013671875e-01
-3.968975782394409180e+00	1.697897911071777344e+00
1.937389969825744629e+00	4.219310283660888672e-01
6.447126865386962891e+00	2.702691078186035156e+00
5.430157184600830078e-01	2.055248022079467773e+00
2.125214815139770508e+00	1.642750263214111328e+00
1.387486934661865234e+00	-2.259990453720092773e+00
-2.554140806198120117e+00	-1.031533122062683105e+00
6.391807556152343750e+00	-1.450806856155395508e+00
1.755152583122253418e+00	5.187916755676269531e+00
4.831893444061279297e+00	5.583411693572998047e+00
8.909766674041748047e-01	1.685682535171508789e+00
6.585057735443115234e+00	-1.716964840888977051e+00
3.716369152069091797e+00	1.517843604087829590e+00
4.763781726360321045e-01	3.727405548095703125e+00
3.365892410278320312e+00	1.685685634613037109e+00
2.306682765483856201e-01	8.032626152038574219e+00
-1.684389233589172363e+00	-1.813577055931091309e+00
5.443378925323486328e+00	3.121564149856567383e+00
5.011354446411132812e+00	2.711425781250000000e+00
-1.493199706077575684e+00	1.749192953109741211e+00
8.143993377685546875e+00	2.572947263717651367e+00
3.537900924682617188e+00	-2.127011775970458984e+00
1.334445953369140625e+00	-2.130696296691894531e+00
5.830786228179931641e+00	3.289238452911376953e+00
-2.698860406875610352e+00	7.294503688812255859e+00
3.191045999526977539e+00	4.464669227600097656e+00
-1.980772376060485840e+00	4.278804063796997070e-01
7.682622432708740234e+00	4.884759426116943359e+00
-1.147368907928466797e+00	1.551950454711914062e+00
2.273092269897460938e+00	4.894449234008789062e+00
3.663399696350097656e+00	1.824808239936828613e+00
-3.344747304916381836e+00	5.669424057006835938e+00
-2.175870418548583984e+00	6.729332923889160156e+00
7.421857833862304688e+00	2.822230577468872070e+00
-1.837172865867614746e+00	-2.620270729064941406e+00
-1.527680516242980957e+00	1.041968345642089844e+00
7.892428398132324219e+00	2.185000181198120117e+00
-1.679341793060302734e+00	-7.557789087295532227e-01
-2.352665811777114868e-01	6.742865085601806641e+00
4.088698863983154297e+00	1.954963684082031250e+00
1.007963538169860840e+00	3.361989498138427734e+00
4.977414131164550781e+00	1.149043321609497070e+00
-4.317330420017242432e-01	-1.034659504890441895e+00
-1.249640509486198425e-01	4.139557778835296631e-01
9.995421409606933594e+00	4.302542209625244141e+00
3.265670239925384521e-01	3.632043838500976562e+00
2.455092668533325195e+00	2.278480052947998047e+00
-4.084030151367187500e+00	4.077949225902557373e-01
1.105171489715576172e+01	5.761247158050537109e+00
4.820587158203125000e+00	2.775472640991210938e+00
-1.278209686279296875e+00	1.798578023910522461e+00
-2.271025180816650391e+00	-1.035810232162475586e+00
-1.863820075988769531e+00	-2.120517939329147339e-02
2.114029407501220703e+00	3.511810779571533203e+00
-1.661855578422546387e+00	1.033319473266601562e+00
-1.553823828697204590e+00	7.316415309906005859e+00
3.113025188446044922e+00	8.855277299880981445e-01
4.339125156402587891e+00	1.614195585250854492e+00
-4.235526084899902344e+00	1.026197671890258789e+00
1.335652232170104980e+00	3.643649339675903320e+00
1.602113604545593262e+00	-4.891336858272552490e-01
1.453065395355224609e+00	-2.715652704238891602e+00
-3.218837738037109375e+00	2.759838581085205078e+00
4.868259429931640625e-01	1.793779730796813965e+00
-3.238966166973114014e-01	2.440163373947143555e+00
2.034527808427810669e-02	4.319564342498779297e+00
2.118823528289794922e-01	7.423129558563232422e+00
-3.677766799926757812e+00	9.243263602256774902e-01
6.078184843063354492e-01	3.682217895984649658e-01
1.040664100646972656e+01	3.467939376831054688e+00
-1.629320085048675537e-01	1.058335006237030029e-01
-2.434754371643066406e+00	5.286403179168701172e+00
-4.077358722686767578e+00	-5.607154369354248047e-01
-2.035412073135375977e+00	5.393937587738037109e+00
4.049784660339355469e+00	-1.665307402610778809e+00
2.176974534988403320e+00	-8.378639221191406250e-01
-1.276078462600708008e+00	2.215479135513305664e+00
9.766475677490234375e+00	1.289298415184020996e+00
4.477251529693603516e+00	4.446568965911865234e+00
-1.169650554656982422e+00	-2.043198585510253906e+00
4.689641475677490234e+00	5.665900707244873047e-01
3.926023244857788086e-01	-2.794243395328521729e-01
1.737836360931396484e+00	-2.551360607147216797e+00
3.937118053436279297e+00	3.895396947860717773e+00
-1.238436102867126465e-01	3.530070304870605469e+00
8.981726646423339844e+00	2.215663909912109375e+00
6.167583465576171875e+00	-2.038783788681030273e+00
9.907387733459472656e+00	4.672256946563720703e+00
-3.031436681747436523e+00	3.029278993606567383e+00
-3.146928310394287109e+00	-1.912790060043334961e+00
7.695814371109008789e-01	9.507398009300231934e-01
-1.732169270515441895e+00	-1.483664512634277344e+00
4.937018394470214844e+00	-2.342307567596435547e+00
1.033095836639404297e+01	2.074594020843505859e+00
5.154950141906738281e+00	3.617218017578125000e+00
7.985176563262939453e+00	4.768755435943603516e+00
7.858350276947021484e+00	3.363977193832397461e+00
2.501774787902832031e+00	2.624310851097106934e-01
-7.596271038055419922e-01	6.530664443969726562e+00
1.200034737586975098e+00	7.751573920249938965e-01
4.867281913757324219e+00	-2.604307651519775391e+00
5.899741172790527344e+00	9.237783402204513550e-02
-1.366732597351074219e+00	2.878325223922729492e+00
-1.122530847787857056e-01	-2.079857110977172852e+00
4.931027412414550781e+00	2.116623640060424805e+00
1.281319975852966309e+00	2.333414852619171143e-01
7.228421211242675781e+00	5.198423862457275391e+00
6.900626182556152344e+00	4.971845626831054688e+00
2.157612085342407227e+00	2.720259189605712891e+00
8.556342124938964844e+00	4.345275878906250000e+00
1.241014599800109863e+00	-1.222658395767211914e+00
5.195884227752685547e+00	1.834601521492004395e+00
4.404781818389892578e+00	-2.526681900024414062e+00
3.641096115112304688e+00	2.386414527893066406e+00
5.868072986602783203e+00	-1.557811141014099121e+00
1.423714995384216309e+00	-2.115395784378051758e+00
-4.322134971618652344e+00	1.834510803222656250e+00
9.595350265502929688e+00	1.088710665702819824e+00
6.230939626693725586e-01	-3.015184164047241211e+00
3.740573883056640625e+00	3.793797492980957031e+00
-1.406616091728210449e+00	6.579623222351074219e+00
-4.202021956443786621e-01	3.967712640762329102e+00
3.994171380996704102e+00	4.859168052673339844e+00
7.629083633422851562e+00	4.702994346618652344e+00
1.920880436897277832e+00	-1.001742959022521973e+00
7.861643791198730469e+00	-7.815268039703369141e-01
7.968479633331298828e+00	-5.522193312644958496e-01
3.321464538574218750e+00	-7.191134691238403320e-01
1.076887845993041992e-01	9.288078308105468750e+00
1.047653388977050781e+01	3.068136692047119141e+00
4.096776962280273438e+00	2.007763862609863281e+00
3.233600854873657227e+00	1.835013329982757568e-01
-1.597014665603637695e+00	1.477056622505187988e+00
2.192509621381759644e-01	-1.799435019493103027e+00
-2.725539445877075195e+00	1.781662583351135254e+00
6.558764457702636719e+00	-6.861839890480041504e-01
-9.274659156799316406e-01	1.824890851974487305e+00
5.095844745635986328e+00	2.475028276443481445e+00
4.914027690887451172e+00	5.759315490722656250e+00
2.920962810516357422e+00	1.360102772712707520e+00
-3.441153287887573242e+00	5.211314678192138672e+00
-4.539932012557983398e-01	4.067507743835449219e+00
-1.815508306026458740e-01	-1.378109693527221680e+00
2.519989252090454102e+00	2.511867284774780273e+00
3.480587482452392578e+00	-2.819601297378540039e+00
-3.503788232803344727e+00	2.951121568679809570e+00
9.478501319885253906e+00	9.515357017517089844e-01
7.319537162780761719e+00	4.261246204376220703e+00
3.653168201446533203e+00	3.328154087066650391e+00
1.226878166198730469e+00	6.419036388397216797e-01
2.422331571578979492e+00	5.647861003875732422e+00
6.503328800201416016e+00	3.358831167221069336e+00
3.464792490005493164e+00	4.858431339263916016e+00
1.562054634094238281e+00	-2.321532964706420898e+00
-1.741182923316955566e+00	7.550619840621948242e-01
6.065107822418212891e+00	9.223314523696899414e-01
-7.366072535514831543e-01	6.575701236724853516e-01
8.832827806472778320e-01	6.069144010543823242e-01
4.395995616912841797e+00	-1.793222784996032715e+00
-2.330522775650024414e+00	-8.952816724777221680e-01
7.744525909423828125e+00	4.301229000091552734e+00
-2.545538902282714844e+00	1.245181560516357422e+00
-2.291558504104614258e+00	-1.263899922370910645e+00
-2.674422502517700195e+00	7.692317962646484375e+00
-2.192119598388671875e+00	3.764316797256469727e+00
-3.260628223419189453e+00	-1.394389748573303223e+00
5.419730663299560547e+00	4.230260476469993591e-02
-1.836414217948913574e+00	6.753817558288574219e+00
7.058630466461181641e+00	3.112096309661865234e+00
-1.599065661430358887e+00	3.769997358322143555e+00
-1.145870804786682129e+00	-7.711126208305358887e-01
1.747010350227355957e+00	5.004756450653076172e+00
-6.861245036125183105e-01	2.973689556121826172e+00
3.802427530288696289e+00	3.188446044921875000e+00
3.704193115234375000e+00	4.622282505035400391e+00
4.638809680938720703e+00	2.856317043304443359e+00
6.955995559692382812e-01	1.643790900707244873e-01
3.269837379455566406e+00	1.330904126167297363e+00
-1.539259552955627441e+00	-1.527756333351135254e+00
-4.111163616180419922e+00	-8.352814316749572754e-01
-1.175173521041870117e+00	-2.466526746749877930e+00
5.522147655487060547e+00	1.614701271057128906e+00
-4.274558126926422119e-01	1.728621959686279297e+00
-1.018141865730285645e+00	7.810758113861083984e+00
8.676166534423828125e+00	8.524950146675109863e-01
-2.254526138305664062e+00	1.056701064109802246e+00
6.355302810668945312e+00	1.250978112220764160e+00
5.118359565734863281e+00	2.570414781570434570e+00
6.139514446258544922e+00	1.493983149528503418e+00
7.598679065704345703e+00	3.886539936065673828e+00
2.707677841186523438e+00	2.382818698883056641e+00
3.615084886550903320e+00	1.604159116744995117e+00
6.849062442779541016e+00	-4.725556373596191406e-01
2.460707187652587891e+00	7.677780389785766602e-01
5.383506298065185547e+00	1.332648657262325287e-02
2.880564451217651367e+00	-1.558296799659729004e+00
1.816473960876464844e+00	4.378558635711669922e+00
3.444991111755371094e-01	2.521845400333404541e-01
4.678307771682739258e-01	1.372960448265075684e+00
-2.593870162963867188e-01	1.222557067871093750e+00
1.045133233070373535e+00	2.901135206222534180e+00
3.903102159500122070e+00	1.968575596809387207e+00
3.394423007965087891e+00	2.199188232421875000e+00
3.200973033905029297e+00	-1.557266831398010254e+00
3.836014032363891602e+00	4.996196269989013672e+00
-2.738233089447021484e+00	3.047430992126464844e+00
2.351134061813354492e+00	2.960516452789306641e+00
5.882076919078826904e-02	1.487693071365356445e+00
3.674670934677124023e+00	7.445055842399597168e-01
1.447867989540100098e+00	-2.557287693023681641e+00
3.636623382568359375e+00	-2.267190933227539062e+00
4.690361022949218750e+00	3.213459730148315430e+00
8.089083671569824219e+00	2.796856641769409180e+00
2.858001947402954102e+00	4.282319068908691406e+00
-7.281422019004821777e-01	8.947854042053222656e+00
2.491913080215454102e+00	-2.978574752807617188e+00
-1.975064873695373535e+00	3.224365472793579102e+00
8.095168113708496094e+00	4.507958889007568359e+00
-1.667687773704528809e+00	-1.769348025321960449e+00
-1.711140871047973633e-01	-2.387129545211791992e+00
-1.752322316169738770e+00	-4.261413216590881348e-02
2.350299596786499023e+00	3.614668607711791992e+00
3.954374790191650391e+00	3.102500677108764648e+00
1.495945572853088379e+00	-1.887048840522766113e+00
2.043291807174682617e+00	-1.837239116430282593e-01
7.020990848541259766e-01	4.075124740600585938e+00
-2.702533602714538574e-01	4.948801517486572266e+00
-1.276230692863464355e+00	3.911423444747924805e+00
3.083329677581787109e+00	4.391501903533935547e+00
6.046336293220520020e-01	-7.975748181343078613e-01
1.101081466674804688e+01	4.174830436706542969e+00
5.042402744293212891e+00	-2.453975439071655273e+00
3.235073089599609375e+00	4.511060714721679688e+00
4.579516649246215820e-01	3.591789677739143372e-02
3.302257061004638672e+00	3.662167787551879883e+00
-3.333108425140380859e+00	5.312785625457763672e+00
-3.479376316070556641e+00	1.274737954139709473e+00
-2.507644176483154297e+00	3.106088638305664062e+00
2.861047506332397461e+00	-2.593956470489501953e+00
-2.838453054428100586e+00	1.573107242584228516e+00
5.145069599151611328e+00	-7.741802930831909180e-01
3.256644725799560547e+00	-3.145064592361450195e+00
9.166478514671325684e-01	3.749509900808334351e-02
5.432237148284912109e+00	-2.358009815216064453e+00
1.115563035011291504e+00	-1.959989368915557861e-01
6.352052092552185059e-01	1.107342839241027832e+00
-1.567983031272888184e+00	1.928108572959899902e+00
5.773478150367736816e-01	9.050180435180664062e+00
4.980679512023925781e+00	2.988133668899536133e+00
2.905821800231933594e+00	-1.286645889282226562e+00
8.769803047180175781e+00	9.508786201477050781e-01
-6.360188722610473633e-01	9.064051508903503418e-01
9.785282135009765625e+00	1.609262824058532715e+00
-9.125608205795288086e-01	5.200390338897705078e+00
-6.640892624855041504e-01	-5.251327157020568848e-01
2.093182563781738281e+00	-9.525915384292602539e-01
6.738513946533203125e+00	3.778850078582763672e+00
4.352116107940673828e+00	-1.830633401870727539e+00
4.675878524780273438e+00	-2.181017696857452393e-01
2.847111821174621582e-01	4.206911563873291016e+00
4.336565017700195312e+00	3.915847301483154297e+00
2.577526569366455078e+00	2.507549047470092773e+00
4.591168463230133057e-01	-5.489906668663024902e-01
-1.112694859504699707e+00	1.097163200378417969e+00
1.170974016189575195e+00	1.697372794151306152e+00
2.438958168029785156e+00	3.105842590332031250e+00
-1.213060140609741211e+00	1.719780802726745605e+00
5.351979255676269531e+00	1.171848297119140625e+00
-2.698018312454223633e+00	-1.192512512207031250e+00
2.230906635522842407e-01	2.118479013442993164e+00
5.688418865203857422e+00	1.399124562740325928e-01
2.039122581481933594e+00	-2.117753177881240845e-01
-1.919848918914794922e+00	8.318895339965820312e+00
5.648306846618652344e+00	1.226677894592285156e+00
3.081899404525756836e+00	1.206648230552673340e+00
-1.372718572616577148e+00	-1.996166467666625977e+00
1.883696317672729492e+00	5.404083251953125000e+00
-1.292143940925598145e+00	1.073023557662963867e+00
7.920819520950317383e-01	3.641771078109741211e+00
1.098684430122375488e+00	-1.482730388641357422e+00
-2.109771013259887695e+00	4.849197387695312500e+00
-4.137054920196533203e+00	2.144485473632812500e+00
-4.556538760662078857e-01	3.084612607955932617e+00
7.610647082328796387e-01	8.652569055557250977e-01
5.042221069335937500e+00	2.375407695770263672e+00
-2.635765790939331055e+00	9.620593786239624023e-01
5.744534492492675781e+00	-1.173769950866699219e+00
-3.781859874725341797e-01	6.524207592010498047e+00
1.085275936126708984e+01	3.528759479522705078e+00
5.234158039093017578e+00	-1.119073033332824707e+00
7.849542140960693359e+00	3.038469791412353516e+00
3.028294324874877930e+00	-1.364433050155639648e+00
9.108065605163574219e+00	1.425129771232604980e+00
-5.229641199111938477e-01	-5.927335619926452637e-01
1.025713539123535156e+01	2.482793092727661133e+00
1.034396076202392578e+01	2.497299432754516602e+00
-1.107360348105430603e-01	1.233159542083740234e+00
2.288507699966430664e+00	-2.587134122848510742e+00
-1.808694362640380859e+00	3.916424274444580078e+00
-2.289669990539550781e+00	-6.948390603065490723e-01
-1.732782244682312012e+00	1.860074996948242188e+00
1.864909410476684570e+00	-2.050641059875488281e+00
5.001736164093017578e+00	-9.338686466217041016e-01
3.161042928695678711e+00	1.323745846748352051e+00
5.774127483367919922e+00	-2.259672582149505615e-01
1.369025349617004395e+00	1.000967383384704590e+00
7.739959359169006348e-01	-3.922526910901069641e-02
-6.964398622512817383e-01	1.468324661254882812e+00
-2.807466030120849609e+00	6.503681182861328125e+00
6.761275768280029297e+00	2.807530462741851807e-01
8.041305541992187500e+00	3.645554542541503906e+00
1.076450824737548828e+00	5.544114589691162109e+00
2.985934495925903320e+00	8.303688168525695801e-01
1.104258918762207031e+01	5.758360385894775391e+00
2.353560924530029297e+00	5.755950212478637695e-01
5.014877796173095703e+00	-1.400644063949584961e+00
-2.013979434967041016e+00	7.587009072303771973e-01
2.208741664886474609e+00	2.241321325302124023e+00
1.581940293312072754e+00	-1.016688585281372070e+00
3.548185110092163086e+00	3.599320411682128906e+00
-1.703456640243530273e-01	8.625599861145019531e+00
7.478321194648742676e-01	2.081813335418701172e+00
3.528794050216674805e+00	4.528954982757568359e+00
7.339915275573730469e+00	2.683303356170654297e+00
2.545788526535034180e+00	2.826840162277221680e+00
1.973226666450500488e+00	4.263995647430419922e+00
2.725863218307495117e+00	-1.810687422752380371e+00
6.867547512054443359e+00	3.839146614074707031e+00
7.017708301544189453e+00	5.332779884338378906e+00
6.327112674713134766e+00	4.302956104278564453e+00
5.003122091293334961e-01	4.264292716979980469e-01
8.324456214904785156e+00	1.771962165832519531e+00
3.391072750091552734e+00	1.183130145072937012e+00
9.775652289390563965e-01	4.337225914001464844e+00
-4.320636272430419922e+00	-5.334147214889526367e-01
-3.714365720748901367e+00	2.790578842163085938e+00
-5.376737117767333984e-01	6.211506366729736328e+00
-1.162028431892395020e+00	2.983909130096435547e+00
-1.791700720787048340e+00	3.408467769622802734e+00
4.165001392364501953e+00	3.394050836563110352e+00
8.269669532775878906e+00	1.860799908638000488e+00
-4.004378795623779297e+00	-6.973751783370971680e-01
-1.540138840675354004e+00	2.907000064849853516e+00
-2.771178245544433594e+00	3.248786926269531250e+00
4.103903293609619141e+00	5.054776191711425781e+00
1.042163848876953125e+01	3.710567951202392578e+00
-4.492980241775512695e-01	1.763873100280761719e+00
6.640476226806640625e+00	4.683237552642822266e+00
9.002790451049804688e+00	2.331064224243164062e+00
6.674984931945800781e+00	2.139301538467407227e+00
5.581502437591552734e+00	-1.916115283966064453e+00
1.006890964508056641e+01	4.638249397277832031e+00
1.407716393470764160e+00	-1.680797934532165527e+00
-2.864941060543060303e-01	2.023592948913574219e+00
6.002244472503662109e+00	2.560269460082054138e-02
2.843062162399291992e+00	6.062553524971008301e-01
-1.521775245666503906e+00	2.163744926452636719e+00
-3.617662429809570312e+00	2.761489629745483398e+00
-5.568944811820983887e-01	1.296160101890563965e+00
-1.582342743873596191e+00	-2.437189102172851562e+00
-2.904278039932250977e+00	-7.178136110305786133e-01
-2.408605337142944336e+00	-4.343874156475067139e-01
7.306273460388183594e+00	5.432624340057373047e+00
-1.103592634201049805e+00	7.175722599029541016e+00
-8.778961300849914551e-01	-7.834622859954833984e-01
-1.005973935127258301e+00	8.586891174316406250e+00
7.031171798706054688e+00	1.144813656806945801e+00
-2.351118803024291992e+00	8.095139503479003906e+00
5.502688884735107422e+00	-9.675248265266418457e-01
-3.615517854690551758e+00	2.414358258247375488e-01
3.347636938095092773e+00	2.957354784011840820e+00
-2.935258388519287109e+00	-3.305474519729614258e-01
4.819717407226562500e+00	3.664535284042358398e-01
1.602987170219421387e+00	4.767601966857910156e+00
6.192926883697509766e+00	6.432940959930419922e-01
1.777485609054565430e+00	3.048488140106201172e+00
3.433610916137695312e+00	-1.920019507408142090e+00
-3.184386491775512695e+00	-4.676255881786346436e-01
-8.251784443855285645e-01	1.720908045768737793e+00
9.810382127761840820e-01	3.447836637496948242e+00
5.291317462921142578e+00	-2.749080896377563477e+00
1.029754352569580078e+01	4.375221252441406250e+00
-3.902731657028198242e+00	2.273981094360351562e+00
-2.920833587646484375e+00	6.816220760345458984e+00
5.344877719879150391e+00	7.647792100906372070e-01
1.395754933357238770e+00	4.798569679260253906e+00
4.364307403564453125e+00	4.895137786865234375e+00
-9.613458514213562012e-01	6.673642158508300781e+00
8.966420292854309082e-01	4.516072750091552734e+00
6.752132892608642578e+00	4.973762512207031250e+00
1.264588475227355957e+00	4.646393299102783203e+00
-1.072602629661560059e+00	2.970515966415405273e+00
7.989354133605957031e-01	8.125198364257812500e+00
4.253609776496887207e-01	1.879940867424011230e+00
-1.076570630073547363e+00	8.196178436279296875e+00
-4.875774681568145752e-01	-1.766345262527465820e+00
4.923064231872558594e+00	-1.258103251457214355e+00
7.542371153831481934e-01	1.300577282905578613e+00
4.261566638946533203e+00	-3.801156878471374512e-01
4.647004604339599609e-01	1.070763230323791504e+00
1.151004314422607422e+00	1.359595298767089844e+00
7.235826492309570312e+00	5.024900913238525391e+00
-3.409770488739013672e+00	-1.287878155708312988e+00
3.589362859725952148e+00	3.383429050445556641e+00
-4.293527126312255859e+00	2.129876613616943359e+00
1.916076540946960449e+00	-2.301343679428100586e+00
4.705502510070800781e+00	1.677877902984619141e+00
-1.263902664184570312e+00	3.143895268440246582e-01
3.270488262176513672e+00	2.044903039932250977e+00
2.999508619308471680e+00	-6.743380427360534668e-01
4.418891906738281250e+00	1.835972070693969727e+00
2.029975414276123047e+00	3.710408449172973633e+00
4.318441867828369141e+00	2.387015670537948608e-01
4.512814521789550781e+00	3.028417110443115234e+00
8.545657157897949219e+00	1.639545798301696777e+00
4.752415180206298828e+00	2.839601278305053711e+00
-2.788841009140014648e+00	-1.050956487655639648e+00
-1.855962350964546204e-02	3.961978912353515625e+00
-1.471902489662170410e+00	1.108998060226440430e+00
-1.933699101209640503e-01	8.536057472229003906e+00
9.482872009277343750e+00	1.466132044792175293e+00
2.856748342514038086e+00	2.342878818511962891e+00
5.551519393920898438e+00	2.116516590118408203e+00
1.176356554031372070e+00	-1.682791233062744141e+00
2.110143184661865234e+00	4.551195621490478516e+00
-4.555738568305969238e-01	-5.321736335754394531e-01
4.694188117980957031e+00	2.200086832046508789e+00
4.402063846588134766e+00	3.134619712829589844e+00
2.648715972900390625e+00	2.896604537963867188e-01
8.653863906860351562e+00	1.723455190658569336e+00
-2.630127191543579102e+00	7.166008949279785156e+00
-8.251628875732421875e-01	1.224921107292175293e+00
-5.809103250503540039e-01	-2.614538192749023438e+00
-7.774235010147094727e-01	1.921579003334045410e+00
1.445813417434692383e+00	-6.091054677963256836e-01
3.008155584335327148e+00	1.836777448654174805e+00
3.952955007553100586e-01	-4.443801343441009521e-01
-2.873385667800903320e+00	-2.300136089324951172e-01
1.054273223876953125e+01	4.278214454650878906e+00
4.234481811523437500e+00	-2.536347627639770508e+00
-5.820351094007492065e-02	-2.075758218765258789e+00
-9.739320278167724609e-01	1.302483797073364258e+00
-9.630133509635925293e-01	1.738211154937744141e+00
-2.870529294013977051e-01	-4.337773919105529785e-01
2.222666501998901367e+00	-1.090416014194488525e-01
-2.026954889297485352e+00	1.831543684005737305e+00
-1.417066931724548340e+00	2.506244421005249023e+00
1.101958465576171875e+01	5.669003486633300781e+00
-2.455774784088134766e+00	-1.403828144073486328e+00
5.775227069854736328e+00	-1.615724802017211914e+00
-7.400630116462707520e-01	1.269191265106201172e+00
5.596762180328369141e+00	3.167791604995727539e+00
-5.272814631462097168e-01	-4.026404023170471191e-01
3.215339422225952148e+00	-3.525541424751281738e-01
6.981294155120849609e+00	4.934889316558837891e+00
4.351866543292999268e-01	4.503518581390380859e+00
4.839021682739257812e+00	1.166289091110229492e+00
7.755862712860107422e+00	2.136438846588134766e+00
1.045181179046630859e+01	3.487589120864868164e+00
-1.842435002326965332e-01	7.541812896728515625e+00
1.800971031188964844e-01	-2.574782133102416992e+00
2.710516452789306641e+00	3.316088914871215820e+00
2.803256034851074219e+00	8.926729559898376465e-01
1.855782270431518555e+00	6.727142333984375000e-01
1.460634946823120117e+00	3.068543910980224609e+00
5.679583549499511719e+00	3.961380958557128906e+00
1.334623575210571289e+00	1.573874801397323608e-01
-3.618453502655029297e+00	1.278195142745971680e+00
2.951995372772216797e+00	3.402027845382690430e+00
-1.807718575000762939e-01	4.979397773742675781e+00
-3.816149711608886719e+00	1.531380176544189453e+00
4.140676259994506836e-01	-1.158874034881591797e+00
4.863421916961669922e+00	2.618797779083251953e+00
-1.839670538902282715e-01	2.097959280014038086e+00
2.113501071929931641e+00	-1.897724628448486328e+00
3.200476408004760742e+00	1.860791683197021484e+00
7.882547378540039062e-01	-2.882611274719238281e+00
-3.381202816963195801e-01	8.454624176025390625e+00
1.009330749511718750e+00	4.689772129058837891e+00
5.723049640655517578e-01	-1.541423082351684570e+00
-2.825631797313690186e-01	8.752609252929687500e+00
1.414388656616210938e+00	3.925622701644897461e+00
-1.666044950485229492e+00	-2.035024404525756836e+00
5.521790981292724609e+00	-4.379252195358276367e-01
3.526740312576293945e+00	2.319721937179565430e+00
2.297086238861083984e+00	9.941168427467346191e-01
-1.649322174489498138e-02	4.251409053802490234e+00
6.189513206481933594e+00	1.987379670143127441e+00
-3.648213386535644531e+00	-1.348877906799316406e+00
-6.401844620704650879e-01	8.437998294830322266e-01
-1.245064377784729004e+00	-6.703179478645324707e-01
9.504349708557128906e+00	2.589823961257934570e+00
7.408878326416015625e+00	3.965163469314575195e+00
1.888461261987686157e-01	1.272500157356262207e+00
-4.031333446502685547e+00	2.390218019485473633e+00
4.722497463226318359e+00	3.241736650466918945e+00
8.745307922363281250e-01	-1.376339554786682129e+00
-2.925555467605590820e+00	2.732077836990356445e+00
-1.550708293914794922e+00	2.856823921203613281e+00
-3.741535544395446777e-01	3.430308341979980469e+00
3.500415325164794922e+00	5.690206289291381836e-01
-2.615130186080932617e+00	1.781460046768188477e+00
8.676483482122421265e-02	4.317876994609832764e-01
-1.904783844947814941e+00	7.073684215545654297e+00
9.926475286483764648e-01	-4.965684413909912109e-01
1.095641422271728516e+01	3.677638530731201172e+00
1.959652751684188843e-01	-2.138202667236328125e+00
3.350156068801879883e+00	7.401318550109863281e-01
3.446211338043212891e+00	5.670000553131103516e+00
-1.156652808189392090e+00	4.986275359988212585e-02
1.064786624908447266e+01	4.147511005401611328e+00
-9.344508647918701172e-01	-1.865740418434143066e-01
-3.061040639877319336e+00	-7.002246379852294922e-01
5.869658470153808594e+00	1.939868450164794922e+00
1.033432197570800781e+01	4.299372196197509766e+00
1.456603765487670898e+00	-1.908957839012145996e+00
2.694852352142333984e-01	5.446522235870361328e+00
4.087221622467041016e+00	-2.285740613937377930e+00
-1.214347362518310547e+00	-2.691634297370910645e-01
4.628715991973876953e+00	-4.454612433910369873e-01
6.856814622879028320e-01	-3.347854614257812500e-01
2.639237344264984131e-01	2.942632734775543213e-01
-3.304755210876464844e+00	-7.330607771873474121e-01
5.206214904785156250e+00	4.751116275787353516e+00
1.570905327796936035e+00	9.420272827148437500e+00
5.383606910705566406e+00	-1.451948136091232300e-01
-9.990922808647155762e-01	-3.850772380828857422e-01
4.268044948577880859e+00	5.846315860748291016e+00
-2.192550897598266602e+00	-3.267114758491516113e-01
2.698512792587280273e+00	1.113982558250427246e+00
1.401783585548400879e+00	1.319083809852600098e+00
2.321961879730224609e+00	1.149311780929565430e+00
7.005855083465576172e+00	5.108663558959960938e+00
4.685148715972900391e+00	6.204648613929748535e-01
2.533982276916503906e+00	1.234682559967041016e+00
8.341830253601074219e+00	2.039412498474121094e+00
-1.175042033195495605e+00	7.689053058624267578e+00
-2.395488739013671875e+00	2.988288879394531250e+00
8.121671676635742188e+00	2.128290414810180664e+00
-1.197566628456115723e+00	6.298991680145263672e+00
3.595496892929077148e+00	-1.842651963233947754e+00
-7.972031831741333008e-01	3.290719270706176758e+00
1.152783155441284180e+00	3.505259752273559570e-01
-1.139214873313903809e+00	2.359622716903686523e+00
-1.229105114936828613e+00	6.427566528320312500e+00
-4.453165531158447266e-01	1.070119023323059082e+00
3.970382452011108398e+00	1.426700353622436523e+00
1.540820360183715820e+00	-2.229867696762084961e+00
-2.583612918853759766e+00	3.631263732910156250e+00
1.331205010414123535e+00	1.895323753356933594e+00
4.671091556549072266e+00	4.151715278625488281e+00
3.784806728363037109e+00	2.202882766723632812e+00
-2.257855653762817383e+00	-2.167325019836425781e+00
3.461284637451171875e+00	1.475216388702392578e+00
-4.522699117660522461e-01	6.505997657775878906e+00
5.948505401611328125e-01	1.604286551475524902e+00
9.929733276367187500e-01	9.301145553588867188e+00
-3.595591485500335693e-01	-1.742456108331680298e-01
2.130086421966552734e+00	-1.634411364793777466e-01
6.138931512832641602e-01	4.946393489837646484e+00
5.074910163879394531e+00	-8.778287172317504883e-01
6.796961426734924316e-01	8.603155016899108887e-01
6.133261680603027344e+00	-3.340690732002258301e-01
3.579244911670684814e-01	8.298777580261230469e+00
6.069032192230224609e+00	-3.934139907360076904e-01
8.408912658691406250e+00	2.198634624481201172e+00
2.018485546112060547e+00	-1.775530934333801270e+00
-1.070594429969787598e+00	-6.960648298263549805e-01
4.461170136928558350e-01	5.163195133209228516e+00
3.585762500762939453e+00	1.630671381950378418e+00
2.821618556976318359e+00	3.274607181549072266e+00
-2.084781408309936523e+00	3.777667284011840820e-01
-1.413124084472656250e+00	1.983892440795898438e+00
4.231529235839843750e+00	-6.686524748802185059e-01
-1.486560463905334473e+00	6.782948970794677734e-01
8.419101715087890625e+00	-6.177901849150657654e-02
5.459856986999511719e+00	2.978416442871093750e+00
-1.776987314224243164e+00	-2.300251960754394531e+00
4.526962280273437500e+00	1.626043677330017090e+00
6.283738136291503906e+00	4.734284400939941406e+00
6.219519615173339844e+00	8.334878683090209961e-01
2.277103185653686523e+00	1.747573733329772949e+00
-9.131053090095520020e-01	6.111184597015380859e+00
7.914746761322021484e+00	3.638571262359619141e+00
-3.189174652099609375e+00	-1.701600313186645508e+00
9.352731704711914062e+00	4.843076705932617188e+00
1.038466644287109375e+01	3.766505479812622070e+00
1.580855846405029297e+00	9.454631805419921875e+00
3.617965698242187500e+00	-4.518175497651100159e-02
4.663003981113433838e-01	7.753814220428466797e+00
-2.773435831069946289e+00	7.525973320007324219e+00
-5.973199009895324707e-01	8.754763007164001465e-01
2.328171730041503906e+00	5.788937568664550781e+00
2.397293090820312500e+00	7.003080248832702637e-01
1.000320720672607422e+01	4.728663921356201172e+00
3.667461872100830078e+00	3.851807713508605957e-01
2.734291076660156250e+00	-3.182361125946044922e+00
7.285835742950439453e+00	5.440483093261718750e+00
7.936272621154785156e+00	1.764391422271728516e+00
-2.905102252960205078e+00	-1.666507124900817871e+00
-2.137475252151489258e+00	6.142732143402099609e+00
6.324972152709960938e+00	4.481775760650634766e+00
6.316294193267822266e+00	3.421308517456054688e+00
3.385010957717895508e+00	-2.575957298278808594e+00
8.519164085388183594e+00	4.808960437774658203e+00
1.224487066268920898e+00	-2.479010343551635742e+00
3.618997097015380859e+00	2.410409688949584961e+00
7.274726390838623047e+00	2.778707742691040039e+00
5.100000858306884766e+00	9.085275530815124512e-01
2.386671781539916992e+00	4.758368968963623047e+00
2.323226928710937500e+00	5.154831409454345703e+00
-2.247625589370727539e+00	4.349648475646972656e+00
4.921595573425292969e+00	-1.017376422882080078e+00
2.255104303359985352e+00	3.358164057135581970e-02
5.372253417968750000e+00	1.799443602561950684e+00
7.161023616790771484e+00	-1.169458329677581787e-01
5.159662723541259766e+00	3.870777130126953125e+00
3.052800416946411133e+00	4.575280189514160156e+00
9.808648109436035156e+00	2.811068296432495117e+00
-1.000940203666687012e+00	-8.165032267570495605e-01
-2.739548683166503906e+00	9.302340745925903320e-01
4.275126934051513672e+00	2.899755954742431641e+00
3.284674882888793945e+00	1.758692979812622070e+00
3.989042043685913086e+00	2.325971603393554688e+00
-3.159508705139160156e+00	4.809332787990570068e-01
-7.690062522888183594e-01	8.704640388488769531e+00
5.512764453887939453e+00	3.837692499160766602e+00
3.576636075973510742e+00	5.429822921752929688e+00
4.360356330871582031e+00	-2.427670955657958984e+00
5.035669803619384766e+00	3.236385107040405273e+00
-1.380099505186080933e-01	-5.233179926872253418e-01
8.006152153015136719e+00	1.252338647842407227e+00
4.589606761932373047e+00	-1.221667647361755371e+00
7.483990192413330078e+00	4.389989852905273438e+00
4.849445819854736328e-01	-1.004284262657165527e+00
-2.189593166112899780e-01	4.543018341064453125e+00
-1.702399969100952148e+00	8.225270271301269531e+00
6.523629188537597656e+00	-1.415898442268371582e+00
7.169142246246337891e+00	-1.402582645416259766e+00
3.941540956497192383e+00	-6.671430915594100952e-02
4.971122264862060547e+00	1.071027994155883789e+00
5.371765613555908203e+00	-1.684553503990173340e+00
1.894516110420227051e+00	1.979244649410247803e-01
5.554374217987060547e+00	1.482161402702331543e+00
7.107601642608642578e+00	2.460525512695312500e+00
9.757694244384765625e+00	1.955812096595764160e+00
2.345659971237182617e+00	2.612760305404663086e+00
1.849107742309570312e+00	8.171730637550354004e-01
1.085464859008789062e+01	4.659899711608886719e+00
5.764337062835693359e+00	3.693668127059936523e+00
6.624535083770751953e+00	-1.936051845550537109e+00
-1.343260526657104492e+00	-1.047017335891723633e+00
-9.275713562965393066e-01	-1.729263305664062500e+00
-4.475555121898651123e-01	2.100291252136230469e+00
7.462296009063720703e+00	-7.675538063049316406e-01
-1.074349999427795410e+00	1.056543469429016113e+00
-6.566110253334045410e-01	1.735665321350097656e+00
5.036220073699951172e+00	-1.008433580398559570e+00
7.956966400146484375e+00	-4.819979667663574219e-01
7.411683559417724609e+00	1.548511743545532227e+00
-4.810883700847625732e-01	9.117804527282714844e+00
-3.101602554321289062e+00	3.176193952560424805e+00
3.936872243881225586e+00	3.311384677886962891e+00
9.291131019592285156e+00	2.533581972122192383e+00
3.024563550949096680e+00	1.963415145874023438e+00
1.150828719139099121e+00	1.098013639450073242e+00
4.620902061462402344e+00	1.325909614562988281e+00
4.407678604125976562e+00	3.127039909362792969e+00
5.226654410362243652e-01	4.607710838317871094e+00
3.486413717269897461e+00	1.531387090682983398e+00
5.202273726463317871e-01	1.690834283828735352e+00
2.559459209442138672e+00	5.228246212005615234e+00
-1.688373088836669922e+00	2.110865592956542969e+00
6.951574802398681641e+00	5.215102195739746094e+00
6.207789421081542969e+00	-2.130251407623291016e+00
-4.117681458592414856e-02	-2.918174028396606445e+00
-3.287171602249145508e+00	2.504711389541625977e+00
5.306302070617675781e+00	-1.707529872655868530e-01
6.126847743988037109e+00	-2.113823175430297852e+00
-3.396424531936645508e+00	-1.245126366615295410e+00
-2.857059478759765625e+00	-1.697713017463684082e+00
-2.098588943481445312e+00	4.157679080963134766e+00
7.757461071014404297e+00	4.968675136566162109e+00
1.060501480102539062e+01	3.688174962997436523e+00
5.160642147064208984e+00	3.945220112800598145e-01
2.975859642028808594e+00	4.107531547546386719e+00
1.962386965751647949e+00	-2.313013792037963867e+00
-2.833703994750976562e+00	7.347328662872314453e+00
3.218713998794555664e+00	-1.689992249011993408e-01
7.105164527893066406e+00	2.857090234756469727e+00
-3.832903385162353516e+00	-1.293254613876342773e+00
1.019164371490478516e+01	2.674173831939697266e+00
-1.037804007530212402e+00	1.979096770286560059e+00
3.981177091598510742e+00	1.159661173820495605e+00
1.211237788200378418e+00	-2.259079933166503906e+00
2.643716812133789062e+00	5.546936511993408203e+00
4.769760131835937500e+00	-1.174603328108787537e-01
9.823638916015625000e+00	2.066828012466430664e+00
-4.185617268085479736e-01	7.362333774566650391e+00
7.169159412384033203e+00	3.224212884902954102e+00
7.414097785949707031e+00	1.974346995353698730e+00
8.677526473999023438e+00	2.518793582916259766e+00
1.094323730468750000e+01	5.024582386016845703e+00
7.054603099822998047e+00	3.010407924652099609e+00
3.781150341033935547e+00	1.240756392478942871e+00
4.044590950012207031e+00	1.185527920722961426e+00
1.044608879089355469e+01	4.043255329132080078e+00
-1.257885098457336426e-01	2.236287355422973633e+00
3.854447126388549805e+00	5.688249111175537109e+00
-5.253007411956787109e-01	3.848759412765502930e+00
7.763436317443847656e+00	5.146769046783447266e+00
-5.169754028320312500e-01	-5.745108723640441895e-01
7.400534152984619141e+00	1.899959802627563477e+00
9.134768843650817871e-01	1.408471345901489258e+00
8.250454902648925781e+00	4.722799301147460938e+00
9.068116188049316406e+00	5.410733819007873535e-01
7.548936009407043457e-01	2.565670967102050781e+00
-5.885909795761108398e-01	7.569290161132812500e+00
-2.787869930267333984e+00	2.046439200639724731e-01
-3.678264915943145752e-01	-8.029529824852943420e-03
3.482471704483032227e+00	4.048923015594482422e+00
5.030686259269714355e-01	8.663231849670410156e+00
8.146402359008789062e+00	1.126297235488891602e+00
4.081259727478027344e+00	5.829554557800292969e+00
9.808901548385620117e-01	9.315903663635253906e+00
-2.780337333679199219e+00	3.891225337982177734e+00
-1.858806967735290527e+00	3.207612991333007812e+00
6.423761248588562012e-01	4.128729820251464844e+00
-6.716415882110595703e-01	-1.709315419197082520e+00
4.472980976104736328e+00	5.173666000366210938e+00
-2.529590368270874023e+00	6.909302234649658203e+00
-1.666074991226196289e+00	4.692891597747802734e+00
4.791869163513183594e+00	-2.098866462707519531e+00
7.627859592437744141e+00	-5.516819953918457031e-01
8.862608909606933594e+00	8.045501112937927246e-01
1.544244289398193359e-01	9.257829666137695312e+00
3.939906835556030273e+00	3.047040462493896484e+00
-2.196912288665771484e+00	5.762569904327392578e+00
-1.045023083686828613e+00	5.017611026763916016e+00
5.458104610443115234e+00	-3.630475997924804688e-01
1.952156543731689453e+00	1.333945751190185547e+00
2.479827880859375000e+00	6.229389905929565430e-01
4.560455799102783203e+00	3.454571008682250977e+00
3.043401479721069336e+00	2.670052766799926758e+00
8.815511703491210938e+00	4.893979549407958984e+00
8.695406466722488403e-02	-1.864355564117431641e+00
4.205199718475341797e+00	1.037517309188842773e+00
-1.415103197097778320e+00	3.155515432357788086e+00
-2.232756137847900391e+00	-1.346674263477325439e-01
-2.179350256919860840e-01	4.667251586914062500e+00
6.839149475097656250e+00	3.867032766342163086e+00
2.998082160949707031e+00	-6.572327762842178345e-02
7.202681541442871094e+00	3.805978536605834961e+00
2.401296377182006836e+00	-1.992144346237182617e+00
-1.762812256813049316e+00	9.065168499946594238e-01
2.547624707221984863e-01	6.678302764892578125e+00
-2.687850236892700195e+00	6.212381839752197266e+00
-2.155805826187133789e+00	1.638241410255432129e-01
2.660367727279663086e+00	-4.559783637523651123e-01
-2.100316286087036133e+00	6.746459007263183594e+00
-4.973809719085693359e-01	4.474073410034179688e+00
1.951908349990844727e+00	3.246636629104614258e+00
4.411432266235351562e+00	-7.332495450973510742e-01
-3.386200666427612305e+00	6.254127979278564453e+00
-6.545865535736083984e-01	3.085682392120361328e+00
4.484525203704833984e+00	-2.071635246276855469e+00
6.102636814117431641e+00	7.184264063835144043e-01
1.051784133911132812e+01	3.753464698791503906e+00
3.793195486068725586e+00	3.091547489166259766e+00
3.254186630249023438e+00	2.488572597503662109e+00
3.114596605300903320e+00	-2.271571874618530273e+00
-1.378806948661804199e+00	2.251841545104980469e+00
2.406255245208740234e+00	3.222761869430541992e+00
4.018922328948974609e+00	-2.674484968185424805e+00
-3.303720712661743164e+00	5.706478595733642578e+00
4.101698845624923706e-02	-1.695529222488403320e+00
-2.060910940170288086e+00	1.897693991661071777e+00
-7.382854223251342773e-01	7.363793849945068359e+00
-9.206637144088745117e-01	7.396241664886474609e+00
3.305829286575317383e+00	-1.336705446243286133e+00
5.590493202209472656e+00	-2.536151647567749023e+00
6.953153133392333984e+00	-3.203529417514801025e-01
1.477053880691528320e+00	5.484724044799804688e+00
4.982923507690429688e+00	1.838445186614990234e+00
7.765121936798095703e+00	2.125796079635620117e+00
-3.376714706420898438e+00	-1.697105169296264648e+00
5.327801704406738281e+00	3.657980561256408691e-01
3.288541316986083984e+00	-5.086114406585693359e-01
4.717915058135986328e+00	3.242872476577758789e+00
6.304616928100585938e+00	2.002342224121093750e+00
-2.322492361068725586e+00	4.530295372009277344e+00
2.941215038299560547e+00	1.176746249198913574e+00
3.553129434585571289e+00	3.984577655792236328e+00
2.922067642211914062e+00	2.400626182556152344e+00
2.762914001941680908e-01	4.021794319152832031e+00
1.786132812500000000e+00	3.195323348045349121e-01
-2.116817235946655273e+00	4.682392597198486328e+00
3.929018497467041016e+00	3.577639102935791016e+00
7.920878529548645020e-01	7.220598869025707245e-03
2.978360652923583984e+00	5.555740833282470703e+00
4.376351833343505859e+00	3.674820184707641602e+00
-3.243988513946533203e+00	3.005516290664672852e+00
1.021624183654785156e+01	4.147381782531738281e+00
8.707817077636718750e+00	1.383549094200134277e+00
9.446846008300781250e+00	1.402620434761047363e+00
-3.497048854827880859e+00	4.911127567291259766e+00
6.868615627288818359e+00	4.375539779663085938e+00
-2.038854837417602539e+00	6.737925529479980469e+00
-1.555220365524291992e+00	1.854190111160278320e+00
7.316596984863281250e+00	-5.628965497016906738e-01
9.059880256652832031e+00	4.080091476440429688e+00
5.737043857574462891e+00	-1.025940030813217163e-01
-7.905640602111816406e-01	4.348237514495849609e+00
-9.341775774955749512e-01	8.607849121093750000e+00
1.218512296676635742e+00	1.258515715599060059e+00
9.239570617675781250e+00	2.390746355056762695e+00
3.584064245223999023e+00	-2.114264011383056641e+00
9.644311904907226562e+00	8.525152802467346191e-01
-1.048115134239196777e+00	5.350886344909667969e+00
-2.267592906951904297e+00	2.190181240439414978e-02
7.799250125885009766e+00	1.875537037849426270e+00
9.687330245971679688e+00	2.643730878829956055e+00
2.043388128280639648e+00	5.675027847290039062e+00
2.738972425460815430e+00	-1.310517042875289917e-01
-2.425969362258911133e+00	3.527942419052124023e+00
6.635561466217041016e+00	-1.941534876823425293e+00
1.199910879135131836e+00	-2.527154684066772461e+00
1.023342514038085938e+01	4.020726203918457031e+00
1.410098075866699219e+00	5.513693332672119141e+00
4.294825077056884766e+00	2.803275108337402344e+00
5.960306644439697266e+00	3.780234575271606445e+00
-7.486163973808288574e-01	-1.149897217750549316e+00
7.491456985473632812e+00	2.088973760604858398e+00
-4.632506072521209717e-01	3.099121809005737305e+00
4.683890819549560547e+00	5.836197853088378906e+00
6.909362673759460449e-01	4.686112403869628906e+00
-3.380176305770874023e+00	-2.739039361476898193e-01
5.882210254669189453e+00	-2.784432470798492432e-01
4.487378120422363281e+00	-1.636766195297241211e-01
2.166530132293701172e+00	5.540365695953369141e+00
1.115233063697814941e+00	1.995960354804992676e+00
6.017932415008544922e+00	3.719812154769897461e+00
5.080582141876220703e+00	1.889648795127868652e+00
-2.040686368942260742e+00	7.791639328002929688e+00
5.888387203216552734e+00	2.243827819824218750e+00
1.034176063537597656e+01	3.505980253219604492e+00
2.386083126068115234e+00	2.872468709945678711e+00
3.479264736175537109e+00	-2.426457643508911133e+00
7.640150070190429688e+00	3.307134389877319336e+00
1.570680379867553711e+00	2.746689081192016602e+00
-1.670426845550537109e+00	3.016579389572143555e+00
3.483907938003540039e+00	3.866462230682373047e+00
-2.862789154052734375e+00	2.683438539505004883e+00
7.244843482971191406e+00	3.781829118728637695e+00
1.580077648162841797e+00	3.508123457431793213e-01
5.657563209533691406e+00	3.493724346160888672e+00
7.192103862762451172e+00	1.938574790954589844e+00
6.317005634307861328e+00	2.774399280548095703e+00
-2.904957294464111328e+00	2.903172731399536133e+00
-1.812712430953979492e+00	1.864146351814270020e+00
6.651257991790771484e+00	8.107953071594238281e-01
3.401695966720581055e+00	1.460765600204467773e+00
-2.917064666748046875e+00	1.777477860450744629e-01
6.610351085662841797e+00	4.692263126373291016e+00
3.192079305648803711e+00	4.351521968841552734e+00
-4.710832238197326660e-02	9.008536338806152344e+00
4.243475914001464844e+00	8.853669166564941406e-01
6.666496276855468750e+00	-3.965548872947692871e-01
1.087979507446289062e+01	5.423727035522460938e+00
1.618400812149047852e+00	-1.461562752723693848e+00
6.993599891662597656e+00	4.060657501220703125e+00
-5.527054071426391602e-01	-1.474843323230743408e-01
-4.156583786010742188e+00	-6.861894726753234863e-01
7.496260643005371094e+00	2.003663927316665649e-01
3.686451911926269531e+00	2.010776042938232422e+00
7.210431575775146484e+00	2.409243822097778320e+00
3.898733854293823242e+00	2.012973070144653320e+00
5.751058101654052734e+00	-1.372434139251708984e+00
2.623049497604370117e+00	2.475090742111206055e+00
3.084117472171783447e-01	8.025227546691894531e+00
1.996334791183471680e+00	1.137784123420715332e+00
4.862349987030029297e+00	-3.049307346343994141e+00
-8.563966155052185059e-01	6.972360134124755859e+00
5.787049531936645508e-01	2.811397612094879150e-01
1.379623055458068848e+00	9.589327812194824219e+00
-8.347588777542114258e-01	8.624581336975097656e+00
4.560692310333251953e+00	2.692872524261474609e+00
1.065192794799804688e+01	5.188993453979492188e+00
-8.285760879516601562e-02	1.936731338500976562e+00
-1.014966726303100586e+00	-1.727167487144470215e+00
1.951367259025573730e+00	5.265753746032714844e+00
-2.673383057117462158e-02	3.922130584716796875e+00
5.238061904907226562e+00	2.005939781665802002e-01
-2.698642969131469727e+00	1.384513139724731445e+00
-9.825768321752548218e-02	4.679433822631835938e+00
2.440700054168701172e+00	-1.683075308799743652e+00
3.242090702056884766e+00	3.815608978271484375e+00
5.263636589050292969e+00	-1.712981939315795898e+00
7.196211338043212891e+00	2.800399780273437500e+00
4.379235267639160156e+00	2.567632436752319336e+00
8.972686767578125000e+00	4.319944858551025391e+00
2.034559726715087891e+00	1.053963899612426758e+00
-1.024130582809448242e+00	1.328652739524841309e+00
-2.120289802551269531e+00	4.816490173339843750e+00
-2.275282144546508789e+00	4.682259559631347656e+00
9.391332268714904785e-01	1.075926780700683594e+00
-1.680694699287414551e+00	1.506079435348510742e-01
6.554270267486572266e+00	-1.479314208030700684e+00
3.171448230743408203e+00	4.494013786315917969e+00
8.233140945434570312e+00	5.096182346343994141e+00
-1.905518770217895508e+00	-1.020722031593322754e+00
1.985265135765075684e+00	-7.726025581359863281e-01
1.047256588935852051e+00	-2.478475093841552734e+00
8.590010643005371094e+00	3.473891973495483398e+00
1.211720407009124756e-01	8.411924362182617188e+00
7.191469192504882812e+00	5.314118385314941406e+00
6.025039196014404297e+00	7.656683027744293213e-02
6.039515495300292969e+00	-2.052575349807739258e+00
-3.740121603012084961e+00	-1.456203907728195190e-01
3.308068990707397461e+00	1.853886365890502930e+00
6.284212589263916016e+00	-7.486282289028167725e-02
-2.711138486862182617e+00	3.304923772811889648e+00
-1.348843932151794434e+00	3.947900533676147461e+00
4.010539531707763672e+00	-1.015745520591735840e+00
6.292319297790527344e+00	-1.561594724655151367e+00
-3.959332942962646484e+00	1.741373300552368164e+00
-1.376352429389953613e+00	3.080736398696899414e+00
8.673567771911621094e+00	4.594353199005126953e+00
-1.645696401596069336e+00	5.389512538909912109e+00
4.520316720008850098e-01	8.460840225219726562e+00
6.331162929534912109e+00	1.022944211959838867e+00
6.061575889587402344e+00	4.759367465972900391e+00
2.424514532089233398e+00	5.623371005058288574e-01
8.992251396179199219e+00	1.935928106307983398e+00
5.525969028472900391e+00	3.466435909271240234e+00
5.890272617340087891e+00	-7.489401102066040039e-01
8.805385589599609375e+00	2.149280786514282227e+00
8.446399688720703125e+00	2.398456811904907227e+00
-4.168956577777862549e-01	4.507886409759521484e+00
-1.028717398643493652e+00	7.828780174255371094e+00
5.674779415130615234e+00	-6.617943644523620605e-01
-1.010247588157653809e+00	1.756182909011840820e+00
8.755226135253906250e-01	2.725330591201782227e+00
-3.256474971771240234e+00	4.705760955810546875e+00
2.743659973144531250e+00	-2.161053180694580078e+00
6.073183059692382812e+00	8.727568984031677246e-01
1.253485202789306641e+00	-1.812678456306457520e+00
-1.614301919937133789e+00	7.591736316680908203e+00
4.720496654510498047e+00	5.791299819946289062e+00
-2.414217710494995117e+00	6.863156795501708984e+00
-1.124502301216125488e+00	1.560451149940490723e+00
1.441913694143295288e-01	3.078990936279296875e+00
-2.072186022996902466e-01	2.924843549728393555e+00
7.605937004089355469e+00	2.833647489547729492e+00
9.587892532348632812e+00	1.302708625793457031e+00
-1.580900549888610840e+00	6.324996471405029297e+00
-9.395765066146850586e-01	-8.186582922935485840e-01
-3.809293031692504883e+00	1.300582408905029297e+00
6.364629745483398438e+00	1.422876596450805664e+00
3.500743389129638672e+00	-2.684452772140502930e+00
-2.523026168346405029e-01	7.758154869079589844e-01
-3.380267143249511719e+00	2.082813024520874023e+00
7.517849922180175781e+00	4.772990703582763672e+00
4.422590255737304688e+00	9.215606451034545898e-01
1.339386105537414551e-01	6.555517315864562988e-01
-2.067526102066040039e+00	1.347544074058532715e+00
-1.315276026725769043e+00	2.225513935089111328e+00
-2.443171441555023193e-01	7.519381046295166016e-01
1.047848892211914062e+01	4.851377010345458984e+00
1.909069180488586426e+00	-2.986003398895263672e+00
6.238648414611816406e+00	4.544650554656982422e+00
3.159784555435180664e+00	-2.996108233928680420e-01
1.046014499664306641e+01	2.934185028076171875e+00
-1.831572890281677246e+00	2.278618812561035156e+00
6.034733772277832031e+00	-5.327102541923522949e-01
8.566992878913879395e-01	3.089913606643676758e+00
1.175980418920516968e-01	8.440019607543945312e+00
3.152680158615112305e+00	4.271090507507324219e+00
-1.173152685165405273e+00	5.697201251983642578e+00
-3.408050537109375000e+00	-1.384693235158920288e-01
9.642788887023925781e+00	1.067014932632446289e+00
3.482453107833862305e+00	-2.440258502960205078e+00
6.970117568969726562e+00	4.763207435607910156e+00
4.801557540893554688e+00	-3.009542226791381836e+00
7.572408914566040039e-01	6.275441646575927734e-01
3.968335628509521484e+00	4.120172023773193359e+00
4.349564075469970703e+00	3.174014806747436523e+00
5.158812522888183594e+00	-2.460959672927856445e+00
1.002201938629150391e+01	3.564126729965209961e+00
6.307863712310791016e+00	-1.018529653549194336e+00
1.462166547775268555e+00	-1.041549801826477051e+00
8.214150428771972656e+00	3.065901279449462891e+00
3.560225963592529297e+00	4.507643699645996094e+00
2.965234756469726562e+00	5.809421539306640625e+00
7.232095718383789062e+00	2.964177131652832031e+00
-1.906144738197326660e+00	4.963465690612792969e+00
6.108729362487792969e+00	5.445917129516601562e+00
2.198284149169921875e+00	5.456430315971374512e-01
4.017500400543212891e+00	-2.226673126220703125e+00
-8.787152171134948730e-01	4.193911075592041016e+00
1.782626628875732422e+00	-2.000014930963516235e-01
2.580207824707031250e+00	-7.916650176048278809e-01
9.248232245445251465e-01	-1.122492790222167969e+00
6.679189682006835938e+00	4.456972599029541016e+00
1.280023694038391113e+00	9.413084030151367188e+00
-1.687761545181274414e+00	5.296154975891113281e+00
-1.646114230155944824e+00	5.903745174407958984e+00
-1.826903939247131348e+00	5.658556938171386719e+00
5.392543673515319824e-01	9.348972320556640625e+00
-2.057764291763305664e+00	-1.242641091346740723e+00
-2.622974157333374023e+00	-1.266537547111511230e+00
6.172633171081542969e-01	3.271523952484130859e+00
6.373786449432373047e+00	2.587411165237426758e+00
2.940865278244018555e+00	4.467464923858642578e+00
4.180390834808349609e+00	3.697330713272094727e+00
3.145103693008422852e+00	-8.842922449111938477e-01
-2.165763616561889648e+00	5.742510318756103516e+00
4.785797119140625000e+00	-2.871626317501068115e-01
5.621127605438232422e+00	7.204068452119827271e-02
8.994057655334472656e+00	3.473761320114135742e+00
3.800932407379150391e+00	3.387676000595092773e+00
2.091441631317138672e+00	5.808987140655517578e+00
1.103739452362060547e+01	5.428645133972167969e+00
4.126654624938964844e+00	3.995357036590576172e+00
-1.139330416917800903e-01	-4.351013302803039551e-01
2.211376905441284180e+00	2.584123849868774414e+00
-1.395665764808654785e+00	-1.341758966445922852e+00
1.709254145622253418e+00	4.120743751525878906e+00
7.286750078201293945e-01	3.275457859039306641e+00
-3.987011909484863281e+00	-9.155013412237167358e-02
4.519259929656982422e+00	1.616589188575744629e+00
-1.619406223297119141e+00	2.760610580444335938e+00
5.556115150451660156e+00	4.623774528503417969e+00
1.294658780097961426e+00	1.321838349103927612e-01
1.628015518188476562e+00	-2.247287988662719727e+00
-1.943822383880615234e+00	2.341405391693115234e+00
-1.831718921661376953e+00	1.905154228210449219e+00
-2.911102771759033203e+00	-1.141239285469055176e+00
5.478566169738769531e+00	6.316257715225219727e-01
4.696319580078125000e+00	1.094404458999633789e+00
2.709393978118896484e+00	1.706578373908996582e+00
-2.210850715637207031e+00	-3.011569380760192871e-03
-2.908551692962646484e-01	6.518822193145751953e+00
5.041137695312500000e+00	-1.344398617744445801e+00
1.097162818908691406e+01	5.563851833343505859e+00
-8.226203918457031250e-01	6.160326004028320312e+00
6.985270977020263672e-01	5.008078575134277344e+00
5.883212089538574219e+00	-1.305991172790527344e+00
1.612371444702148438e+00	8.338913917541503906e-01
1.062477684020996094e+01	3.689621925354003906e+00
-1.917382359504699707e+00	6.561671495437622070e-01
2.026375055313110352e+00	3.308859586715698242e+00
4.753484725952148438e+00	1.157027363777160645e+00
1.039476966857910156e+01	3.263054370880126953e+00
2.912279129028320312e+00	2.635804891586303711e+00
2.783526659011840820e+00	-8.540602326393127441e-01
6.929192066192626953e+00	2.814129114151000977e+00
-1.377372443675994873e-01	4.816113948822021484e+00
-8.809653520584106445e-01	8.449165344238281250e+00
-2.642846584320068359e+00	4.703334808349609375e+00
1.951071619987487793e+00	9.090403914451599121e-01
1.015816783905029297e+01	1.513482570648193359e+00
4.953364849090576172e+00	3.659212350845336914e+00
-2.372661113739013672e+00	2.376729622483253479e-02
5.158065795898437500e+00	3.907509565353393555e+00
7.318723201751708984e+00	2.340129852294921875e+00
4.067315578460693359e+00	2.537646055221557617e+00
6.780349731445312500e+00	9.712155461311340332e-01
-9.575615525245666504e-01	2.153582572937011719e+00
7.510182857513427734e+00	-9.930235147476196289e-01
9.678912162780761719e-01	1.896421790122985840e+00
2.974150657653808594e+00	3.030826330184936523e+00
-1.350072860717773438e+00	5.723727226257324219e+00
-6.149011850357055664e-01	8.715429306030273438e+00
5.885301113128662109e+00	1.630308747291564941e+00
-2.264036417007446289e+00	6.039006710052490234e+00
2.801245689392089844e+00	2.281759977340698242e+00
-1.312345713376998901e-01	2.224716663360595703e+00
5.012669563293457031e+00	-2.135371923446655273e+00
1.842065453529357910e+00	5.610001564025878906e+00
8.185884475708007812e+00	4.478361606597900391e+00
-3.186684370040893555e+00	6.571346282958984375e+00
4.818190574645996094e+00	5.178109645843505859e+00
-1.284883379936218262e+00	8.513555526733398438e+00
-4.310182094573974609e+00	-5.203230977058410645e-01
-2.543007135391235352e-01	-2.622998058795928955e-01
9.497393965721130371e-01	3.243868947029113770e-01
1.045759677886962891e+00	1.375458121299743652e+00
4.174343109130859375e+00	-2.628676414489746094e+00
5.701639175415039062e+00	5.279793143272399902e-01
7.737864494323730469e+00	1.972837567329406738e+00
6.846425533294677734e+00	1.900124669075012207e+00
6.750998973846435547e+00	3.550125837326049805e+00
1.112233924865722656e+01	5.326830863952636719e+00
-3.611319780349731445e+00	2.882229328155517578e+00
-6.741194128990173340e-01	1.762997031211853027e+00
-2.033904790878295898e+00	7.737688541412353516e+00
3.323017120361328125e+00	-1.299423098564147949e+00
2.193432569503784180e+00	-1.067312240600585938e+00
1.051418209075927734e+01	4.709631443023681641e+00
-1.837146162986755371e+00	6.439294338226318359e+00
-1.122320532798767090e+00	3.951466560363769531e+00
9.027271270751953125e-01	-2.073779582977294922e+00
-3.268127918243408203e+00	5.404134750366210938e+00
-3.079448461532592773e+00	6.896159172058105469e+00
-3.008652031421661377e-01	-1.531002521514892578e+00
6.015813350677490234e+00	3.944668471813201904e-01
7.110185146331787109e+00	1.924763083457946777e+00
6.418180465698242188e+00	2.194531440734863281e+00
2.068174362182617188e+00	4.140604019165039062e+00
3.180629491806030273e+00	1.116348385810852051e+00
1.366396307945251465e+00	6.210230588912963867e-01
2.379285097122192383e+00	1.871737003326416016e+00
5.313342571258544922e+00	-1.881888270378112793e+00
-1.964945793151855469e+00	-2.469450712203979492e+00
4.688545703887939453e+00	9.148158431053161621e-01
-6.459591984748840332e-01	7.288273811340332031e+00
1.649812340736389160e+00	8.395813703536987305e-01
2.165984153747558594e+00	2.627718210220336914e+00
9.672860145568847656e+00	1.738091945648193359e+00
5.069649219512939453e+00	2.105536699295043945e+00
6.236143589019775391e+00	2.093577861785888672e+00
1.881910324096679688e+00	4.637084960937500000e+00
-1.897253990173339844e-01	6.295621395111083984e+00
4.035506248474121094e+00	7.493731975555419922e-01
-5.103213787078857422e-01	8.247185349464416504e-01
5.251340866088867188e+00	-5.914509892463684082e-01
6.546377182006835938e+00	5.308043003082275391e+00
5.460680723190307617e-01	9.198628425598144531e+00
2.399905681610107422e+00	-1.370377302169799805e+00
-1.516668677330017090e+00	5.189887046813964844e+00
-1.071483492851257324e+00	5.689707398414611816e-01
1.035461425781250000e+00	9.386154174804687500e+00
1.034901142120361328e+01	2.806384086608886719e+00
-6.609129905700683594e-01	8.193023800849914551e-01
-3.129456281661987305e+00	5.520022511482238770e-01
-8.438318967819213867e-01	8.522972106933593750e+00
-2.353338301181793213e-01	4.897930145263671875e+00
2.348557710647583008e+00	1.094426155090332031e+00
-3.308067083358764648e+00	3.153367042541503906e+00
6.584688186645507812e+00	3.344643115997314453e+00
-6.017524003982543945e-01	6.823829174041748047e+00
6.938368320465087891e+00	3.636089324951171875e+00
-4.177978932857513428e-01	1.245235085487365723e+00
1.012119102478027344e+01	3.599405288696289062e+00
-2.226163148880004883e+00	7.581356525421142578e+00
1.529906034469604492e+00	6.435593962669372559e-01
-2.177955389022827148e+00	1.739645600318908691e+00
1.110327339172363281e+01	5.564014434814453125e+00
3.349685430526733398e+00	3.644867897033691406e+00
2.205393791198730469e+00	-2.494236707687377930e+00
4.708128929138183594e+00	2.799662649631500244e-01
3.552647829055786133e+00	2.378080129623413086e+00
5.141974091529846191e-01	8.114283680915832520e-01
2.085474252700805664e+00	2.200834989547729492e+00
9.409192085266113281e+00	4.847573757171630859e+00
2.161168336868286133e+00	2.088827133178710938e+00
3.739103317260742188e+00	7.038762569427490234e-01
4.975033283233642578e+00	2.253176927566528320e+00
-1.851615667343139648e+00	-2.645383358001708984e+00
-6.786714792251586914e-01	1.961168885231018066e+00
7.879615306854248047e+00	2.794717788696289062e+00
7.834777355194091797e+00	4.257149219512939453e+00
6.787852287292480469e+00	3.397471427917480469e+00
2.797351598739624023e+00	4.434877872467041016e+00
4.980214595794677734e+00	4.357600688934326172e+00
-7.313299775123596191e-01	3.426543474197387695e+00
5.411059379577636719e+00	3.271725654602050781e+00
2.317317724227905273e+00	1.144382238388061523e+00
-1.740692377090454102e+00	2.464147657155990601e-01
1.149640202522277832e+00	8.664264082908630371e-01
4.685591697692871094e+00	4.022585391998291016e+00
-1.747689604759216309e+00	4.964959621429443359e+00
1.101808738708496094e+01	3.937333106994628906e+00
1.091885280609130859e+01	5.055263996124267578e+00
-2.144951343536376953e+00	-1.363269329071044922e+00
9.853673726320266724e-02	6.853685855865478516e+00
-3.403906345367431641e+00	5.061888694763183594e+00
1.820771694183349609e+00	-3.935280740261077881e-01
1.543305814266204834e-01	3.322952747344970703e+00
-2.676137089729309082e-01	6.016429066658020020e-01
3.921235561370849609e+00	1.060097098350524902e+00
1.289470076560974121e+00	9.538955688476562500e+00
1.323969602584838867e+00	-2.170447111129760742e+00
8.857084274291992188e+00	3.194669008255004883e+00
2.392576456069946289e+00	2.693928003311157227e+00
3.544384479522705078e+00	-2.876557111740112305e-01
5.704202175140380859e+00	4.392098426818847656e+00
1.093296146392822266e+01	4.777977943420410156e+00
6.615873813629150391e+00	4.802319049835205078e+00
6.125845909118652344e+00	2.731990098953247070e+00
-1.912882804870605469e+00	4.769890785217285156e+00
6.100537776947021484e+00	2.251702785491943359e+00
5.349779129028320312e+00	-1.124404549598693848e+00
4.053139686584472656e+00	1.144331693649291992e+00
4.991868138313293457e-01	3.889110088348388672e-01
2.382958412170410156e+00	-1.486251711845397949e+00
4.975076675415039062e+00	-1.504714608192443848e+00
4.960899829864501953e+00	1.868973135948181152e+00
-2.542570590972900391e+00	7.788988113403320312e+00
3.149662911891937256e-01	6.276602268218994141e+00
7.204555511474609375e+00	-6.145099401473999023e-01
7.477794170379638672e+00	1.412862678989768028e-03
2.231191158294677734e+00	-2.650634765625000000e+00
5.306658744812011719e-01	4.970250606536865234e+00
2.412885904312133789e+00	-8.792121410369873047e-01
3.327533245086669922e+00	2.856906890869140625e+00
-1.764988899230957031e+00	4.834039211273193359e+00
-2.089061737060546875e+00	4.327576160430908203e-01
3.966092109680175781e+00	1.931746244430541992e+00
4.698050975799560547e+00	-2.577919721603393555e+00
5.164945602416992188e+00	5.724715232849121094e+00
-1.614356398582458496e+00	7.868213176727294922e+00
3.408010005950927734e+00	5.495626449584960938e+00
4.268897533416748047e+00	1.753484249114990234e+00
-2.162454277276992798e-01	-1.233364939689636230e+00
8.081153869628906250e+00	4.715698719024658203e+00
5.673322081565856934e-01	8.915686607360839844e+00
2.726925373077392578e+00	4.772889137268066406e+00
1.008507823944091797e+01	1.859960436820983887e+00
9.039097785949707031e+00	2.796184539794921875e+00
9.272509574890136719e+00	1.004143238067626953e+00
-3.823619365692138672e+00	2.328730821609497070e+00
-2.229054689407348633e+00	4.690313816070556641e+00
-3.458949089050292969e+00	1.768773674964904785e+00
1.055616950988769531e+01	2.888918876647949219e+00
-2.261255025863647461e+00	4.654185295104980469e+00
1.673621088266372681e-01	7.216454505920410156e+00
5.592857837677001953e+00	3.728548049926757812e+00
-6.936300396919250488e-01	4.582238197326660156e+00
4.119459152221679688e+00	5.258173465728759766e+00
2.331746369600296021e-01	8.331617355346679688e+00
5.535398483276367188e+00	2.499347448348999023e+00
3.948459386825561523e+00	4.872132301330566406e+00
6.697182178497314453e+00	4.799987792968750000e+00
1.472172021865844727e+00	8.008816242218017578e-01
5.234081745147705078e-01	8.354187965393066406e+00
5.705279827117919922e+00	4.410957813262939453e+00
1.012026691436767578e+01	3.197855472564697266e+00
-2.624174356460571289e+00	7.409023284912109375e+00
2.659842491149902344e+00	8.747416138648986816e-01
2.274060487747192383e+00	8.833027482032775879e-01
3.882907867431640625e+00	2.264413833618164062e+00
4.490993022918701172e+00	-1.770803332328796387e+00
1.378305673599243164e+00	5.602968335151672363e-01
3.917112827301025391e+00	3.031821012496948242e+00
2.040104389190673828e+00	-1.146980643272399902e+00
3.999365091323852539e+00	1.263394355773925781e+00
6.589178442955017090e-01	4.978128373622894287e-01
7.402644157409667969e+00	5.333554744720458984e+00
7.234761714935302734e-01	2.282338857650756836e+00
-1.560705453157424927e-01	-1.124273657798767090e+00
9.683542847633361816e-01	3.821205854415893555e+00
5.236885547637939453e+00	-1.264012336730957031e+00
6.500172615051269531e+00	3.227922677993774414e+00
1.095968723297119141e+00	-1.629715919494628906e+00
2.443331241607666016e+00	1.261088371276855469e+00
2.068334579467773438e+00	3.017111778259277344e+00
8.098667144775390625e+00	8.639316558837890625e-01
8.023144602775573730e-01	8.063865303993225098e-01
-1.429002404212951660e+00	2.937605381011962891e+00
1.704458951950073242e+00	9.417567253112792969e+00
1.061183452606201172e+01	4.433999538421630859e+00
-9.592299461364746094e-01	1.087013125419616699e+00
1.532615542411804199e+00	2.326456308364868164e-01
4.088114261627197266e+00	5.771376132965087891e+00
-3.461193084716796875e+00	5.606083393096923828e+00
6.921820163726806641e+00	2.265394687652587891e+00
2.147736549377441406e+00	-3.993895053863525391e-01
5.507308483123779297e+00	2.060248851776123047e+00
5.593994855880737305e-01	-1.291176676750183105e+00
-1.897009253501892090e+00	2.160138845443725586e+00
7.885451793670654297e+00	2.103927373886108398e+00
-3.191287040710449219e+00	-1.075068354606628418e+00
-2.292050123214721680e-01	1.252851963043212891e+00
8.802095413208007812e+00	2.530915021896362305e+00
3.637501239776611328e+00	1.273447513580322266e+00
1.026742362976074219e+01	4.682483196258544922e+00
6.066318035125732422e+00	-1.695849895477294922e+00
4.969845294952392578e+00	3.095806837081909180e+00
5.610620498657226562e+00	-2.536244392395019531e+00
6.793116092681884766e+00	4.880595207214355469e+00
1.002255153656005859e+01	2.659016370773315430e+00
7.401005029678344727e-01	8.365321159362792969e+00
1.314019560813903809e+00	-4.068669080734252930e-01
-1.979122757911682129e+00	-5.569199323654174805e-01
-2.213565826416015625e+00	8.069746017456054688e+00
-5.115883946418762207e-01	8.589845657348632812e+00
1.506472588516771793e-03	5.204406738281250000e+00
3.022291183471679688e+00	5.783877372741699219e-01
2.741386890411376953e+00	-4.688512086868286133e-01
7.606780052185058594e+00	4.015582561492919922e+00
6.966344714164733887e-01	8.141222596168518066e-01
1.066025638580322266e+01	3.658003091812133789e+00
9.204314231872558594e+00	5.584909319877624512e-01
6.371298789978027344e+00	1.954613804817199707e+00
-1.835785806179046631e-01	2.663253061473369598e-02
3.793421030044555664e+00	3.940885663032531738e-01
8.179311752319335938e+00	-1.847305893898010254e-01
4.309175491333007812e+00	3.299527168273925781e+00
-4.030248895287513733e-02	8.685065269470214844e+00
6.739261627197265625e+00	2.959575414657592773e+00
1.267965435981750488e+00	-2.685231447219848633e+00
1.263724565505981445e-01	3.251209855079650879e-02
4.348150491714477539e-01	4.298718571662902832e-01
-4.104001998901367188e+00	2.742899656295776367e+00
7.047554016113281250e+00	4.673482894897460938e+00
3.864891827106475830e-01	-2.042076349258422852e+00
-2.491026878356933594e+00	4.023620128631591797e+00
8.385499000549316406e+00	3.984528779983520508e+00
1.084660243988037109e+01	5.557251453399658203e+00
3.425731658935546875e+00	5.747581005096435547e+00
1.054777526855468750e+01	5.233689785003662109e+00
7.473729610443115234e+00	3.406724929809570312e+00
-1.240511298179626465e+00	-4.720455110073089600e-01
-6.428605914115905762e-01	7.188656806945800781e+00
9.778198242187500000e+00	1.441686868667602539e+00
-3.609544515609741211e+00	-5.932474136352539062e-01
6.329635143280029297e+00	-1.260658025741577148e+00
5.068684577941894531e+00	1.311469197273254395e+00
-2.582639455795288086e-01	7.579492568969726562e+00
8.910367012023925781e+00	3.171104669570922852e+00
-2.231419086456298828e+00	5.893126010894775391e+00
-3.902660608291625977e-01	8.544917702674865723e-01
2.770043134689331055e+00	1.323755025863647461e+00
3.701380491256713867e+00	3.390456438064575195e+00
2.660961866378784180e+00	2.833602905273437500e+00
5.039493083953857422e+00	2.636325597763061523e+00
7.416076660156250000e+00	5.970044136047363281e-01
6.478155255317687988e-01	-8.963028788566589355e-01
-4.302600771188735962e-02	7.169743061065673828e+00
7.115408897399902344e+00	2.089974641799926758e+00
4.914608001708984375e+00	2.426870346069335938e+00
3.985062360763549805e+00	4.997192382812500000e+00
-3.289662599563598633e+00	6.104100227355957031e+00
2.983779907226562500e+00	-1.748389482498168945e+00
9.404176712036132812e+00	2.947346687316894531e+00
5.773467540740966797e+00	-1.666893959045410156e+00
6.610454916954040527e-01	4.565046310424804688e+00
-2.494605779647827148e+00	2.972721338272094727e+00
-1.067757844924926758e+00	-2.808268070220947266e-01
6.560103416442871094e+00	5.466628551483154297e+00
1.949913978576660156e+00	3.288931608200073242e+00
-2.029881000518798828e+00	6.096308231353759766e+00
2.512151002883911133e+00	4.079852104187011719e+00
9.077914237976074219e+00	1.530107378959655762e+00
-7.619283199310302734e-01	8.445911407470703125e+00
7.881950378417968750e+00	3.335359811782836914e+00
2.192089080810546875e+00	3.483574628829956055e+00
6.818085908889770508e-01	9.054324150085449219e+00
7.150465965270996094e+00	4.459914684295654297e+00
4.485500335693359375e+00	2.589936017990112305e+00
6.107988834381103516e+00	4.214951515197753906e+00
-4.447452723979949951e-01	8.882782936096191406e+00
8.372467041015625000e+00	1.465215086936950684e+00
1.117585277557373047e+01	5.334766864776611328e+00
-1.699056386947631836e+00	7.399956226348876953e+00
8.640036582946777344e+00	8.037728071212768555e-01
3.886069059371948242e+00	4.667036056518554688e+00
8.756584167480468750e+00	1.680661588907241821e-01
1.326058030128479004e+00	5.530860900878906250e+00
-1.425276756286621094e+00	5.927892684936523438e+00
5.076297283172607422e+00	-8.481371998786926270e-01
3.882414579391479492e+00	2.131750822067260742e+00
2.117172718048095703e+00	5.046067237854003906e+00
-1.841771960258483887e+00	1.570311784744262695e+00
2.571083068847656250e+00	-2.460861444473266602e+00
5.758744716644287109e+00	2.645290374755859375e+00
-8.906068801879882812e-01	3.239993333816528320e+00
3.789797544479370117e+00	-9.784483313560485840e-01
3.464217185974121094e+00	1.663051486015319824e+00
7.528934478759765625e+00	2.722317457199096680e+00
-1.654750108718872070e+00	6.977903842926025391e+00
9.591248512268066406e+00	3.451702117919921875e+00
1.121769046783447266e+01	5.825529098510742188e+00
6.061163902282714844e+00	6.983244419097900391e-01
4.518295288085937500e+00	2.771485328674316406e+00
3.308530151844024658e-01	9.335453987121582031e+00
2.621710538864135742e+00	6.762244701385498047e-01
-2.556863784790039062e+00	6.910945892333984375e+00
4.686541080474853516e+00	5.363830566406250000e+00
7.329602241516113281e+00	4.790083408355712891e+00
6.865543365478515625e+00	1.346051216125488281e+00
5.779057502746582031e+00	4.189384460449218750e+00
5.818815231323242188e+00	5.990829318761825562e-02
8.429942131042480469e+00	4.485474586486816406e+00
6.974759578704833984e+00	3.102141618728637695e+00
6.495153903961181641e+00	2.235700130462646484e+00
9.783583641052246094e+00	3.028371095657348633e+00
7.664760589599609375e+00	3.026175737380981445e+00
2.951522350311279297e+00	1.952975869178771973e+00
7.066229581832885742e-01	7.481950521469116211e-01
-2.265377044677734375e+00	3.730439186096191406e+00
6.064679622650146484e+00	1.921010136604309082e+00
-7.315561175346374512e-01	8.320697784423828125e+00
1.110016632080078125e+01	5.660721302032470703e+00
5.799858570098876953e-01	1.451674580574035645e+00
-4.191443443298339844e+00	-6.903007030487060547e-01
-5.307491421699523926e-01	8.866724014282226562e+00
6.539988517761230469e+00	3.763434648513793945e+00
7.940172672271728516e+00	4.680384635925292969e+00
3.994635105133056641e+00	3.398724317550659180e+00
-1.442770600318908691e+00	-1.640371322631835938e+00
-2.550413846969604492e+00	1.527754068374633789e-01
-7.327672839164733887e-02	6.979743957519531250e+00
3.541761636734008789e+00	3.705074548721313477e+00
-1.249543070793151855e+00	7.104948043823242188e+00
6.319589138031005859e+00	4.943144321441650391e+00
-1.197354912757873535e+00	-5.227268934249877930e-01
2.736181735992431641e+00	-1.611760497093200684e+00
-4.350366592407226562e+00	-6.572878360748291016e-01
8.279848098754882812e+00	3.888098716735839844e+00
1.118299388885498047e+01	5.760527610778808594e+00
-3.353719234466552734e+00	6.470209121704101562e+00
3.035019636154174805e+00	2.578863143920898438e+00
1.230832934379577637e+00	5.010928630828857422e+00
-8.337714672088623047e-01	1.138458490371704102e+00
8.774299621582031250e+00	4.512698650360107422e+00
6.337861537933349609e+00	1.526001334190368652e+00
1.106679153442382812e+01	5.764634609222412109e+00
7.525334358215332031e+00	-5.558072328567504883e-01
5.148186206817626953e+00	4.168287754058837891e+00
2.629506587982177734e+00	2.240693807601928711e+00
-2.352017164230346680e+00	2.261333614587783813e-01
-2.496572136878967285e-01	1.685288071632385254e+00
-2.792945504188537598e-01	6.674849033355712891e+00
-1.992669105529785156e-01	-2.351731061935424805e+00
7.810911655426025391e+00	5.164032936096191406e+00
6.216528892517089844e+00	3.615839958190917969e+00
-5.133633613586425781e-01	1.852581381797790527e+00
5.991415977478027344e+00	5.523548722267150879e-01
1.043924427032470703e+01	4.794802188873291016e+00
5.441992282867431641e+00	-1.602344989776611328e+00
4.322635650634765625e+00	3.535139262676239014e-01
1.051841354370117188e+01	2.997314214706420898e+00
1.072299575805664062e+01	5.204388618469238281e+00
6.341128349304199219e+00	-1.144984290003776550e-01
1.082990932464599609e+01	5.454053401947021484e+00
-4.189939498901367188e-01	6.638132572174072266e+00
3.581967949867248535e-01	8.609935760498046875e+00
5.329247951507568359e+00	9.798099398612976074e-01
4.278581619262695312e+00	1.940927863121032715e+00
8.688755035400390625e+00	9.810792803764343262e-01
1.072745704650878906e+01	5.012873172760009766e+00
1.088521289825439453e+01	3.962517023086547852e+00
6.847114086151123047e+00	-1.776048660278320312e+00
1.807426333427429199e+00	2.101940631866455078e+00
8.422213554382324219e+00	1.549857139587402344e+00
2.892052173614501953e+00	4.247786998748779297e+00
9.800724983215332031e+00	1.698248028755187988e+00
1.037465214729309082e+00	-2.430420555174350739e-02
2.238964557647705078e+00	5.767502307891845703e+00
2.641872644424438477e+00	-1.137732505798339844e+00
4.200802326202392578e+00	5.529102325439453125e+00
6.834218025207519531e+00	4.067284107208251953e+00
3.572292089462280273e+00	1.740183472633361816e+00
9.314406394958496094e+00	6.916338801383972168e-01
7.468759059906005859e+00	5.171799182891845703e+00
9.746151924133300781e+00	3.163619518280029297e+00
6.564354896545410156e+00	4.371959686279296875e+00
3.366087079048156738e-01	3.595915079116821289e+00
3.686201810836791992e+00	2.573500394821166992e+00
1.090711498260498047e+01	4.789750099182128906e+00
-3.391361713409423828e+00	5.631683826446533203e+00
2.045271843671798706e-01	7.841451644897460938e+00
1.562129974365234375e+00	2.548220396041870117e+00
6.856851577758789062e-01	8.579509735107421875e+00
5.787027359008789062e+00	1.779910683631896973e+00
5.812875270843505859e+00	4.854132652282714844e+00
1.920519351959228516e+00	5.301448345184326172e+00
4.498922824859619141e+00	5.730153083801269531e+00
5.432226181030273438e+00	-1.339908957481384277e+00
8.040215373039245605e-01	9.455288887023925781e+00
1.529713869094848633e-01	7.793379306793212891e+00
4.944741725921630859e+00	1.563846230506896973e+00
7.528221607208251953e+00	3.975468575954437256e-01
6.082125186920166016e+00	9.672715663909912109e-01
-1.694176554679870605e+00	3.692059040069580078e+00
5.924092292785644531e+00	-4.437951743602752686e-01
3.372765302658081055e+00	2.519214391708374023e+00
-4.259715080261230469e-01	6.673961639404296875e+00
6.212199330329895020e-01	8.819931983947753906e+00
7.575303077697753906e+00	5.353027343750000000e+00
2.351303815841674805e+00	-1.203333258628845215e+00
-2.417727708816528320e+00	6.506736755371093750e+00
6.387339115142822266e+00	1.968811631202697754e+00
3.721331596374511719e+00	5.133268356323242188e+00
1.039155769348144531e+01	1.952509522438049316e+00
-2.705243349075317383e+00	7.725646018981933594e+00
5.363780975341796875e+00	2.980061292648315430e+00
3.361641407012939453e+00	3.278618335723876953e+00
7.786149501800537109e+00	3.018559694290161133e+00
8.573382377624511719e+00	1.269462227821350098e+00
3.529728889465332031e+00	5.328647136688232422e+00
6.330706596374511719e+00	4.121733665466308594e+00
-2.026408910751342773e+00	7.169863700866699219e+00
-6.078789234161376953e-01	8.901076316833496094e+00
6.940229892730712891e+00	3.575590848922729492e-01
9.519104957580566406e+00	2.749577045440673828e+00
4.236265182495117188e+00	4.416924953460693359e+00
8.071623802185058594e+00	4.298768520355224609e+00
-1.488090038299560547e+00	5.293394088745117188e+00
5.035768032073974609e+00	4.417476177215576172e+00
1.018837547302246094e+01	5.262350559234619141e+00
6.122206211090087891e+00	3.993362665176391602e+00
-1.862994074821472168e+00	5.221161842346191406e+00
2.614970207214355469e+00	-1.619294643402099609e+00
-2.497682571411132812e+00	7.665857791900634766e+00
-4.760024547576904297e-01	8.728722572326660156e+00
-2.108360975980758667e-01	1.362576842308044434e+00
-6.468353271484375000e-01	7.367231845855712891e+00
-2.470165044069290161e-01	8.903983116149902344e+00
1.111195468902587891e+01	5.251475811004638672e+00
4.117065429687500000e+00	8.267839550971984863e-01
9.469354629516601562e+00	2.369490623474121094e+00
1.000519371032714844e+01	1.388040542602539062e+00
5.697646141052246094e+00	1.959999680519104004e+00
-3.280855655670166016e+00	4.647587776184082031e+00
1.491681098937988281e+00	9.901436567306518555e-01
-1.597656130790710449e+00	5.196398258209228516e+00
6.192147254943847656e+00	4.073314666748046875e+00
8.193490982055664062e+00	5.194406509399414062e+00
1.176651865243911743e-01	6.143235206604003906e+00
7.210312843322753906e+00	3.690298080444335938e+00
-1.591440558433532715e+00	5.605661392211914062e+00
1.649300575256347656e+00	9.371442794799804688e+00
-7.125723361968994141e-01	8.224287033081054688e+00
7.680588245391845703e+00	2.221989631652832031e-01
9.051330089569091797e-01	9.332904815673828125e+00
-2.568177223205566406e+00	7.915076255798339844e+00
1.210480332374572754e+00	1.994898080825805664e+00
7.094378948211669922e+00	3.775174617767333984e+00
6.850258708000183105e-01	8.996465682983398438e+00
-3.034070491790771484e+00	6.588631153106689453e+00
-1.324570536613464355e+00	5.744084835052490234e+00
-2.059476852416992188e+00	6.791052818298339844e+00
-1.419752717018127441e+00	6.449400424957275391e+00
3.226147413253784180e+00	4.673233032226562500e+00
4.805139541625976562e+00	1.992833375930786133e+00
2.192917615175247192e-01	-3.287433832883834839e-02
-2.507886886596679688e-01	9.222151756286621094e+00
7.393624305725097656e+00	-4.189128279685974121e-01
-3.261314630508422852e+00	-3.715728223323822021e-01
1.001684951782226562e+01	1.880322456359863281e+00
6.818386554718017578e+00	2.468381881713867188e+00
7.379537582397460938e+00	5.126489162445068359e+00
9.415779113769531250e-01	9.194758415222167969e+00
-2.692273616790771484e+00	7.659319877624511719e+00
5.267462730407714844e+00	5.649251937866210938e+00
5.923498868942260742e-01	9.070265769958496094e+00
2.810009717941284180e-01	8.344730377197265625e+00
7.321834564208984375e+00	4.756849765777587891e+00
-3.197953999042510986e-01	7.158415794372558594e+00
1.095783710479736328e+00	9.535954475402832031e+00
1.058229565620422363e+00	9.228267669677734375e+00
9.527942657470703125e+00	2.397840261459350586e+00
-1.527641266584396362e-01	9.231282234191894531e+00
6.913086891174316406e+00	3.436225175857543945e+00
-5.093322396278381348e-01	5.806889057159423828e+00
8.105681419372558594e+00	4.038434505462646484e+00
-1.192237615585327148e+00	6.875183105468750000e+00
-1.021107316017150879e+00	7.974403858184814453e+00
-5.241918563842773438e-01	6.026171207427978516e+00
-1.511420011520385742e+00	8.112776756286621094e+00
1.042706298828125000e+01	4.183608055114746094e+00
5.655865669250488281e+00	5.257403373718261719e+00
4.503127098083496094e+00	3.218532562255859375e+00
7.400973439216613770e-01	9.195576667785644531e+00
-1.723192095756530762e+00	5.048533916473388672e+00
-2.687094926834106445e+00	6.066210746765136719e+00
1.338327229022979736e-01	9.116314888000488281e+00
-1.802935957908630371e+00	4.983263492584228516e+00
3.841320276260375977e-01	1.968262076377868652e+00
7.622006535530090332e-02	7.441212654113769531e+00
1.498082518577575684e+00	9.504808425903320312e+00
4.866152107715606689e-01	8.833018302917480469e+00
1.486442089080810547e-01	7.953682899475097656e+00
