4.233248233795166016e+00	6.904720306396484375e+00
3.358892917633056641e+00	1.001478385925292969e+01
-1.119106292724609375e+00	5.002827644348144531e+00
8.540370941162109375e+00	8.412167549133300781e+00
3.031181812286376953e+00	1.013492870330810547e+01
3.430487155914306641e+00	9.534160614013671875e+00
5.165350437164306641e+00	1.110630130767822266e+01
-9.923804998397827148e-01	1.116640186309814453e+01
2.572002649307250977e+00	7.767642498016357422e+00
8.730588912963867188e+00	6.612781047821044922e+00
8.777692794799804688e+00	7.353921413421630859e+00
4.454111099243164062e+00	1.325834941864013672e+01
5.822065830230712891e+00	1.291431236267089844e+01
1.360419273376464844e+00	6.037178993225097656e+00
2.109828233718872070e+00	1.286601734161376953e+01
6.357326030731201172e+00	7.063092231750488281e+00
8.634819984436035156e+00	1.165711784362792969e+01
1.807469606399536133e+00	1.211222267150878906e+01
1.131234407424926758e+00	1.104179954528808594e+01
-2.171301126480102539e+00	8.375102996826171875e+00
2.952298402786254883e+00	1.294917583465576172e+01
5.150306224822998047e+00	1.087677288055419922e+01
6.022758960723876953e+00	6.731931686401367188e+00
1.728155016899108887e+00	5.429031372070312500e+00
9.731709957122802734e-01	1.269891834259033203e+01
-1.002300858497619629e+00	7.764132499694824219e+00
9.548722267150878906e+00	8.344790458679199219e+00
2.802430868148803711e+00	7.574349880218505859e+00
6.939153671264648438e+00	1.146785068511962891e+01
7.890224933624267578e+00	1.142949867248535156e+01
-1.858282446861267090e+00	8.092144012451171875e+00
-1.317025274038314819e-01	1.005242729187011719e+01
3.878666639328002930e+00	1.441201877593994141e+01
1.556948781013488770e+00	8.134088516235351562e+00
1.778137445449829102e+00	6.836133956909179688e+00
-9.294315576553344727e-01	3.832742929458618164e+00
1.020062351226806641e+01	8.680640220642089844e+00
3.219208717346191406e+00	8.571203231811523438e+00
4.517023563385009766e+00	1.028751564025878906e+01
2.385570287704467773e+00	8.694974899291992188e+00
8.924372673034667969e+00	6.349642753601074219e+00
2.332822322845458984e+00	1.236132907867431641e+01
4.019303321838378906e+00	1.005503940582275391e+01
-6.709641814231872559e-01	7.475914955139160156e+00
-1.359374761581420898e+00	2.904243469238281250e+00
5.069690227508544922e+00	1.380297756195068359e+01
7.327411651611328125e+00	1.093621730804443359e+01
3.238183498382568359e+00	1.246324634552001953e+01
2.567189216613769531e+00	1.293746852874755859e+01
-2.850728511810302734e+00	4.822709083557128906e+00
8.915279388427734375e+00	7.284393310546875000e+00
-5.917063951492309570e-01	1.058045482635498047e+01
3.191421031951904297e+00	1.054456138610839844e+01
2.188686847686767578e+00	7.162398815155029297e+00
1.426775097846984863e+00	7.089217185974121094e+00
3.975574254989624023e+00	1.225918006896972656e+01
1.176233172416687012e+00	5.650141239166259766e+00
4.927907943725585938e+00	1.058210563659667969e+01
4.813860893249511719e+00	1.164907932281494141e+01
7.569764137268066406e+00	8.305337905883789062e+00
7.511276245117187500e+00	7.864466190338134766e+00
4.355804920196533203e+00	7.464352130889892578e+00
5.808207511901855469e+00	5.290490627288818359e+00
5.548753738403320312e+00	8.394878387451171875e+00
-5.698485970497131348e-01	6.984664916992187500e+00
3.412647724151611328e+00	1.006733989715576172e+01
-7.418345212936401367e-01	1.112738513946533203e+01
-1.793847203254699707e+00	1.171765422821044922e+01
5.154005050659179688e+00	1.361937522888183594e+01
1.484544396400451660e+00	6.105271339416503906e+00
1.841743350028991699e+00	1.189590263366699219e+01
-1.307661652565002441e+00	2.551574468612670898e+00
4.779455661773681641e+00	9.396158218383789062e+00
1.671223878860473633e+00	7.367882251739501953e+00
-6.113968789577484131e-02	7.191982746124267578e+00
3.979843258857727051e-01	8.776316642761230469e+00
9.209766387939453125e-01	1.064324665069580078e+01
1.831166505813598633e+00	1.331094646453857422e+01
3.431990861892700195e+00	1.060492610931396484e+01
5.691721439361572266e+00	1.240058898925781250e+01
4.747725009918212891e+00	1.121380233764648438e+01
3.453866839408874512e-01	9.298915863037109375e+00
7.844194412231445312e+00	1.286262893676757812e+01
5.336416363716125488e-01	8.142679214477539062e+00
7.586802005767822266e+00	1.286269760131835938e+01
5.295586109161376953e+00	1.414618587493896484e+01
1.274429678916931152e+00	6.968338012695312500e+00
-7.597278356552124023e-01	5.608206272125244141e+00
5.471543788909912109e+00	9.399076461791992188e+00
2.078461885452270508e+00	9.654137611389160156e+00
4.093520164489746094e+00	1.013971519470214844e+01
2.843371629714965820e+00	1.312263965606689453e+01
5.571630001068115234e-01	1.123514938354492188e+01
4.988257408142089844e+00	1.169721317291259766e+01
4.385279178619384766e+00	1.133985424041748047e+01
8.571968674659729004e-01	1.166208362579345703e+01
-3.210207521915435791e-01	1.155627059936523438e+01
2.990325927734375000e+00	1.319235610961914062e+01
5.877829551696777344e+00	6.531095027923583984e+00
6.212740421295166016e+00	8.220184326171875000e+00
5.334356307983398438e+00	9.726981163024902344e+00
8.292290687561035156e+00	6.821202278137207031e+00
4.480178833007812500e+00	8.702080726623535156e+00
5.286385059356689453e+00	5.538498878479003906e+00
4.896850585937500000e+00	1.143482398986816406e+01
7.647453784942626953e+00	1.019817924499511719e+01
1.201110482215881348e+00	1.068400859832763672e+01
8.558008193969726562e+00	1.005287742614746094e+01
2.031252384185791016e+00	1.053849506378173828e+01
-4.138869345188140869e-01	1.043740940093994141e+01
1.629158258438110352e+00	9.585087776184082031e+00
-4.906821250915527344e-01	8.543231010437011719e+00
1.843708395957946777e+00	5.779118537902832031e+00
3.482022047042846680e+00	1.085769653320312500e+01
-4.387520849704742432e-01	1.152166652679443359e+01
1.713822722434997559e+00	1.011380767822265625e+01
4.383155345916748047e+00	1.045681858062744141e+01
-3.260813653469085693e-01	1.076421165466308594e+01
2.186109066009521484e+00	1.251391887664794922e+01
1.423919081687927246e+00	1.180170345306396484e+01
8.112751960754394531e+00	1.205848598480224609e+01
6.728091239929199219e-01	1.073594093322753906e+01
4.133541584014892578e+00	1.079140949249267578e+01
4.173603057861328125e+00	1.050273513793945312e+01
4.339106559753417969e+00	7.921916961669921875e+00
5.415339946746826172e+00	1.298415565490722656e+01
4.419250488281250000e+00	1.293007659912109375e+01
-1.348572611808776855e+00	7.809026718139648438e+00
5.205565929412841797e+00	1.315458202362060547e+01
4.269210338592529297e+00	5.919794082641601562e+00
2.794339179992675781e+00	7.423936367034912109e+00
4.725386619567871094e+00	7.044927597045898438e+00
2.959152460098266602e+00	1.167391490936279297e+01
-1.599932193756103516e+00	9.740166664123535156e+00
-5.621445551514625549e-02	1.161974811553955078e+01
6.710541248321533203e+00	7.816487789154052734e+00
3.186503887176513672e+00	1.051285839080810547e+01
4.761638641357421875e+00	4.831440925598144531e+00
9.551296234130859375e+00	5.662579536437988281e+00
6.186451911926269531e+00	1.261177539825439453e+01
9.585224151611328125e+00	8.675384521484375000e+00
-5.274479985237121582e-01	1.123633003234863281e+01
-2.773639917373657227e+00	6.443894386291503906e+00
-2.616775594651699066e-02	6.378280162811279297e+00
1.184887409210205078e+00	7.370058059692382812e+00
-1.708842754364013672e+00	8.791810035705566406e+00
4.466586112976074219e+00	8.369688987731933594e+00
3.802355527877807617e+00	9.380432128906250000e+00
8.413834571838378906e+00	1.199895095825195312e+01
3.778024435043334961e+00	1.419546794891357422e+01
3.270443677902221680e+00	7.070478916168212891e+00
1.026942062377929688e+01	5.382138729095458984e+00
4.378873825073242188e+00	1.318997764587402344e+01
4.663605213165283203e+00	7.059599399566650391e+00
7.660801887512207031e+00	1.235942840576171875e+01
4.314876079559326172e+00	8.814461708068847656e+00
6.109011173248291016e+00	1.190230274200439453e+01
1.032470798492431641e+01	8.942231178283691406e+00
7.260015010833740234e+00	1.285068321228027344e+01
4.831748962402343750e+00	1.278248691558837891e+01
3.441693782806396484e+00	1.045025730133056641e+01
2.319836378097534180e+00	1.122971057891845703e+01
1.870048880577087402e+00	8.284225463867187500e+00
2.061434745788574219e+00	1.040389919281005859e+01
-1.711185574531555176e-01	7.264002323150634766e+00
1.821582078933715820e+00	9.745862007141113281e+00
-1.062022000551223755e-01	4.413849353790283203e+00
3.287572383880615234e+00	9.549429893493652344e+00
-1.692129254341125488e+00	1.150483036041259766e+01
1.706627726554870605e+00	6.652040004730224609e+00
5.446372985839843750e+00	9.492519378662109375e+00
4.136789321899414062e+00	1.321464824676513672e+01
5.725142002105712891e+00	1.154080772399902344e+01
-1.171837568283081055e+00	5.731146335601806641e+00
8.548056602478027344e+00	6.694558620452880859e+00
4.360994815826416016e+00	1.420972537994384766e+01
-1.420633345842361450e-01	6.721930027008056641e+00
-3.000498116016387939e-01	2.920675754547119141e+00
4.826734066009521484e+00	5.528636932373046875e+00
8.635180473327636719e+00	1.163526916503906250e+01
3.016242980957031250e-01	1.084436702728271484e+01
8.260536193847656250e+00	1.038237476348876953e+01
6.152118206024169922e+00	1.230081653594970703e+01
-3.099092245101928711e-01	6.978592872619628906e+00
1.546164631843566895e+00	1.368592643737792969e+01
1.924264430999755859e+00	8.807059288024902344e+00
4.530522823333740234e+00	9.955186843872070312e+00
5.026432037353515625e+00	9.013440132141113281e+00
6.248849391937255859e+00	1.353804874420166016e+01
4.199845314025878906e+00	1.050258445739746094e+01
-7.760950326919555664e-01	9.686242103576660156e+00
-1.204123735427856445e+00	4.792620182037353516e+00
4.353393077850341797e+00	4.378993511199951172e+00
-8.924664258956909180e-01	7.626366138458251953e+00
1.297838568687438965e+00	1.269197845458984375e+01
1.717470526695251465e+00	8.359540939331054688e+00
6.697279453277587891e+00	1.232402420043945312e+01
5.565310001373291016e+00	1.421781826019287109e+01
8.037105560302734375e+00	1.194872665405273438e+01
4.520760536193847656e+00	8.786034584045410156e+00
3.320126295089721680e+00	8.651015281677246094e+00
3.676303148269653320e+00	1.133814144134521484e+01
-2.109995841979980469e+00	8.159129142761230469e+00
4.968667507171630859e+00	1.127533912658691406e+01
2.332927733659744263e-01	9.601390838623046875e+00
1.048170948028564453e+01	8.234969139099121094e+00
-1.632343769073486328e+00	8.048467636108398438e+00
6.567472457885742188e+00	8.766591072082519531e+00
3.929029941558837891e+00	9.089668273925781250e+00
6.951399326324462891e+00	9.804128646850585938e+00
-1.943722724914550781e+00	8.327727317810058594e+00
2.497872591018676758e+00	6.719340801239013672e+00
3.626125812530517578e+00	1.202054786682128906e+01
4.034305572509765625e+00	8.049411773681640625e+00
7.774901866912841797e+00	1.185796356201171875e+01
4.478326320648193359e+00	4.826164245605468750e+00
1.096747517585754395e+00	7.105580806732177734e+00
2.823766946792602539e+00	9.539244651794433594e+00
8.712253570556640625e+00	5.686715602874755859e+00
1.071447372436523438e+01	8.040956497192382812e+00
5.103964328765869141e+00	1.077694988250732422e+01
6.710415840148925781e+00	1.231422996520996094e+01
4.821479320526123047e+00	9.152326583862304688e+00
7.087884902954101562e+00	8.104568481445312500e+00
1.049870133399963379e+00	1.210204601287841797e+01
1.000666236877441406e+01	8.687824249267578125e+00
4.623827457427978516e+00	1.233568859100341797e+01
4.154629230499267578e+00	6.986954212188720703e+00
2.104774951934814453e+00	5.533970355987548828e+00
7.889249920845031738e-01	1.359241771697998047e+01
5.383996486663818359e+00	1.234294986724853516e+01
4.496500492095947266e+00	3.773370027542114258e+00
4.082115650177001953e+00	1.351151275634765625e+01
1.103002905845642090e+00	1.021050739288330078e+01
3.349104881286621094e+00	9.388282775878906250e+00
-2.496797561645507812e+00	1.083986568450927734e+01
4.546527385711669922e+00	1.092534542083740234e+01
1.036270141601562500e+00	1.042545032501220703e+01
1.598413884639739990e-01	9.220471382141113281e+00
-1.047666788101196289e+00	8.902631759643554688e+00
4.702992439270019531e+00	8.075806617736816406e+00
7.330548286437988281e+00	1.223923206329345703e+01
7.873197078704833984e+00	1.237139129638671875e+01
-3.014693021774291992e+00	5.152842044830322266e+00
-1.080640196800231934e+00	9.322530746459960938e+00
7.857701301574707031e+00	1.119271659851074219e+01
2.869292974472045898e+00	1.136264133453369141e+01
5.294434070587158203e+00	9.750277519226074219e+00
6.408156394958496094e+00	8.124136924743652344e+00
6.420880794525146484e+00	1.055810451507568359e+01
9.564846992492675781e+00	7.864261150360107422e+00
9.676945686340332031e+00	5.045371532440185547e+00
-2.085030078887939453e+00	8.353759765625000000e+00
3.485293865203857422e+00	1.397109508514404297e+01
2.564208745956420898e+00	1.270273971557617188e+01
4.954944610595703125e+00	1.261819553375244141e+01
7.463647365570068359e+00	1.013946437835693359e+01
-1.050403952598571777e+00	1.185814189910888672e+01
4.396119594573974609e+00	1.370479106903076172e+01
6.545754909515380859e+00	9.700944900512695312e+00
5.894925117492675781e+00	1.276133728027343750e+01
3.996264457702636719e+00	1.286112499237060547e+01
7.697906494140625000e+00	1.201133155822753906e+01
2.913487672805786133e+00	1.456429290771484375e+01
-2.800141572952270508e+00	5.297046661376953125e+00
-8.308774232864379883e-01	1.111957550048828125e+01
4.416309356689453125e+00	1.242785930633544922e+01
2.413659572601318359e+00	1.035335254669189453e+01
8.972184658050537109e-01	1.305274391174316406e+01
2.122441291809082031e+00	9.345401763916015625e+00
3.525652170181274414e+00	5.496781826019287109e+00
4.085020542144775391e+00	9.008119583129882812e+00
4.484619617462158203e+00	7.828215599060058594e+00
5.489935278892517090e-01	1.351897811889648438e+01
4.589559078216552734e+00	1.052438068389892578e+01
2.470861911773681641e+00	5.562250614166259766e+00
1.348137140274047852e+00	6.477630138397216797e+00
2.461367130279541016e+00	1.250889492034912109e+01
3.897008180618286133e+00	8.188043594360351562e+00
-8.293268680572509766e-01	7.892376422882080078e+00
4.946205019950866699e-01	5.952671051025390625e+00
1.669048190116882324e+00	5.934415340423583984e+00
1.972967028617858887e+00	9.225231170654296875e+00
8.291330337524414062e+00	8.349298477172851562e+00
-1.661373823881149292e-01	1.216104984283447266e+01
5.908187866210937500e+00	5.540197372436523438e+00
9.914206504821777344e+00	7.268604755401611328e+00
4.215806484222412109e+00	1.114346027374267578e+01
3.563929319381713867e+00	1.287145709991455078e+01
2.761616706848144531e+00	1.005030059814453125e+01
6.913497447967529297e+00	1.070329189300537109e+01
8.044267654418945312e+00	7.450979232788085938e+00
7.259243726730346680e-01	1.321612834930419922e+01
5.951745033264160156e+00	1.088986873626708984e+01
2.016399621963500977e+00	1.362176609039306641e+01
1.067865467071533203e+01	7.517405509948730469e+00
-8.939283490180969238e-01	7.322897434234619141e+00
4.372545242309570312e+00	9.269857406616210938e+00
3.150459051132202148e+00	1.294340705871582031e+01
4.847441196441650391e+00	1.226536464691162109e+01
8.150484085083007812e+00	1.199091625213623047e+01
4.124002456665039062e+00	1.057417297363281250e+01
6.870755195617675781e+00	1.055779457092285156e+01
4.943180561065673828e+00	6.729013919830322266e+00
3.838909387588500977e+00	7.414354801177978516e+00
7.422708988189697266e+00	1.244551658630371094e+01
4.994215488433837891e+00	8.623202323913574219e+00
7.672710895538330078e+00	1.234021377563476562e+01
3.847522735595703125e+00	5.701375484466552734e+00
7.014785289764404297e+00	1.246258258819580078e+01
3.968476057052612305e+00	5.213858604431152344e+00
6.129821300506591797e+00	7.483806610107421875e+00
6.086466312408447266e+00	1.158532428741455078e+01
3.230923414230346680e+00	9.575911521911621094e+00
3.033334970474243164e+00	5.886517524719238281e+00
3.870191097259521484e+00	8.697224617004394531e+00
1.807989478111267090e-01	7.318340778350830078e+00
-1.104643940925598145e+00	1.176067638397216797e+01
5.423316955566406250e+00	7.513866424560546875e+00
-8.501660227775573730e-01	8.853544235229492188e+00
9.921391487121582031e+00	5.450716495513916016e+00
2.957453250885009766e+00	9.959774971008300781e+00
1.218961596488952637e+00	1.038711071014404297e+01
3.758754014968872070e+00	7.025715351104736328e+00
2.881903648376464844e+00	1.086924171447753906e+01
2.237395524978637695e+00	1.415232086181640625e+01
-6.296455115079879761e-02	6.749852657318115234e+00
7.794521808624267578e+00	7.160789489746093750e+00
5.279129981994628906e+00	9.978554725646972656e+00
3.054809808731079102e+00	8.022942543029785156e+00
3.635632991790771484e+00	1.049926471710205078e+01
3.148159027099609375e+00	7.383144378662109375e+00
-9.913584589958190918e-01	6.985610961914062500e+00
2.993595361709594727e+00	7.734978675842285156e+00
3.192467689514160156e+00	9.264595031738281250e+00
-1.085673809051513672e+00	6.088879108428955078e+00
5.334900379180908203e+00	9.871652603149414062e+00
9.428805351257324219e+00	9.022055625915527344e+00
1.530021429061889648e+00	7.668867588043212891e+00
2.796890020370483398e+00	7.964860916137695312e+00
1.338431119918823242e+00	7.879771709442138672e+00
4.417458534240722656e+00	6.553162574768066406e+00
4.198194026947021484e+00	4.904326915740966797e+00
7.136218547821044922e-01	9.252056121826171875e+00
1.048935031890869141e+01	8.618567466735839844e+00
8.388899803161621094e+00	1.113047313690185547e+01
1.057785320281982422e+01	8.649834632873535156e+00
2.696225643157958984e-01	1.407938385009765625e+01
-9.209844470024108887e-01	8.534055709838867188e+00
3.786463975906372070e+00	7.489074707031250000e+00
5.506681442260742188e+00	9.370868682861328125e+00
4.193738937377929688e+00	8.999580383300781250e+00
-1.819092869758605957e+00	7.863047599792480469e+00
-7.682091593742370605e-01	4.195727825164794922e+00
6.871675491333007812e+00	9.016900062561035156e+00
-1.180801749229431152e+00	1.152174854278564453e+01
6.627137184143066406e+00	9.662399291992187500e+00
-1.118682503700256348e+00	3.905872583389282227e+00
2.583696842193603516e+00	7.238733768463134766e+00
6.900028228759765625e+00	5.220170021057128906e+00
8.316517829895019531e+00	9.198721885681152344e+00
3.727422237396240234e+00	1.038498592376708984e+01
4.293744564056396484e+00	1.281388568878173828e+01
7.639685273170471191e-01	1.014342021942138672e+01
7.522925138473510742e-01	5.714563369750976562e+00
2.300815343856811523e+00	1.009356880187988281e+01
4.767076015472412109e+00	1.047914886474609375e+01
9.978854060173034668e-01	1.139791774749755859e+01
6.258841037750244141e+00	1.115460968017578125e+01
3.859831809997558594e+00	6.983962059020996094e+00
5.125182867050170898e-01	7.084939479827880859e+00
2.602110147476196289e+00	1.355418682098388672e+01
4.649450302124023438e+00	8.057146072387695312e+00
4.689172267913818359e+00	8.639512062072753906e+00
4.559127807617187500e+00	1.028866195678710938e+01
3.748339653015136719e+00	7.604557514190673828e+00
4.651803493499755859e+00	6.523888587951660156e+00
6.910929203033447266e+00	1.205377578735351562e+01
5.808461189270019531e+00	1.179986953735351562e+01
1.921720147132873535e+00	1.354077816009521484e+01
-1.686074614524841309e+00	7.635179996490478516e+00
6.200016975402832031e+00	1.110509777069091797e+01
6.512442588806152344e+00	9.797245025634765625e+00
3.196217536926269531e+00	8.512111663818359375e+00
2.616508603096008301e-01	1.044110870361328125e+01
3.646234512329101562e+00	1.128230381011962891e+01
-1.390680789947509766e+00	1.153818416595458984e+01
5.700070381164550781e+00	1.225307559967041016e+01
1.153912693262100220e-01	1.076508045196533203e+01
2.921996831893920898e+00	9.678606986999511719e+00
3.564157485961914062e+00	9.346097946166992188e+00
2.086364477872848511e-01	1.151951122283935547e+01
5.269823074340820312e-01	8.910174369812011719e+00
2.787622213363647461e+00	1.388364887237548828e+01
4.107961654663085938e+00	6.053190708160400391e+00
3.699933290481567383e+00	1.090582942962646484e+01
1.015665054321289062e+01	8.956352233886718750e+00
7.989204406738281250e+00	7.924046516418457031e+00
6.128715515136718750e+00	7.933865547180175781e+00
1.797009348869323730e+00	7.028979778289794922e+00
-2.804335594177246094e+00	5.678741455078125000e+00
7.171147823333740234e+00	7.522031307220458984e+00
2.018405437469482422e+00	1.240182781219482422e+01
5.412485599517822266e+00	5.928892135620117188e+00
4.554481506347656250e+00	1.043146038055419922e+01
3.265738010406494141e+00	1.162978744506835938e+01
7.223479747772216797e+00	9.846915245056152344e+00
8.472431182861328125e+00	1.238544750213623047e+01
6.939257621765136719e+00	8.223776817321777344e+00
-1.265836596488952637e+00	8.038630485534667969e+00
5.588745117187500000e+00	1.119671726226806641e+01
7.329623103141784668e-01	6.659633159637451172e+00
2.373154640197753906e+00	1.167293930053710938e+01
3.615808963775634766e+00	1.125614833831787109e+01
2.676073789596557617e+00	1.347795963287353516e+01
8.806962370872497559e-01	1.353054523468017578e+01
5.678511619567871094e+00	8.564821243286132812e+00
8.368058204650878906e+00	6.417668342590332031e+00
3.521687746047973633e+00	9.325784683227539062e+00
3.016288280487060547e+00	1.065818309783935547e+01
1.056375503540039062e+01	8.133431434631347656e+00
7.061289310455322266e+00	6.777674198150634766e+00
3.479908227920532227e+00	9.309256553649902344e+00
1.027082681655883789e+00	1.126629447937011719e+01
1.793169736862182617e+00	5.937457561492919922e+00
5.871775627136230469e+00	9.715232849121093750e+00
6.078611373901367188e+00	1.053047561645507812e+01
3.369974613189697266e+00	1.126498603820800781e+01
5.449508666992187500e+00	9.913037300109863281e+00
3.727279663085937500e+00	1.179149436950683594e+01
1.255759716033935547e+00	1.206295394897460938e+01
7.036160945892333984e+00	7.764292716979980469e+00
3.770041704177856445e+00	9.958602905273437500e+00
2.357623100280761719e+00	6.935420513153076172e+00
3.282356500625610352e+00	1.029833602905273438e+01
3.985800027847290039e+00	1.103894424438476562e+01
7.087155342102050781e+00	1.305557632446289062e+01
3.108071088790893555e-01	6.849030971527099609e+00
6.482255935668945312e+00	1.208501815795898438e+01
-8.745995163917541504e-01	3.641645431518554688e+00
7.750563144683837891e+00	8.193400382995605469e+00
3.695117235183715820e+00	8.850295066833496094e+00
1.603323340415954590e+00	8.984032630920410156e+00
7.265196323394775391e+00	1.314755344390869141e+01
5.234038829803466797e+00	1.081315517425537109e+01
2.575237512588500977e+00	1.012965106964111328e+01
2.938409328460693359e+00	9.904420852661132812e+00
4.725736141204833984e+00	1.103567790985107422e+01
-2.095453262329101562e+00	8.487593650817871094e+00
8.118017911911010742e-01	6.081139087677001953e+00
4.296341240406036377e-01	1.061071491241455078e+01
8.935636281967163086e-01	6.901301860809326172e+00
3.465236902236938477e+00	1.267371273040771484e+01
2.249063730239868164e+00	9.804940223693847656e+00
7.416831970214843750e+00	1.051351737976074219e+01
5.666475772857666016e+00	1.138895606994628906e+01
1.518257111310958862e-01	1.062909317016601562e+01
3.362697839736938477e+00	7.456830978393554688e+00
-2.224981069564819336e+00	3.779567241668701172e+00
3.450539112091064453e+00	7.761871814727783203e+00
1.624688029289245605e+00	7.684681415557861328e+00
8.377572059631347656e+00	1.122585773468017578e+01
1.344491124153137207e+00	6.154252052307128906e+00
5.337470531463623047e+00	8.707208633422851562e+00
3.316605567932128906e+00	1.315032196044921875e+01
8.126928329467773438e+00	7.607134819030761719e+00
6.558313369750976562e+00	1.305469322204589844e+01
9.887382507324218750e+00	7.975689411163330078e+00
4.782977104187011719e+00	9.029416084289550781e+00
2.272714138031005859e+00	7.599299430847167969e+00
-3.354760706424713135e-01	5.002296924591064453e+00
4.249837398529052734e+00	1.013678932189941406e+01
6.932010173797607422e+00	8.101937294006347656e+00
7.729970932006835938e+00	1.261672306060791016e+01
1.941647529602050781e+00	1.120997047424316406e+01
3.905488014221191406e+00	1.070110034942626953e+01
5.848003387451171875e+00	1.356126403808593750e+01
-2.089090943336486816e-01	3.001462221145629883e+00
-4.209827780723571777e-01	4.588290214538574219e+00
4.071178436279296875e+00	1.151680946350097656e+01
1.358948200941085815e-01	7.637796401977539062e+00
3.729875326156616211e+00	1.238120555877685547e+01
6.216207981109619141e+00	7.406121730804443359e+00
6.795685768127441406e+00	9.231091499328613281e+00
9.865619540214538574e-01	9.261616706848144531e+00
6.918869018554687500e+00	7.694331169128417969e+00
7.639809608459472656e+00	1.297114372253417969e+01
5.024625778198242188e+00	7.896132946014404297e+00
2.374346256256103516e+00	1.262003803253173828e+01
4.411468029022216797e+00	1.078171920776367188e+01
8.060976982116699219e+00	1.257717895507812500e+01
8.372537612915039062e+00	1.219696521759033203e+01
6.590812206268310547e+00	1.347497940063476562e+01
3.841770291328430176e-01	7.024895191192626953e+00
1.039447784423828125e+01	5.940269947052001953e+00
3.305609941482543945e+00	1.318691158294677734e+01
-1.966397047042846680e+00	6.676861286163330078e+00
2.919566392898559570e+00	7.660127639770507812e+00
5.407507419586181641e+00	8.643020629882812500e+00
5.549448966979980469e+00	8.260360717773437500e+00
5.212344169616699219e+00	1.177430152893066406e+01
4.257076263427734375e+00	7.480896472930908203e+00
9.216408729553222656e+00	8.209491729736328125e+00
6.397541999816894531e+00	1.422391700744628906e+01
6.032357215881347656e+00	1.039574909210205078e+01
5.793558955192565918e-01	6.055278301239013672e+00
2.615666627883911133e+00	7.287862777709960938e+00
1.005216598510742188e+01	8.992767333984375000e+00
7.670310735702514648e-01	1.114499473571777344e+01
5.116137027740478516e+00	6.933845996856689453e+00
3.388535499572753906e+00	9.721405029296875000e+00
8.498335838317871094e+00	1.198109722137451172e+01
4.874416351318359375e+00	1.220350551605224609e+01
4.747142791748046875e+00	6.180205345153808594e+00
2.840591669082641602e+00	1.322298145294189453e+01
7.007665634155273438e+00	1.086692714691162109e+01
1.414819955825805664e+00	6.087944984436035156e+00
1.299960970878601074e+00	9.306785583496093750e+00
7.465649604797363281e+00	8.152797698974609375e+00
-6.652417182922363281e-01	1.014813423156738281e+01
5.093303203582763672e+00	1.348047542572021484e+01
5.838180065155029297e+00	1.213971805572509766e+01
6.784413337707519531e+00	1.365523338317871094e+01
4.362720847129821777e-01	1.383473396301269531e+01
8.302811622619628906e+00	1.016398906707763672e+01
3.323000431060791016e+00	7.150368213653564453e+00
2.213343858718872070e+00	7.614462852478027344e+00
4.831726551055908203e+00	1.004005527496337891e+01
8.354495048522949219e+00	7.078635692596435547e+00
3.350098133087158203e+00	1.329490280151367188e+01
6.256652355194091797e+00	1.128985500335693359e+01
4.452445507049560547e+00	1.020630168914794922e+01
-2.936291933059692383e+00	6.046344280242919922e+00
2.860623300075531006e-01	1.407944965362548828e+01
5.196255207061767578e+00	1.030309391021728516e+01
5.712450027465820312e+00	1.144609069824218750e+01
8.277640342712402344e+00	9.515658378601074219e+00
1.302050352096557617e+00	9.474837303161621094e+00
3.021850347518920898e+00	1.141547393798828125e+01
2.700427770614624023e+00	1.086960601806640625e+01
3.300224304199218750e+00	1.194725704193115234e+01
3.268603563308715820e+00	1.443553161621093750e+01
6.817817687988281250e+00	1.382561397552490234e+01
1.077019944787025452e-01	1.180770587921142578e+01
7.810112833976745605e-01	1.329212665557861328e+01
5.300601959228515625e+00	1.159394073486328125e+01
2.015979766845703125e+00	1.386184024810791016e+01
3.238459348678588867e+00	6.610447406768798828e+00
7.605526447296142578e+00	1.003866004943847656e+01
7.542626857757568359e+00	1.296883296966552734e+01
2.756500720977783203e+00	8.609035491943359375e+00
2.709722042083740234e+00	1.461840915679931641e+01
2.216574668884277344e+00	1.356041812896728516e+01
6.203350067138671875e+00	1.041103267669677734e+01
3.701000928878784180e+00	1.222468280792236328e+01
6.737078189849853516e+00	8.711244583129882812e+00
6.824194908142089844e+00	7.002770900726318359e+00
4.946331024169921875e+00	1.042751026153564453e+01
5.351272583007812500e+00	1.365938949584960938e+01
-6.209766864776611328e-01	1.181271743774414062e+01
2.060971736907958984e+00	1.433460235595703125e+01
3.866706609725952148e+00	8.024902343750000000e+00
3.786111593246459961e+00	1.067987823486328125e+01
5.178293704986572266e+00	9.861148834228515625e+00
2.447371006011962891e+00	8.661814689636230469e+00
1.021916484832763672e+01	9.403259277343750000e+00
9.784091949462890625e+00	5.117244720458984375e+00
5.743975639343261719e+00	1.047503566741943359e+01
-1.114342927932739258e+00	8.857108116149902344e+00
1.192826747894287109e+00	6.110094547271728516e+00
2.186830282211303711e+00	1.382256698608398438e+01
5.056199550628662109e+00	7.016834735870361328e+00
6.656805515289306641e+00	1.242805862426757812e+01
3.821165561676025391e+00	8.156199455261230469e+00
3.331876516342163086e+00	1.125916004180908203e+01
1.902508735656738281e+00	1.396820449829101562e+01
9.994521141052246094e-01	8.970926284790039062e+00
4.832711696624755859e+00	1.181159496307373047e+01
4.377590656280517578e+00	1.239385890960693359e+01
9.385966300964355469e+00	6.721233367919921875e+00
8.951931953430175781e+00	1.098170280456542969e+01
3.815415382385253906e+00	1.229968070983886719e+01
4.163864135742187500e+00	1.237985706329345703e+01
1.519173502922058105e+00	9.535914421081542969e+00
2.980475425720214844e+00	1.383942699432373047e+01
5.723562836647033691e-01	7.131118297576904297e+00
1.346014857292175293e+00	9.371682167053222656e+00
6.447514533996582031e+00	4.660758495330810547e+00
-1.294584393501281738e+00	9.048312187194824219e+00
7.999966144561767578e+00	1.275713348388671875e+01
5.271337032318115234e+00	1.150223636627197266e+01
4.856261730194091797e+00	1.100428676605224609e+01
3.989235162734985352e+00	1.298387527465820312e+01
2.106489896774291992e+00	1.100766658782958984e+01
7.516897678375244141e+00	5.808743000030517578e+00
8.772413253784179688e+00	1.204840373992919922e+01
3.373994350433349609e+00	1.145300674438476562e+01
4.838680267333984375e+00	1.143216323852539062e+01
4.414634227752685547e+00	1.187556743621826172e+01
6.703340530395507812e+00	4.673250675201416016e+00
4.425036430358886719e+00	1.275462150573730469e+01
-3.072969913482666016e+00	4.867883682250976562e+00
-9.849300384521484375e-01	8.525910377502441406e+00
7.449514389038085938e+00	9.613586425781250000e+00
4.639500081539154053e-01	1.397212696075439453e+01
5.834298610687255859e+00	1.353276824951171875e+01
1.657179474830627441e+00	1.043102645874023438e+01
5.004765510559082031e+00	9.130921363830566406e+00
5.689743518829345703e+00	1.009978294372558594e+01
1.721653103828430176e+00	7.869055747985839844e+00
-2.651306390762329102e+00	9.235486030578613281e+00
3.040480315685272217e-01	1.412971115112304688e+01
3.189609646797180176e-01	8.544574737548828125e+00
-2.322250127792358398e+00	1.104845428466796875e+01
1.991891384124755859e+00	6.663804531097412109e+00
8.915291786193847656e+00	8.436576843261718750e+00
2.016122639179229736e-01	8.000400543212890625e+00
2.631096601486206055e+00	7.385722637176513672e+00
8.134968757629394531e+00	1.163168334960937500e+01
5.336792469024658203e+00	8.308652877807617188e+00
1.364508032798767090e+00	5.759481430053710938e+00
8.276231288909912109e-01	1.344935703277587891e+01
5.813332557678222656e+00	1.379300689697265625e+01
7.482447147369384766e+00	7.381480216979980469e+00
-2.643573045730590820e+00	6.234391212463378906e+00
8.053810119628906250e+00	1.297630310058593750e+01
4.066839694976806641e+00	1.146552371978759766e+01
6.166273593902587891e+00	5.513072490692138672e+00
5.051204681396484375e+00	9.701400756835937500e+00
1.588568210601806641e+00	1.110094547271728516e+01
-1.057897686958312988e+00	1.126409721374511719e+01
6.418160915374755859e+00	9.756433486938476562e+00
5.025168418884277344e+00	1.137799930572509766e+01
6.301248073577880859e+00	1.192631340026855469e+01
-1.783014416694641113e+00	8.227939605712890625e+00
1.929805159568786621e+00	6.315033912658691406e+00
6.073931217193603516e+00	6.583674430847167969e+00
6.060718059539794922e+00	1.069113922119140625e+01
6.400399208068847656e+00	8.030189514160156250e+00
2.855860710144042969e+00	7.356897354125976562e+00
6.082589626312255859e+00	1.121418380737304688e+01
-2.025876998901367188e+00	7.808421611785888672e+00
7.116652727127075195e-01	1.054690742492675781e+01
8.911129951477050781e+00	7.589159011840820312e+00
1.006339669227600098e+00	6.629638195037841797e+00
3.785460233688354492e+00	1.155431747436523438e+01
2.327128648757934570e+00	1.347186279296875000e+01
4.990955829620361328e+00	1.060951900482177734e+01
-1.093312948942184448e-01	9.463942527770996094e+00
3.845186471939086914e+00	1.125736045837402344e+01
6.014597892761230469e+00	8.760193824768066406e+00
4.459840357303619385e-01	9.224632263183593750e+00
9.064352989196777344e+00	7.839162826538085938e+00
6.435908794403076172e+00	1.319867134094238281e+01
2.044275760650634766e+00	8.085836410522460938e+00
1.013480281829833984e+01	9.635441780090332031e+00
-1.938526183366775513e-01	8.950873374938964844e+00
6.804459095001220703e+00	5.541071891784667969e+00
5.123846054077148438e+00	1.185274219512939453e+01
-8.189885020256042480e-01	1.229281520843505859e+01
3.255352973937988281e+00	8.172768592834472656e+00
-1.185976147651672363e+00	8.999938011169433594e+00
-1.293488502502441406e+00	7.724856853485107422e+00
9.069480895996093750e+00	7.785624504089355469e+00
3.615534543991088867e+00	1.328667163848876953e+01
2.649445056915283203e+00	1.151446342468261719e+01
9.908211827278137207e-01	2.458856344223022461e+00
-1.809471964836120605e+00	5.458028793334960938e+00
-1.938321352005004883e+00	5.613815307617187500e+00
7.946816921234130859e+00	6.737745285034179688e+00
9.573694229125976562e+00	5.865323543548583984e+00
3.826972842216491699e-01	1.143117618560791016e+01
-1.437819480895996094e+00	5.217870235443115234e+00
4.203552246093750000e+00	1.254840660095214844e+01
5.175841331481933594e+00	1.066625690460205078e+01
7.543704032897949219e+00	5.718303680419921875e+00
9.213670730590820312e+00	8.415226936340332031e+00
7.872408390045166016e+00	6.636331558227539062e+00
5.132141113281250000e+00	1.315078639984130859e+01
-1.327618360519409180e+00	8.649558067321777344e+00
6.947443485260009766e-01	2.185755968093872070e+00
2.714498043060302734e+00	1.042026138305664062e+01
8.569807052612304688e+00	8.248167037963867188e+00
5.193341732025146484e+00	9.166141510009765625e+00
7.747813224792480469e+00	1.118531131744384766e+01
1.758244872093200684e+00	6.590805053710937500e+00
5.919303417205810547e+00	1.429122066497802734e+01
7.952856421470642090e-01	7.373212814331054688e+00
2.472872257232666016e+00	7.164305686950683594e+00
7.380239009857177734e+00	4.832431316375732422e+00
7.734787940979003906e+00	6.145419120788574219e+00
-3.597674369812011719e-01	2.150752305984497070e+00
3.845420360565185547e+00	9.489722251892089844e+00
7.861819267272949219e-01	5.908810615539550781e+00
3.272313177585601807e-01	1.225776767730712891e+01
8.972665071487426758e-01	1.147981071472167969e+01
5.768993377685546875e+00	1.114986324310302734e+01
-3.998877704143524170e-01	1.115801334381103516e+01
7.112174987792968750e+00	1.296061897277832031e+01
1.267823457717895508e+00	1.302094650268554688e+01
4.337449073791503906e+00	7.916808128356933594e+00
2.911748647689819336e+00	1.220846652984619141e+01
7.334111690521240234e+00	1.245426845550537109e+01
6.375315666198730469e+00	1.123639869689941406e+01
8.569635152816772461e-01	1.309416103363037109e+01
4.742777049541473389e-01	1.041572189331054688e+01
1.796310305595397949e+00	8.926773071289062500e+00
8.005597591400146484e-01	1.301855373382568359e+01
3.918297529220581055e+00	1.246989440917968750e+01
7.326352596282958984e-01	1.055703544616699219e+01
8.434518814086914062e+00	1.058695602416992188e+01
6.190110683441162109e+00	8.613505363464355469e+00
5.279705524444580078e+00	1.208505535125732422e+01
9.870903015136718750e+00	8.739573478698730469e+00
4.303854465484619141e+00	5.863964557647705078e+00
7.385372638702392578e+00	1.281016445159912109e+01
2.888205051422119141e+00	1.178204441070556641e+01
2.156146287918090820e+00	1.233533859252929688e+01
4.871543884277343750e+00	7.620121955871582031e+00
1.202322363853454590e+00	6.545099735260009766e+00
4.274431705474853516e+00	8.981524467468261719e+00
3.165573835372924805e+00	1.033267211914062500e+01
-1.472835093736648560e-01	8.777462005615234375e+00
3.346110820770263672e+00	7.709195613861083984e+00
4.909461021423339844e+00	9.376681327819824219e+00
5.089456081390380859e+00	5.374948024749755859e+00
3.435013771057128906e+00	1.072681140899658203e+01
6.156959056854248047e+00	5.581141471862792969e+00
2.550587654113769531e+00	1.407425689697265625e+01
1.029512310028076172e+01	7.288242816925048828e+00
5.921631336212158203e+00	1.170850181579589844e+01
4.113510608673095703e+00	8.744835853576660156e+00
7.709187030792236328e+00	9.327612876892089844e+00
3.785358905792236328e+00	7.952564239501953125e+00
3.273200273513793945e+00	6.024492263793945312e+00
4.898107528686523438e+00	8.483079910278320312e+00
5.429685592651367188e+00	1.224813556671142578e+01
4.499165534973144531e+00	1.077485466003417969e+01
2.399808883666992188e+00	1.453864192962646484e+01
2.146904617547988892e-01	7.524726867675781250e+00
6.636025428771972656e+00	1.148247241973876953e+01
3.675389885902404785e-01	1.407391643524169922e+01
7.196036577224731445e-01	1.141423892974853516e+01
2.191697359085083008e+00	1.400585079193115234e+01
-1.392721533775329590e+00	5.565520763397216797e+00
5.881198644638061523e-01	1.362702751159667969e+01
4.747140884399414062e+00	1.103998565673828125e+01
5.278045177459716797e+00	1.367242527008056641e+01
1.881929755210876465e+00	7.348429679870605469e+00
6.533810138702392578e+00	7.173206806182861328e+00
6.620186328887939453e+00	8.613758087158203125e+00
6.680127143859863281e+00	8.064947128295898438e+00
7.816016197204589844e+00	8.206965446472167969e+00
3.714608430862426758e+00	1.131391620635986328e+01
5.723950386047363281e+00	9.629865646362304688e+00
5.930453777313232422e+00	5.855501174926757812e+00
4.517692089080810547e+00	1.434700202941894531e+01
3.556006431579589844e+00	9.923518180847167969e+00
7.616861343383789062e+00	1.281054782867431641e+01
7.171551704406738281e+00	1.354130744934082031e+01
9.593554139137268066e-01	1.298155212402343750e+01
6.802576184272766113e-01	6.878074169158935547e+00
6.285309314727783203e+00	1.117697334289550781e+01
6.649552345275878906e+00	1.157603454589843750e+01
-1.281482875347137451e-01	8.608750343322753906e+00
7.918166160583496094e+00	1.119754505157470703e+01
4.536571025848388672e+00	8.665457725524902344e+00
-2.484251737594604492e+00	1.087413215637207031e+01
2.089561462402343750e+00	5.386792182922363281e+00
1.026457405090332031e+01	6.713595867156982422e+00
2.286796569824218750e+00	9.442111968994140625e+00
4.949968338012695312e+00	5.848719120025634766e+00
5.823201179504394531e+00	1.148528957366943359e+01
1.043868541717529297e+01	8.040449142456054688e+00
-2.165389537811279297e+00	4.499388694763183594e+00
8.333628654479980469e+00	1.177631568908691406e+01
2.731452703475952148e+00	1.333861064910888672e+01
6.796200275421142578e-01	8.707665443420410156e+00
1.280631184577941895e+00	5.917557716369628906e+00
4.689461231231689453e+00	1.325753593444824219e+01
4.927245616912841797e+00	1.140804958343505859e+01
6.986989021301269531e+00	7.746949672698974609e+00
5.901442527770996094e+00	1.315330123901367188e+01
7.835112571716308594e+00	7.307729244232177734e+00
3.762447834014892578e+00	8.399919509887695312e+00
3.220180034637451172e+00	1.454918956756591797e+01
7.777097225189208984e+00	6.406328201293945312e+00
4.431687831878662109e+00	8.927436828613281250e+00
4.632429122924804688e+00	9.314664840698242188e+00
1.288996934890747070e+00	5.800801753997802734e+00
1.090300202369689941e+00	8.720048904418945312e+00
1.974328756332397461e+00	9.490610122680664062e+00
1.117648839950561523e+00	5.868873119354248047e+00
2.903460264205932617e+00	7.092395305633544922e+00
4.161981105804443359e+00	1.027562046051025391e+01
-6.913645267486572266e-01	1.235289764404296875e+01
6.043055534362792969e+00	9.890147209167480469e+00
-2.165766477584838867e+00	5.491613864898681641e+00
5.604583740234375000e+00	1.196939945220947266e+01
4.440740585327148438e+00	9.579636573791503906e+00
-1.542741417884826660e+00	1.139632701873779297e+01
3.586347103118896484e+00	6.957984447479248047e+00
6.562223911285400391e+00	7.735367298126220703e+00
5.357010960578918457e-01	6.655940055847167969e+00
3.859526634216308594e+00	4.690096855163574219e+00
2.493430078029632568e-01	7.490932941436767578e+00
4.628854274749755859e+00	8.275144577026367188e+00
-1.740509986877441406e+00	8.698402404785156250e+00
4.404577255249023438e+00	4.085929870605468750e+00
6.268243312835693359e+00	6.877834796905517578e+00
2.465237826108932495e-01	6.992467403411865234e+00
7.186181068420410156e+00	1.279454708099365234e+01
-1.257161021232604980e+00	1.166067218780517578e+01
2.223235130310058594e+00	7.533147335052490234e+00
7.451307773590087891e+00	7.269550800323486328e+00
3.826922416687011719e+00	8.976509094238281250e+00
4.874218463897705078e+00	9.261319160461425781e+00
8.128903508186340332e-01	7.145547866821289062e+00
7.138747721910476685e-02	9.332485198974609375e+00
1.180742233991622925e-01	9.580122947692871094e+00
1.744473338127136230e+00	1.028428745269775391e+01
-5.831787362694740295e-02	1.225457191467285156e+01
1.017164421081542969e+01	8.800462722778320312e+00
1.332970976829528809e+00	8.753221511840820312e+00
-1.385501623153686523e+00	8.434925079345703125e+00
2.427613586187362671e-01	1.010408592224121094e+01
5.081951141357421875e+00	9.065945625305175781e+00
6.398897647857666016e+00	1.392457580566406250e+01
4.615814685821533203e+00	8.973818778991699219e+00
5.105716705322265625e+00	1.375087165832519531e+01
4.394400715827941895e-01	1.392079734802246094e+01
1.317743301391601562e+00	9.229639053344726562e+00
6.329617023468017578e+00	1.176790904998779297e+01
3.369683742523193359e+00	1.315803718566894531e+01
7.330446720123291016e+00	8.058253288269042969e+00
9.317580223083496094e+00	8.960187911987304688e+00
9.180688858032226562e+00	7.087497711181640625e+00
2.179774045944213867e-01	1.103618621826171875e+01
-9.125610589981079102e-01	2.938832759857177734e+00
4.790813446044921875e+00	1.006712722778320312e+01
2.617772102355957031e+00	7.477451324462890625e+00
1.535694479942321777e+00	1.200362968444824219e+01
-1.007396817207336426e+00	1.205828380584716797e+01
5.279143333435058594e+00	1.322033786773681641e+01
6.969583988189697266e+00	1.037152099609375000e+01
6.668543815612792969e+00	8.457458496093750000e+00
-3.786655664443969727e-01	1.129126453399658203e+01
4.327108860015869141e+00	3.966977357864379883e+00
3.798099756240844727e+00	1.320663452148437500e+01
2.551625251770019531e+00	8.161594390869140625e+00
6.753310203552246094e+00	8.622011184692382812e+00
3.140360832214355469e+00	1.274379730224609375e+01
-1.160718917846679688e+00	1.207598018646240234e+01
1.372283935546875000e+00	6.159070968627929688e+00
1.375026941299438477e+00	9.319888114929199219e+00
-1.992701411247253418e+00	3.782962083816528320e+00
6.466516971588134766e+00	1.176609897613525391e+01
7.342901229858398438e+00	1.212071609497070312e+01
5.590473651885986328e+00	1.384447574615478516e+01
4.754677295684814453e+00	3.892450094223022461e+00
6.171162799000740051e-02	8.874190330505371094e+00
-1.788625478744506836e+00	8.706528663635253906e+00
4.824751853942871094e+00	9.699645996093750000e+00
4.592428684234619141e+00	6.079214572906494141e+00
1.140100717544555664e+00	1.137864494323730469e+01
-1.314511615782976151e-02	1.179827499389648438e+01
-6.684949398040771484e-01	7.822392940521240234e+00
5.153108119964599609e+00	9.453754425048828125e+00
4.342642307281494141e+00	9.173812866210937500e+00
2.234045267105102539e+00	1.151464653015136719e+01
1.057341098785400391e+01	7.208270072937011719e+00
-2.214420557022094727e+00	8.391663551330566406e+00
3.019098281860351562e+00	7.370539665222167969e+00
3.430664777755737305e+00	1.276262569427490234e+01
-6.894689202308654785e-01	7.967607021331787109e+00
5.299668788909912109e+00	9.240217208862304688e+00
-2.548290491104125977e+00	1.044154357910156250e+01
5.512039184570312500e+00	8.885890007019042969e+00
1.477917909622192383e+00	7.478583812713623047e+00
-2.068948984146118164e+00	8.022983551025390625e+00
2.968155622482299805e+00	1.289173889160156250e+01
2.258598327636718750e+00	9.653462409973144531e+00
6.535356998443603516e+00	1.186838150024414062e+01
8.029410362243652344e+00	1.145980930328369141e+01
3.893575429916381836e+00	1.220223999023437500e+01
2.646733522415161133e+00	1.072569274902343750e+01
8.266864776611328125e+00	1.109625720977783203e+01
5.697854995727539062e+00	1.138075447082519531e+01
9.269916415214538574e-01	1.125990295410156250e+01
6.930251598358154297e+00	1.375296211242675781e+01
2.698055744171142578e+00	9.157173156738281250e+00
4.897091865539550781e+00	5.896708965301513672e+00
6.959593296051025391e+00	8.292147636413574219e+00
5.273893356323242188e+00	1.029806232452392578e+01
7.821892738342285156e+00	1.311375713348388672e+01
2.528957128524780273e-01	2.831694841384887695e+00
2.338737487792968750e+00	7.859204769134521484e+00
7.906373500823974609e+00	8.285964012145996094e+00
2.635120868682861328e+00	1.368435668945312500e+01
7.073378562927246094e-01	8.078394889831542969e+00
2.374726057052612305e+00	1.456858158111572266e+01
2.716981649398803711e+00	9.699678421020507812e+00
8.025399446487426758e-01	7.787093162536621094e+00
-6.833049654960632324e-01	1.198643779754638672e+01
6.676601886749267578e+00	6.184611797332763672e+00
6.031579971313476562e+00	1.208093738555908203e+01
9.690936088562011719e+00	5.377954006195068359e+00
9.781113624572753906e+00	9.351871490478515625e+00
2.844479084014892578e+00	6.014891147613525391e+00
2.415707856416702271e-01	1.179588603973388672e+01
-8.304573297500610352e-01	3.614033699035644531e+00
3.297010421752929688e+00	1.087847709655761719e+01
2.714606046676635742e+00	1.100587654113769531e+01
1.941581815481185913e-01	8.945370674133300781e+00
7.573803424835205078e+00	1.036219215393066406e+01
-1.331367254257202148e+00	8.676029205322265625e+00
2.885799407958984375e+00	8.756560325622558594e+00
7.003400802612304688e+00	7.459805488586425781e+00
4.477577209472656250e+00	1.018756580352783203e+01
5.547729969024658203e+00	1.110297298431396484e+01
4.907018661499023438e+00	1.387179660797119141e+01
-4.660073816776275635e-01	1.099571228027343750e+01
6.763931751251220703e+00	1.090987491607666016e+01
1.862112760543823242e+00	6.138662338256835938e+00
4.949715137481689453e+00	5.660001754760742188e+00
3.730431556701660156e+00	1.027144432067871094e+01
7.969242572784423828e+00	1.248364353179931641e+01
5.749359130859375000e+00	8.724177360534667969e+00
6.049185395240783691e-01	7.703929424285888672e+00
4.040361881256103516e+00	9.619683265686035156e+00
-5.789766907691955566e-01	3.618255138397216797e+00
3.420987367630004883e+00	1.322716903686523438e+01
7.988125801086425781e+00	7.497075080871582031e+00
6.451185703277587891e+00	8.199289321899414062e+00
1.643843054771423340e+00	9.293793678283691406e+00
8.481637954711914062e+00	8.673048019409179688e+00
6.781536579132080078e+00	1.223049354553222656e+01
4.290385246276855469e+00	1.330499076843261719e+01
6.270953178405761719e+00	7.718534469604492188e+00
-2.389165639877319336e+00	5.026266098022460938e+00
4.560640811920166016e+00	4.423853874206542969e+00
2.267648220062255859e+00	1.032330036163330078e+01
9.092530250549316406e+00	5.504403591156005859e+00
3.687071561813354492e+00	1.262420940399169922e+01
3.879014015197753906e+00	6.551657199859619141e+00
5.946947574615478516e+00	8.443336486816406250e+00
-2.803373575210571289e+00	6.524805068969726562e+00
-1.632437467575073242e+00	5.295173168182373047e+00
7.107474327087402344e+00	5.259321689605712891e+00
2.459895610809326172e+00	1.459430217742919922e+01
4.989467859268188477e-01	8.650247573852539062e+00
8.595089912414550781e+00	7.916928768157958984e+00
1.438620209693908691e+00	1.205609512329101562e+01
-8.281436562538146973e-01	5.233827590942382812e+00
4.546447277069091797e+00	9.820698738098144531e+00
4.253181934356689453e+00	4.710045814514160156e+00
7.680017948150634766e+00	7.294492244720458984e+00
1.183419704437255859e+00	1.151137065887451172e+01
2.325237274169921875e+00	9.969978332519531250e+00
1.012947368621826172e+01	4.884530067443847656e+00
3.390744686126708984e+00	1.006944179534912109e+01
4.129662990570068359e+00	9.236338615417480469e+00
-9.927483797073364258e-01	9.540925979614257812e+00
9.925807952880859375e+00	4.130773544311523438e+00
6.297343730926513672e+00	7.528536796569824219e+00
1.393168330192565918e+00	8.383327484130859375e+00
-5.223359465599060059e-01	1.099036407470703125e+01
2.946366071701049805e+00	1.293470191955566406e+01
4.220472335815429688e+00	8.313358306884765625e+00
1.749503493309020996e+00	9.969094276428222656e+00
-1.529552340507507324e+00	2.717848539352416992e+00
5.472701549530029297e+00	9.612220764160156250e+00
4.265872955322265625e+00	9.039481163024902344e+00
-1.068332910537719727e+00	7.670067310333251953e+00
2.556430816650390625e+00	8.993394851684570312e+00
4.461897373199462891e+00	1.265590572357177734e+01
4.839610576629638672e+00	1.357971858978271484e+01
-1.010540008544921875e+00	7.488718986511230469e+00
3.469007492065429688e+00	7.936654567718505859e+00
1.189676284790039062e+00	8.442343711853027344e+00
1.070495605468750000e+00	5.901200294494628906e+00
-3.250278830528259277e-01	4.715179920196533203e+00
-1.241739153861999512e+00	8.882487297058105469e+00
4.617882728576660156e+00	1.166788101196289062e+01
9.969921112060546875e+00	7.462261676788330078e+00
3.195936203002929688e+00	1.150033569335937500e+01
-1.282530426979064941e+00	5.927922248840332031e+00
-1.436397552490234375e+00	1.103855228424072266e+01
-9.003238081932067871e-01	6.224014282226562500e+00
6.696154594421386719e+00	1.265677547454833984e+01
3.654935836791992188e+00	1.152032184600830078e+01
4.676607608795166016e+00	1.125879287719726562e+01
1.027361488342285156e+01	8.078410148620605469e+00
5.213541507720947266e+00	8.975694656372070312e+00
2.514360427856445312e+00	1.434309196472167969e+01
4.461973667144775391e+00	8.380229949951171875e+00
8.056221604347229004e-01	1.138566780090332031e+01
4.903543949127197266e+00	1.364918804168701172e+01
5.066286563873291016e+00	9.261466979980468750e+00
2.054777383804321289e+00	8.205759048461914062e+00
9.942028045654296875e+00	8.039982795715332031e+00
7.781026840209960938e+00	1.039610481262207031e+01
9.293832778930664062e+00	6.483212471008300781e+00
-8.208092451095581055e-01	7.328135967254638672e+00
-1.108698606491088867e+00	1.181710529327392578e+01
3.879485607147216797e+00	1.184523200988769531e+01
2.323180675506591797e+00	1.339454841613769531e+01
6.667252063751220703e+00	1.241196537017822266e+01
9.676231384277343750e+00	7.958937644958496094e+00
5.545271873474121094e+00	8.956707954406738281e+00
8.128237724304199219e+00	5.860118389129638672e+00
7.487565040588378906e+00	6.121798038482666016e+00
4.303915023803710938e+00	1.078931808471679688e+01
-9.745559692382812500e-01	5.529894828796386719e+00
2.946432828903198242e+00	9.875986099243164062e+00
7.209838390350341797e+00	1.366639137268066406e+01
7.496304988861083984e+00	1.070092296600341797e+01
1.521375298500061035e+00	7.603460788726806641e+00
6.724073290824890137e-01	1.363713550567626953e+01
6.329926013946533203e+00	6.651385307312011719e+00
4.425931453704833984e+00	1.122467803955078125e+01
7.581253528594970703e+00	6.307378292083740234e+00
6.696847438812255859e+00	5.616419315338134766e+00
3.669730186462402344e+00	9.525774955749511719e+00
8.672092437744140625e+00	6.029238224029541016e+00
2.186666250228881836e+00	1.044272613525390625e+01
5.501703262329101562e+00	8.699937820434570312e+00
7.003330707550048828e+00	1.247376632690429688e+01
5.426345825195312500e+00	1.006839847564697266e+01
6.461966037750244141e+00	1.263006496429443359e+01
4.864786148071289062e+00	1.357286548614501953e+01
-1.681583881378173828e+00	8.506885528564453125e+00
1.004757499694824219e+01	9.619777679443359375e+00
3.763767242431640625e+00	1.444883346557617188e+01
2.971822261810302734e+00	7.588320732116699219e+00
-1.177918195724487305e+00	5.178863525390625000e+00
1.402777791023254395e+00	6.794386863708496094e+00
5.164793014526367188e+00	5.231079101562500000e+00
8.612195014953613281e+00	7.087889194488525391e+00
5.085288047790527344e+00	1.292276191711425781e+01
8.450231552124023438e+00	1.186540603637695312e+01
1.034413623809814453e+01	8.436499595642089844e+00
5.012142181396484375e+00	1.208554553985595703e+01
-7.714747190475463867e-01	2.226417541503906250e+00
1.057413959503173828e+01	7.860942840576171875e+00
5.233682155609130859e+00	8.301831245422363281e+00
4.148963928222656250e+00	1.046617031097412109e+01
2.571177959442138672e+00	1.210296249389648438e+01
2.030215740203857422e+00	1.145991992950439453e+01
2.535365581512451172e+00	1.311522197723388672e+01
6.058686256408691406e+00	9.096799850463867188e+00
2.067881107330322266e+00	8.991919517517089844e+00
5.846515655517578125e+00	7.648645401000976562e+00
3.752678871154785156e+00	5.741723060607910156e+00
4.778305053710937500e+00	1.061333465576171875e+01
-2.726632595062255859e+00	6.731773853302001953e+00
1.096596479415893555e+00	6.146261692047119141e+00
1.091269016265869141e+00	1.087665557861328125e+01
4.346498489379882812e+00	8.648578643798828125e+00
5.167840957641601562e+00	1.371144008636474609e+01
-1.073509812355041504e+00	7.846487045288085938e+00
9.424097061157226562e+00	8.937162399291992188e+00
8.445581436157226562e+00	6.177434921264648438e+00
4.110395431518554688e+00	8.314488410949707031e+00
2.672089815139770508e+00	9.677446365356445312e+00
1.272627115249633789e+00	5.572733402252197266e+00
1.069886445999145508e+00	3.078540325164794922e+00
2.737246751785278320e+00	6.273565769195556641e+00
4.678966999053955078e+00	1.251006984710693359e+01
2.612439155578613281e+00	1.299530506134033203e+01
5.830461502075195312e+00	8.130628585815429688e+00
3.247730016708374023e+00	9.315688133239746094e+00
2.450377464294433594e+00	9.976851463317871094e+00
6.712373256683349609e+00	1.216066265106201172e+01
-4.985418021678924561e-01	1.079206657409667969e+01
9.187840461730957031e+00	5.723073959350585938e+00
-5.719032883644104004e-01	9.515340805053710938e+00
1.557568430900573730e+00	1.380944061279296875e+01
-3.040954828262329102e+00	5.017961025238037109e+00
-2.228496596217155457e-02	6.910705566406250000e+00
-1.274852275848388672e+00	1.147931671142578125e+01
6.193368434906005859e+00	1.036486434936523438e+01
-1.812509894371032715e+00	3.293211460113525391e+00
7.247492790222167969e+00	7.791330814361572266e+00
5.829815864562988281e-01	7.003212451934814453e+00
2.384444028139114380e-01	1.075094509124755859e+01
9.496389031410217285e-01	6.268034458160400391e+00
1.764403343200683594e+00	8.325487136840820312e+00
5.399777412414550781e+00	6.499380111694335938e+00
4.961786270141601562e+00	5.807854175567626953e+00
3.701099872589111328e+00	7.790215492248535156e+00
1.347144007682800293e+00	1.093593978881835938e+01
4.107283592224121094e+00	9.880924224853515625e+00
-7.345081567764282227e-01	1.045468235015869141e+01
-1.549129724502563477e+00	1.139481735229492188e+01
1.619751811027526855e+00	1.382815074920654297e+01
5.378908634185791016e+00	8.428688049316406250e+00
2.107265949249267578e+00	1.003491401672363281e+01
-2.147711753845214844e+00	4.766454696655273438e+00
9.682453155517578125e+00	8.088407516479492188e+00
5.758148431777954102e-01	9.405925750732421875e+00
6.304225444793701172e+00	8.786600112915039062e+00
6.465211868286132812e+00	8.315323829650878906e+00
5.408604621887207031e+00	8.867540359497070312e+00
8.410617828369140625e+00	6.717473506927490234e+00
5.177311420440673828e+00	8.605719566345214844e+00
6.063199996948242188e+00	9.851425170898437500e+00
7.680827617645263672e+00	1.213440036773681641e+01
2.718860149383544922e+00	1.027042579650878906e+01
6.562788486480712891e+00	1.088424396514892578e+01
5.174820423126220703e+00	1.245304775238037109e+01
1.812521576881408691e+00	6.195253372192382812e+00
8.821278810501098633e-01	1.034396743774414062e+01
1.798099994659423828e+00	9.681409835815429688e+00
2.922276496887207031e+00	1.139359855651855469e+01
2.775734663009643555e+00	8.120574951171875000e+00
4.792820453643798828e+00	7.741098403930664062e+00
5.019741535186767578e+00	9.869192123413085938e+00
5.467690467834472656e+00	1.195872402191162109e+01
4.569849967956542969e+00	4.208280086517333984e+00
-5.647333860397338867e-01	7.493657588958740234e+00
4.143830776214599609e+00	7.826547145843505859e+00
1.815594792366027832e+00	1.136341094970703125e+01
3.250148057937622070e+00	9.120705604553222656e+00
3.868054628372192383e+00	1.273915100097656250e+01
6.496704578399658203e+00	1.406642627716064453e+01
5.203112125396728516e+00	8.403969764709472656e+00
8.761806488037109375e+00	9.172431945800781250e+00
4.573691368103027344e+00	4.275663375854492188e+00
-1.030755758285522461e+00	2.410557031631469727e+00
5.291854858398437500e+00	1.220238780975341797e+01
5.357374623417854309e-02	7.421836853027343750e+00
8.332200050354003906e+00	6.330228805541992188e+00
1.400605559349060059e+00	1.313362121582031250e+01
3.649056196212768555e+00	1.424965286254882812e+01
1.534761071205139160e+00	1.082068252563476562e+01
4.618079185485839844e+00	4.503093719482421875e+00
4.045866489410400391e+00	9.772879600524902344e+00
4.335896968841552734e+00	1.314172077178955078e+01
5.470095157623291016e+00	1.148765850067138672e+01
2.818078041076660156e+00	8.314550399780273438e+00
1.957163333892822266e+00	5.580059528350830078e+00
-8.459172844886779785e-01	6.823478698730468750e+00
4.655026912689208984e+00	4.027166366577148438e+00
9.721753597259521484e-01	1.281170272827148438e+01
1.062753200531005859e+01	5.812884330749511719e+00
7.386215209960937500e+00	1.259461879730224609e+01
4.115487575531005859e+00	5.452123641967773438e+00
1.474508881568908691e+00	9.783231735229492188e+00
4.943433761596679688e+00	8.815768241882324219e+00
-2.491945028305053711e+00	6.915723323822021484e+00
-9.119813442230224609e-01	8.893117904663085938e+00
-1.008536815643310547e+00	7.488481044769287109e+00
6.711032390594482422e+00	1.330980587005615234e+01
-8.949151635169982910e-02	8.986587524414062500e+00
6.239107608795166016e+00	1.077934074401855469e+01
5.671616554260253906e+00	1.327068710327148438e+01
3.442043304443359375e+00	1.213202190399169922e+01
7.476747989654541016e+00	1.222768020629882812e+01
4.866097450256347656e+00	1.084154510498046875e+01
3.240966320037841797e+00	1.014974689483642578e+01
2.042770147323608398e+00	9.183254241943359375e+00
-7.384670376777648926e-01	2.294924974441528320e+00
5.424030780792236328e+00	7.934660911560058594e+00
4.490292072296142578e+00	1.233964538574218750e+01
8.549886703491210938e+00	9.636098861694335938e+00
2.978905677795410156e+00	1.130266571044921875e+01
1.057160568237304688e+01	7.197574615478515625e+00
-2.272182703018188477e+00	1.002404785156250000e+01
1.009626150131225586e+00	1.017891502380371094e+01
4.597568035125732422e+00	1.131215572357177734e+01
5.485470294952392578e+00	6.387786865234375000e+00
6.449433803558349609e+00	1.204677104949951172e+01
5.876508235931396484e+00	1.019399356842041016e+01
1.016761302947998047e+00	7.810302734375000000e+00
5.384940624237060547e+00	5.309772491455078125e+00
3.430296897888183594e+00	8.145659446716308594e+00
1.673731446266174316e+00	1.017028427124023438e+01
2.937703371047973633e+00	1.136820411682128906e+01
3.240091323852539062e+00	8.174803733825683594e+00
4.068182945251464844e+00	5.008177280426025391e+00
5.017724990844726562e+00	1.213477420806884766e+01
5.149402618408203125e+00	7.578950405120849609e+00
-7.539554834365844727e-01	1.146135139465332031e+01
3.108239412307739258e+00	9.948785781860351562e+00
6.343563556671142578e+00	1.029347801208496094e+01
5.046340942382812500e+00	9.611088752746582031e+00
-2.706070423126220703e+00	4.318761348724365234e+00
6.569531440734863281e+00	9.285646438598632812e+00
4.066989898681640625e+00	9.237730979919433594e+00
2.586245536804199219e+00	1.392858886718750000e+01
1.953680396080017090e+00	5.968901157379150391e+00
1.415183782577514648e+00	9.710413932800292969e+00
2.165477037429809570e+00	8.343713760375976562e+00
1.312566399574279785e+00	1.121812725067138672e+01
-2.419203519821166992e+00	1.057158660888671875e+01
-1.863007903099060059e+00	8.533987045288085938e+00
-1.419411063194274902e+00	5.570590019226074219e+00
2.375107288360595703e+00	8.268457412719726562e+00
6.509475708007812500e+00	7.706270694732666016e+00
-2.729211449623107910e-01	9.026368141174316406e+00
6.375554561614990234e+00	1.091088104248046875e+01
-7.713410258293151855e-01	5.339752674102783203e+00
1.037865543365478516e+01	7.136708736419677734e+00
7.495580196380615234e+00	1.273790645599365234e+01
8.135424613952636719e+00	6.724005222320556641e+00
-7.888665795326232910e-01	5.418438434600830078e+00
8.894099235534667969e+00	8.541141510009765625e+00
6.373324394226074219e-01	9.845592498779296875e+00
1.048734092712402344e+01	8.499602317810058594e+00
1.046917533874511719e+01	8.452010154724121094e+00
3.349738121032714844e+00	1.185548114776611328e+01
5.502129077911376953e+00	1.329920196533203125e+01
8.005469441413879395e-01	5.982156276702880859e+00
3.960960358381271362e-02	1.155346965789794922e+01
2.785348415374755859e+00	1.252782249450683594e+01
4.768093585968017578e+00	1.286470413208007812e+01
6.765612125396728516e+00	1.073401546478271484e+01
5.094418525695800781e+00	9.124666213989257812e+00
3.203557014465332031e+00	6.322325229644775391e+00
2.076979160308837891e+00	8.284220695495605469e+00
1.669831156730651855e+00	1.032660770416259766e+01
3.124815464019775391e+00	1.231288337707519531e+01
-2.564781427383422852e+00	5.761904716491699219e+00
8.051196098327636719e+00	1.003028869628906250e+01
8.020026206970214844e+00	6.595217704772949219e+00
1.491935491561889648e+00	5.768424987792968750e+00
3.778254985809326172e+00	8.739385604858398438e+00
1.002651500701904297e+01	4.148672580718994141e+00
2.962728977203369141e+00	1.168809223175048828e+01
7.189050674438476562e+00	1.227233886718750000e+01
2.534929513931274414e+00	1.336500549316406250e+01
3.767335176467895508e+00	1.087119102478027344e+01
5.319719791412353516e+00	1.407192325592041016e+01
5.258410930633544922e+00	8.649114608764648438e+00
-6.316292881965637207e-01	2.493038654327392578e+00
3.251220703125000000e+00	1.043395423889160156e+01
4.381073474884033203e+00	4.668800354003906250e+00
7.658666610717773438e+00	8.256470680236816406e+00
1.133892655372619629e+00	1.263966369628906250e+01
2.097611665725708008e+00	7.142410278320312500e+00
5.427323341369628906e+00	1.168774604797363281e+01
7.206037998199462891e+00	6.529977321624755859e+00
6.480360984802246094e+00	5.483891010284423828e+00
6.495746135711669922e+00	7.087359428405761719e+00
6.282379627227783203e-01	1.036748123168945312e+01
8.241994857788085938e+00	9.274908065795898438e+00
5.227557659149169922e+00	1.053580665588378906e+01
2.437351942062377930e+00	7.717012405395507812e+00
-2.190711975097656250e+00	1.158195209503173828e+01
-1.425333380699157715e+00	7.782176494598388672e+00
3.509946584701538086e+00	8.979370117187500000e+00
3.887881338596343994e-01	7.619939327239990234e+00
3.006996810436248779e-01	7.651432514190673828e+00
4.683602333068847656e+00	8.843296051025390625e+00
7.115328788757324219e+00	8.457409858703613281e+00
-1.371606349945068359e+00	1.093546772003173828e+01
-8.002442866563796997e-02	8.236595153808593750e+00
2.947898209095001221e-01	7.255468845367431641e+00
4.890666007995605469e+00	5.734568595886230469e+00
1.039857482910156250e+01	6.538194656372070312e+00
1.882940649986267090e+00	8.077033042907714844e+00
6.848005294799804688e+00	6.287221908569335938e+00
8.630302429199218750e+00	8.552490234375000000e+00
7.694700241088867188e+00	8.564429283142089844e+00
6.903298854827880859e+00	1.190079402923583984e+01
9.637886047363281250e+00	5.340641498565673828e+00
4.230641841888427734e+00	1.328213882446289062e+01
1.942800879478454590e+00	9.289450645446777344e+00
7.145860195159912109e+00	1.096109008789062500e+01
3.556053161621093750e+00	9.441380500793457031e+00
1.786627173423767090e+00	9.118034362792968750e+00
-7.619608044624328613e-01	6.941835403442382812e+00
1.304888963699340820e+00	8.816987991333007812e+00
1.701850175857543945e+00	1.387954807281494141e+01
-8.135033845901489258e-01	1.075711059570312500e+01
9.326943755149841309e-02	9.193963050842285156e+00
7.098725795745849609e+00	5.788309574127197266e+00
-8.044248819351196289e-01	4.302867412567138672e+00
9.012342095375061035e-01	1.049931049346923828e+01
-1.700956463813781738e+00	2.909317493438720703e+00
8.703945159912109375e+00	8.481435775756835938e+00
-2.942476749420166016e+00	4.801864147186279297e+00
7.279378890991210938e+00	1.168081092834472656e+01
2.634661674499511719e+00	1.384838676452636719e+01
4.611325263977050781e+00	7.078700542449951172e+00
-9.661341458559036255e-02	9.679124832153320312e+00
6.062310695648193359e+00	9.419382095336914062e+00
2.240364789962768555e+00	7.480190277099609375e+00
6.770218849182128906e+00	9.161072731018066406e+00
5.770439147949218750e+00	1.080249404907226562e+01
6.635763168334960938e+00	1.300434494018554688e+01
-9.066743850708007812e-01	1.013785076141357422e+01
1.372951030731201172e+00	1.179526615142822266e+01
3.832529306411743164e+00	5.048491954803466797e+00
6.900929927825927734e+00	1.306146049499511719e+01
9.577095985412597656e+00	5.859832286834716797e+00
-1.402692198753356934e+00	7.792221546173095703e+00
-2.760361433029174805e+00	5.327982902526855469e+00
6.215945243835449219e+00	9.633200645446777344e+00
2.301411867141723633e+00	7.129596233367919922e+00
4.923553943634033203e+00	4.679252624511718750e+00
-1.623901009559631348e+00	4.191032409667968750e+00
2.600833415985107422e+00	7.846941471099853516e+00
6.735082626342773438e+00	6.272574424743652344e+00
4.817176342010498047e+00	9.003416061401367188e+00
3.060395002365112305e+00	1.093434143066406250e+01
-5.749557614326477051e-01	3.017012119293212891e+00
8.685978651046752930e-01	7.784159183502197266e+00
-2.000291347503662109e+00	4.054240703582763672e+00
3.658516407012939453e+00	1.314708137512207031e+01
5.273190975189208984e+00	1.049114608764648438e+01
4.001753330230712891e+00	9.823175430297851562e+00
4.158448696136474609e+00	1.091636657714843750e+01
3.022964477539062500e+00	1.187688159942626953e+01
3.142049312591552734e+00	1.171724319458007812e+01
8.049134254455566406e+00	5.857584953308105469e+00
-1.255028724670410156e+00	1.188363075256347656e+01
5.886309623718261719e+00	9.708084106445312500e+00
-2.044204711914062500e+00	8.483980178833007812e+00
5.467329025268554688e+00	1.133825683593750000e+01
6.136826992034912109e+00	8.435721397399902344e+00
3.179592370986938477e+00	1.300634765625000000e+01
5.152936458587646484e+00	9.843954086303710938e+00
4.230946540832519531e+00	1.158898162841796875e+01
4.331106662750244141e+00	8.109270095825195312e+00
4.535212039947509766e+00	9.270287513732910156e+00
4.786299228668212891e+00	9.736253738403320312e+00
6.040206909179687500e+00	6.612576484680175781e+00
8.539283752441406250e+00	1.038118362426757812e+01
5.842742919921875000e+00	9.263807296752929688e+00
-6.336112022399902344e-01	1.138733196258544922e+01
1.674556851387023926e+00	8.147945404052734375e+00
3.465959072113037109e+00	1.297512340545654297e+01
-7.755962610244750977e-01	3.259972572326660156e+00
8.690840721130371094e+00	7.699215888977050781e+00
4.971712112426757812e+00	9.581583976745605469e+00
5.952536106109619141e+00	8.953256607055664062e+00
3.950308322906494141e+00	1.380913639068603516e+01
2.062931299209594727e+00	6.552275657653808594e+00
-6.076471880078315735e-02	1.108805465698242188e+01
5.584169387817382812e+00	8.236474037170410156e+00
5.079295158386230469e+00	8.196549415588378906e+00
4.213658809661865234e+00	1.085649394989013672e+01
8.942599296569824219e+00	8.850566864013671875e+00
-2.926497220993041992e+00	5.456186294555664062e+00
7.722651958465576172e-01	8.480124473571777344e+00
3.871943235397338867e+00	1.409015846252441406e+01
3.935189723968505859e+00	4.482658863067626953e+00
5.069798946380615234e+00	1.203262805938720703e+01
3.756628036499023438e+00	7.571118354797363281e+00
9.182432293891906738e-01	1.107649803161621094e+01
-6.545971035957336426e-01	1.031580352783203125e+01
1.002346420288085938e+01	7.211180686950683594e+00
6.076663970947265625e+00	1.278704452514648438e+01
3.629010677337646484e+00	1.353252315521240234e+01
1.681720376014709473e+00	8.635208129882812500e+00
1.199779868125915527e+00	8.544620513916015625e+00
2.885194122791290283e-01	1.086418819427490234e+01
2.363734483718872070e+00	1.103377246856689453e+01
7.799698710441589355e-01	9.089299201965332031e+00
1.429515480995178223e+00	8.682753562927246094e+00
9.976856231689453125e+00	4.283329010009765625e+00
-1.242514327168464661e-01	1.120862197875976562e+01
7.061064243316650391e+00	1.219758224487304688e+01
1.931566834449768066e+00	8.761467933654785156e+00
5.598395347595214844e+00	6.891799926757812500e+00
1.603968858718872070e+00	1.157421779632568359e+01
5.549231529235839844e+00	1.020189666748046875e+01
6.471761226654052734e+00	5.059888362884521484e+00
9.402796626091003418e-02	6.784127235412597656e+00
5.878751277923583984e+00	9.314557075500488281e+00
8.821741104125976562e+00	8.492430686950683594e+00
1.010873317718505859e+01	6.753335952758789062e+00
-8.618226051330566406e-01	3.636393308639526367e+00
4.042382240295410156e+00	1.419685173034667969e+01
3.743101835250854492e+00	9.049813270568847656e+00
3.997554779052734375e+00	8.032786369323730469e+00
5.059237480163574219e-01	1.348634815216064453e+01
2.807104110717773438e+00	8.378424644470214844e+00
4.860645294189453125e+00	4.111979961395263672e+00
3.592586755752563477e+00	7.891571521759033203e+00
-1.100621461868286133e+00	9.056856155395507812e+00
4.360637664794921875e+00	7.790887355804443359e+00
7.438471317291259766e-01	5.856894493103027344e+00
-1.116388320922851562e+00	8.678815841674804688e+00
5.035756230354309082e-01	1.322930622100830078e+01
5.972929000854492188e+00	7.918767929077148438e+00
1.355157971382141113e+00	8.860754013061523438e+00
5.700268745422363281e+00	1.307399368286132812e+01
3.607662439346313477e+00	9.857845306396484375e+00
4.144072532653808594e+00	1.432411003112792969e+01
-9.517233371734619141e-01	3.166165351867675781e+00
1.530920028686523438e+00	6.543357372283935547e+00
2.652990818023681641e+00	1.112875270843505859e+01
-1.142690062522888184e+00	3.105267524719238281e+00
4.563381671905517578e+00	9.904335021972656250e+00
1.917752981185913086e+00	1.418735313415527344e+01
5.857256412506103516e+00	1.138189029693603516e+01
4.765750408172607422e+00	8.960900306701660156e+00
2.763491392135620117e+00	9.786873817443847656e+00
8.994714021682739258e-01	6.697112083435058594e+00
6.923984527587890625e+00	9.113179206848144531e+00
-1.343235731124877930e+00	1.149670219421386719e+01
3.388450384140014648e+00	1.199141216278076172e+01
5.249422788619995117e-01	1.158057308197021484e+01
1.053323554992675781e+01	7.346215248107910156e+00
6.801950931549072266e+00	5.961855411529541016e+00
3.135152816772460938e+00	1.220379352569580078e+01
-1.818916678428649902e+00	8.457460403442382812e+00
5.243705272674560547e+00	7.048318386077880859e+00
1.231645941734313965e+00	1.300470256805419922e+01
-2.716411352157592773e-01	7.982009410858154297e+00
1.823980063199996948e-01	7.647563457489013672e+00
1.539172053337097168e+00	6.796342849731445312e+00
4.410866260528564453e+00	1.070665264129638672e+01
-9.357085227966308594e-01	8.626703262329101562e+00
9.914348721504211426e-01	1.287108993530273438e+01
-1.722077488899230957e+00	5.365144729614257812e+00
2.846474647521972656e+00	1.039400672912597656e+01
1.043711757659912109e+01	6.308978557586669922e+00
2.125487804412841797e+00	1.143218135833740234e+01
6.597127914428710938e-01	1.299759674072265625e+01
1.203206777572631836e+00	5.623138427734375000e+00
1.932529449462890625e+00	1.109425354003906250e+01
1.013093280792236328e+01	5.035113334655761719e+00
1.138607025146484375e+00	1.121269321441650391e+01
-6.443561315536499023e-01	1.060896396636962891e+01
7.927579402923583984e+00	8.792796134948730469e+00
9.917891502380371094e+00	5.116927146911621094e+00
5.510032176971435547e+00	1.209266185760498047e+01
2.895734786987304688e+00	9.538432121276855469e+00
7.174244880676269531e+00	1.341438102722167969e+01
7.305562496185302734e-01	9.503474235534667969e+00
6.133180141448974609e+00	1.146733570098876953e+01
2.625600099563598633e+00	8.930493354797363281e+00
2.752067089080810547e+00	1.189465618133544922e+01
-1.350873231887817383e+00	1.156569480895996094e+01
4.431015491485595703e+00	6.050641059875488281e+00
-1.012877672910690308e-01	2.526460647583007812e+00
-5.945554971694946289e-01	4.849904060363769531e+00
-2.183663845062255859e-01	1.075148200988769531e+01
4.684409618377685547e+00	5.494969367980957031e+00
1.680466532707214355e+00	1.152827453613281250e+01
1.555255055427551270e+00	1.263880729675292969e+01
3.069086313247680664e+00	1.065199184417724609e+01
4.613030433654785156e+00	7.481273651123046875e+00
8.165775299072265625e+00	7.536323547363281250e+00
5.725841999053955078e+00	9.701189041137695312e+00
4.436951160430908203e+00	9.845419883728027344e+00
7.040187358856201172e+00	7.813817501068115234e+00
-1.721799850463867188e+00	3.074187517166137695e+00
-1.206390142440795898e+00	7.013831138610839844e+00
7.610211849212646484e+00	8.784509658813476562e+00
-1.066915154457092285e+00	4.687543392181396484e+00
6.327136516571044922e+00	1.210389614105224609e+01
7.279564738273620605e-01	7.534108638763427734e+00
2.863324165344238281e+00	1.040078067779541016e+01
2.274710983037948608e-01	8.389078140258789062e+00
-9.247667193412780762e-01	5.133471488952636719e+00
2.499518632888793945e+00	9.202124595642089844e+00
5.280218601226806641e+00	1.090044593811035156e+01
4.823595046997070312e+00	1.403818893432617188e+01
-3.111770451068878174e-01	7.328865528106689453e+00
4.296006202697753906e+00	7.381084442138671875e+00
6.380651950836181641e+00	7.337374687194824219e+00
3.879050314426422119e-01	1.322925949096679688e+01
5.406253337860107422e-01	1.204693222045898438e+01
5.649494647979736328e+00	1.106624889373779297e+01
-8.149360418319702148e-01	5.482257843017578125e+00
-1.635247021913528442e-01	1.048242855072021484e+01
6.434453129768371582e-01	2.152564764022827148e+00
1.405422449111938477e+00	1.073958396911621094e+01
5.584759712219238281e+00	1.027676391601562500e+01
5.405391454696655273e-01	6.113086223602294922e+00
8.004986763000488281e+00	1.165408611297607422e+01
8.730752468109130859e-01	1.041829586029052734e+01
7.794712066650390625e+00	1.173732948303222656e+01
-5.168836116790771484e-01	2.859065532684326172e+00
8.222292900085449219e+00	1.160068035125732422e+01
8.073125839233398438e+00	6.503603935241699219e+00
4.224682807922363281e+00	1.215603923797607422e+01
-2.923795580863952637e-01	1.189477157592773438e+01
1.887960791587829590e+00	5.913169860839843750e+00
4.433896064758300781e+00	8.843211174011230469e+00
5.598503112792968750e+00	8.406547546386718750e+00
1.058796405792236328e+00	1.162810897827148438e+01
1.362035274505615234e+00	8.730934143066406250e+00
6.010012626647949219e+00	1.096583461761474609e+01
2.814655065536499023e+00	1.246643638610839844e+01
9.361284255981445312e+00	8.845035552978515625e+00
7.911526679992675781e+00	7.672312259674072266e+00
1.380176246166229248e-01	1.263425159454345703e+01
3.623337030410766602e+00	8.470750808715820312e+00
6.710439205169677734e+00	5.423212051391601562e+00
5.615674495697021484e+00	1.023071956634521484e+01
3.246182680130004883e+00	6.815582752227783203e+00
-2.621276855468750000e+00	9.497204780578613281e+00
8.467371940612792969e+00	6.384827613830566406e+00
-1.063402771949768066e+00	1.180758953094482422e+01
9.066852569580078125e+00	5.349800586700439453e+00
9.676234245300292969e+00	6.952898979187011719e+00
1.080773234367370605e+00	2.348857641220092773e+00
2.711353302001953125e+00	1.066393184661865234e+01
-5.836745500564575195e-01	3.730563402175903320e+00
-2.814534902572631836e+00	5.795707702636718750e+00
3.564064979553222656e+00	1.224975585937500000e+01
1.869936227798461914e+00	5.564903736114501953e+00
4.067992687225341797e+00	1.115126895904541016e+01
1.011312580108642578e+01	5.649723529815673828e+00
4.173791408538818359e+00	1.103346061706542969e+01
6.911951541900634766e+00	1.374851608276367188e+01
7.162780284881591797e+00	6.050112247467041016e+00
8.206769943237304688e+00	1.073424720764160156e+01
-6.937727332115173340e-01	1.220277976989746094e+01
-1.655152559280395508e+00	5.356835842132568359e+00
6.099633693695068359e+00	5.568723201751708984e+00
6.953554153442382812e-01	2.820135831832885742e+00
6.647437572479248047e+00	1.294246387481689453e+01
8.031459808349609375e+00	5.402348041534423828e+00
3.976971387863159180e+00	1.312908077239990234e+01
4.017461776733398438e+00	8.440464019775390625e+00
7.275063514709472656e+00	7.208486080169677734e+00
4.180399894714355469e+00	7.321197032928466797e+00
2.380538463592529297e+00	6.552345752716064453e+00
2.458357572555541992e+00	6.629861831665039062e+00
-2.274477481842041016e+00	1.097467041015625000e+01
6.403784751892089844e+00	1.099621295928955078e+01
2.897796869277954102e+00	1.006048870086669922e+01
5.712921619415283203e+00	7.198847293853759766e+00
7.470935821533203125e+00	1.181425189971923828e+01
5.988834381103515625e+00	8.389307975769042969e+00
4.585974216461181641e+00	3.668035268783569336e+00
9.610104560852050781e+00	7.116483211517333984e+00
5.664634704589843750e-01	1.077796173095703125e+01
-1.057002320885658264e-01	9.484512329101562500e+00
7.176677227020263672e+00	8.659979820251464844e+00
6.426951885223388672e-01	1.297667217254638672e+01
4.207279205322265625e+00	8.302078247070312500e+00
-5.394076108932495117e-01	1.022427177429199219e+01
-1.728643298149108887e+00	3.137220144271850586e+00
6.006587028503417969e+00	6.859203815460205078e+00
5.241554737091064453e+00	5.921870231628417969e+00
6.794795989990234375e+00	1.254144096374511719e+01
5.225932598114013672e+00	7.381423950195312500e+00
1.979190468788146973e+00	1.080153274536132812e+01
8.723111152648925781e+00	9.944773674011230469e+00
6.635591983795166016e+00	9.384829521179199219e+00
7.237781047821044922e+00	6.099303722381591797e+00
2.153614282608032227e+00	1.020561027526855469e+01
6.278262287378311157e-02	7.505330085754394531e+00
-2.237061738967895508e+00	3.769611835479736328e+00
7.673985004425048828e+00	1.190949630737304688e+01
8.539351463317871094e+00	1.242285156250000000e+01
4.187139034271240234e+00	9.734461784362792969e+00
6.493869304656982422e+00	9.801353454589843750e+00
7.472942829132080078e+00	1.270970439910888672e+01
3.578959226608276367e+00	1.026458835601806641e+01
6.472409725189208984e+00	7.469946861267089844e+00
7.481614112854003906e+00	7.608086585998535156e+00
1.005490779876708984e+01	8.824913978576660156e+00
5.384980678558349609e+00	1.054056262969970703e+01
7.439195513725280762e-01	1.325646018981933594e+01
1.009918403625488281e+01	5.891849517822265625e+00
4.822563230991363525e-01	1.293695545196533203e+01
7.540560245513916016e+00	1.278626346588134766e+01
7.367313653230667114e-02	1.121051311492919922e+01
1.750421166419982910e+00	1.161906814575195312e+01
2.017211675643920898e+00	1.156624412536621094e+01
8.440811157226562500e+00	1.168010902404785156e+01
6.395469903945922852e-01	9.419244766235351562e+00
4.729231297969818115e-01	8.981792449951171875e+00
8.015302658081054688e+00	1.245404720306396484e+01
8.497198104858398438e+00	1.085859012603759766e+01
7.875893115997314453e+00	8.987750053405761719e+00
-1.989652991294860840e+00	3.414324522018432617e+00
-9.419074058532714844e-01	7.194877624511718750e+00
4.421962261199951172e+00	7.892099380493164062e+00
9.106391906738281250e+00	7.865588665008544922e+00
4.372788429260253906e+00	8.774037361145019531e+00
2.652763366699218750e+00	1.074074363708496094e+01
5.061181068420410156e+00	7.459105968475341797e+00
4.995154857635498047e+00	4.115493297576904297e+00
5.316116213798522949e-01	6.442686080932617188e+00
6.195441722869873047e+00	1.171524524688720703e+01
3.464243173599243164e+00	8.794617652893066406e+00
2.840071916580200195e+00	7.043681144714355469e+00
3.082539141178131104e-01	9.769400596618652344e+00
6.004654407501220703e+00	5.165508747100830078e+00
7.143676280975341797e+00	1.270480537414550781e+01
3.410889148712158203e+00	1.444180297851562500e+01
-1.674699544906616211e+00	8.093815803527832031e+00
5.827080249786376953e+00	1.023381805419921875e+01
7.134200572967529297e+00	1.342807674407958984e+01
-7.499223947525024414e-01	1.075202178955078125e+01
-7.868496179580688477e-01	1.210776042938232422e+01
2.047273814678192139e-01	6.411462306976318359e+00
7.714035987854003906e+00	5.079205513000488281e+00
1.032606315612792969e+01	5.901964664459228516e+00
6.713180541992187500e+00	1.004262351989746094e+01
4.318856239318847656e+00	5.460382461547851562e+00
4.658467292785644531e+00	1.368834781646728516e+01
-2.881351470947265625e+00	5.514558315277099609e+00
1.946724414825439453e+00	1.056443023681640625e+01
7.183703422546386719e+00	7.840695858001708984e+00
-1.478757739067077637e+00	1.153601264953613281e+01
1.003007125854492188e+01	6.780455589294433594e+00
7.303893566131591797e-01	8.604062080383300781e+00
4.139389514923095703e+00	5.046776771545410156e+00
5.612994194030761719e+00	1.291567420959472656e+01
2.618582010269165039e+00	6.135553359985351562e+00
6.486871719360351562e+00	1.105471897125244141e+01
1.057150936126708984e+01	8.450005531311035156e+00
-1.039057850837707520e+00	3.542421579360961914e+00
6.793382167816162109e+00	7.869649410247802734e+00
8.135946273803710938e+00	7.887704372406005859e+00
9.683311462402343750e+00	7.080526351928710938e+00
1.020478820800781250e+01	4.822802066802978516e+00
7.732573986053466797e+00	7.134937286376953125e+00
3.973209142684936523e+00	8.670131683349609375e+00
5.998220443725585938e+00	9.130116462707519531e+00
1.044853115081787109e+01	6.101983070373535156e+00
2.394562244415283203e+00	7.873980045318603516e+00
3.987557649612426758e+00	6.051286697387695312e+00
1.404225081205368042e-01	6.633339405059814453e+00
8.118360519409179688e+00	5.597298145294189453e+00
1.219248890876770020e+00	1.121859741210937500e+01
7.946593284606933594e+00	7.978936672210693359e+00
1.222144126892089844e+00	1.039467239379882812e+01
7.809634208679199219e+00	5.278691291809082031e+00
9.217956542968750000e+00	9.245133399963378906e+00
2.388535976409912109e+00	7.789577484130859375e+00
-1.256614089012145996e+00	4.413172721862792969e+00
-4.139966368675231934e-01	9.506999015808105469e+00
1.927608609199523926e+00	1.034046936035156250e+01
3.463567495346069336e+00	6.508563995361328125e+00
-3.606205284595489502e-01	2.685469627380371094e+00
9.332590103149414062e+00	9.194023132324218750e+00
2.777324199676513672e+00	5.613244533538818359e+00
-1.303957030177116394e-02	2.714869737625122070e+00
6.295458674430847168e-01	7.419287204742431641e+00
5.172211527824401855e-01	7.010082721710205078e+00
1.468258380889892578e+00	8.014481544494628906e+00
2.295935869216918945e+00	1.301542377471923828e+01
4.932899475097656250e+00	3.996513366699218750e+00
-2.213837146759033203e+00	5.303950309753417969e+00
-1.109471678733825684e+00	5.814356803894042969e+00
6.232351303100585938e+00	1.296322536468505859e+01
8.052838325500488281e+00	1.033414077758789062e+01
9.985836982727050781e+00	8.636324882507324219e+00
3.245765864849090576e-01	2.324750661849975586e+00
4.994659423828125000e+00	6.570840358734130859e+00
-1.448814153671264648e+00	5.336136817932128906e+00
-2.526051998138427734e+00	1.000133609771728516e+01
4.639115333557128906e+00	1.052526092529296875e+01
3.457480907440185547e+00	1.042320060729980469e+01
5.568524837493896484e+00	9.112021446228027344e+00
4.631773948669433594e+00	7.210629940032958984e+00
3.915244579315185547e+00	7.453958511352539062e+00
7.973897457122802734e+00	4.855565547943115234e+00
3.560552597045898438e+00	1.116446876525878906e+01
4.747226715087890625e+00	1.122450828552246094e+01
1.011264443397521973e+00	7.046957492828369141e+00
2.686249494552612305e+00	1.315206909179687500e+01
3.898252546787261963e-01	6.827218055725097656e+00
6.880074024200439453e+00	7.137207984924316406e+00
3.587503910064697266e+00	1.027625179290771484e+01
7.635590553283691406e+00	6.921247482299804688e+00
5.742749691009521484e+00	1.364512634277343750e+01
3.088574409484863281e+00	1.232510089874267578e+01
-5.345544815063476562e-01	3.479241847991943359e+00
-2.345594882965087891e+00	5.838296890258789062e+00
2.236096620559692383e+00	1.252262878417968750e+01
2.534627199172973633e+00	1.080099391937255859e+01
-1.616803884506225586e+00	4.436596870422363281e+00
1.106338053941726685e-01	6.414669036865234375e+00
2.409846782684326172e+00	8.323883056640625000e+00
5.674947261810302734e+00	1.167981243133544922e+01
-2.854391813278198242e+00	6.513020992279052734e+00
2.395606994628906250e+00	8.625351905822753906e+00
6.231441974639892578e+00	1.250500011444091797e+01
7.677055358886718750e+00	7.279819011688232422e+00
1.014327621459960938e+01	5.833034038543701172e+00
5.931885242462158203e+00	7.741836547851562500e+00
4.745975971221923828e+00	1.009379196166992188e+01
5.670007705688476562e+00	1.331524181365966797e+01
1.495900392532348633e+00	9.011406898498535156e+00
4.323625087738037109e+00	3.942955493927001953e+00
6.710908412933349609e+00	1.335836124420166016e+01
-2.664448976516723633e+00	6.401008129119873047e+00
-4.090429544448852539e-01	1.215409660339355469e+01
4.000593721866607666e-01	1.020255470275878906e+01
-2.356868267059326172e+00	4.495352268218994141e+00
-2.803714871406555176e-01	4.405976295471191406e+00
4.588608264923095703e+00	1.291550350189208984e+01
7.122335433959960938e+00	1.287424850463867188e+01
7.894275188446044922e+00	1.179336738586425781e+01
2.664195060729980469e+00	6.436557292938232422e+00
5.307462215423583984e+00	8.665292739868164062e+00
7.462900638580322266e+00	7.844016075134277344e+00
-4.216904342174530029e-01	1.136450767517089844e+01
5.505094528198242188e+00	9.377530097961425781e+00
3.542577028274536133e+00	9.693141937255859375e+00
5.800419807434082031e+00	7.315377712249755859e+00
7.057362079620361328e+00	8.326802253723144531e+00
-2.628559112548828125e+00	1.077788829803466797e+01
4.379553794860839844e+00	1.024587535858154297e+01
4.722737312316894531e+00	9.308997154235839844e+00
3.162137985229492188e+00	1.041506671905517578e+01
4.258668422698974609e-01	7.100969791412353516e+00
5.947764873504638672e+00	1.175168228149414062e+01
-2.481278896331787109e+00	1.101880264282226562e+01
4.285021305084228516e+00	5.149477005004882812e+00
2.771513223648071289e+00	1.022250652313232422e+01
3.381801605224609375e+00	5.949892044067382812e+00
6.232497215270996094e+00	6.907683372497558594e+00
-5.370982289314270020e-01	7.241323471069335938e+00
9.628604888916015625e+00	5.656929969787597656e+00
8.678691864013671875e+00	1.042185592651367188e+01
9.143193244934082031e+00	9.671716690063476562e+00
-2.240300893783569336e+00	6.806231021881103516e+00
6.540788650512695312e+00	4.799411773681640625e+00
-1.660141348838806152e+00	5.022729396820068359e+00
2.475431203842163086e+00	9.183504104614257812e+00
8.345880508422851562e+00	1.020847606658935547e+01
9.454915046691894531e+00	6.623538017272949219e+00
6.304697990417480469e+00	1.094120883941650391e+01
-5.503810644149780273e-01	6.935271263122558594e+00
-1.547878265380859375e+00	2.685745954513549805e+00
3.518204927444458008e+00	1.081248092651367188e+01
1.023395633697509766e+01	8.020114898681640625e+00
6.330486774444580078e+00	1.248161411285400391e+01
9.136223793029785156e+00	9.554162025451660156e+00
-2.362346887588500977e+00	1.014005947113037109e+01
3.070235013961791992e+00	1.315247917175292969e+01
8.193498611450195312e+00	8.467599868774414062e+00
9.506773948669433594e+00	8.981741905212402344e+00
2.058519601821899414e+00	5.576777935028076172e+00
4.431408405303955078e+00	1.110567188262939453e+01
7.980605214834213257e-02	7.127503395080566406e+00
7.824740409851074219e+00	1.163761806488037109e+01
4.703639507293701172e+00	1.399213504791259766e+01
1.010322856903076172e+01	6.725754737854003906e+00
1.392805695533752441e+00	6.407344818115234375e+00
6.235791206359863281e+00	1.055830955505371094e+01
2.321113198995590210e-01	1.317584133148193359e+01
1.277161717414855957e+00	1.118151378631591797e+01
9.800955772399902344e+00	8.359303474426269531e+00
5.091546475887298584e-02	8.139039039611816406e+00
4.793049335479736328e+00	5.938463211059570312e+00
2.083031654357910156e+00	6.608580589294433594e+00
-1.664498686790466309e+00	1.021914768218994141e+01
6.022891998291015625e+00	1.022552776336669922e+01
5.155887126922607422e+00	1.018515396118164062e+01
3.287477016448974609e+00	5.911199092864990234e+00
3.837236642837524414e+00	7.708577156066894531e+00
4.802536010742187500e+00	7.280458927154541016e+00
5.146337985992431641e+00	8.236654281616210938e+00
-2.574355125427246094e+00	4.617733478546142578e+00
5.707924365997314453e+00	8.607597351074218750e+00
1.065499687194824219e+01	7.130216121673583984e+00
4.837274074554443359e+00	1.085251426696777344e+01
5.722831249237060547e+00	1.247935485839843750e+01
8.116396903991699219e+00	7.258060455322265625e+00
3.942740440368652344e+00	7.574697017669677734e+00
-3.603892326354980469e-01	7.712924480438232422e+00
5.593284130096435547e+00	6.598921298980712891e+00
-6.839409470558166504e-02	7.498160839080810547e+00
7.746706008911132812e+00	6.263161182403564453e+00
2.688693046569824219e+00	9.974365234375000000e+00
7.472336292266845703e+00	6.702165126800537109e+00
7.583033084869384766e+00	8.566805839538574219e+00
6.518333435058593750e+00	8.067817687988281250e+00
-1.067301034927368164e+00	7.013932704925537109e+00
2.225064635276794434e-01	9.159098625183105469e+00
6.325864791870117188e+00	8.943507194519042969e+00
7.239774703979492188e+00	1.131559181213378906e+01
-5.502122640609741211e-01	9.188234329223632812e+00
6.764715194702148438e+00	5.555667400360107422e+00
4.165802001953125000e+00	4.711116790771484375e+00
-1.608772277832031250e+00	3.413675785064697266e+00
4.955103874206542969e+00	7.885334968566894531e+00
7.911061286926269531e+00	9.087357521057128906e+00
9.899893760681152344e+00	4.719612121582031250e+00
2.381113290786743164e+00	1.144558048248291016e+01
7.779891490936279297e+00	7.363100051879882812e+00
1.746982932090759277e+00	1.096465969085693359e+01
-2.239637136459350586e+00	1.143396663665771484e+01
8.029448509216308594e+00	1.095083618164062500e+01
3.969985961914062500e+00	8.209315299987792969e+00
7.099384784698486328e+00	8.213047027587890625e+00
5.599538326263427734e+00	9.511787414550781250e+00
7.270579338073730469e+00	1.224293231964111328e+01
4.331647872924804688e+00	8.362776756286621094e+00
-3.349226117134094238e-01	4.103859424591064453e+00
3.146291971206665039e+00	1.105781459808349609e+01
5.732620716094970703e+00	1.329430389404296875e+01
-1.088920831680297852e+00	3.683898925781250000e+00
5.012173175811767578e+00	1.162697029113769531e+01
7.213989496231079102e-01	2.015878915786743164e+00
-1.267142653465270996e+00	2.700958251953125000e+00
6.587417602539062500e+00	9.554942131042480469e+00
1.013099861145019531e+01	4.243602275848388672e+00
2.345500707626342773e+00	8.752275466918945312e+00
2.021577119827270508e+00	1.351731300354003906e+01
1.541001796722412109e+00	5.883627414703369141e+00
4.435954988002777100e-01	7.256056308746337891e+00
6.382634162902832031e+00	9.868217468261718750e+00
4.421378374099731445e-01	9.075263023376464844e+00
1.326180219650268555e+00	7.182534217834472656e+00
4.392712593078613281e+00	1.189191150665283203e+01
3.933221101760864258e+00	9.297757148742675781e+00
7.995409488677978516e+00	1.250431442260742188e+01
7.353138923645019531e+00	7.168272972106933594e+00
5.036974430084228516e+00	6.731108665466308594e+00
8.711641311645507812e+00	5.778043746948242188e+00
3.438881635665893555e+00	1.004392623901367188e+01
1.071625351905822754e+00	9.183259963989257812e+00
-2.465615987777709961e+00	1.089921474456787109e+01
-2.466048240661621094e+00	1.106352233886718750e+01
3.096624612808227539e+00	8.184699058532714844e+00
2.584108829498291016e+00	1.257340717315673828e+01
8.720465660095214844e+00	1.216537952423095703e+01
3.827628850936889648e+00	5.335333347320556641e+00
7.392045974731445312e+00	5.555958747863769531e+00
1.649859905242919922e+00	1.168347072601318359e+01
5.742719650268554688e+00	1.162424755096435547e+01
5.555779457092285156e+00	1.302416038513183594e+01
8.225518226623535156e+00	6.626345634460449219e+00
-6.632133722305297852e-01	3.157129526138305664e+00
7.939175605773925781e+00	5.913390636444091797e+00
6.218294143676757812e+00	8.993643760681152344e+00
6.391806602478027344e+00	1.336640167236328125e+01
-9.678691029548645020e-01	1.051209354400634766e+01
4.715878009796142578e+00	9.869421005249023438e+00
7.937366008758544922e+00	1.002801132202148438e+01
-6.051359176635742188e-01	7.458578109741210938e+00
1.045909762382507324e+00	6.451130867004394531e+00
5.759931564331054688e+00	1.172563648223876953e+01
7.817033767700195312e+00	1.255081939697265625e+01
-1.337537527084350586e+00	8.769165039062500000e+00
3.445645570755004883e-01	7.191254138946533203e+00
8.316742897033691406e+00	5.133460998535156250e+00
-2.654919862747192383e+00	9.574376106262207031e+00
-8.365125209093093872e-02	2.551896095275878906e+00
6.705821514129638672e+00	9.917089462280273438e+00
8.832695007324218750e+00	7.375873088836669922e+00
5.899566650390625000e+00	1.064435005187988281e+01
9.740901947021484375e+00	8.652358055114746094e+00
6.592976093292236328e+00	6.633191108703613281e+00
6.555702209472656250e+00	1.049111461639404297e+01
9.645749092102050781e+00	7.297393321990966797e+00
8.030360221862792969e+00	7.675178050994873047e+00
9.400317072868347168e-01	5.861793041229248047e+00
-7.075123786926269531e-01	4.171792507171630859e+00
8.104548454284667969e+00	1.235552215576171875e+01
3.037729740142822266e+00	8.644572257995605469e+00
3.105372428894042969e+00	1.076838016510009766e+01
-1.825093269348144531e+00	6.411963939666748047e+00
5.352093696594238281e+00	1.321732902526855469e+01
7.106937408447265625e+00	8.681629180908203125e+00
4.356606006622314453e+00	1.357876205444335938e+01
-1.661244750022888184e+00	2.944295406341552734e+00
2.726833343505859375e+00	5.807363033294677734e+00
-2.569837093353271484e+00	5.072685718536376953e+00
9.918621778488159180e-01	9.109919548034667969e+00
3.057177782058715820e+00	1.067627811431884766e+01
1.193162798881530762e+00	9.009074211120605469e+00
-2.885719947516918182e-02	2.611289739608764648e+00
1.030277252197265625e+01	8.847787857055664062e+00
-1.384449839591979980e+00	4.801523685455322266e+00
4.159654378890991211e-01	1.062692928314208984e+01
3.386174440383911133e-01	1.406547260284423828e+01
6.715000629425048828e+00	9.107371330261230469e+00
7.398577213287353516e+00	1.345982551574707031e+01
3.500834703445434570e+00	1.195933532714843750e+01
-1.258216023445129395e+00	8.972924232482910156e+00
8.191838264465332031e+00	7.017724990844726562e+00
5.455382347106933594e+00	7.026980400085449219e+00
2.429248094558715820e+00	1.052881050109863281e+01
1.793401598930358887e+00	1.183256340026855469e+01
9.599474072456359863e-01	8.395975112915039062e+00
3.030972003936767578e+00	1.127480316162109375e+01
9.765290260314941406e+00	5.374645709991455078e+00
6.860476016998291016e+00	1.386243343353271484e+01
7.081169128417968750e+00	6.479213714599609375e+00
4.480688095092773438e+00	1.099031925201416016e+01
1.042502307891845703e+01	6.547888278961181641e+00
-1.938761621713638306e-01	8.778218269348144531e+00
7.385991096496582031e+00	1.018270874023437500e+01
2.543102264404296875e+00	7.555833339691162109e+00
-8.417613506317138672e-01	2.970963716506958008e+00
3.491198062896728516e+00	6.828540802001953125e+00
-2.641530036926269531e+00	9.833364486694335938e+00
-4.909404218196868896e-01	9.687619209289550781e+00
1.007154750823974609e+01	9.727886199951171875e+00
4.829598903656005859e+00	1.198484230041503906e+01
7.495365619659423828e+00	6.331264019012451172e+00
7.443809032440185547e+00	1.294677257537841797e+01
6.587610840797424316e-01	1.058556747436523438e+01
4.514106750488281250e+00	8.067380905151367188e+00
4.868470191955566406e+00	6.916263103485107422e+00
6.432420253753662109e+00	1.275694561004638672e+01
9.426701545715332031e+00	5.423965930938720703e+00
6.880425930023193359e+00	9.839650154113769531e+00
3.428551912307739258e+00	1.284879302978515625e+01
7.808778762817382812e+00	8.307345390319824219e+00
4.915234565734863281e+00	5.090282440185546875e+00
2.032715559005737305e+00	5.406114578247070312e+00
7.215639114379882812e+00	7.364119529724121094e+00
-2.285300493240356445e+00	1.069045734405517578e+01
5.986278057098388672e+00	5.761028289794921875e+00
3.926658868789672852e+00	1.070098972320556641e+01
6.756918430328369141e+00	1.188794422149658203e+01
5.096820592880249023e-01	7.156264781951904297e+00
4.062624931335449219e+00	1.102195072174072266e+01
4.787420272827148438e+00	1.162461280822753906e+01
2.104905366897583008e+00	1.138870239257812500e+01
6.325037002563476562e+00	5.355636596679687500e+00
5.533061623573303223e-01	2.200844049453735352e+00
-2.799687147140502930e+00	1.035632610321044922e+01
-1.121673583984375000e+00	5.038294792175292969e+00
-2.290147781372070312e+00	1.000562000274658203e+01
-4.534751176834106445e-01	2.686961650848388672e+00
-5.954178571701049805e-01	1.247843360900878906e+01
-7.910209298133850098e-01	1.104826831817626953e+01
2.749821186065673828e+00	9.786446571350097656e+00
6.645091533660888672e+00	8.597758293151855469e+00
4.473343849182128906e+00	3.792043209075927734e+00
4.903468608856201172e+00	7.736658096313476562e+00
6.208185195922851562e+00	1.295765876770019531e+01
-1.518413424491882324e+00	5.820842742919921875e+00
5.715563774108886719e+00	1.074710941314697266e+01
6.501194953918457031e+00	9.543063163757324219e+00
9.788507461547851562e+00	6.701402664184570312e+00
4.254311084747314453e+00	8.536498069763183594e+00
1.827033162117004395e+00	5.560705661773681641e+00
9.618504524230957031e+00	4.437151432037353516e+00
5.849235057830810547e+00	8.295519828796386719e+00
2.341258525848388672e+00	1.070361709594726562e+01
4.149662494659423828e+00	9.320714950561523438e+00
-2.323966175317764282e-01	1.218905830383300781e+01
2.089901447296142578e+00	7.686792373657226562e+00
9.997758269309997559e-01	8.116464614868164062e+00
-1.364542603492736816e+00	1.051431655883789062e+01
4.439637184143066406e+00	8.208126068115234375e+00
7.260304093360900879e-01	1.366637134552001953e+01
7.286990642547607422e+00	5.077361583709716797e+00
1.282039284706115723e+00	1.071901512145996094e+01
4.836126804351806641e+00	1.191617393493652344e+01
2.142755985260009766e+00	1.204939937591552734e+01
1.438431024551391602e+00	9.067937850952148438e+00
-9.283987879753112793e-01	1.166073513031005859e+01
6.281844139099121094e+00	9.096331596374511719e+00
4.556992530822753906e+00	8.950313568115234375e+00
4.025499343872070312e+00	9.392513275146484375e+00
2.969949007034301758e+00	1.322144889831542969e+01
-1.037322640419006348e+00	4.275714874267578125e+00
6.328136920928955078e+00	1.134752845764160156e+01
9.715168952941894531e+00	4.393365383148193359e+00
-2.589416980743408203e+00	9.500429153442382812e+00
1.080654978752136230e+00	5.895892143249511719e+00
7.176213264465332031e+00	1.085492515563964844e+01
3.178725004196166992e+00	1.008215999603271484e+01
9.394507408142089844e+00	5.802023410797119141e+00
1.277466770261526108e-02	9.363881111145019531e+00
3.227947473526000977e+00	8.778546333312988281e+00
4.443316936492919922e+00	8.432311058044433594e+00
1.011074924468994141e+01	7.622134685516357422e+00
6.123795986175537109e+00	1.188739871978759766e+01
4.413713932037353516e+00	1.111129665374755859e+01
6.463485240936279297e+00	7.773816585540771484e+00
-3.775969743728637695e-01	6.515714168548583984e+00
-1.943832516670227051e+00	3.455404996871948242e+00
-1.599320530891418457e+00	9.843602180480957031e+00
4.222379684448242188e+00	7.413904666900634766e+00
1.031912422180175781e+01	8.820029258728027344e+00
6.233717918395996094e+00	7.547974109649658203e+00
8.439518809318542480e-01	1.155211639404296875e+01
5.260282039642333984e+00	7.096953392028808594e+00
6.975664615631103516e+00	7.490312576293945312e+00
6.853179454803466797e+00	9.031412124633789062e+00
7.480049610137939453e+00	7.543514251708984375e+00
5.398960709571838379e-01	8.490099906921386719e+00
8.597066879272460938e+00	1.142975616455078125e+01
2.675587415695190430e+00	9.128331184387207031e+00
5.027431488037109375e+00	8.717957496643066406e+00
-2.358893394470214844e+00	9.874197006225585938e+00
-8.248066902160644531e-01	3.198233604431152344e+00
6.063869953155517578e+00	7.341148853302001953e+00
-1.473305225372314453e+00	5.665853500366210938e+00
3.301498413085937500e+00	7.129143714904785156e+00
1.556537389755249023e+00	8.964130401611328125e+00
8.226668357849121094e+00	1.216813373565673828e+01
2.333148717880249023e+00	5.820419311523437500e+00
7.620796680450439453e+00	6.518019676208496094e+00
-2.796895503997802734e+00	5.969196796417236328e+00
6.156618118286132812e+00	9.454601287841796875e+00
-2.233159303665161133e+00	3.956960439682006836e+00
-2.337356328964233398e+00	1.135917186737060547e+01
1.745816826820373535e+00	1.136379432678222656e+01
4.450244903564453125e+00	1.082963275909423828e+01
1.257894158363342285e+00	9.987384796142578125e+00
6.634438514709472656e+00	1.389385986328125000e+01
6.527379035949707031e+00	1.009579563140869141e+01
8.632665634155273438e+00	9.032930374145507812e+00
7.695297718048095703e+00	8.687940597534179688e+00
7.634902477264404297e+00	7.804571151733398438e+00
9.936425209045410156e+00	5.064916610717773438e+00
-5.016049742698669434e-01	7.976827144622802734e+00
2.203450918197631836e+00	8.475106239318847656e+00
-2.331011533737182617e+00	4.737841606140136719e+00
5.108823299407958984e+00	1.180423545837402344e+01
4.814996719360351562e+00	1.207897758483886719e+01
1.028592681884765625e+01	5.612009048461914062e+00
-1.708280086517333984e+00	5.187826156616210938e+00
2.017338275909423828e+00	1.126568794250488281e+01
3.053729772567749023e+00	1.245359420776367188e+01
-2.577691078186035156e+00	6.410228252410888672e+00
-2.464063644409179688e+00	6.211935043334960938e+00
2.181064933538436890e-01	1.043619155883789062e+01
7.536210060119628906e+00	9.158138275146484375e+00
7.571915626525878906e+00	7.836648941040039062e+00
7.328021049499511719e+00	8.985769271850585938e+00
2.059314489364624023e+00	7.642608642578125000e+00
3.960673093795776367e+00	1.031170558929443359e+01
4.408941745758056641e+00	1.056508159637451172e+01
1.986044764518737793e+00	8.300654411315917969e+00
7.573199272155761719e+00	1.215494823455810547e+01
1.713999867439270020e+00	1.415203475952148438e+01
1.461661458015441895e+00	8.325147628784179688e+00
-1.212507724761962891e+00	4.027760028839111328e+00
4.065996646881103516e+00	9.906687736511230469e+00
2.650418043136596680e+00	7.839658260345458984e+00
1.025859165191650391e+01	8.527535438537597656e+00
5.264518737792968750e+00	7.459121704101562500e+00
6.171506881713867188e+00	8.575540542602539062e+00
2.945558309555053711e+00	6.452500820159912109e+00
4.812645435333251953e+00	5.202227115631103516e+00
6.314315795898437500e+00	7.757493495941162109e+00
1.447702050209045410e+00	1.095135021209716797e+01
7.624833106994628906e+00	1.168872261047363281e+01
6.357589721679687500e+00	5.352328300476074219e+00
1.747489720582962036e-01	2.541507959365844727e+00
4.400970458984375000e+00	9.800308227539062500e+00
-2.740669488906860352e+00	1.042584609985351562e+01
8.400446176528930664e-02	9.641420364379882812e+00
-1.259527653455734253e-01	2.494467496871948242e+00
9.910448074340820312e+00	7.365045070648193359e+00
2.492436647415161133e+00	1.223378562927246094e+01
-7.307489514350891113e-01	9.355599403381347656e+00
-1.371712923049926758e+00	3.558357715606689453e+00
8.804283738136291504e-01	5.716162204742431641e+00
3.579083681106567383e+00	8.069323539733886719e+00
-4.569737017154693604e-01	7.232371807098388672e+00
6.836741447448730469e+00	7.187819004058837891e+00
-8.115529417991638184e-01	4.642998218536376953e+00
6.413581371307373047e+00	6.326220989227294922e+00
1.313461065292358398e+00	8.887646675109863281e+00
9.761532783508300781e+00	6.041406631469726562e+00
-2.098714590072631836e+00	5.041796684265136719e+00
3.430094003677368164e+00	9.682324409484863281e+00
-2.661953866481781006e-01	9.470697402954101562e+00
9.718068122863769531e+00	4.502046108245849609e+00
5.062775135040283203e+00	9.484597206115722656e+00
4.998616695404052734e+00	1.378100204467773438e+01
5.794633388519287109e+00	9.774687767028808594e+00
4.009784698486328125e+00	1.048333835601806641e+01
2.110027313232421875e+00	1.037202262878417969e+01
3.145583152770996094e+00	1.036629581451416016e+01
8.360711097717285156e+00	4.670752048492431641e+00
4.041565895080566406e+00	8.767120361328125000e+00
4.259144306182861328e+00	1.028184604644775391e+01
6.238361358642578125e+00	6.513322830200195312e+00
2.048257350921630859e+00	1.433531093597412109e+01
2.548570156097412109e+00	7.428881168365478516e+00
7.857363700866699219e+00	7.888044357299804688e+00
7.432797908782958984e+00	6.532530307769775391e+00
6.383072376251220703e+00	7.266725540161132812e+00
3.793673515319824219e+00	6.151615142822265625e+00
4.703108310699462891e+00	5.640290737152099609e+00
1.017597198486328125e+00	7.933050632476806641e+00
4.458724498748779297e+00	7.555261135101318359e+00
3.814748287200927734e+00	9.507186889648437500e+00
4.466398239135742188e+00	1.308966064453125000e+01
3.444007635116577148e+00	7.286126136779785156e+00
2.942170381546020508e+00	6.305034160614013672e+00
-2.564886093139648438e+00	1.018699836730957031e+01
1.046950149536132812e+01	6.373822689056396484e+00
9.695044517517089844e+00	4.514111995697021484e+00
4.286379516124725342e-01	1.165576839447021484e+01
-3.353285789489746094e-02	4.477590560913085938e+00
-2.441413640975952148e+00	6.570039749145507812e+00
1.222975850105285645e+00	1.310994243621826172e+01
2.634465694427490234e+00	9.021941184997558594e+00
2.162545204162597656e+00	1.109596252441406250e+01
3.909802675247192383e+00	7.911033153533935547e+00
6.767930388450622559e-01	2.061357498168945312e+00
3.747963666915893555e+00	1.266187286376953125e+01
9.601747512817382812e+00	6.670926570892333984e+00
1.804284334182739258e+00	7.361370086669921875e+00
5.402674198150634766e+00	1.195557403564453125e+01
5.525226593017578125e+00	6.954528331756591797e+00
1.023358726501464844e+01	5.535058498382568359e+00
6.180980682373046875e+00	5.902584075927734375e+00
5.477757930755615234e+00	7.519091606140136719e+00
-2.660957098007202148e+00	1.073660182952880859e+01
6.776811122894287109e+00	8.436242103576660156e+00
7.261199951171875000e+00	1.135493755340576172e+01
3.646112978458404541e-01	1.345925903320312500e+01
2.221529245376586914e+00	9.977315902709960938e+00
6.855890750885009766e+00	1.271109008789062500e+01
6.524571418762207031e+00	1.158341789245605469e+01
6.635613918304443359e+00	7.165585994720458984e+00
-2.832241535186767578e+00	4.857425212860107422e+00
-8.191881179809570312e-01	5.210465431213378906e+00
7.159428596496582031e+00	1.311820793151855469e+01
8.123450279235839844e+00	1.226564884185791016e+01
5.053669452667236328e+00	1.271263504028320312e+01
6.331792473793029785e-01	6.015686511993408203e+00
3.627003669738769531e+00	9.285821914672851562e+00
5.799577713012695312e+00	9.214623451232910156e+00
-2.741153478622436523e+00	1.043716812133789062e+01
2.745156526565551758e+00	1.338880157470703125e+01
4.814014911651611328e+00	8.079945564270019531e+00
6.986474037170410156e+00	1.397311115264892578e+01
4.171668529510498047e+00	5.757911682128906250e+00
-1.800248742103576660e+00	4.147011756896972656e+00
4.880117893218994141e+00	5.821641921997070312e+00
4.765215873718261719e+00	5.671255588531494141e+00
2.169562578201293945e+00	1.143506908416748047e+01
7.861499309539794922e+00	5.832057952880859375e+00
-6.508828401565551758e-01	3.040784597396850586e+00
3.387398481369018555e+00	7.515978813171386719e+00
9.227763175964355469e+00	8.776355743408203125e+00
1.035608196258544922e+01	8.062483787536621094e+00
9.474105834960937500e+00	9.595921516418457031e+00
-2.002963304519653320e+00	8.371209144592285156e+00
-2.114179849624633789e+00	1.036178684234619141e+01
-1.366679191589355469e+00	8.280988693237304688e+00
1.065450000762939453e+01	7.379997730255126953e+00
-2.704721450805664062e+00	1.083184051513671875e+01
-1.758159101009368896e-01	4.429749488830566406e+00
5.807745933532714844e+00	6.066603183746337891e+00
-3.930162191390991211e-01	6.727664947509765625e+00
4.883564949035644531e+00	5.526532649993896484e+00
-7.021546363830566406e-01	2.770020961761474609e+00
6.043415546417236328e+00	7.389269351959228516e+00
4.676856994628906250e+00	3.857787609100341797e+00
6.596186161041259766e+00	5.840001106262207031e+00
3.885455131530761719e+00	7.364913940429687500e+00
-6.106406450271606445e-01	2.429703950881958008e+00
5.648985385894775391e+00	5.082452297210693359e+00
9.500070571899414062e+00	7.493284225463867188e+00
-3.020222187042236328e+00	5.094969272613525391e+00
5.306242704391479492e-01	1.320135974884033203e+01
2.029229640960693359e+00	9.324011802673339844e+00
4.940165996551513672e+00	7.179993629455566406e+00
5.780382156372070312e+00	1.259718799591064453e+01
3.557790815830230713e-01	1.306455707550048828e+01
4.991205692291259766e+00	7.109552383422851562e+00
4.331181526184082031e+00	1.231492424011230469e+01
5.544517993927001953e+00	9.072846412658691406e+00
2.519636869430541992e+00	9.852104187011718750e+00
8.299003601074218750e+00	6.422523021697998047e+00
2.215308427810668945e+00	8.938321113586425781e+00
2.232930898666381836e+00	1.194465732574462891e+01
4.534327030181884766e+00	9.991337776184082031e+00
7.198160171508789062e+00	1.245741271972656250e+01
6.486152172088623047e+00	5.738743782043457031e+00
2.577985048294067383e+00	1.131093311309814453e+01
5.159333705902099609e+00	9.394740104675292969e+00
4.506895542144775391e+00	8.932047843933105469e+00
8.165296554565429688e+00	1.008370018005371094e+01
2.731454372406005859e+00	9.282576560974121094e+00
2.648299038410186768e-01	7.240178585052490234e+00
1.380679607391357422e+00	2.460999965667724609e+00
1.022644042968750000e+01	6.150072097778320312e+00
5.844547152519226074e-01	9.074453353881835938e+00
3.505264043807983398e+00	1.133965969085693359e+01
3.997588872909545898e+00	5.907996177673339844e+00
-2.726713657379150391e+00	6.682641983032226562e+00
6.675961971282958984e+00	7.385255813598632812e+00
4.702712059020996094e+00	1.189398670196533203e+01
5.305456638336181641e+00	7.926660537719726562e+00
2.429986715316772461e+00	1.213956546783447266e+01
-1.012952089309692383e+00	9.713193893432617188e+00
7.773137569427490234e+00	9.734857559204101562e+00
-1.062565326690673828e+00	1.198085212707519531e+01
2.929776906967163086e+00	1.219097423553466797e+01
8.523208618164062500e+00	7.934776306152343750e+00
6.190664768218994141e-01	1.299280834197998047e+01
9.925710678100585938e+00	6.320907115936279297e+00
7.749086856842041016e+00	1.208427238464355469e+01
5.152953624725341797e+00	5.518912792205810547e+00
6.330465793609619141e+00	1.204636955261230469e+01
8.386106491088867188e+00	5.782413005828857422e+00
9.417357444763183594e+00	7.290345191955566406e+00
-8.310564756393432617e-01	3.303698539733886719e+00
5.397241115570068359e+00	1.172989559173583984e+01
-4.548907876014709473e-01	8.006946563720703125e+00
-2.426969766616821289e+00	4.996618747711181641e+00
-1.101680278778076172e+00	3.665427446365356445e+00
1.118833184242248535e+00	5.629937171936035156e+00
3.658680677413940430e+00	9.911858558654785156e+00
2.273063421249389648e+00	1.042752361297607422e+01
7.603349685668945312e+00	6.620545387268066406e+00
3.054428339004516602e+00	6.654460430145263672e+00
9.840973854064941406e+00	6.159749031066894531e+00
9.867462158203125000e+00	9.153381347656250000e+00
8.125040054321289062e+00	8.521130561828613281e+00
1.875027716159820557e-01	1.074131107330322266e+01
3.719234228134155273e+00	1.101551246643066406e+01
8.059898376464843750e+00	1.065211963653564453e+01
6.217991352081298828e+00	6.663890838623046875e+00
-6.778190732002258301e-01	3.151566743850708008e+00
7.057024478912353516e+00	7.063476562500000000e+00
4.076934337615966797e+00	1.356438827514648438e+01
1.338620901107788086e+00	1.010488414764404297e+01
3.556430101394653320e+00	1.234270572662353516e+01
-2.000074625015258789e+00	7.686590194702148438e+00
7.870007514953613281e+00	5.569703102111816406e+00
2.205352783203125000e+00	1.178677654266357422e+01
-1.930328369140625000e+00	1.121375274658203125e+01
8.643700599670410156e+00	5.364499092102050781e+00
9.908999443054199219e+00	4.785015583038330078e+00
2.689779520034790039e+00	5.688846111297607422e+00
1.012374019622802734e+01	4.413988113403320312e+00
2.492723315954208374e-01	1.338011169433593750e+01
5.393273234367370605e-01	1.104228401184082031e+01
-1.015722513198852539e+00	3.434274435043334961e+00
9.592738151550292969e+00	7.679888725280761719e+00
-1.731413006782531738e+00	1.142891979217529297e+01
7.786841392517089844e+00	1.181329631805419922e+01
4.187240600585937500e+00	8.374420166015625000e+00
-6.872056722640991211e-01	4.112732887268066406e+00
9.636106491088867188e+00	7.051599025726318359e+00
-1.736381292343139648e+00	5.144207954406738281e+00
1.730834007263183594e+00	1.013574123382568359e+01
4.539257049560546875e+00	8.357892990112304688e+00
4.759844303131103516e+00	7.524972438812255859e+00
4.916603565216064453e+00	7.989340305328369141e+00
5.753086090087890625e+00	7.692904949188232422e+00
7.974125862121582031e+00	1.045348167419433594e+01
8.931595683097839355e-01	1.335614490509033203e+01
-2.418927103281021118e-01	4.416676044464111328e+00
5.698937892913818359e+00	8.764466285705566406e+00
4.761090278625488281e+00	6.881249427795410156e+00
4.351143836975097656e+00	5.776977539062500000e+00
-2.818154335021972656e+00	6.081314086914062500e+00
3.532847881317138672e+00	1.136228275299072266e+01
1.035079574584960938e+01	6.214681625366210938e+00
6.169706344604492188e+00	9.457025527954101562e+00
1.257238984107971191e+00	5.936106204986572266e+00
-1.134253859519958496e+00	7.421355247497558594e+00
1.139402151107788086e+00	1.115015697479248047e+01
7.427156448364257812e+00	5.812118530273437500e+00
4.940028190612792969e+00	9.124444007873535156e+00
-1.884873270988464355e+00	5.134824752807617188e+00
4.803181171417236328e+00	5.548121452331542969e+00
1.017581272125244141e+01	8.048930168151855469e+00
-8.231583833694458008e-01	2.916354656219482422e+00
8.782128334045410156e+00	6.847111225128173828e+00
3.288231134414672852e+00	6.847412109375000000e+00
-3.710377812385559082e-01	2.552271366119384766e+00
7.558922767639160156e+00	5.537256240844726562e+00
4.451667785644531250e+00	7.760954856872558594e+00
6.229489803314208984e+00	6.039884090423583984e+00
-1.247397780418395996e+00	2.291380167007446289e+00
9.130594253540039062e+00	8.997382164001464844e+00
9.919213294982910156e+00	5.148436546325683594e+00
-1.639498472213745117e+00	3.549961805343627930e+00
9.090140342712402344e+00	1.037686824798583984e+01
3.804746389389038086e+00	5.989470481872558594e+00
9.720817565917968750e+00	1.012017726898193359e+01
8.259896636009216309e-01	5.736213684082031250e+00
-1.152241587638854980e+00	5.707279205322265625e+00
7.550992965698242188e+00	1.048989295959472656e+01
5.225931167602539062e+00	1.029222202301025391e+01
3.375751972198486328e+00	6.601189613342285156e+00
1.762267589569091797e+00	8.492829322814941406e+00
5.380586147308349609e+00	1.364628314971923828e+01
5.475822448730468750e+00	8.753315925598144531e+00
1.884573221206665039e+00	8.201412200927734375e+00
5.605248928070068359e+00	1.065525245666503906e+01
4.122424125671386719e+00	8.046170234680175781e+00
7.250178337097167969e+00	6.922685623168945312e+00
-1.776178240776062012e+00	3.248571157455444336e+00
9.036657333374023438e+00	6.999899864196777344e+00
1.005978298187255859e+01	4.110063552856445312e+00
6.273967266082763672e+00	9.407236099243164062e+00
6.308370113372802734e+00	8.942128181457519531e+00
5.131015777587890625e-01	2.104550123214721680e+00
3.518667221069335938e+00	8.742186546325683594e+00
-2.062402248382568359e+00	4.952596187591552734e+00
4.218032360076904297e+00	6.008258342742919922e+00
7.801224708557128906e+00	5.666222095489501953e+00
7.467150688171386719e+00	8.079215049743652344e+00
6.407919883728027344e+00	5.194761276245117188e+00
7.044548988342285156e+00	9.679827690124511719e+00
8.851049423217773438e+00	5.972847461700439453e+00
6.724981784820556641e+00	8.525985717773437500e+00
7.866711616516113281e+00	6.343676567077636719e+00
9.779880523681640625e+00	7.241581916809082031e+00
7.659483432769775391e+00	7.768597602844238281e+00
3.884291648864746094e+00	9.028420448303222656e+00
3.133110284805297852e+00	1.166045093536376953e+01
2.762243449687957764e-01	1.091688823699951172e+01
6.023463726043701172e+00	9.094779014587402344e+00
-8.130033016204833984e-01	3.489982128143310547e+00
9.737418174743652344e+00	4.393822669982910156e+00
4.264586448669433594e+00	1.169182300567626953e+01
-1.888329267501831055e+00	1.172944164276123047e+01
5.115056514739990234e+00	4.741135597229003906e+00
6.066750526428222656e+00	6.979432582855224609e+00
8.193001747131347656e+00	6.089636802673339844e+00
5.902098655700683594e+00	6.658654212951660156e+00
-8.520743995904922485e-02	1.279379177093505859e+01
1.162612557411193848e+00	1.231250476837158203e+01
-5.513622760772705078e-01	4.993019580841064453e+00
5.069328784942626953e+00	9.197208404541015625e+00
-1.299421310424804688e+00	4.598877429962158203e+00
7.822972297668457031e+00	6.299747943878173828e+00
-2.058963626623153687e-01	1.106485271453857422e+01
-1.216813921928405762e+00	5.762493133544921875e+00
-2.030428647994995117e+00	1.165191078186035156e+01
8.352361679077148438e+00	5.949976444244384766e+00
1.002254486083984375e+01	4.024292945861816406e+00
-2.879028797149658203e+00	5.732872962951660156e+00
3.823537826538085938e+00	6.342629432678222656e+00
1.430147767066955566e+00	5.696033954620361328e+00
6.167398691177368164e-01	9.388815879821777344e+00
8.547483444213867188e+00	6.116586685180664062e+00
3.679120242595672607e-01	1.308192825317382812e+01
9.566098213195800781e+00	4.264598846435546875e+00
7.715428829193115234e+00	1.017419528961181641e+01
5.267629146575927734e+00	7.889165401458740234e+00
3.656803369522094727e+00	7.152772426605224609e+00
2.660839557647705078e+00	1.271952915191650391e+01
6.422216892242431641e-01	9.027050971984863281e+00
-7.952082753181457520e-01	4.776521205902099609e+00
3.572956562042236328e+00	1.301521682739257812e+01
8.541110992431640625e+00	6.463582515716552734e+00
6.163077831268310547e+00	7.495277404785156250e+00
1.461011409759521484e+00	9.739135742187500000e+00
7.543340682983398438e+00	8.545426368713378906e+00
9.975321769714355469e+00	5.980062007904052734e+00
6.980696678161621094e+00	1.175907802581787109e+01
4.762566566467285156e+00	8.717226028442382812e+00
1.062628364562988281e+01	7.111341476440429688e+00
9.290695190429687500e+00	4.936511516571044922e+00
7.116694927215576172e+00	1.044577980041503906e+01
9.980808258056640625e+00	4.281086444854736328e+00
-1.156389594078063965e+00	4.107007980346679688e+00
-8.149261474609375000e-01	2.908485889434814453e+00
7.330498695373535156e+00	9.789706230163574219e+00
3.825370073318481445e+00	8.220769882202148438e+00
9.728117942810058594e+00	8.385506629943847656e+00
1.009075927734375000e+01	5.251973628997802734e+00
1.043981361389160156e+01	7.226788043975830078e+00
8.099111557006835938e+00	1.223807621002197266e+01
4.247717857360839844e+00	9.425337791442871094e+00
9.264046669006347656e+00	9.507207870483398438e+00
4.516209602355957031e+00	4.848534584045410156e+00
9.992130279541015625e+00	7.932556152343750000e+00
1.292374491691589355e+00	9.945014953613281250e+00
2.277906179428100586e+00	5.751993656158447266e+00
5.524798870086669922e+00	1.321261405944824219e+01
4.997576236724853516e+00	6.353056430816650391e+00
6.882251739501953125e+00	7.315356254577636719e+00
4.871472358703613281e+00	9.887222290039062500e+00
1.042249965667724609e+01	8.925928115844726562e+00
7.470616340637207031e+00	5.196390151977539062e+00
9.917698860168457031e+00	7.503836154937744141e+00
6.791661262512207031e+00	5.929229736328125000e+00
-1.734487771987915039e+00	5.267630100250244141e+00
4.424028873443603516e+00	7.987078189849853516e+00
9.893745422363281250e+00	5.756438255310058594e+00
-2.729495048522949219e+00	6.611630916595458984e+00
-4.206171631813049316e-01	3.870669841766357422e+00
3.704325914382934570e+00	5.497215270996093750e+00
-3.295287489891052246e-01	3.034357070922851562e+00
6.687946796417236328e+00	8.256434440612792969e+00
6.115643024444580078e+00	7.758052349090576172e+00
2.786156415939331055e+00	5.936727523803710938e+00
4.207334041595458984e+00	6.202948093414306641e+00
7.598267555236816406e+00	1.212254238128662109e+01
1.016251966357231140e-01	2.217699289321899414e+00
-1.004691481590270996e+00	3.146954059600830078e+00
6.254416942596435547e+00	7.606628417968750000e+00
8.288690567016601562e+00	8.014818191528320312e+00
6.532410621643066406e+00	9.679982185363769531e+00
-9.698421955108642578e-01	6.092476367950439453e+00
6.868052005767822266e+00	1.052679347991943359e+01
6.466165542602539062e+00	8.998775482177734375e+00
-2.621217727661132812e+00	9.723547935485839844e+00
-5.721616744995117188e-01	2.433992862701416016e+00
7.490330696105957031e+00	5.103003501892089844e+00
-1.669214844703674316e+00	1.034054565429687500e+01
-1.746446609497070312e+00	5.486872196197509766e+00
6.745643138885498047e+00	9.273417472839355469e+00
2.418504714965820312e+00	5.823031902313232422e+00
1.044909191131591797e+01	8.158802986145019531e+00
-2.702296495437622070e+00	5.041557312011718750e+00
5.423593044281005859e+00	7.098492145538330078e+00
5.197020530700683594e+00	8.328161239624023438e+00
8.620141983032226562e+00	6.817708015441894531e+00
7.977082252502441406e+00	8.155198097229003906e+00
3.556119680404663086e+00	5.922606945037841797e+00
6.608873367309570312e+00	6.956048488616943359e+00
-2.637393951416015625e+00	4.535388946533203125e+00
-1.070189952850341797e+00	2.486249923706054688e+00
7.297555446624755859e+00	9.141200065612792969e+00
9.700888633728027344e+00	7.256539821624755859e+00
5.591780662536621094e+00	5.491644382476806641e+00
8.399213790893554688e+00	6.423672199249267578e+00
-2.493020296096801758e+00	1.013409423828125000e+01
3.883338451385498047e+00	6.048655509948730469e+00
9.897172927856445312e+00	5.778025150299072266e+00
5.427311897277832031e+00	6.338847160339355469e+00
-2.664187192916870117e+00	1.038113021850585938e+01
-6.912320256233215332e-01	6.544155597686767578e+00
-2.737467288970947266e+00	5.280029773712158203e+00
-8.893460035324096680e-01	2.750820636749267578e+00
1.528181791305541992e+00	1.112663936614990234e+01
-8.868718743324279785e-01	3.553534269332885742e+00
-9.512131214141845703e-01	2.609565973281860352e+00
9.740998268127441406e+00	4.542349815368652344e+00
3.164737224578857422e+00	9.193484306335449219e+00
9.106693267822265625e+00	8.763779640197753906e+00
1.019124794006347656e+01	7.996726036071777344e+00
8.212961196899414062e+00	7.158993721008300781e+00
2.256570607423782349e-01	1.389490222930908203e+01
4.014063835144042969e+00	7.686905384063720703e+00
-2.791416406631469727e+00	1.022664260864257812e+01
9.170800209045410156e+00	7.510675430297851562e+00
7.930502414703369141e+00	5.376585483551025391e+00
6.527373194694519043e-02	4.650920391082763672e+00
6.813941001892089844e+00	7.120231151580810547e+00
-2.581635713577270508e+00	9.793525695800781250e+00
8.675661683082580566e-01	2.285699605941772461e+00
-6.154752373695373535e-01	4.081488132476806641e+00
8.000313758850097656e+00	8.947608947753906250e+00
-2.213668227195739746e-01	2.300482034683227539e+00
-2.940254211425781250e+00	4.886713504791259766e+00
4.414239883422851562e+00	3.983804225921630859e+00
7.213316440582275391e+00	5.715851783752441406e+00
-3.673067092895507812e-01	2.561015129089355469e+00
-2.743508338928222656e+00	5.737604618072509766e+00
-2.670611143112182617e+00	1.004000568389892578e+01
-1.304035305976867676e+00	4.589228630065917969e+00
-9.364601969718933105e-01	4.890527248382568359e+00
4.452100276947021484e+00	3.921475172042846680e+00
5.842871665954589844e+00	7.958806037902832031e+00
2.740097939968109131e-01	1.080148696899414062e+01
-1.178916811943054199e+00	2.408015489578247070e+00
8.545371055603027344e+00	1.126074886322021484e+01
-1.273021936416625977e+00	1.170596408843994141e+01
1.012134838104248047e+01	7.529323577880859375e+00
7.152975082397460938e+00	6.498141765594482422e+00
6.899791717529296875e+00	5.489840507507324219e+00
-2.356700040400028229e-02	2.176934242248535156e+00
-2.773463249206542969e+00	5.030743598937988281e+00
4.778163433074951172e+00	5.735502243041992188e+00
-7.851573824882507324e-01	2.121800899505615234e+00
-4.791117608547210693e-01	3.917014598846435547e+00
7.157744407653808594e+00	6.559432029724121094e+00
-1.138523578643798828e+00	3.856798887252807617e+00
7.829875946044921875e-01	2.054747104644775391e+00
1.808041632175445557e-01	2.096774339675903320e+00
1.003641796112060547e+01	5.627073287963867188e+00
-1.008618950843811035e+00	2.211051464080810547e+00
6.953216075897216797e+00	5.818480491638183594e+00
-2.626805305480957031e+00	9.970229148864746094e+00
8.097376823425292969e+00	6.844415664672851562e+00
-6.168349385261535645e-01	4.397644519805908203e+00
-1.362393498420715332e+00	4.263829231262207031e+00
-2.780298233032226562e+00	9.773679733276367188e+00
-2.518581151962280273e+00	4.454888820648193359e+00
9.992065429687500000e+00	6.781330585479736328e+00
4.572097301483154297e+00	6.348854541778564453e+00
5.994722366333007812e+00	7.613470554351806641e+00
-1.683450341224670410e-01	2.139723777770996094e+00
-2.440855026245117188e+00	1.055273818969726562e+01
-1.947193861007690430e+00	6.012215137481689453e+00
2.924471199512481689e-01	2.418149232864379883e+00
-2.077304601669311523e+00	1.053635883331298828e+01
-1.653358936309814453e+00	1.003255558013916016e+01
-1.590778976678848267e-01	4.232537269592285156e+00
5.800267457962036133e-01	2.102881908416748047e+00
-5.435955524444580078e-01	2.762370347976684570e+00
-7.509492635726928711e-01	3.909589529037475586e+00
