3.709422111511230469e+00	5.893916130065917969e+00
5.906030178070068359e+00	4.058934211730957031e+00
8.601653099060058594e+00	4.605611801147460938e+00
-3.693037509918212891e+00	6.167760372161865234e+00
7.536603927612304688e+00	2.171804666519165039e+00
8.789873123168945312e+00	1.437750697135925293e+00
8.292413711547851562e+00	6.027390360832214355e-01
1.224936103820800781e+01	2.633667945861816406e+00
1.044397449493408203e+01	3.897626876831054688e+00
-2.040237903594970703e+00	8.297133445739746094e+00
-2.829239845275878906e+00	7.100934982299804688e+00
6.479050159454345703e+00	3.066086530685424805e+00
9.819110870361328125e+00	1.687777876853942871e+00
4.067413806915283203e+00	5.009968757629394531e+00
1.276871013641357422e+01	1.722965359687805176e+00
-6.292795538902282715e-01	8.735973358154296875e+00
-6.751810908317565918e-01	4.221529960632324219e+00
1.173684501647949219e+01	1.429687142372131348e+00
5.807473182678222656e+00	3.952566623687744141e+00
1.345674896240234375e+01	6.618641018867492676e-01
1.249992370605468750e+01	1.736835241317749023e+00
4.681970596313476562e+00	4.651710987091064453e+00
6.066215038299560547e-01	7.117771625518798828e+00
4.925804615020751953e+00	4.787877082824707031e+00
4.429134368896484375e+00	2.279712438583374023e+00
1.195344161987304688e+01	1.775203227996826172e+00
-1.871807575225830078e+00	6.975155353546142578e+00
4.740039825439453125e+00	4.537147045135498047e+00
1.984917640686035156e+00	4.675467014312744141e+00
1.193919897079467773e+00	5.998929500579833984e+00
1.183965110778808594e+01	2.285869836807250977e+00
1.109895992279052734e+01	3.294397115707397461e+00
8.054614067077636719e+00	2.390447616577148438e+00
7.657704830169677734e+00	3.863511323928833008e+00
3.567513942718505859e+00	3.227525949478149414e+00
8.080322265625000000e+00	4.158697605133056641e+00
-8.596702814102172852e-01	4.847022533416748047e+00
7.311437129974365234e+00	3.766373157501220703e+00
4.697433471679687500e+00	3.302286863327026367e+00
6.989816665649414062e+00	4.824569702148437500e+00
-2.622795581817626953e+00	8.016538619995117188e+00
1.216665554046630859e+01	4.081254899501800537e-01
3.666939973831176758e+00	6.171207427978515625e+00
9.373954772949218750e+00	3.351153850555419922e+00
2.622873544692993164e+00	9.365742683410644531e+00
8.277188301086425781e+00	1.012896180152893066e+00
2.036233805119991302e-02	5.267536640167236328e+00
1.063513278961181641e+01	2.061276197433471680e+00
1.281696414947509766e+01	2.337259292602539062e+00
5.961637020111083984e+00	7.738494873046875000e+00
-2.863186120986938477e+00	6.925302028656005859e+00
8.904227256774902344e+00	3.903762817382812500e+00
8.105872154235839844e+00	2.424428462982177734e+00
7.020196914672851562e+00	5.070795536041259766e+00
6.928713798522949219e+00	4.408170223236083984e+00
9.689170837402343750e+00	1.771664142608642578e+00
6.231458187103271484e+00	1.077099084854125977e+00
5.183442592620849609e+00	3.684970855712890625e+00
5.699455738067626953e+00	6.125801086425781250e+00
-1.808601975440979004e+00	6.533452510833740234e+00
-1.947776317596435547e+00	8.805543899536132812e+00
1.366827130317687988e+00	6.999020099639892578e+00
-4.618943482637405396e-02	7.602596282958984375e+00
4.071271419525146484e+00	6.257671356201171875e+00
1.003715133666992188e+01	4.839699745178222656e+00
7.781054496765136719e+00	2.162233829498291016e+00
1.155390167236328125e+01	2.751682043075561523e+00
1.346980667114257812e+01	3.014923810958862305e+00
8.217120170593261719e+00	3.060746192932128906e+00
3.962077617645263672e+00	5.150856018066406250e+00
1.193787765502929688e+01	1.826980113983154297e+00
6.034316062927246094e+00	6.898329734802246094e+00
5.334347248077392578e+00	4.865125179290771484e+00
4.847116947174072266e+00	4.053644180297851562e+00
9.916012763977050781e+00	2.686360120773315430e+00
9.869550704956054688e+00	4.938566982746124268e-01
1.076386451721191406e+01	3.530821800231933594e+00
1.350606632232666016e+01	2.375679492950439453e+00
1.000098896026611328e+01	2.353431463241577148e+00
5.893847465515136719e+00	2.100397348403930664e+00
8.550775527954101562e+00	1.896602988243103027e+00
1.095082473754882812e+01	3.317653417587280273e+00
1.029332280158996582e+00	3.764747619628906250e+00
9.315298080444335938e+00	3.432637929916381836e+00
2.791711330413818359e+00	2.720150709152221680e+00
8.086877822875976562e+00	1.168142676353454590e+00
8.571822166442871094e+00	3.426163911819458008e+00
9.183955192565917969e+00	5.708077430725097656e+00
6.601253509521484375e+00	2.018087625503540039e+00
1.214194393157958984e+01	5.543881058692932129e-01
6.285101890563964844e+00	2.862801313400268555e+00
1.386694240570068359e+01	2.166866540908813477e+00
5.993020057678222656e+00	5.674834728240966797e+00
8.083546638488769531e+00	3.525882959365844727e+00
4.072787761688232422e+00	4.737851619720458984e+00
1.086132431030273438e+01	7.215287089347839355e-01
1.372233581542968750e+01	1.936113834381103516e+00
1.244613170623779297e+01	2.682031869888305664e+00
1.971978306770324707e+00	6.848471164703369141e+00
3.614841461181640625e+00	5.779135704040527344e+00
4.165497303009033203e+00	4.377891540527343750e+00
-1.405396580696105957e+00	5.940262794494628906e+00
6.076818943023681641e+00	2.990312337875366211e+00
1.657658338546752930e+00	4.101391315460205078e+00
7.765232086181640625e+00	1.738818526268005371e+00
9.518075585365295410e-01	5.801959037780761719e+00
8.292669296264648438e+00	1.948619008064270020e+00
-1.355543851852416992e+00	5.748987197875976562e+00
1.138432884216308594e+01	2.576884984970092773e+00
9.304692268371582031e+00	2.888246059417724609e+00
1.004759502410888672e+01	8.146762847900390625e-01
1.018531131744384766e+01	4.867503345012664795e-01
4.784152030944824219e+00	3.575400829315185547e+00
6.600933551788330078e+00	3.590688705444335938e+00
1.357957077026367188e+01	2.228459119796752930e+00
6.511303424835205078e+00	4.511590957641601562e+00
6.434265136718750000e+00	1.840716123580932617e+00
1.080146980285644531e+01	7.192543148994445801e-01
1.227934837341308594e+01	3.732403278350830078e+00
1.117747783660888672e+01	2.028661966323852539e+00
-8.463764935731887817e-02	3.970763921737670898e+00
6.154256343841552734e+00	3.054648876190185547e+00
6.865401744842529297e+00	1.706943273544311523e+00
4.429198741912841797e+00	3.724825143814086914e+00
3.796666860580444336e+00	5.635048866271972656e+00
7.489387035369873047e+00	2.103072404861450195e+00
1.086331462860107422e+01	9.885894060134887695e-01
1.314350128173828125e+01	8.648347258567810059e-01
7.517847061157226562e+00	2.579117536544799805e+00
-6.455504298210144043e-01	7.421962738037109375e+00
5.908840179443359375e+00	4.901469707489013672e+00
2.658554315567016602e+00	3.988823652267456055e+00
1.078935527801513672e+01	2.705317974090576172e+00
8.832895278930664062e+00	5.410562038421630859e+00
1.241209030151367188e+01	2.966157197952270508e+00
-1.508306860923767090e-01	7.767316341400146484e+00
7.643559455871582031e+00	3.991177797317504883e+00
3.884100914001464844e+00	5.994074821472167969e+00
-3.512854576110839844e+00	6.548501014709472656e+00
4.177745819091796875e+00	1.855655312538146973e+00
-1.355554580688476562e+00	5.866152286529541016e+00
1.272486209869384766e+01	1.384647607803344727e+00
9.499967575073242188e+00	6.364736557006835938e+00
5.403632164001464844e+00	5.212119579315185547e+00
9.627219200134277344e+00	5.601005554199218750e-01
1.394186592102050781e+01	1.504615545272827148e+00
6.158932685852050781e+00	5.170000076293945312e+00
1.200820255279541016e+01	7.461681962013244629e-01
-3.047003149986267090e-01	4.374332904815673828e+00
1.117662429809570312e+01	9.176349639892578125e-01
5.651675701141357422e+00	5.980684757232666016e+00
-3.599441528320312500e+00	7.137398719787597656e+00
7.084936618804931641e+00	1.785218238830566406e+00
3.185044050216674805e+00	6.466705322265625000e+00
8.783224970102310181e-03	3.835959196090698242e+00
4.331588268280029297e+00	3.809243440628051758e+00
4.732396125793457031e+00	4.045461654663085938e+00
-2.889502525329589844e+00	6.753489017486572266e+00
2.115795373916625977e+00	3.645436048507690430e+00
7.066932678222656250e+00	3.880586385726928711e+00
8.218122482299804688e+00	2.741959333419799805e+00
4.738294601440429688e+00	6.359274864196777344e+00
7.449010372161865234e+00	3.736376523971557617e+00
1.019076061248779297e+01	1.160292863845825195e+00
8.304401397705078125e+00	3.886659383773803711e+00
1.153832817077636719e+01	3.113781690597534180e+00
6.872340202331542969e+00	6.808495521545410156e+00
6.193902015686035156e+00	4.038737773895263672e+00
1.323077297210693359e+01	2.854783296585083008e+00
7.389708518981933594e+00	5.110487937927246094e+00
6.773548603057861328e+00	2.767760992050170898e+00
1.143916225433349609e+01	9.728765487670898438e-01
7.170662403106689453e+00	1.273813724517822266e+00
8.839606285095214844e+00	6.745013236999511719e+00
-2.346278280019760132e-01	6.533818721771240234e+00
1.064988613128662109e+01	1.527367830276489258e+00
1.012391662597656250e+01	4.150227546691894531e+00
4.699367880821228027e-01	1.015615749359130859e+01
1.626665353775024414e+00	4.839188098907470703e+00
5.014695525169372559e-01	3.551718235015869141e+00
7.156412601470947266e+00	2.485247135162353516e+00
-5.630822777748107910e-01	4.951073169708251953e+00
5.926400661468505859e+00	2.580449104309082031e+00
9.434466361999511719e+00	3.384376049041748047e+00
1.250585460662841797e+01	1.762521743774414062e+00
1.020921897888183594e+01	4.123144149780273438e-01
6.659731864929199219e+00	2.395036220550537109e+00
6.372378826141357422e+00	2.382740736007690430e+00
4.447500228881835938e+00	1.937532067298889160e+00
2.869965791702270508e+00	3.915529012680053711e+00
1.118231296539306641e+01	3.857802867889404297e+00
5.721659183502197266e+00	7.701107025146484375e+00
4.878590583801269531e+00	4.156378746032714844e+00
1.081898021697998047e+01	3.740095138549804688e+00
1.029059123992919922e+01	-4.974580109119415283e-01
9.377347946166992188e+00	2.776657819747924805e+00
6.889262676239013672e+00	2.362647533416748047e+00
7.431473255157470703e+00	9.874336719512939453e-01
9.846870303153991699e-01	5.822670459747314453e+00
3.343734741210937500e+00	4.621887207031250000e+00
5.544063568115234375e+00	3.975221395492553711e+00
8.454976081848144531e+00	2.516185998916625977e+00
1.307698917388916016e+01	5.645153522491455078e-01
4.611548423767089844e+00	4.741914272308349609e+00
8.499328613281250000e+00	4.493028640747070312e+00
-2.468852996826171875e+00	6.738134860992431641e+00
1.234214687347412109e+01	1.165069416165351868e-01
2.410899877548217773e+00	6.996263980865478516e+00
5.285902976989746094e+00	6.304847717285156250e+00
1.648400545120239258e+00	3.667762756347656250e+00
1.242139244079589844e+01	8.183345198631286621e-01
4.586668491363525391e+00	2.896224975585937500e+00
1.121299076080322266e+01	1.706963062286376953e+00
4.092179298400878906e+00	3.655204057693481445e+00
-1.246316730976104736e-01	4.106896400451660156e+00
1.972547173500061035e+00	5.664405822753906250e+00
9.108044624328613281e+00	3.745406270027160645e-01
4.776949882507324219e+00	4.047540664672851562e+00
-2.679431676864624023e+00	8.272146224975585938e+00
-2.900634765625000000e+00	6.671867370605468750e+00
6.378382205963134766e+00	6.530155181884765625e+00
8.319166183471679688e+00	1.911823391914367676e+00
7.081325531005859375e+00	1.923741459846496582e+00
2.093419313430786133e+00	6.447496414184570312e+00
8.451371192932128906e+00	3.988188743591308594e+00
-2.313442230224609375e+00	6.031315326690673828e+00
5.930773258209228516e+00	3.393437147140502930e+00
4.467613697052001953e+00	3.484414100646972656e+00
1.594466209411621094e+00	5.157530307769775391e+00
1.202057838439941406e+01	-5.145596265792846680e-01
4.490836143493652344e+00	1.691801786422729492e+00
8.682643890380859375e+00	3.024102687835693359e+00
1.028027248382568359e+01	2.158335685729980469e+00
5.623775005340576172e+00	2.558217287063598633e+00
9.814457893371582031e+00	7.602826952934265137e-01
9.813432693481445312e+00	5.273746013641357422e+00
6.935686588287353516e+00	3.050030708312988281e+00
8.951503753662109375e+00	2.949625968933105469e+00
1.077000808715820312e+01	1.562611937522888184e+00
1.150563621520996094e+01	1.141530036926269531e+00
6.532852649688720703e+00	3.991016149520874023e+00
3.256799459457397461e+00	3.402223825454711914e+00
2.273954391479492188e+00	4.154336452484130859e+00
7.164506912231445312e+00	7.417711257934570312e+00
1.295695590972900391e+01	8.576158285140991211e-01
2.580373048782348633e+00	5.293490886688232422e+00
8.948348999023437500e+00	3.771630525588989258e+00
4.052187919616699219e+00	4.267626285552978516e+00
2.105874270200729370e-01	7.822741985321044922e+00
4.111202061176300049e-01	8.282878875732421875e+00
-2.420687913894653320e+00	7.131683349609375000e+00
-4.145713806152343750e+00	7.106214046478271484e+00
1.287586212158203125e+01	7.256754636764526367e-01
1.138361835479736328e+01	1.507802248001098633e+00
1.022504043579101562e+01	1.966955661773681641e+00
1.103460979461669922e+01	9.810963869094848633e-01
-3.483442962169647217e-01	5.266937732696533203e+00
1.407402420043945312e+01	1.643987298011779785e+00
9.291975975036621094e+00	4.086198329925537109e+00
4.064357280731201172e+00	3.411897182464599609e+00
4.084150791168212891e+00	5.374017238616943359e+00
1.218922805786132812e+01	1.056740999221801758e+00
5.476432800292968750e+00	3.022117614746093750e+00
1.233511257171630859e+01	1.974654316902160645e+00
7.701975822448730469e+00	7.136352539062500000e+00
1.265960788726806641e+01	3.290065288543701172e+00
8.005527496337890625e+00	3.467638254165649414e+00
6.623980522155761719e+00	4.599817752838134766e+00
1.148857593536376953e+01	-3.366241455078125000e-01
1.146077537536621094e+01	6.462138295173645020e-01
7.942646980285644531e+00	3.132865190505981445e+00
6.243744850158691406e+00	2.337650775909423828e+00
6.108140468597412109e+00	2.993149518966674805e+00
5.969677925109863281e+00	5.639695525169372559e-01
7.556870460510253906e+00	2.516859769821166992e+00
1.292331099510192871e+00	6.966683387756347656e+00
7.220657825469970703e+00	4.150128364562988281e+00
1.086202907562255859e+01	1.449268102645874023e+00
4.046776294708251953e+00	2.616980791091918945e+00
8.567280769348144531e+00	3.810627937316894531e+00
5.490834712982177734e+00	3.937628269195556641e+00
2.421564102172851562e+00	4.072687149047851562e+00
1.041357994079589844e+01	3.576628684997558594e+00
-1.709536314010620117e+00	6.496929168701171875e+00
1.279468441009521484e+01	2.428904920816421509e-01
2.282624006271362305e+00	7.571567058563232422e+00
-3.551536083221435547e+00	6.843017578125000000e+00
1.052521610260009766e+01	7.973204851150512695e-01
1.020159530639648438e+01	2.234112977981567383e+00
6.830987930297851562e+00	4.266439914703369141e+00
2.258727699518203735e-01	3.953947305679321289e+00
1.994925618171691895e+00	6.609300613403320312e+00
5.832173824310302734e+00	7.315599322319030762e-01
5.340297222137451172e+00	3.011066913604736328e+00
1.234172630310058594e+01	1.633285284042358398e+00
-3.533885955810546875e+00	6.118235111236572266e+00
1.233198070526123047e+01	2.237262487411499023e+00
8.337332725524902344e+00	7.592913508415222168e-01
1.203023815155029297e+01	1.558559417724609375e+00
1.008707714080810547e+01	2.501160860061645508e+00
6.639729738235473633e-01	4.918586254119873047e+00
1.065032577514648438e+01	5.521447062492370605e-01
2.602038860321044922e+00	5.576400756835937500e+00
2.084419012069702148e+00	7.600202560424804688e+00
6.377120494842529297e+00	3.270441293716430664e+00
3.592962503433227539e+00	2.949249267578125000e+00
6.399648666381835938e+00	3.297586917877197266e+00
1.560274600982666016e+00	4.582995891571044922e+00
1.206456422805786133e+00	5.124796390533447266e+00
2.602219104766845703e+00	3.886115074157714844e+00
5.802419185638427734e+00	4.204197406768798828e+00
3.566726207733154297e+00	3.402638435363769531e+00
3.785773754119873047e+00	2.909062147140502930e+00
6.498793125152587891e+00	4.344348430633544922e+00
3.877836465835571289e+00	5.612537860870361328e+00
4.707664489746093750e+00	6.148557186126708984e+00
9.773861885070800781e+00	4.896734237670898438e+00
1.181361484527587891e+01	3.843144893646240234e+00
3.711408138275146484e+00	4.479812145233154297e+00
1.283699226379394531e+01	6.354185342788696289e-01
-3.440237760543823242e+00	6.961717605590820312e+00
7.528271675109863281e+00	3.002895355224609375e+00
5.592565059661865234e+00	4.973692893981933594e+00
4.423851966857910156e+00	6.329463481903076172e+00
8.247975349426269531e+00	3.191629171371459961e+00
1.111720561981201172e+01	3.046310663223266602e+00
1.070868492126464844e+01	2.654479503631591797e+00
-1.995821118354797363e+00	8.696669578552246094e+00
4.361525535583496094e+00	4.402584552764892578e+00
5.074800491333007812e+00	5.440303802490234375e+00
1.042185401916503906e+01	2.380306243896484375e+00
7.181635379791259766e+00	3.017447710037231445e+00
9.682697296142578125e+00	4.161482810974121094e+00
6.868910312652587891e+00	3.674541711807250977e+00
2.281027793884277344e+00	6.299539089202880859e+00
1.026528167724609375e+01	5.759169101715087891e+00
5.133152961730957031e+00	3.580200910568237305e+00
-2.272432088851928711e+00	7.613382816314697266e+00
8.797700881958007812e+00	3.018670320510864258e+00
9.632403373718261719e+00	2.595046281814575195e+00
4.789544105529785156e+00	6.939009189605712891e+00
4.622946739196777344e+00	4.994658946990966797e+00
7.611673831939697266e+00	3.512738704681396484e+00
1.242132472991943359e+01	4.741666018962860107e-01
-2.204929828643798828e+00	6.674152851104736328e+00
6.785846948623657227e-01	4.124656677246093750e+00
-5.388796329498291016e-01	4.373817443847656250e+00
1.212653923034667969e+01	-5.387099385261535645e-01
1.292562580108642578e+01	3.750022053718566895e-01
2.965579748153686523e+00	6.279716968536376953e+00
5.395089626312255859e+00	3.379598617553710938e+00
5.896528244018554688e+00	2.593892812728881836e+00
1.284931850433349609e+01	2.567028284072875977e+00
2.930528879165649414e+00	8.146882057189941406e+00
4.769718647003173828e+00	4.213377952575683594e+00
1.154980087280273438e+01	2.067333698272705078e+00
2.847653150558471680e+00	5.570918083190917969e+00
2.513777971267700195e+00	8.084257125854492188e+00
8.861671447753906250e+00	1.621077060699462891e+00
-1.476153731346130371e+00	7.171757698059082031e+00
-1.729308605194091797e+00	8.761361122131347656e+00
7.240363597869873047e+00	2.345668554306030273e+00
6.301031112670898438e+00	3.630955219268798828e+00
7.131002902984619141e+00	3.468435049057006836e+00
2.868006944656372070e+00	3.390550374984741211e+00
4.172564983367919922e+00	3.613896131515502930e+00
6.432272434234619141e+00	6.794360637664794922e+00
1.062621974945068359e+01	3.744523763656616211e+00
2.836607217788696289e+00	3.479044198989868164e+00
6.508973598480224609e+00	3.566858768463134766e+00
6.831693649291992188e+00	5.641829967498779297e+00
1.088780021667480469e+01	3.349880933761596680e+00
8.494765281677246094e+00	4.762504100799560547e-01
6.118525028228759766e+00	2.377813100814819336e+00
8.583467483520507812e+00	2.146479129791259766e+00
6.648203372955322266e+00	4.024207592010498047e+00
8.717475533485412598e-01	8.964503288269042969e+00
1.417566895484924316e+00	5.429111957550048828e+00
2.488432168960571289e+00	4.267865180969238281e+00
1.279713821411132812e+01	2.163375616073608398e+00
1.096554660797119141e+01	3.829124450683593750e+00
3.672688484191894531e+00	5.268943309783935547e+00
4.637932777404785156e-01	6.630803108215332031e+00
7.135701656341552734e+00	1.998649477958679199e+00
7.068117618560791016e+00	4.067946910858154297e+00
8.346484184265136719e+00	1.259596824645996094e+00
1.251623153686523438e+01	3.807363986968994141e+00
5.140185832977294922e+00	1.676326751708984375e+00
1.339958858489990234e+01	2.191829919815063477e+00
8.840300559997558594e+00	2.836724519729614258e+00
6.542005062103271484e+00	4.243919849395751953e+00
8.711370468139648438e+00	3.540298461914062500e+00
1.186690425872802734e+01	2.029723405838012695e+00
1.369433784484863281e+01	1.742345571517944336e+00
2.567934751510620117e+00	4.778792858123779297e+00
8.403434753417968750e+00	2.986786365509033203e+00
-3.508445620536804199e-01	4.504387855529785156e+00
-1.079590797424316406e+00	6.932188034057617188e+00
3.368798971176147461e+00	4.295654296875000000e+00
7.977825164794921875e+00	1.676964044570922852e+00
1.019672775268554688e+01	4.736457347869873047e+00
-3.709741234779357910e-01	8.952181816101074219e+00
1.282381916046142578e+01	9.189218282699584961e-01
3.539844274520874023e+00	5.127418041229248047e+00
5.392122745513916016e+00	4.586799621582031250e+00
9.955687522888183594e+00	2.361651659011840820e+00
1.472825407981872559e+00	5.356088161468505859e+00
1.998805403709411621e-01	3.921832084655761719e+00
6.960072517395019531e-01	7.816258430480957031e+00
1.263205242156982422e+01	1.894565820693969727e-01
8.177389144897460938e+00	9.721050858497619629e-01
6.850265502929687500e+00	3.190905809402465820e+00
1.299162101745605469e+01	2.984531521797180176e-01
8.545635223388671875e+00	7.893792390823364258e-01
1.159778213500976562e+01	2.954255104064941406e+00
7.036190032958984375e+00	8.523429036140441895e-01
5.051734924316406250e+00	3.514460325241088867e+00
-1.814845085144042969e+00	7.388373374938964844e+00
6.815716266632080078e+00	2.253575325012207031e+00
8.674228668212890625e+00	1.878608703613281250e+00
-2.642731189727783203e+00	6.273815631866455078e+00
2.219630956649780273e+00	5.905114173889160156e+00
7.664266109466552734e+00	3.749026775360107422e+00
7.058606147766113281e+00	1.881581544876098633e+00
2.364681959152221680e+00	6.619053363800048828e+00
3.858623027801513672e+00	6.629467010498046875e+00
4.633182048797607422e+00	6.122033596038818359e+00
7.257164955139160156e+00	7.998002767562866211e-01
6.701932907104492188e+00	3.121965408325195312e+00
6.606269359588623047e+00	2.933779478073120117e+00
5.904769420623779297e+00	1.662624716758728027e+00
1.132751822471618652e+00	8.982969284057617188e+00
7.620276927947998047e+00	4.069097518920898438e+00
5.183194160461425781e+00	3.607480287551879883e+00
1.073475360870361328e+01	1.563326835632324219e+00
5.581244945526123047e+00	4.415668010711669922e+00
3.729202270507812500e+00	2.494820117950439453e+00
5.838257789611816406e+00	4.770183563232421875e+00
3.653501749038696289e+00	3.989722251892089844e+00
2.491131305694580078e+00	9.337053298950195312e+00
-1.437644958496093750e+00	8.317201614379882812e+00
4.350763797760009766e+00	7.001140117645263672e+00
9.152642250061035156e+00	2.343587160110473633e+00
3.397614240646362305e+00	3.014642238616943359e+00
5.860234737396240234e+00	5.491376399993896484e+00
7.884935379028320312e+00	3.765703678131103516e+00
1.028415203094482422e+01	1.218428969383239746e+00
7.084558486938476562e+00	2.747889995574951172e+00
1.280197811126708984e+01	9.916490316390991211e-01
3.565368413925170898e+00	2.586081743240356445e+00
8.560015678405761719e+00	2.885543107986450195e+00
7.373744964599609375e+00	4.101262092590332031e+00
1.243663215637207031e+01	2.296946048736572266e+00
7.365729331970214844e+00	1.643937468528747559e+00
2.118247270584106445e+00	4.394255161285400391e+00
5.191075325012207031e+00	4.461891174316406250e+00
9.420671463012695312e+00	9.996962547302246094e-01
6.059438228607177734e+00	4.661679744720458984e+00
4.166038990020751953e+00	8.329158782958984375e+00
4.646842956542968750e+00	4.256036281585693359e+00
1.005753993988037109e+01	1.805948376655578613e+00
-3.487540781497955322e-01	4.300286769866943359e+00
4.230762958526611328e+00	5.133666992187500000e+00
3.753167152404785156e+00	5.088865280151367188e+00
8.132027626037597656e+00	1.281373620033264160e+00
-2.403364658355712891e+00	6.246618270874023438e+00
7.107527732849121094e+00	4.742856025695800781e-01
-2.825660705566406250e+00	6.911820411682128906e+00
3.936677455902099609e+00	6.703988552093505859e+00
7.359253406524658203e+00	4.425801753997802734e+00
2.522739171981811523e+00	7.849106788635253906e+00
9.324534416198730469e+00	1.833633780479431152e+00
-1.232982873916625977e+00	4.960415840148925781e+00
3.957303285598754883e+00	2.482465744018554688e+00
8.537801742553710938e+00	2.128304004669189453e+00
8.160025596618652344e+00	1.768779397010803223e+00
6.822112083435058594e+00	2.440802097320556641e+00
2.219490051269531250e+00	9.056761741638183594e+00
3.467132091522216797e+00	8.194290161132812500e+00
6.292001724243164062e+00	4.981256484985351562e+00
9.876749992370605469e+00	4.275812625885009766e+00
1.077908515930175781e+01	6.715736985206604004e-01
3.385913610458374023e+00	5.306179523468017578e+00
3.279179096221923828e+00	3.626677751541137695e+00
1.050339794158935547e+01	2.122542142868041992e+00
-9.208326935768127441e-01	9.115273475646972656e+00
3.512742996215820312e+00	2.245947122573852539e+00
4.291528701782226562e+00	5.389680862426757812e+00
1.278067207336425781e+01	1.143466234207153320e+00
5.339420795440673828e+00	4.558402538299560547e+00
-1.477246582508087158e-01	4.199852466583251953e+00
7.380310297012329102e-01	3.521620273590087891e+00
2.864244222640991211e+00	2.641934156417846680e+00
7.253225803375244141e+00	3.280864953994750977e+00
-2.932745456695556641e+00	7.977453231811523438e+00
1.298233318328857422e+01	1.293481707572937012e+00
7.199451446533203125e+00	6.306977748870849609e+00
8.224408149719238281e+00	4.975631713867187500e+00
2.241685628890991211e+00	4.629979610443115234e+00
2.787662982940673828e+00	4.095231056213378906e+00
7.422620773315429688e+00	3.086380004882812500e+00
3.542886495590209961e+00	6.411399364471435547e+00
-1.583975672721862793e+00	6.406131744384765625e+00
9.038816452026367188e+00	8.433675169944763184e-01
5.555007934570312500e+00	5.745253086090087891e+00
5.140454292297363281e+00	7.149877071380615234e+00
6.334255695343017578e+00	4.796778678894042969e+00
-1.059422254562377930e+00	4.967419147491455078e+00
7.555918216705322266e+00	3.211862802505493164e+00
2.693906128406524658e-01	5.378696918487548828e+00
4.980485916137695312e+00	4.021009922027587891e+00
-4.378569871187210083e-02	4.050912857055664062e+00
8.564685821533203125e+00	1.538340806961059570e+00
4.009746551513671875e+00	2.766009330749511719e+00
1.367021656036376953e+01	2.195801734924316406e+00
2.806431531906127930e+00	4.216711044311523438e+00
6.625657558441162109e+00	5.074181556701660156e+00
1.074483966827392578e+01	1.794415950775146484e+00
4.939171969890594482e-01	6.069891929626464844e+00
1.103278064727783203e+01	3.842176198959350586e+00
7.135490894317626953e+00	1.987106680870056152e+00
7.695044040679931641e+00	5.921323895454406738e-01
4.209614753723144531e+00	1.630038261413574219e+00
1.132873725891113281e+01	-5.230206251144409180e-01
-2.086309939622879028e-01	6.036297798156738281e+00
7.207961559295654297e+00	1.831188797950744629e+00
6.732042312622070312e+00	1.608497619628906250e+00
3.357774734497070312e+00	2.505256891250610352e+00
-1.026180982589721680e+00	6.245356082916259766e+00
1.243770313262939453e+01	1.217239379882812500e+00
3.446700096130371094e+00	5.248778820037841797e+00
8.097572326660156250e+00	4.376759052276611328e+00
8.897367477416992188e+00	6.740224838256835938e+00
1.218967914581298828e+01	-5.037586092948913574e-01
3.615462064743041992e+00	2.946345567703247070e+00
6.839352607727050781e+00	4.300954818725585938e+00
-6.702296137809753418e-01	5.283560276031494141e+00
5.038062095642089844e+00	6.389877319335937500e+00
1.082040214538574219e+01	2.764230489730834961e+00
3.960465431213378906e+00	4.914112567901611328e+00
9.893616676330566406e+00	3.057665824890136719e+00
1.127528476715087891e+01	6.573565006256103516e-01
6.600987911224365234e+00	1.365649938583374023e+00
1.012172603607177734e+01	4.399061679840087891e+00
1.003566932678222656e+01	-6.018942594528198242e-01
1.036414623260498047e+01	1.309794306755065918e+00
8.574531555175781250e+00	3.720900058746337891e+00
6.886399269104003906e+00	3.448472261428833008e+00
8.926458358764648438e-01	6.644237041473388672e+00
3.044625520706176758e+00	2.209571361541748047e+00
5.757657527923583984e+00	2.728895187377929688e+00
1.160617446899414062e+01	1.531865000724792480e+00
1.277571201324462891e+01	2.537927389144897461e+00
2.759382247924804688e+00	4.415709018707275391e+00
1.073923397064208984e+01	9.426687359809875488e-01
8.380352258682250977e-01	8.167655944824218750e+00
1.977320075035095215e+00	5.335069179534912109e+00
5.537105083465576172e+00	2.555377483367919922e+00
5.813155174255371094e+00	2.276388645172119141e+00
9.746449470520019531e+00	4.148007392883300781e+00
1.188099384307861328e+01	2.496191978454589844e+00
1.794443488121032715e+00	4.819319725036621094e+00
4.380524158477783203e+00	4.564589023590087891e+00
7.679263591766357422e+00	1.588155746459960938e+00
7.765114784240722656e+00	5.303964614868164062e+00
-2.463559627532958984e+00	5.870568275451660156e+00
-4.196380615234375000e+00	7.097255229949951172e+00
7.285234928131103516e-01	6.817089557647705078e+00
1.325393390655517578e+01	6.259396672248840332e-01
5.426458835601806641e+00	4.977115631103515625e+00
1.019476699829101562e+01	3.897136926651000977e+00
2.007198095321655273e+00	4.917057037353515625e+00
1.740992069244384766e-01	4.864568710327148438e+00
3.379322767257690430e+00	3.089002609252929688e+00
1.137584972381591797e+01	7.706105709075927734e-01
1.048277950286865234e+01	3.573554515838623047e+00
1.124410533905029297e+01	7.810068726539611816e-01
7.851456642150878906e+00	2.476489067077636719e+00
8.034214019775390625e+00	4.504086494445800781e+00
-2.740721702575683594e+00	7.672634124755859375e+00
-5.701780915260314941e-01	4.587064743041992188e+00
1.078555774688720703e+01	9.613714814186096191e-01
6.797231674194335938e+00	2.312994241714477539e+00
1.321516704559326172e+01	4.418639540672302246e-01
9.702660560607910156e+00	1.867255806922912598e+00
7.470015525817871094e+00	1.537733197212219238e+00
1.077741622924804688e+01	2.734427928924560547e+00
-4.238637089729309082e-01	9.359209060668945312e+00
1.285849857330322266e+01	8.854640722274780273e-01
4.669814586639404297e+00	1.881193757057189941e+00
4.656103134155273438e+00	3.222862482070922852e+00
7.083009719848632812e+00	7.157000899314880371e-01
7.921584129333496094e+00	4.718712329864501953e+00
8.545993804931640625e+00	3.546939134597778320e+00
-2.220989942550659180e+00	7.101442337036132812e+00
3.547484397888183594e+00	1.808500170707702637e+00
9.776977539062500000e+00	3.049204349517822266e+00
6.618407249450683594e+00	2.053268194198608398e+00
1.239770126342773438e+01	9.170003533363342285e-01
-3.698752820491790771e-01	7.543560504913330078e+00
7.938213825225830078e+00	3.536039590835571289e+00
5.411868572235107422e+00	7.937668323516845703e+00
1.164794445037841797e+01	3.550298929214477539e+00
1.255581855773925781e+00	5.188564777374267578e+00
1.103182697296142578e+01	-7.140570878982543945e-01
5.874501228332519531e+00	1.874345302581787109e+00
1.119786071777343750e+01	2.372075319290161133e+00
6.116724967956542969e+00	2.043603181838989258e+00
5.749989032745361328e+00	5.678673744201660156e+00
6.936264038085937500e+00	2.779225826263427734e+00
7.485439777374267578e+00	6.660245418548583984e+00
1.167666530609130859e+01	-8.374548554420471191e-01
9.814109802246093750e+00	4.123696804046630859e+00
1.139961624145507812e+01	4.078125476837158203e+00
5.126307010650634766e+00	3.615588665008544922e+00
-1.444556593894958496e+00	6.288748741149902344e+00
8.755270004272460938e+00	2.217424392700195312e+00
7.591354846954345703e+00	3.185182571411132812e+00
2.042465448379516602e+00	4.601242542266845703e+00
2.424242258071899414e+00	4.751009941101074219e+00
2.138020753860473633e+00	5.845610618591308594e+00
1.245168304443359375e+01	-1.944445371627807617e-01
5.111688137054443359e+00	1.967745423316955566e+00
-3.367713987827301025e-01	8.508521080017089844e+00
1.090905380249023438e+01	4.151359081268310547e+00
1.857137322425842285e+00	5.017237186431884766e+00
9.319508552551269531e+00	1.541007518768310547e+00
-1.203370615839958191e-01	6.078815460205078125e+00
6.259004116058349609e+00	2.631863594055175781e+00
4.026637077331542969e+00	3.444236516952514648e+00
1.128820323944091797e+01	2.270936727523803711e+00
9.990820884704589844e-01	5.367411613464355469e+00
6.090740203857421875e+00	3.224858760833740234e+00
7.812104701995849609e+00	8.767180442810058594e-01
1.256346321105957031e+01	1.060011982917785645e+00
4.762994289398193359e+00	5.345768928527832031e+00
8.741842210292816162e-02	8.805393218994140625e+00
1.538417458534240723e+00	5.341235160827636719e+00
-4.643345475196838379e-01	5.820054054260253906e+00
7.569036483764648438e+00	3.027332305908203125e+00
4.024652004241943359e+00	4.410313129425048828e+00
1.315816593170166016e+01	1.510156035423278809e+00
1.001939964294433594e+01	2.274760961532592773e+00
-2.389414310455322266e+00	8.211540222167968750e+00
6.568279266357421875e+00	5.040093421936035156e+00
1.106906032562255859e+01	2.445506334304809570e+00
9.917963981628417969e+00	1.295758366584777832e+00
4.390103340148925781e+00	4.302093982696533203e+00
1.180678367614746094e+01	1.483582854270935059e+00
5.676422595977783203e+00	4.992242336273193359e+00
2.190071582794189453e+00	4.384932994842529297e+00
1.147484588623046875e+01	1.213721752166748047e+00
-1.731481313705444336e+00	6.761927127838134766e+00
1.553931236267089844e+00	3.696683645248413086e+00
8.731641769409179688e+00	2.388832092285156250e+00
-1.000314116477966309e+00	5.134089946746826172e+00
1.223935413360595703e+01	2.430948257446289062e+00
1.964707016944885254e+00	6.489800930023193359e+00
9.380380630493164062e+00	2.388362169265747070e+00
1.276862907409667969e+01	2.246568202972412109e+00
8.579187393188476562e+00	1.027042865753173828e+00
1.175178432464599609e+01	9.369531273841857910e-01
1.140544033050537109e+01	1.649274706840515137e+00
-6.861378550529479980e-01	6.114426612854003906e+00
1.221576786041259766e+01	1.028932332992553711e+00
9.124809265136718750e+00	7.342796325683593750e-01
-1.625729441642761230e+00	9.143000602722167969e+00
9.380337715148925781e+00	5.805007457733154297e+00
7.344627857208251953e+00	6.224168300628662109e+00
-2.246423721313476562e+00	8.471446990966796875e+00
-2.237226247787475586e+00	7.325687885284423828e+00
1.111063385009765625e+01	2.226813554763793945e+00
7.949822902679443359e+00	4.882657051086425781e+00
8.289046287536621094e+00	4.739922523498535156e+00
4.874107360839843750e+00	3.554161787033081055e+00
-2.168367862701416016e+00	8.910850524902343750e+00
-2.840218305587768555e+00	7.218278408050537109e+00
-1.001585602760314941e+00	7.126145362854003906e+00
7.664356231689453125e+00	1.076460361480712891e+00
1.197795200347900391e+01	1.704107761383056641e+00
-3.656653165817260742e-01	9.877122879028320312e+00
8.345882415771484375e+00	2.221617698669433594e+00
-1.775947213172912598e+00	6.589444637298583984e+00
6.116527080535888672e+00	1.824360489845275879e+00
-4.523481428623199463e-01	4.542874813079833984e+00
2.980743646621704102e+00	6.334331035614013672e+00
7.540673255920410156e+00	3.583031892776489258e-01
8.592054367065429688e+00	1.619873881340026855e+00
8.262003898620605469e+00	1.681899666786193848e+00
-2.318751096725463867e+00	7.291540145874023438e+00
-2.182649850845336914e+00	6.246077537536621094e+00
2.375348091125488281e+00	8.929781913757324219e+00
7.866876125335693359e+00	2.363001346588134766e+00
6.906153202056884766e+00	4.302289485931396484e+00
1.269497966766357422e+01	2.614605426788330078e+00
1.265077972412109375e+01	3.652055025100708008e+00
5.909962654113769531e+00	6.594542026519775391e+00
1.052039051055908203e+01	3.077427148818969727e+00
3.030122280120849609e+00	3.527015924453735352e+00
1.026802253723144531e+01	-5.756330490112304688e-01
5.598078250885009766e+00	3.618032217025756836e+00
1.297680282592773438e+01	2.357449769973754883e+00
2.623854875564575195e+00	3.176609516143798828e+00
5.183418273925781250e+00	2.693368911743164062e+00
1.018923664093017578e+01	-5.935176610946655273e-01
9.649371147155761719e+00	6.801604628562927246e-01
1.086721324920654297e+01	2.131405830383300781e+00
5.962193012237548828e+00	1.064899086952209473e+00
5.962514400482177734e+00	5.779394626617431641e+00
9.875923156738281250e+00	2.135653257369995117e+00
9.482926130294799805e-01	4.740059375762939453e+00
7.090950608253479004e-01	7.796988010406494141e+00
8.186220169067382812e+00	3.030533075332641602e+00
-1.328064441680908203e+00	6.626110076904296875e+00
3.901170194149017334e-01	5.750452041625976562e+00
2.949590682983398438e+00	2.646500349044799805e+00
1.042949962615966797e+01	1.539391040802001953e+00
1.059245967864990234e+01	5.295590162277221680e-01
1.057503938674926758e+00	4.845127582550048828e+00
7.224624156951904297e+00	5.526244163513183594e+00
4.652512073516845703e+00	6.372512340545654297e+00
8.279843330383300781e+00	1.612830996513366699e+00
1.136825275421142578e+01	2.542021512985229492e+00
7.727695941925048828e+00	4.415816783905029297e+00
9.169519424438476562e+00	1.475908637046813965e+00
3.513479232788085938e+00	5.923559188842773438e+00
9.362177848815917969e+00	8.434909582138061523e-01
1.325155496597290039e-01	6.222841739654541016e+00
9.340106964111328125e+00	2.981246471405029297e+00
-2.471490859985351562e+00	6.316471099853515625e+00
5.029175281524658203e+00	4.310117721557617188e+00
4.179921150207519531e+00	6.504345893859863281e+00
-1.539358377456665039e+00	6.534028530120849609e+00
2.515269279479980469e+00	6.771854400634765625e+00
4.078803360462188721e-01	3.980498075485229492e+00
4.827577590942382812e+00	4.009170055389404297e+00
7.818274021148681641e+00	2.589821577072143555e+00
9.843920707702636719e+00	2.007795572280883789e+00
1.345499229431152344e+01	2.490177631378173828e+00
5.439889430999755859e+00	7.155210018157958984e+00
2.781185865402221680e+00	5.154316425323486328e+00
1.190219306945800781e+01	-7.628880739212036133e-01
9.019762039184570312e+00	2.196295738220214844e+00
1.117057991027832031e+01	3.142016649246215820e+00
4.626935482025146484e+00	6.544866561889648438e+00
1.215999794006347656e+01	-1.428415477275848389e-01
7.838274955749511719e+00	9.119735956192016602e-01
7.761801719665527344e+00	3.524887800216674805e+00
7.843786716461181641e+00	5.288255691528320312e+00
-1.441133499145507812e+00	5.778320312500000000e+00
3.123513936996459961e+00	6.706342220306396484e+00
5.478006601333618164e-01	5.506436347961425781e+00
4.971880912780761719e-01	4.480831623077392578e+00
7.933197975158691406e+00	2.019996881484985352e+00
3.889771938323974609e+00	7.229803085327148438e+00
-5.619077682495117188e-01	7.352853298187255859e+00
1.171487426757812500e+01	4.511331319808959961e-01
8.799140930175781250e+00	1.809929728507995605e+00
2.841850996017456055e+00	2.385268211364746094e+00
1.325840711593627930e+00	3.173832178115844727e+00
1.139551448822021484e+01	-6.817533969879150391e-01
4.363011837005615234e+00	5.897725105285644531e+00
4.806420326232910156e+00	1.785562753677368164e+00
2.838812828063964844e+00	6.670818328857421875e+00
8.600901603698730469e+00	2.750849962234497070e+00
1.350705027580261230e-01	5.528768062591552734e+00
3.593309164047241211e+00	6.323253631591796875e+00
7.967913150787353516e+00	6.379415512084960938e+00
1.119509816169738770e+00	5.629404067993164062e+00
-1.085861921310424805e+00	5.228602409362792969e+00
5.592081069946289062e+00	3.371606349945068359e+00
2.982509613037109375e+00	7.242424011230468750e+00
7.868803501129150391e+00	3.032156705856323242e+00
-1.965739607810974121e+00	6.901122093200683594e+00
4.994812965393066406e+00	6.149967193603515625e+00
1.140628218650817871e+00	3.116481781005859375e+00
1.329333019256591797e+01	2.309380531311035156e+00
5.216097831726074219e+00	4.995530128479003906e+00
4.799242973327636719e+00	6.407640457153320312e+00
9.136466026306152344e+00	3.618679285049438477e+00
6.364017486572265625e+00	3.956978321075439453e+00
-3.751185834407806396e-01	5.724493026733398438e+00
4.018939495086669922e+00	4.271643638610839844e+00
6.036940217018127441e-01	8.975965499877929688e+00
9.717159271240234375e+00	3.360158443450927734e+00
8.169277191162109375e+00	1.719188332557678223e+00
-1.909587144851684570e+00	8.209419250488281250e+00
4.446418762207031250e+00	3.256484746932983398e+00
8.637445449829101562e+00	7.624139785766601562e-01
4.281203269958496094e+00	4.309886455535888672e+00
1.202590942382812500e+01	1.209188818931579590e+00
1.025783348083496094e+01	3.687687158584594727e+00
5.329221725463867188e+00	5.668375492095947266e+00
6.936324119567871094e+00	3.330994367599487305e+00
4.792410373687744141e+00	4.069786071777343750e+00
1.131981468200683594e+01	2.925460100173950195e+00
3.868032217025756836e+00	4.866389751434326172e+00
9.032110214233398438e+00	5.849052906036376953e+00
5.213778018951416016e+00	6.433005809783935547e+00
6.923964500427246094e+00	2.605842828750610352e+00
1.365778064727783203e+01	1.331724643707275391e+00
2.196491479873657227e+00	7.040891647338867188e+00
1.429868817329406738e+00	6.166934013366699219e+00
7.690423488616943359e+00	4.530380725860595703e+00
9.203724861145019531e+00	1.153371214866638184e+00
9.633680343627929688e+00	2.258125782012939453e+00
5.734894752502441406e+00	4.829150676727294922e+00
1.309786033630371094e+01	7.184015512466430664e-01
6.815063476562500000e+00	1.884004592895507812e+00
1.674974441528320312e+00	7.001925945281982422e+00
9.579870223999023438e+00	2.682062625885009766e+00
-6.677903532981872559e-01	4.877610206604003906e+00
1.378651523590087891e+01	2.553816556930541992e+00
7.049089908599853516e+00	2.948037624359130859e+00
3.847768545150756836e+00	4.773073196411132812e+00
8.525753021240234375e+00	3.831492424011230469e+00
5.332876682281494141e+00	4.489646434783935547e+00
8.649957656860351562e+00	2.959947347640991211e+00
1.162557125091552734e+01	2.550878524780273438e+00
1.080583000183105469e+01	1.597878694534301758e+00
6.593323230743408203e+00	3.412708044052124023e+00
1.384246063232421875e+01	1.943885445594787598e+00
-3.230349540710449219e+00	6.558886051177978516e+00
8.758907318115234375e+00	3.296794891357421875e+00
1.206773185729980469e+01	1.876384854316711426e+00
1.154826545715332031e+01	1.571627736091613770e+00
3.157758712768554688e+00	7.166778087615966797e+00
4.949321269989013672e+00	1.829542040824890137e+00
4.204498767852783203e+00	2.883461236953735352e+00
5.742695331573486328e+00	2.666985511779785156e+00
1.151611328125000000e+01	-7.671048045158386230e-01
9.227001190185546875e+00	2.542776823043823242e+00
5.801749229431152344e+00	6.707059860229492188e+00
1.070900344848632812e+01	3.188868522644042969e+00
-1.085032343864440918e+00	8.687663078308105469e+00
-1.658543109893798828e+00	5.446667194366455078e+00
-1.786400556564331055e+00	7.917707443237304688e+00
7.125576496124267578e+00	3.066047191619873047e+00
3.887785196304321289e+00	8.347737312316894531e+00
3.940141916275024414e+00	3.133620262145996094e+00
7.078800201416015625e+00	1.537236452102661133e+00
1.029268836975097656e+01	2.736478567123413086e+00
1.333697128295898438e+01	1.659974575042724609e+00
1.083500003814697266e+01	8.546407818794250488e-01
1.744107246398925781e+00	5.932439804077148438e+00
-8.292873948812484741e-02	7.141222953796386719e+00
9.864503860473632812e+00	4.496423244476318359e+00
8.083784103393554688e+00	2.933691740036010742e+00
1.083066558837890625e+01	3.595051527023315430e+00
8.398884773254394531e+00	3.562085866928100586e+00
-7.733408808708190918e-01	7.237719535827636719e+00
1.099721240997314453e+01	2.375392436981201172e+00
1.253725624084472656e+01	2.357360839843750000e+00
4.461616516113281250e+00	5.860779285430908203e+00
9.989558219909667969e+00	1.751380920410156250e+00
5.857062339782714844e+00	7.360750675201416016e+00
2.618878602981567383e+00	6.553566455841064453e+00
3.194814682006835938e+00	2.504608869552612305e+00
8.474293708801269531e+00	1.258124470710754395e+00
4.005356788635253906e+00	2.482479810714721680e+00
9.761785507202148438e+00	1.917975544929504395e+00
1.361192226409912109e+01	1.255439162254333496e+00
4.241572380065917969e+00	4.558007717132568359e+00
5.570424199104309082e-01	3.392379760742187500e+00
3.473779439926147461e+00	3.653923749923706055e+00
1.255854034423828125e+01	1.594962120056152344e+00
1.044636917114257812e+01	3.346351623535156250e+00
7.106636524200439453e+00	1.236046195030212402e+00
5.412564277648925781e+00	6.360679149627685547e+00
9.837009429931640625e+00	3.446747064590454102e+00
-3.552420854568481445e+00	6.653263568878173828e+00
1.344703483581542969e+01	5.314804315567016602e-01
3.537441730499267578e+00	6.263648033142089844e+00
1.192862510681152344e+01	9.446430802345275879e-01
1.000817680358886719e+01	4.282561779022216797e+00
4.580965518951416016e+00	6.250125885009765625e+00
8.070942878723144531e+00	3.911985874176025391e+00
3.931071043014526367e+00	4.288517951965332031e+00
6.114485263824462891e+00	5.042958736419677734e+00
1.157339096069335938e+01	2.167679786682128906e+00
1.244253158569335938e+01	2.000665903091430664e+00
6.987298011779785156e+00	2.718540906906127930e+00
2.291927576065063477e+00	4.823788642883300781e+00
3.224085807800292969e+00	3.656228303909301758e+00
1.073508358001708984e+01	3.042291641235351562e+00
1.238140678405761719e+01	1.230184316635131836e+00
1.543029189109802246e+00	4.462043285369873047e+00
7.528021812438964844e+00	1.992304801940917969e+00
7.331092357635498047e+00	1.860440254211425781e+00
6.812656879425048828e+00	2.241613149642944336e+00
6.443652153015136719e+00	4.331190109252929688e+00
-1.309144735336303711e+00	6.693482875823974609e+00
3.169190883636474609e+00	4.090961456298828125e+00
6.395998954772949219e+00	2.451499938964843750e+00
3.505009412765502930e+00	2.035693407058715820e+00
7.189500331878662109e-01	9.524103164672851562e+00
7.106832981109619141e+00	2.559953451156616211e+00
-1.212137460708618164e+00	7.890067100524902344e+00
1.402561569213867188e+01	1.959248661994934082e+00
8.809767723083496094e+00	4.077058315277099609e+00
1.298225212097167969e+01	2.066346883773803711e+00
4.904986381530761719e+00	4.476009845733642578e+00
9.007639884948730469e+00	3.430243015289306641e+00
1.127860450744628906e+01	2.911201953887939453e+00
-1.459040403366088867e+00	7.741981506347656250e+00
2.431388616561889648e+00	4.743018150329589844e+00
-3.317818403244018555e+00	7.816447734832763672e+00
7.490845024585723877e-02	4.486311912536621094e+00
1.253505110740661621e+00	4.917062759399414062e+00
1.371282386779785156e+01	2.179266929626464844e+00
4.216166973114013672e+00	8.530800819396972656e+00
9.555566787719726562e+00	1.942429304122924805e+00
8.657547950744628906e+00	3.108771562576293945e+00
1.202243804931640625e+01	1.291984319686889648e+00
1.719087004661560059e+00	6.817397117614746094e+00
1.207790946960449219e+01	1.398635149002075195e+00
7.333208084106445312e+00	4.033197879791259766e+00
2.607881069183349609e+00	7.218223094940185547e+00
9.462205886840820312e+00	1.723999619483947754e+00
5.927883148193359375e+00	3.587826967239379883e+00
7.460347175598144531e+00	5.314718484878540039e-01
1.203067111968994141e+01	2.533438920974731445e+00
8.888481259346008301e-01	3.647929906845092773e+00
3.013052701950073242e+00	4.808928012847900391e+00
3.363163173198699951e-01	6.374989032745361328e+00
9.184434890747070312e+00	3.314050674438476562e+00
2.485755920410156250e+00	4.387191295623779297e+00
4.068717479705810547e+00	3.152998924255371094e+00
6.727347373962402344e+00	5.170405387878417969e+00
8.671103477478027344e+00	2.150238990783691406e+00
3.218727111816406250e+00	8.681602478027343750e+00
1.089800453186035156e+01	9.837178587913513184e-01
7.733420133590698242e-01	6.792366027832031250e+00
3.307451009750366211e+00	5.545500755310058594e+00
9.036231994628906250e+00	2.813432693481445312e+00
-2.486327648162841797e+00	8.236126899719238281e+00
5.094878673553466797e+00	1.958661079406738281e+00
9.059823989868164062e+00	3.643770694732666016e+00
2.021216869354248047e+00	6.545001506805419922e+00
6.621887207031250000e+00	6.939894676208496094e+00
5.729176044464111328e+00	3.525224685668945312e+00
9.493360519409179688e+00	3.059799671173095703e+00
-2.304484367370605469e+00	9.070953369140625000e+00
9.770623207092285156e+00	2.456901788711547852e+00
3.659443616867065430e+00	4.970006942749023438e+00
1.217295050621032715e+00	7.322428703308105469e+00
9.976135253906250000e+00	5.955121040344238281e+00
9.037277221679687500e+00	6.597369670867919922e+00
-1.278518795967102051e+00	6.410599231719970703e+00
1.404782581329345703e+01	1.846755981445312500e+00
9.463142395019531250e+00	2.428251981735229492e+00
-8.576509952545166016e-01	8.630898475646972656e+00
1.236245059967041016e+01	1.466303110122680664e+00
7.357361793518066406e+00	6.615514278411865234e+00
4.221715450286865234e+00	3.586341142654418945e+00
8.207789421081542969e+00	4.492234230041503906e+00
2.938889265060424805e+00	3.962601423263549805e+00
1.021255493164062500e+01	1.567682981491088867e+00
8.785906791687011719e+00	1.019725680351257324e+00
-2.465302944183349609e+00	8.735779762268066406e+00
7.016348838806152344e+00	3.856875658035278320e+00
5.005956172943115234e+00	3.223050355911254883e+00
1.333666133880615234e+01	2.226451158523559570e+00
-4.881109714508056641e+00	7.211384773254394531e+00
4.302588462829589844e+00	7.604954719543457031e+00
9.700158119201660156e+00	3.071283578872680664e+00
1.143548011779785156e+01	4.096465110778808594e+00
1.323511600494384766e+01	2.213125467300415039e+00
7.089859008789062500e+00	4.970843315124511719e+00
9.086940765380859375e+00	3.065478563308715820e+00
7.139215946197509766e+00	6.496739864349365234e+00
5.280351638793945312e+00	3.355620861053466797e+00
5.090404033660888672e+00	5.906592845916748047e+00
1.305474567413330078e+01	5.344496294856071472e-02
7.536076545715332031e+00	4.853169441223144531e+00
9.172639846801757812e+00	4.334321975708007812e+00
8.307353973388671875e+00	1.426659464836120605e+00
1.162398242950439453e+01	1.774349570274353027e+00
6.493304729461669922e+00	1.672504901885986328e+00
9.380671501159667969e+00	2.481652975082397461e+00
4.068948268890380859e+00	5.167215824127197266e+00
2.545918703079223633e+00	9.038492202758789062e+00
1.337729549407958984e+01	1.159972906112670898e+00
7.507076740264892578e+00	2.058072090148925781e+00
-1.963198423385620117e+00	7.050092220306396484e+00
1.019630241394042969e+01	2.834647417068481445e+00
1.068987464904785156e+01	5.487643718719482422e+00
1.420296669006347656e+01	1.965628743171691895e+00
1.105771732330322266e+01	3.776374578475952148e+00
4.323501586914062500e+00	1.860250115394592285e+00
7.209523677825927734e+00	4.475776672363281250e+00
9.210471153259277344e+00	4.263502359390258789e-01
-1.305200219154357910e+00	4.874866008758544922e+00
2.988247156143188477e+00	4.716232776641845703e+00
1.123735237121582031e+01	1.573788404464721680e+00
1.845203995704650879e+00	4.350544452667236328e+00
8.995414733886718750e+00	3.061054468154907227e+00
7.393447399139404297e+00	3.575462579727172852e+00
5.499985694885253906e+00	2.396193981170654297e+00
8.528614044189453125e+00	1.810906171798706055e+00
-2.304811239242553711e+00	7.881129264831542969e+00
2.932123243808746338e-01	4.052932262420654297e+00
-3.047990322113037109e+00	7.224628448486328125e+00
1.208651256561279297e+01	1.750670671463012695e+00
1.101258659362792969e+01	3.346265554428100586e+00
1.007791423797607422e+01	2.215011358261108398e+00
1.228610324859619141e+01	2.010694980621337891e+00
5.859513759613037109e+00	1.570330977439880371e+00
-2.045628786087036133e+00	7.110692501068115234e+00
3.801916360855102539e+00	5.440144062042236328e+00
1.253336191177368164e+00	6.481153488159179688e+00
-1.627534270286560059e+00	6.818003177642822266e+00
4.505257129669189453e+00	4.483641624450683594e+00
6.215991973876953125e+00	7.212840080261230469e+00
6.065710067749023438e+00	4.734871864318847656e+00
2.889962673187255859e+00	2.380651712417602539e+00
4.866556525230407715e-01	4.791543483734130859e+00
8.919009208679199219e+00	1.909408450126647949e+00
1.214311790466308594e+01	6.744494196027517319e-03
1.537388563156127930e+00	6.782118320465087891e+00
8.314975738525390625e+00	2.174065589904785156e+00
1.314123749732971191e+00	4.682210445404052734e+00
-5.388666391372680664e-01	5.063928127288818359e+00
6.727106094360351562e+00	2.739489078521728516e+00
-1.669250011444091797e+00	8.475368499755859375e+00
8.004125595092773438e+00	5.122059345245361328e+00
2.856370449066162109e+00	4.120972156524658203e+00
4.636291503906250000e+00	4.092920780181884766e+00
5.874809741973876953e+00	5.047420501708984375e+00
1.517206281423568726e-01	4.754241466522216797e+00
1.153545665740966797e+01	1.046444416046142578e+00
1.330441856384277344e+01	3.648149669170379639e-01
-1.075324892997741699e+00	4.483546733856201172e+00
7.464545249938964844e+00	2.747506141662597656e+00
5.099530220031738281e+00	4.316002845764160156e+00
8.140757560729980469e+00	6.208912372589111328e+00
6.238301277160644531e+00	4.636644840240478516e+00
3.121301651000976562e+00	5.995803833007812500e+00
1.071315407752990723e+00	7.919886589050292969e+00
1.075236320495605469e+01	5.205836296081542969e-01
1.719309836626052856e-01	5.092163562774658203e+00
-1.735828518867492676e+00	5.541184902191162109e+00
7.351237773895263672e+00	2.442804098129272461e+00
1.838470816612243652e+00	9.332809448242187500e+00
-2.509828567504882812e+00	7.081811428070068359e+00
4.452657699584960938e+00	2.301573753356933594e+00
6.899056434631347656e+00	2.801975727081298828e+00
1.240184497833251953e+01	1.117306709289550781e+00
8.657251358032226562e+00	1.145339012145996094e+00
1.228848361968994141e+01	6.336641907691955566e-01
3.247485756874084473e-01	3.668896436691284180e+00
9.562878608703613281e+00	9.151074886322021484e-01
6.162133216857910156e-01	7.124492168426513672e+00
1.116529226303100586e+00	6.276496410369873047e+00
3.913414001464843750e+00	4.300441741943359375e+00
1.133234119415283203e+01	4.607892513275146484e+00
4.044554710388183594e+00	4.399609088897705078e+00
6.795412540435791016e+00	4.264032363891601562e+00
6.995963573455810547e+00	2.616448402404785156e+00
7.515737056732177734e+00	2.335368871688842773e+00
1.031735324859619141e+01	3.875661849975585938e+00
-3.887981772422790527e-01	5.522317409515380859e+00
-2.064549207687377930e+00	7.787467956542968750e+00
3.708124637603759766e+00	6.061585426330566406e+00
6.410991668701171875e+00	1.684993147850036621e+00
4.697551727294921875e+00	5.398933887481689453e+00
-9.075344800949096680e-01	8.174489974975585938e+00
2.512605905532836914e+00	5.968357086181640625e+00
8.499127388000488281e+00	3.777777433395385742e+00
1.216137313842773438e+01	2.748294830322265625e+00
8.012431263923645020e-01	5.034833908081054688e+00
8.534596443176269531e+00	9.166916608810424805e-01
8.188346862792968750e+00	6.871891617774963379e-01
2.104725122451782227e+00	5.211040973663330078e+00
1.019315814971923828e+01	3.395047187805175781e+00
-1.686319708824157715e+00	5.434793949127197266e+00
1.161575698852539062e+01	1.350306272506713867e+00
1.390498542785644531e+01	2.018610000610351562e+00
6.494099617004394531e+00	7.491527080535888672e+00
9.122438430786132812e+00	3.985120296478271484e+00
1.336174011230468750e+01	1.344013214111328125e+00
-5.530799627304077148e-01	6.578745365142822266e+00
7.422666549682617188e+00	6.210328102111816406e+00
-1.249419212341308594e+00	8.849123954772949219e+00
9.902862548828125000e+00	2.878164768218994141e+00
9.006934165954589844e+00	1.507629156112670898e+00
4.714998722076416016e+00	5.420781612396240234e+00
1.047931575775146484e+01	1.921716213226318359e+00
3.558207273483276367e+00	6.385188102722167969e+00
2.123227357864379883e+00	6.753522872924804688e+00
2.669366598129272461e+00	7.586235046386718750e+00
1.008124923706054688e+01	3.592983007431030273e+00
2.599382400512695312e+00	4.251230239868164062e+00
1.225213336944580078e+01	1.221927165985107422e+00
1.363800430297851562e+01	1.633582115173339844e+00
1.113728141784667969e+01	6.961739659309387207e-01
2.863591432571411133e+00	6.520039558410644531e+00
1.264360427856445312e+01	1.742791235446929932e-01
4.783536434173583984e+00	8.220442771911621094e+00
-2.738925457000732422e+00	6.052664756774902344e+00
1.024505901336669922e+01	2.690066099166870117e+00
2.947983741760253906e+00	4.828585147857666016e+00
3.405952453613281250e+00	5.044960021972656250e+00
4.502688884735107422e+00	3.799922704696655273e+00
-1.232319831848144531e+00	8.642354011535644531e+00
6.172066688537597656e+00	1.681521296501159668e+00
6.825448036193847656e+00	2.868890285491943359e+00
-1.076287850737571716e-01	5.535147666931152344e+00
5.622719764709472656e+00	6.428333282470703125e+00
1.679282069206237793e+00	6.332911491394042969e+00
6.752734184265136719e+00	3.731452703475952148e+00
4.441906929016113281e+00	5.451144218444824219e+00
1.099926471710205078e+01	3.090238809585571289e+00
9.657731056213378906e+00	2.895107507705688477e+00
9.887137413024902344e+00	1.150985479354858398e+00
8.194994926452636719e+00	3.651711940765380859e+00
3.118495464324951172e+00	5.020586490631103516e+00
6.342442989349365234e+00	2.239843368530273438e+00
4.465178966522216797e+00	4.500418663024902344e+00
3.094835996627807617e+00	5.269061565399169922e+00
9.456528663635253906e+00	2.099942684173583984e+00
9.377873420715332031e+00	1.212482094764709473e+00
9.419267654418945312e+00	3.030952453613281250e+00
5.992840290069580078e+00	4.666841983795166016e+00
9.495723724365234375e+00	2.044641733169555664e+00
8.504044532775878906e+00	4.937469065189361572e-01
3.392742395401000977e+00	6.191597938537597656e+00
-1.490866899490356445e+00	6.540630817413330078e+00
7.444631099700927734e+00	2.752825736999511719e+00
2.539778947830200195e+00	8.770369529724121094e+00
3.593166112899780273e+00	3.980119466781616211e+00
1.113001441955566406e+01	4.286544799804687500e+00
-2.475155830383300781e+00	8.178974151611328125e+00
1.077854537963867188e+01	1.140773296356201172e+00
1.106694412231445312e+01	2.434147834777832031e+00
9.596616744995117188e+00	1.038320779800415039e+00
7.454487323760986328e+00	3.464756965637207031e+00
4.596465587615966797e+00	4.356028556823730469e+00
9.421636581420898438e+00	3.611358642578125000e+00
7.262496948242187500e+00	2.686805963516235352e+00
7.015272617340087891e+00	2.623009204864501953e+00
7.384694576263427734e+00	3.497548580169677734e+00
7.279105186462402344e+00	4.808647632598876953e+00
4.336869239807128906e+00	3.022416830062866211e+00
1.024024581909179688e+01	6.291701197624206543e-01
-4.076247215270996094e+00	6.577259540557861328e+00
4.248254299163818359e+00	4.118305206298828125e+00
4.221063613891601562e+00	5.000093936920166016e+00
5.641066551208496094e+00	4.722929000854492188e+00
3.381055355072021484e+00	4.258486747741699219e+00
1.074185276031494141e+01	4.757145404815673828e+00
1.282063484191894531e+01	5.532853603363037109e-01
9.532250404357910156e+00	1.046834349632263184e+00
5.864548683166503906e+00	2.079221248626708984e+00
1.225927066802978516e+01	1.888034939765930176e+00
5.537780284881591797e+00	6.720291137695312500e+00
6.574807643890380859e+00	2.862891197204589844e+00
9.529047966003417969e+00	3.666299343109130859e+00
4.376979827880859375e+00	2.129477977752685547e+00
1.078107452392578125e+01	4.088139057159423828e+00
9.058176994323730469e+00	1.153353929519653320e+00
1.059892463684082031e+01	2.929532051086425781e+00
1.565117239952087402e+00	9.484333992004394531e+00
1.717397212982177734e+00	6.080736160278320312e+00
7.805453777313232422e+00	2.721556901931762695e+00
-2.619473457336425781e+00	6.094726085662841797e+00
8.234109878540039062e+00	2.763733148574829102e+00
-2.397878170013427734e+00	5.796108245849609375e+00
5.746482849121093750e+00	5.907767772674560547e+00
7.797419071197509766e+00	3.072098255157470703e+00
6.624792098999023438e+00	3.048900365829467773e+00
-1.647937059402465820e+00	7.295188903808593750e+00
2.585880279541015625e+00	4.902633190155029297e+00
4.622811794281005859e+00	5.740131378173828125e+00
6.513167381286621094e+00	5.052568912506103516e+00
5.370509147644042969e+00	4.944401264190673828e+00
3.082962751388549805e+00	5.362882614135742188e+00
5.997087001800537109e+00	2.189094305038452148e+00
9.392565727233886719e+00	2.839673757553100586e+00
6.798848152160644531e+00	2.935844421386718750e+00
5.169941902160644531e+00	3.220237016677856445e+00
1.013648319244384766e+01	4.593534946441650391e+00
3.415636539459228516e+00	4.686005115509033203e+00
1.070039081573486328e+01	4.229608058929443359e+00
1.078809547424316406e+01	2.112276554107666016e+00
-2.223828732967376709e-01	6.607882022857666016e+00
8.896533966064453125e+00	1.686063408851623535e+00
2.898324251174926758e+00	8.344466209411621094e+00
2.872296810150146484e+00	6.799600601196289062e+00
4.456958293914794922e+00	2.962422370910644531e+00
1.213415718078613281e+01	2.180497169494628906e+00
1.976230502128601074e+00	3.272512197494506836e+00
1.165590953826904297e+01	6.348950862884521484e-01
8.763661384582519531e+00	4.638305664062500000e+00
7.226288795471191406e+00	4.579641819000244141e+00
9.516119003295898438e+00	5.447601318359375000e+00
1.222447490692138672e+01	1.114708423614501953e+00
8.835974693298339844e+00	5.430585861206054688e+00
3.565573215484619141e+00	6.209794521331787109e+00
3.247177124023437500e+00	6.077586174011230469e+00
1.174540901184082031e+01	9.346371293067932129e-01
2.152331352233886719e+00	3.474572658538818359e+00
6.002824306488037109e+00	6.019968509674072266e+00
-2.764196395874023438e+00	6.138791561126708984e+00
2.717720270156860352e+00	4.318695068359375000e+00
-8.242909908294677734e-01	9.353600502014160156e+00
5.856519222259521484e+00	6.640424728393554688e+00
-1.394188404083251953e+00	7.452205657958984375e+00
8.930177688598632812e+00	3.576308965682983398e+00
-3.031695604324340820e+00	7.155174732208251953e+00
-3.379927158355712891e+00	6.500161170959472656e+00
1.068466854095458984e+01	2.655956983566284180e+00
4.968261241912841797e+00	2.277347803115844727e+00
7.840111255645751953e+00	3.860590696334838867e+00
1.095888042449951172e+01	2.328819751739501953e+00
9.131677627563476562e+00	2.888689756393432617e+00
8.493666648864746094e+00	3.965626716613769531e+00
4.955820083618164062e+00	2.251341104507446289e+00
7.093628406524658203e+00	3.582323789596557617e+00
3.130378246307373047e+00	4.440973281860351562e+00
8.591541290283203125e+00	4.635976791381835938e+00
6.541557312011718750e+00	2.911366939544677734e+00
8.269061088562011719e+00	1.010225176811218262e+00
9.423480987548828125e+00	5.917615413665771484e+00
1.062807559967041016e+00	6.544747352600097656e+00
-2.290071964263916016e+00	8.696433067321777344e+00
5.185101985931396484e+00	5.796542167663574219e+00
5.258461952209472656e+00	2.289272785186767578e+00
-4.604844093322753906e+00	7.319232940673828125e+00
7.011444091796875000e+00	2.875001430511474609e+00
4.611319065093994141e+00	4.449670791625976562e+00
1.262895202636718750e+01	1.527216076850891113e+00
8.685880661010742188e+00	4.052863597869873047e+00
8.210244178771972656e+00	1.704191565513610840e+00
3.810092210769653320e+00	3.306567430496215820e+00
1.152608156204223633e+00	9.499984741210937500e+00
8.546204566955566406e+00	3.520158767700195312e+00
2.543714284896850586e+00	6.063788890838623047e+00
-1.099573373794555664e+00	8.745605468750000000e+00
6.641549110412597656e+00	6.541798114776611328e-01
6.504832267761230469e+00	3.151188373565673828e+00
7.999196052551269531e+00	4.985636472702026367e-01
-3.526308238506317139e-01	8.768964767456054688e+00
-1.149187922477722168e+00	7.915081977844238281e+00
-1.620940923690795898e+00	5.577567577362060547e+00
6.614575386047363281e+00	1.282877087593078613e+00
-1.505041241645812988e+00	6.593833923339843750e+00
3.960282564163208008e+00	4.060347080230712891e+00
5.532853126525878906e+00	4.388886451721191406e+00
1.223776054382324219e+01	3.806199550628662109e+00
1.295068168640136719e+01	1.701799780130386353e-01
6.971955299377441406e+00	3.556776523590087891e+00
9.017603874206542969e+00	4.568404555320739746e-01
1.100882434844970703e+01	3.485813617706298828e+00
2.829721689224243164e+00	4.109942913055419922e+00
-2.128649473190307617e+00	6.581752777099609375e+00
1.380250740051269531e+01	1.677974104881286621e+00
9.821822166442871094e+00	2.635665416717529297e+00
9.667957305908203125e+00	2.428551197052001953e+00
2.716565132141113281e+00	5.544136047363281250e+00
-2.343090534210205078e+00	5.680782318115234375e+00
8.590904235839843750e+00	3.085491895675659180e+00
-6.841406226158142090e-01	6.828525543212890625e+00
-1.823118805885314941e+00	5.640616416931152344e+00
-8.471093773841857910e-01	8.422356605529785156e+00
3.864724874496459961e+00	2.788032054901123047e+00
-4.526408195495605469e+00	7.270833015441894531e+00
1.024050045013427734e+01	1.192983627319335938e+00
8.770931243896484375e+00	4.035763740539550781e+00
3.731021165847778320e+00	5.346304416656494141e+00
4.230987071990966797e+00	5.838354587554931641e+00
9.881175041198730469e+00	2.967380523681640625e+00
9.618638038635253906e+00	4.265748500823974609e+00
8.135053634643554688e+00	1.627852082252502441e+00
1.107674217224121094e+01	1.230358362197875977e+00
1.066159820556640625e+01	3.486547231674194336e+00
1.060553455352783203e+01	4.491035938262939453e+00
-1.050325155258178711e+00	8.044672966003417969e+00
6.081433773040771484e+00	7.003626823425292969e+00
7.713513374328613281e+00	3.608703374862670898e+00
5.835792541503906250e+00	6.844416618347167969e+00
-1.625327706336975098e+00	6.954797267913818359e+00
3.239840984344482422e+00	8.652290344238281250e+00
3.214655160903930664e+00	4.756257057189941406e+00
1.412128925323486328e+01	1.778406381607055664e+00
4.512397289276123047e+00	4.357127189636230469e+00
1.066853618621826172e+01	5.608829855918884277e-01
3.450572967529296875e+00	4.970686435699462891e+00
5.102880477905273438e+00	4.883466720581054688e+00
4.236526787281036377e-01	8.049078941345214844e+00
8.905062675476074219e+00	3.553389072418212891e+00
8.846529006958007812e+00	4.491006433963775635e-01
1.241937541961669922e+01	2.353106260299682617e+00
9.492312431335449219e+00	5.554760694503784180e-01
8.642762184143066406e+00	3.759545087814331055e+00
4.120620727539062500e+00	2.288074016571044922e+00
-3.465369224548339844e+00	6.885633945465087891e+00
1.174996662139892578e+01	2.039647102355957031e+00
9.273031234741210938e+00	6.030757904052734375e+00
3.391637086868286133e+00	8.040891647338867188e+00
3.961564064025878906e+00	5.557686805725097656e+00
2.080873250961303711e+00	7.625969886779785156e+00
9.208505630493164062e+00	5.532936573028564453e+00
5.775281429290771484e+00	5.198416709899902344e+00
-1.572067975997924805e+00	5.532397747039794922e+00
5.224524497985839844e+00	3.930914163589477539e+00
8.805089950561523438e+00	3.491040945053100586e+00
5.414679273962974548e-02	9.268803596496582031e+00
5.319052696228027344e+00	5.755044460296630859e+00
4.892128944396972656e+00	8.023212432861328125e+00
1.192210674285888672e+01	8.685598373413085938e-01
3.397784233093261719e+00	3.624925613403320312e+00
8.929583549499511719e+00	2.360885143280029297e+00
5.252782344818115234e+00	5.019518852233886719e+00
1.090670299530029297e+01	1.896132111549377441e+00
8.754591941833496094e+00	1.835411429405212402e+00
-2.583954334259033203e+00	7.620257854461669922e+00
1.196802997589111328e+01	2.922804117202758789e+00
5.976399898529052734e+00	2.280447006225585938e+00
1.156308269500732422e+01	2.057996988296508789e+00
4.544800758361816406e+00	5.976460933685302734e+00
4.743193626403808594e+00	6.069429397583007812e+00
1.328630161285400391e+01	1.385823130607604980e+00
7.988182067871093750e+00	3.635179281234741211e+00
5.538650989532470703e+00	3.536691665649414062e+00
2.613008260726928711e+00	6.991848468780517578e+00
5.034619331359863281e+00	5.369071483612060547e+00
4.262052536010742188e+00	6.341054916381835938e+00
2.910656929016113281e+00	5.711053848266601562e+00
4.818845391273498535e-01	6.497255802154541016e+00
3.907994270324707031e+00	5.573044776916503906e+00
1.229199981689453125e+01	2.752207040786743164e+00
7.515724182128906250e+00	3.853564262390136719e+00
1.250523376464843750e+01	1.418695211410522461e+00
2.597917795181274414e+00	9.484629631042480469e+00
-1.618917822837829590e+00	5.954149246215820312e+00
7.999072074890136719e+00	2.965318918228149414e+00
2.013320446014404297e+00	6.034051895141601562e+00
9.854352951049804688e+00	2.826061725616455078e+00
4.253566265106201172e+00	5.911001205444335938e+00
7.650906085968017578e+00	4.203961372375488281e+00
2.390790462493896484e+00	6.511966228485107422e+00
2.842459917068481445e+00	4.911651611328125000e+00
6.628551006317138672e+00	4.404437065124511719e+00
-1.753460884094238281e+00	8.257833480834960938e+00
7.568052768707275391e+00	5.665068626403808594e+00
7.008749485015869141e+00	2.439164638519287109e+00
1.124145126342773438e+01	7.700224518775939941e-01
1.052344417572021484e+01	1.800431489944458008e+00
7.731215953826904297e+00	2.821811437606811523e+00
2.077319860458374023e+00	5.492187500000000000e+00
8.236492156982421875e+00	3.093363761901855469e+00
1.202999591827392578e+01	2.334753036499023438e+00
-2.598592996597290039e+00	8.045009613037109375e+00
4.571634292602539062e+00	2.091005325317382812e+00
1.009351634979248047e+01	1.926777005195617676e+00
9.026971817016601562e+00	7.904193997383117676e-01
1.049014663696289062e+01	3.451979160308837891e+00
9.141088485717773438e+00	1.939670324325561523e+00
6.852104187011718750e+00	2.323932886123657227e+00
1.239434432983398438e+01	1.265426397323608398e+00
9.774615287780761719e+00	1.580579400062561035e+00
-4.817459583282470703e+00	7.310464859008789062e+00
1.108175659179687500e+01	1.509869456291198730e+00
3.768020391464233398e+00	2.293832778930664062e+00
1.149300098419189453e+01	8.833169937133789062e-01
1.160843744874000549e-01	8.118876457214355469e+00
8.949857711791992188e+00	1.744684934616088867e+00
6.505277633666992188e+00	2.477278470993041992e+00
-8.834107518196105957e-01	9.203186988830566406e+00
7.403870105743408203e+00	3.200915098190307617e+00
3.929301023483276367e+00	6.982576847076416016e+00
-1.457845717668533325e-01	6.556712627410888672e+00
-3.801786422729492188e+00	7.041412353515625000e+00
3.989758014678955078e+00	7.103778839111328125e+00
1.030543899536132812e+01	9.365030527114868164e-01
8.686220169067382812e+00	1.605284690856933594e+00
5.712529182434082031e+00	4.090410709381103516e+00
5.906310081481933594e+00	4.518117010593414307e-01
6.545835971832275391e+00	4.028739452362060547e+00
1.588456511497497559e+00	6.029255390167236328e+00
4.985671520233154297e+00	5.832756042480468750e+00
1.279423904418945312e+01	2.615705966949462891e+00
6.147930622100830078e+00	5.753046989440917969e+00
2.363591909408569336e+00	3.481841802597045898e+00
1.302965164184570312e+01	5.854858756065368652e-01
1.058319377899169922e+01	-9.198912978172302246e-01
1.865865707397460938e+00	5.819637298583984375e+00
1.052905082702636719e+01	1.452737331390380859e+00
8.022323608398437500e+00	4.434055805206298828e+00
6.288767337799072266e+00	4.730263233184814453e+00
9.328523635864257812e+00	2.226097822189331055e+00
5.238889217376708984e+00	8.017867088317871094e+00
7.134367465972900391e+00	4.641942501068115234e+00
9.045178413391113281e+00	3.536514043807983398e+00
2.957468748092651367e+00	9.042792320251464844e+00
5.854696750640869141e+00	2.973809003829956055e+00
1.121294498443603516e+01	3.678493261337280273e+00
2.134199380874633789e+00	4.312309265136718750e+00
6.309823989868164062e+00	3.162572145462036133e+00
5.974846839904785156e+00	3.423948526382446289e+00
7.008852481842041016e+00	3.145246028900146484e+00
7.869132757186889648e-01	4.142422676086425781e+00
1.369549846649169922e+01	2.283112287521362305e+00
1.219526100158691406e+01	1.362121462821960449e+00
9.450342178344726562e+00	6.677861809730529785e-01
-2.518408775329589844e+00	5.827887058258056641e+00
2.755270004272460938e-01	7.913496494293212891e+00
8.013061523437500000e+00	3.064262866973876953e+00
1.187641811370849609e+01	9.935027360916137695e-01
3.588652849197387695e+00	6.516692638397216797e+00
1.035750484466552734e+01	-6.857382655143737793e-01
1.011588859558105469e+01	2.171910285949707031e+00
9.777588844299316406e+00	1.325252652168273926e+00
6.349028110504150391e+00	1.033120989799499512e+00
4.976037025451660156e+00	3.701828956604003906e+00
1.195704841613769531e+01	1.451915621757507324e+00
8.643752098083496094e+00	3.628881573677062988e-01
6.714953899383544922e+00	6.127330303192138672e+00
8.615832328796386719e+00	4.035184860229492188e+00
-1.786556243896484375e+00	7.157399177551269531e+00
8.348243713378906250e+00	2.393313407897949219e+00
2.959788799285888672e+00	4.184578418731689453e+00
3.843235015869140625e+00	6.023183345794677734e+00
9.770430564880371094e+00	1.455437421798706055e+00
-4.093168258666992188e+00	7.105181694030761719e+00
9.325520515441894531e+00	2.809873104095458984e+00
1.197043991088867188e+01	1.943739891052246094e+00
6.175489425659179688e-01	6.466063499450683594e+00
-3.163707733154296875e+00	6.963618278503417969e+00
1.047943782806396484e+01	3.131318092346191406e+00
6.279189586639404297e+00	3.396957874298095703e+00
5.468694686889648438e+00	1.262030005455017090e+00
9.712077140808105469e+00	2.962514877319335938e+00
3.949623823165893555e+00	4.112735271453857422e+00
7.287888526916503906e+00	3.998474359512329102e+00
1.161273002624511719e+01	9.856433868408203125e-01
1.207374858856201172e+01	3.480914354324340820e+00
8.923347592353820801e-01	7.446739673614501953e+00
-4.199430346488952637e-01	9.809199333190917969e+00
2.341540336608886719e+00	7.528159618377685547e+00
6.319685459136962891e+00	3.339587926864624023e+00
1.668052196502685547e+00	5.867405414581298828e+00
1.295044136047363281e+01	2.667848587036132812e+00
6.337996482849121094e+00	6.216946244239807129e-01
1.065500068664550781e+01	1.468451738357543945e+00
3.655048608779907227e+00	5.753574371337890625e+00
-6.161868572235107422e-01	6.109951972961425781e+00
4.451888561248779297e+00	4.899120807647705078e+00
6.023814678192138672e+00	9.203671216964721680e-01
1.757514476776123047e-01	6.727707386016845703e+00
7.918842315673828125e+00	5.388917446136474609e+00
9.965101242065429688e+00	2.443043231964111328e+00
-2.421804666519165039e+00	7.270430564880371094e+00
8.532614707946777344e+00	6.191478252410888672e+00
5.236320018768310547e+00	2.627088069915771484e+00
9.121114730834960938e+00	1.311013460159301758e+00
5.882585048675537109e+00	2.921245098114013672e+00
8.533397674560546875e+00	5.012799263000488281e+00
7.974806308746337891e+00	5.977995872497558594e+00
1.073352146148681641e+01	2.982844591140747070e+00
3.276643753051757812e+00	3.176610708236694336e+00
9.295232772827148438e+00	1.868033528327941895e+00
8.713098526000976562e+00	4.352466583251953125e+00
7.990626335144042969e+00	1.592257380485534668e+00
2.632552146911621094e+00	7.211903095245361328e+00
5.802245140075683594e+00	1.053856968879699707e+00
1.123320674896240234e+01	3.031678676605224609e+00
6.267111301422119141e+00	3.276184797286987305e+00
5.129037380218505859e+00	6.999512195587158203e+00
8.192197799682617188e+00	4.445579051971435547e+00
5.128304362297058105e-01	9.401671409606933594e+00
9.113252639770507812e+00	1.302969694137573242e+00
6.677303314208984375e+00	4.116738796234130859e+00
5.977712631225585938e+00	5.526406764984130859e+00
2.208844423294067383e+00	4.626321315765380859e+00
6.416833400726318359e+00	3.332635164260864258e+00
1.490421772003173828e+00	4.893085002899169922e+00
1.937515497207641602e+00	9.527510643005371094e+00
9.918800592422485352e-01	6.831282138824462891e+00
-2.170954465866088867e+00	5.507507801055908203e+00
7.627911567687988281e+00	1.114826321601867676e+00
9.155352592468261719e+00	2.617934465408325195e+00
3.136706829071044922e+00	6.241644382476806641e+00
5.531306266784667969e+00	4.285687923431396484e+00
4.807384967803955078e+00	6.146728038787841797e+00
1.110461044311523438e+01	3.793644428253173828e+00
1.010001087188720703e+01	3.158303499221801758e+00
5.691535472869873047e+00	6.652253150939941406e+00
1.078058719635009766e+01	2.817251920700073242e+00
-5.630110576748847961e-02	7.755732059478759766e+00
1.455611824989318848e+00	7.737358570098876953e+00
1.293165493011474609e+01	1.754290699958801270e+00
4.095635414123535156e+00	5.692518234252929688e+00
-9.586722254753112793e-01	7.033372879028320312e+00
2.478624820709228516e+00	6.660439491271972656e+00
8.024384498596191406e+00	3.427158355712890625e+00
5.291412353515625000e+00	7.822000026702880859e+00
-1.210512399673461914e+00	9.379700660705566406e+00
1.022463607788085938e+01	2.464400768280029297e+00
-2.815087795257568359e+00	6.605141162872314453e+00
-2.950143575668334961e+00	7.320612430572509766e+00
-4.274897277355194092e-01	9.597679138183593750e+00
4.675080299377441406e+00	6.494939327239990234e+00
2.554103851318359375e+00	8.614703178405761719e+00
5.391316890716552734e+00	7.961941242218017578e+00
8.854664802551269531e+00	1.138174653053283691e+00
2.248151779174804688e+00	6.220148563385009766e+00
6.452468872070312500e+00	4.605406761169433594e+00
-2.711279869079589844e+00	6.889560222625732422e+00
6.903042316436767578e+00	4.461978435516357422e+00
6.964224338531494141e+00	4.053702354431152344e-01
-2.486316919326782227e+00	8.675783157348632812e+00
1.715292222797870636e-02	6.020994186401367188e+00
1.289213562011718750e+01	2.370882272720336914e+00
1.094648551940917969e+01	3.955229997634887695e+00
1.175773382186889648e+00	7.829832077026367188e+00
-2.002172172069549561e-01	9.301033020019531250e+00
7.806699275970458984e+00	1.368535399436950684e+00
-1.616430163383483887e+00	8.399650573730468750e+00
8.360196113586425781e+00	2.488671779632568359e+00
4.629377841949462891e+00	6.066915512084960938e+00
3.272423744201660156e-01	8.260385513305664062e+00
3.808045148849487305e+00	4.901437282562255859e+00
4.255966186523437500e+00	5.336605548858642578e+00
3.277162075042724609e+00	6.193315029144287109e+00
1.121685600280761719e+01	4.665055751800537109e+00
5.189679622650146484e+00	2.445724487304687500e+00
5.260296344757080078e+00	4.323894500732421875e+00
1.756624937057495117e+00	7.558251857757568359e+00
-7.041737437248229980e-01	5.423771381378173828e+00
2.513134241104125977e+00	2.966289997100830078e+00
4.550968647003173828e+00	5.252545356750488281e+00
-2.335698604583740234e+00	7.690515518188476562e+00
8.676757812500000000e+00	7.041954994201660156e-01
1.139201450347900391e+01	8.123068809509277344e-01
2.468424081802368164e+00	2.966627359390258789e+00
4.593104362487792969e+00	2.143459320068359375e+00
6.246318817138671875e+00	6.271452903747558594e-01
1.058380603790283203e+01	3.319999217987060547e+00
2.230750799179077148e+00	9.354657173156738281e+00
2.516396522521972656e+00	7.475050926208496094e+00
3.048850595951080322e-01	4.694689273834228516e+00
3.860838413238525391e+00	3.583461284637451172e+00
4.249679744243621826e-01	6.627299785614013672e+00
9.651307106018066406e+00	1.374658942222595215e+00
-1.122998118400573730e+00	6.212218284606933594e+00
4.600900173187255859e+00	3.118605375289916992e+00
-9.380758404731750488e-01	8.000073432922363281e+00
7.146472454071044922e+00	3.959055185317993164e+00
7.287567138671875000e+00	5.053100585937500000e+00
3.825208425521850586e+00	8.745633125305175781e+00
2.945132255554199219e+00	4.764656543731689453e+00
1.059617519378662109e+00	3.841019153594970703e+00
3.749419689178466797e+00	4.451587677001953125e+00
4.011405944824218750e+00	5.080277442932128906e+00
1.889080762863159180e+00	4.173149108886718750e+00
7.729220390319824219e+00	2.391680479049682617e+00
2.838293552398681641e+00	6.144739627838134766e+00
-1.392718553543090820e+00	8.748079299926757812e+00
-1.393013119697570801e+00	5.238510131835937500e+00
6.774765491485595703e+00	4.332675457000732422e+00
6.746649742126464844e+00	8.483558893203735352e-01
-3.942128419876098633e+00	6.707893371582031250e+00
1.409770727157592773e+00	4.150743961334228516e+00
3.249500274658203125e+00	2.170488595962524414e+00
1.135823249816894531e+01	7.272447943687438965e-01
8.776008605957031250e+00	2.870888710021972656e+00
9.184189796447753906e+00	4.912826538085937500e+00
-4.227455705404281616e-02	5.148665428161621094e+00
9.924009323120117188e+00	3.634957551956176758e+00
1.152809238433837891e+01	2.480214834213256836e+00
4.684647083282470703e+00	1.868758320808410645e+00
6.686820983886718750e-01	4.904170513153076172e+00
-1.591912388801574707e+00	7.413443565368652344e+00
3.188341140747070312e+00	8.210825920104980469e+00
1.018426132202148438e+01	3.304782390594482422e+00
7.007992267608642578e+00	2.919532299041748047e+00
-2.763705015182495117e+00	7.213866710662841797e+00
3.348917484283447266e+00	4.267367362976074219e+00
9.065845489501953125e+00	1.848625779151916504e+00
4.212452888488769531e+00	4.808678150177001953e+00
3.822619676589965820e+00	6.178773403167724609e+00
6.004222393035888672e+00	4.514287948608398438e+00
5.850403308868408203e+00	3.397238969802856445e+00
9.206357002258300781e+00	2.391846418380737305e+00
1.363733410835266113e+00	7.773598194122314453e+00
9.228955268859863281e+00	4.167656898498535156e+00
-1.511560440063476562e+00	5.262009143829345703e+00
3.359036684036254883e+00	1.942668557167053223e+00
7.405377864837646484e+00	2.442818164825439453e+00
1.275091266632080078e+01	5.541393756866455078e-01
1.744299411773681641e+00	6.985282421112060547e+00
2.273960351943969727e+00	4.001621246337890625e+00
1.155177783966064453e+01	2.525159597396850586e+00
1.186413383483886719e+01	2.246104955673217773e+00
9.876105308532714844e+00	1.136533021926879883e+00
-1.819924831390380859e+00	8.988593101501464844e+00
-4.012156963348388672e+00	7.166048526763916016e+00
2.156499147415161133e+00	7.181354045867919922e+00
3.903402805328369141e+00	2.885723590850830078e+00
8.479370117187500000e+00	3.500527858734130859e+00
6.436883926391601562e+00	7.350286960601806641e+00
3.851780891418457031e+00	3.111842155456542969e+00
-9.585978388786315918e-01	7.349194049835205078e+00
1.419080638885498047e+01	2.004725933074951172e+00
-2.095211744308471680e+00	7.254274368286132812e+00
9.471019744873046875e+00	3.713569164276123047e+00
5.520277023315429688e+00	5.088039398193359375e+00
7.479242324829101562e+00	1.744292020797729492e+00
1.980492949485778809e+00	5.414588451385498047e+00
4.792072296142578125e+00	5.441273212432861328e+00
-3.035111665725708008e+00	5.801851749420166016e+00
5.760004043579101562e+00	7.053962707519531250e+00
-5.183547735214233398e-01	9.160329818725585938e+00
-1.603728652000427246e+00	7.918715000152587891e+00
-2.545313835144042969e+00	6.236813545227050781e+00
-4.160414218902587891e+00	6.838557243347167969e+00
2.597064495086669922e+00	5.185519695281982422e+00
3.133284330368041992e+00	3.271617412567138672e+00
2.477177858352661133e+00	4.702739238739013672e+00
-3.668093442916870117e+00	6.660496711730957031e+00
9.135179519653320312e+00	2.907954931259155273e+00
5.930432677268981934e-01	6.244741916656494141e+00
7.042383670806884766e+00	4.573248863220214844e+00
-1.977207899093627930e+00	7.699187278747558594e+00
7.411908626556396484e+00	2.428353786468505859e+00
-5.857897400856018066e-01	5.019018173217773438e+00
7.547129631042480469e+00	4.418271064758300781e+00
-1.768685817718505859e+00	8.743771553039550781e+00
7.043526768684387207e-01	3.547259807586669922e+00
1.167553901672363281e+01	2.249963521957397461e+00
4.059305191040039062e+00	8.062952041625976562e+00
1.239494228363037109e+01	2.044312238693237305e+00
8.607995986938476562e+00	2.813883066177368164e+00
3.494051456451416016e+00	5.447949886322021484e+00
1.726906061172485352e+00	9.021137237548828125e+00
-1.953202366828918457e+00	5.180384159088134766e+00
1.559616684913635254e+00	5.286777973175048828e+00
3.558512544259428978e-03	9.946938514709472656e+00
9.630605697631835938e+00	2.121583461761474609e+00
8.337639808654785156e+00	1.877240180969238281e+00
6.808699607849121094e+00	3.450881242752075195e+00
1.203744029998779297e+01	1.240954875946044922e+00
1.031557202339172363e+00	4.874127864837646484e+00
8.325510025024414062e+00	6.805297374725341797e+00
9.729103088378906250e+00	5.906214714050292969e+00
2.147515058517456055e+00	2.841482877731323242e+00
-7.585048079490661621e-01	5.452837467193603516e+00
-2.257331371307373047e+00	5.965646266937255859e+00
5.301457047462463379e-01	8.879985809326171875e+00
4.667382240295410156e+00	4.380446434020996094e+00
9.103615760803222656e+00	6.042657375335693359e+00
7.981284141540527344e+00	5.811519622802734375e+00
3.524853229522705078e+00	4.179038047790527344e+00
7.186101913452148438e+00	3.249418973922729492e+00
5.302354335784912109e+00	4.172880649566650391e+00
2.228625774383544922e+00	7.444969177246093750e+00
5.323979377746582031e+00	3.855646610260009766e+00
-2.357114791870117188e+00	8.491626739501953125e+00
9.676729202270507812e+00	3.701027154922485352e+00
5.273509025573730469e+00	4.867063045501708984e+00
9.639495849609375000e+00	2.871222734451293945e+00
1.372157764434814453e+01	1.116975784301757812e+00
6.555430412292480469e+00	4.013703823089599609e+00
-1.130226016044616699e+00	7.999853134155273438e+00
4.754387378692626953e+00	3.920587062835693359e+00
4.368996620178222656e-02	8.480395317077636719e+00
6.903846740722656250e+00	1.033742547035217285e+00
8.509059906005859375e+00	1.129122376441955566e+00
5.086410522460937500e+00	1.217226743698120117e+00
9.867890357971191406e+00	4.078193187713623047e+00
1.276728820800781250e+01	2.124858617782592773e+00
5.941779136657714844e+00	2.685568809509277344e+00
6.984887123107910156e+00	7.165006160736083984e+00
7.017935752868652344e+00	4.417077541351318359e+00
7.099597930908203125e+00	5.943249225616455078e+00
5.740357398986816406e+00	4.184471130371093750e+00
8.973502159118652344e+00	6.705834865570068359e+00
8.828434944152832031e+00	4.340220928192138672e+00
5.969238281250000000e+00	3.548737764358520508e+00
1.535240173339843750e+00	5.452208042144775391e+00
-3.029150009155273438e+00	7.462575435638427734e+00
2.063132762908935547e+00	4.555871963500976562e+00
5.838277339935302734e+00	3.642443895339965820e+00
7.230371952056884766e+00	1.463997125625610352e+00
1.001066017150878906e+01	5.224109888076782227e-01
5.739147186279296875e+00	2.403739929199218750e+00
6.235035896301269531e+00	2.043549776077270508e+00
1.024965858459472656e+01	4.672841072082519531e+00
1.165234470367431641e+01	4.117232322692871094e+00
1.020510482788085938e+01	3.504349708557128906e+00
4.403610229492187500e+00	8.119324684143066406e+00
5.598460197448730469e+00	7.842131614685058594e+00
5.431323051452636719e+00	4.457417488098144531e+00
2.992870807647705078e-01	4.039072990417480469e+00
8.285609483718872070e-01	5.232362270355224609e+00
2.798275947570800781e+00	5.204709529876708984e+00
4.607948780059814453e+00	6.349948883056640625e+00
-6.927654743194580078e-01	5.701760292053222656e+00
1.106106472015380859e+01	2.232064008712768555e+00
2.170071363449096680e+00	6.413585662841796875e+00
6.608594894409179688e+00	4.879952430725097656e+00
-1.217295408248901367e+00	6.214059829711914062e+00
-1.615621894598007202e-01	9.134330749511718750e+00
1.159944629669189453e+01	4.223359107971191406e+00
5.934810638427734375e+00	3.519874095916748047e+00
5.046338558197021484e+00	5.077045440673828125e+00
4.974255561828613281e+00	4.335587978363037109e+00
6.884476184844970703e+00	5.452748298645019531e+00
4.829535961151123047e+00	2.730046749114990234e+00
1.129788017272949219e+01	4.411591053009033203e+00
6.104671001434326172e+00	2.128376245498657227e+00
4.698902130126953125e+00	5.907196044921875000e+00
1.427151918411254883e+00	6.368249416351318359e+00
1.649062633514404297e+00	7.025706768035888672e+00
9.366872787475585938e+00	4.342094898223876953e+00
-2.688586711883544922e+00	7.950545310974121094e+00
-1.093604087829589844e+00	4.674301147460937500e+00
-2.293951272964477539e+00	7.857015132904052734e+00
1.211457633972167969e+01	3.215735197067260742e+00
-6.116994023323059082e-01	9.040778160095214844e+00
9.579302787780761719e+00	3.895958662033081055e+00
9.056505203247070312e+00	2.146129608154296875e+00
-6.989877820014953613e-01	5.471755504608154297e+00
-2.537829875946044922e+00	7.216369628906250000e+00
3.482489824295043945e+00	4.132821083068847656e+00
4.837956428527832031e+00	5.731318950653076172e+00
7.029136657714843750e+00	6.664443969726562500e+00
9.270132064819335938e+00	3.270140171051025391e+00
-2.301181554794311523e+00	7.007685184478759766e+00
3.830442190170288086e+00	2.061882734298706055e+00
9.856160730123519897e-02	3.805949926376342773e+00
7.912256240844726562e+00	4.594299316406250000e+00
1.181093788146972656e+01	2.066156148910522461e+00
-1.507155418395996094e+00	8.132931709289550781e+00
-2.412898302078247070e+00	7.116515159606933594e+00
3.719625234603881836e+00	3.290429830551147461e+00
5.643841743469238281e+00	4.323133468627929688e+00
5.881118774414062500e+00	4.430124282836914062e+00
3.060159981250762939e-01	4.642006874084472656e+00
1.058078098297119141e+01	2.579447746276855469e+00
-3.049788951873779297e+00	7.231054782867431641e+00
1.530752778053283691e+00	7.098234653472900391e+00
2.470485925674438477e+00	4.140392780303955078e+00
2.184194326400756836e+00	3.931890726089477539e+00
9.006022453308105469e+00	1.383043527603149414e+00
1.913593292236328125e+00	6.107300281524658203e+00
7.018493175506591797e+00	1.838561415672302246e+00
-6.418243646621704102e-01	5.910103797912597656e+00
5.705121517181396484e+00	3.530489206314086914e+00
1.123789596557617188e+01	2.785105228424072266e+00
2.008012533187866211e+00	5.233790874481201172e+00
5.323370933532714844e+00	5.867153167724609375e+00
4.826872825622558594e+00	4.985256195068359375e+00
5.466680526733398438e+00	5.368892192840576172e+00
1.571745425462722778e-01	8.402489662170410156e+00
1.782325387001037598e+00	6.277124881744384766e+00
6.333764076232910156e+00	7.856600284576416016e+00
1.703720092773437500e+00	7.654932022094726562e+00
-9.434728026390075684e-01	6.068630218505859375e+00
6.086880207061767578e+00	2.497578620910644531e+00
7.204549789428710938e+00	1.176591396331787109e+00
-3.810053169727325439e-01	8.942383766174316406e+00
8.151915550231933594e+00	1.386726975440979004e+00
9.868078231811523438e+00	4.710618019104003906e+00
3.441340208053588867e+00	5.553272724151611328e+00
1.079942035675048828e+01	1.922524333000183105e+00
1.068947434425354004e+00	6.674388408660888672e+00
8.274871826171875000e+00	3.457455158233642578e+00
1.964194893836975098e+00	6.250687599182128906e+00
-4.569412171840667725e-01	8.909440994262695312e+00
1.174849987030029297e+00	8.499805450439453125e+00
9.252967834472656250e+00	5.691746711730957031e+00
9.178864479064941406e+00	2.792832374572753906e+00
-8.911709487438201904e-02	7.058289527893066406e+00
5.210636615753173828e+00	2.719888448715209961e+00
1.130488872528076172e+01	2.747816562652587891e+00
-9.721958637237548828e-02	6.395610809326171875e+00
5.972668170928955078e+00	2.471605777740478516e+00
4.852633774280548096e-01	9.844774246215820312e+00
5.019312381744384766e+00	2.897863864898681641e+00
1.496397495269775391e+00	6.171990871429443359e+00
-4.486128807067871094e+00	7.458784103393554688e+00
4.118772983551025391e+00	5.219980239868164062e+00
-1.249519705772399902e+00	7.569983005523681641e+00
9.015899658203125000e+00	1.959631919860839844e+00
1.350731849670410156e+01	2.899420022964477539e+00
1.549904942512512207e+00	4.647652626037597656e+00
3.293766736984252930e+00	4.129598140716552734e+00
1.457808852195739746e+00	7.475194931030273438e+00
5.650045871734619141e+00	3.077506542205810547e+00
1.086544632911682129e+00	4.000434398651123047e+00
4.113903045654296875e+00	4.520287990570068359e+00
8.662633299827575684e-01	9.916236877441406250e+00
4.862469673156738281e+00	4.757650852203369141e+00
4.428481101989746094e+00	2.326462268829345703e+00
8.403206825256347656e+00	5.919322490692138672e+00
9.435439109802246094e+00	3.176151037216186523e+00
-1.855985820293426514e-01	9.993009567260742188e+00
4.829354763031005859e+00	8.165495872497558594e+00
3.348248004913330078e+00	5.761541366577148438e+00
-4.649885654449462891e+00	7.450170993804931641e+00
9.922104835510253906e+00	2.377839565277099609e+00
9.682438850402832031e+00	3.398443460464477539e+00
4.183887958526611328e+00	4.754985809326171875e+00
8.471723556518554688e+00	4.073206424713134766e+00
2.699395895004272461e+00	4.956580638885498047e+00
1.121108150482177734e+01	1.955227971076965332e+00
3.237880706787109375e+00	5.116898059844970703e+00
7.552056312561035156e+00	2.309093236923217773e+00
7.739139080047607422e+00	2.100843667984008789e+00
2.642091035842895508e+00	3.679926872253417969e+00
-1.603990942239761353e-01	8.661567687988281250e+00
3.496901750564575195e+00	6.115295410156250000e+00
-1.456254601478576660e+00	7.674459934234619141e+00
6.822423458099365234e+00	2.755227088928222656e+00
8.601156234741210938e+00	2.332829952239990234e+00
1.164354419708251953e+01	4.549164295196533203e+00
1.175527477264404297e+01	4.316346645355224609e+00
5.151319503784179688e+00	4.087411403656005859e+00
1.226408195495605469e+01	1.511539459228515625e+00
1.393937349319458008e+00	4.071577072143554688e+00
5.128041744232177734e+00	3.466144323348999023e+00
-1.805909156799316406e+00	7.877964019775390625e+00
1.063812923431396484e+01	1.557390451431274414e+00
7.369131565093994141e+00	2.223232984542846680e+00
6.560986042022705078e+00	2.766204595565795898e+00
-2.123860836029052734e+00	7.933942317962646484e+00
3.246827125549316406e+00	8.508715629577636719e+00
-1.979294300079345703e+00	7.441680431365966797e+00
-1.382242083549499512e+00	7.256276607513427734e+00
3.262351751327514648e+00	2.239094972610473633e+00
1.272315025329589844e+01	2.194344043731689453e+00
3.591385126113891602e+00	4.517694473266601562e+00
2.227027654647827148e+00	4.077341079711914062e+00
1.290429592132568359e+01	-4.278990998864173889e-02
6.094137191772460938e+00	1.354100584983825684e+00
3.107136726379394531e+00	4.908612728118896484e+00
2.640947580337524414e+00	4.973082065582275391e+00
1.213153934478759766e+01	1.696004390716552734e+00
7.985444068908691406e+00	3.115499019622802734e+00
-2.427559614181518555e+00	8.074318885803222656e+00
7.860311508178710938e+00	6.321273803710937500e+00
1.244933247566223145e+00	9.706563949584960938e+00
2.424469292163848877e-01	8.514006614685058594e+00
-1.391613602638244629e+00	5.421906948089599609e+00
6.961072921752929688e+00	4.153597831726074219e+00
-2.523713827133178711e+00	6.533629894256591797e+00
6.103608608245849609e-01	5.021408557891845703e+00
2.321561098098754883e+00	5.039799690246582031e+00
-1.349061131477355957e+00	5.910624504089355469e+00
-7.029369473457336426e-01	7.912240028381347656e+00
5.693318367004394531e+00	6.169652462005615234e+00
5.897969722747802734e+00	7.793571472167968750e+00
3.535917043685913086e+00	3.190037488937377930e+00
9.149959564208984375e+00	1.477055191993713379e+00
6.639463424682617188e+00	1.408381819725036621e+00
1.226762008666992188e+01	3.986531734466552734e+00
7.628696918487548828e+00	2.195848226547241211e+00
2.370796680450439453e+00	6.937846183776855469e+00
1.057607936859130859e+01	2.943822383880615234e+00
6.910390853881835938e+00	7.072222709655761719e+00
6.180164217948913574e-01	7.223205089569091797e+00
7.252934455871582031e+00	7.490799903869628906e+00
9.320364952087402344e+00	7.021709680557250977e-01
9.233325004577636719e+00	3.694017171859741211e+00
1.008296394348144531e+01	3.224278926849365234e+00
-6.423060297966003418e-01	8.683029174804687500e+00
-2.904383420944213867e+00	6.046700954437255859e+00
9.041548728942871094e+00	4.027658939361572266e+00
7.914106369018554688e+00	3.848267793655395508e+00
1.184494495391845703e+01	-5.882855653762817383e-01
2.060848474502563477e+00	3.383329629898071289e+00
6.312682628631591797e+00	1.493588566780090332e+00
8.370312690734863281e+00	4.451505661010742188e+00
1.122429943084716797e+01	1.212946653366088867e+00
-2.354204893112182617e+00	7.388750553131103516e+00
2.805904865264892578e+00	5.795979022979736328e+00
9.923849105834960938e+00	1.502680778503417969e+00
9.215808868408203125e+00	3.854125976562500000e+00
1.008801364898681641e+01	3.546211481094360352e+00
1.186276149749755859e+01	2.001229047775268555e+00
-3.724120616912841797e+00	7.472456932067871094e+00
1.067222881317138672e+01	8.011830449104309082e-01
-9.517410397529602051e-02	5.114475727081298828e+00
4.551253318786621094e+00	5.247604370117187500e+00
-3.073147058486938477e+00	6.138440132141113281e+00
8.771905899047851562e+00	4.771149635314941406e+00
6.881024837493896484e-01	6.318030357360839844e+00
7.141485214233398438e+00	3.745054483413696289e+00
2.550365924835205078e+00	9.380922317504882812e+00
5.620629787445068359e+00	3.771442174911499023e+00
7.753122329711914062e+00	6.480720520019531250e+00
1.202348423004150391e+01	1.996503829956054688e+00
-9.282788038253784180e-01	5.654026031494140625e+00
4.232439994812011719e+00	2.273206949234008789e+00
-9.661502838134765625e-01	4.905865192413330078e+00
3.667713642120361328e+00	2.590725898742675781e+00
4.746875286102294922e+00	2.691622018814086914e+00
3.687114953994750977e+00	5.831878185272216797e+00
4.493028163909912109e+00	5.756668567657470703e+00
5.017777919769287109e+00	2.095667600631713867e+00
-2.491705894470214844e+00	7.339703083038330078e+00
-2.031575441360473633e-01	4.909252643585205078e+00
7.869747638702392578e+00	1.361297726631164551e+00
-1.466166615486145020e+00	7.647430419921875000e+00
4.711788177490234375e+00	5.372373104095458984e+00
1.831111907958984375e+00	4.222197532653808594e+00
-7.142261862754821777e-01	7.894694328308105469e+00
8.608383178710937500e+00	5.971458911895751953e+00
-1.018567085266113281e+00	7.502863883972167969e+00
6.569008350372314453e+00	4.350007057189941406e+00
2.563025712966918945e+00	4.590496063232421875e+00
7.392603874206542969e+00	4.972701072692871094e+00
7.462275028228759766e+00	1.496693849563598633e+00
7.287438392639160156e+00	4.404172897338867188e+00
6.097086429595947266e+00	2.772038936614990234e+00
-1.864720821380615234e+00	8.391556739807128906e+00
-2.561848424375057220e-02	1.012922191619873047e+01
8.386914253234863281e+00	5.765303611755371094e+00
9.529225349426269531e+00	5.730856895446777344e+00
8.530129432678222656e+00	6.302391052246093750e+00
6.999773979187011719e-01	9.932826995849609375e+00
1.095868492126464844e+01	3.555468797683715820e+00
1.067802715301513672e+01	3.998955488204956055e+00
9.417398452758789062e+00	1.982683897018432617e+00
-8.083163499832153320e-01	6.593626499176025391e+00
5.666006088256835938e+00	3.364571094512939453e+00
2.006680488586425781e+00	3.433510541915893555e+00
6.953972816467285156e+00	3.580289840698242188e+00
9.130959510803222656e+00	5.869013786315917969e+00
4.587153434753417969e+00	2.289224863052368164e+00
-1.018314480781555176e+00	8.223491668701171875e+00
-3.139176368713378906e+00	7.982509136199951172e+00
3.873443841934204102e+00	4.896820545196533203e+00
2.314152956008911133e+00	4.662151813507080078e+00
-4.312313079833984375e+00	7.343112468719482422e+00
6.035243511199951172e+00	3.937768220901489258e+00
8.426036834716796875e+00	2.645908832550048828e+00
5.355336666107177734e+00	6.120066642761230469e+00
9.519495010375976562e+00	5.280314445495605469e+00
7.008860111236572266e+00	4.437211513519287109e+00
7.080767154693603516e+00	4.533849239349365234e+00
1.356731319427490234e+01	1.256949782371520996e+00
1.832773208618164062e+00	5.793577194213867188e+00
1.119926071166992188e+01	-6.202530860900878906e-01
-8.526164293289184570e-02	5.805572032928466797e+00
8.033390998840332031e+00	4.395989894866943359e+00
7.961888790130615234e+00	2.647492408752441406e+00
1.109637451171875000e+01	6.103154420852661133e-01
1.131869983673095703e+01	4.316764175891876221e-01
1.224312591552734375e+01	1.397746324539184570e+00
2.225394487380981445e+00	6.700685024261474609e+00
4.534749507904052734e+00	5.929483413696289062e+00
4.903192520141601562e+00	3.125542163848876953e+00
1.022560977935791016e+01	2.794070482254028320e+00
9.135928153991699219e+00	5.044052124023437500e+00
2.045874595642089844e+00	4.207242012023925781e+00
-4.446894168853759766e+00	7.434351444244384766e+00
5.151022911071777344e+00	7.653765678405761719e+00
4.514449596405029297e+00	5.217789173126220703e+00
2.075327634811401367e+00	3.968653678894042969e+00
8.352858543395996094e+00	1.160261511802673340e+00
-3.053802728652954102e+00	6.961189270019531250e+00
1.130931091308593750e+01	1.175460100173950195e+00
7.526397705078125000e+00	2.376625061035156250e+00
3.403350353240966797e+00	5.935008049011230469e+00
-2.648495435714721680e+00	7.438780784606933594e+00
6.613359451293945312e+00	1.966718435287475586e+00
7.863001346588134766e+00	9.861268997192382812e-01
1.939069151878356934e+00	7.039283275604248047e+00
7.206481933593750000e+00	3.641491174697875977e+00
4.216012954711914062e+00	8.371891021728515625e+00
1.093517398834228516e+01	4.791035652160644531e+00
4.417344570159912109e+00	5.045632362365722656e+00
-1.767808914184570312e+00	5.148607730865478516e+00
-1.125274062156677246e+00	5.632338047027587891e+00
9.496811866760253906e+00	3.468827962875366211e+00
8.223153948783874512e-01	8.202082633972167969e+00
-1.184739589691162109e+00	5.738491058349609375e+00
4.893362522125244141e+00	2.874970436096191406e+00
6.237182021141052246e-01	7.352482318878173828e+00
8.061563491821289062e+00	3.587548732757568359e+00
-9.934262037277221680e-01	5.021833419799804688e+00
5.219482898712158203e+00	5.310092926025390625e+00
6.421021938323974609e+00	3.432444810867309570e+00
7.777895450592041016e+00	6.371540069580078125e+00
4.624434471130371094e+00	8.140644073486328125e+00
1.149407029151916504e+00	7.839765548706054688e+00
8.492259025573730469e+00	5.602327823638916016e+00
2.064983606338500977e+00	2.886504650115966797e+00
9.026643753051757812e+00	2.496634244918823242e+00
3.712096691131591797e+00	3.488675355911254883e+00
2.243410587310791016e+00	5.491617679595947266e+00
-1.800616860389709473e+00	9.109262466430664062e+00
1.037809944152832031e+01	4.847762584686279297e+00
1.606337428092956543e+00	7.831748962402343750e+00
3.209177017211914062e+00	9.026193618774414062e+00
1.378958415985107422e+01	2.685104370117187500e+00
6.052160263061523438e+00	2.612039804458618164e+00
8.781103134155273438e+00	9.228426814079284668e-01
8.326549530029296875e+00	3.433366775512695312e+00
4.324600696563720703e+00	1.643294334411621094e+00
1.815467476844787598e+00	5.008626937866210938e+00
-2.254881381988525391e+00	6.369956016540527344e+00
3.603850603103637695e-01	6.524959087371826172e+00
-1.103872418403625488e+00	7.646102905273437500e+00
-4.232250690460205078e+00	7.047349929809570312e+00
1.029455089569091797e+01	3.939178466796875000e+00
6.038647174835205078e+00	4.626665592193603516e+00
7.407845497131347656e+00	7.527578353881835938e+00
5.487716674804687500e+00	2.386431217193603516e+00
7.245835304260253906e+00	3.514825820922851562e+00
-3.973696231842041016e+00	6.422768115997314453e+00
8.047006607055664062e+00	5.784055233001708984e+00
1.302016067504882812e+01	2.453947544097900391e+00
1.061012744903564453e+01	2.355357170104980469e+00
1.075316810607910156e+01	4.607102870941162109e+00
6.922583580017089844e+00	6.715017318725585938e+00
1.055915832519531250e+01	2.737169742584228516e+00
1.449748277664184570e+00	7.629837989807128906e+00
-8.060173392295837402e-01	4.776224136352539062e+00
1.250006079673767090e+00	7.418443202972412109e+00
5.008607387542724609e+00	5.306958198547363281e+00
4.227618217468261719e+00	3.754733085632324219e+00
7.937465190887451172e+00	2.895560503005981445e+00
5.591419696807861328e+00	4.670617580413818359e+00
1.214936017990112305e+00	3.433076620101928711e+00
1.100353431701660156e+01	3.558670997619628906e+00
5.637800216674804688e+00	4.119326114654541016e+00
6.301706314086914062e+00	7.385797023773193359e+00
7.118649959564208984e+00	1.521893262863159180e+00
5.866487979888916016e+00	4.794489860534667969e+00
-1.676968693733215332e+00	5.141915321350097656e+00
3.999469280242919922e+00	6.373826503753662109e+00
-6.123021245002746582e-01	7.864886283874511719e+00
3.944649219512939453e+00	5.233452796936035156e+00
4.280067443847656250e+00	6.342283248901367188e+00
5.219548225402832031e+00	4.225111961364746094e+00
1.119154644012451172e+01	1.775999546051025391e+00
2.565465927124023438e+00	6.183743953704833984e+00
-8.943279385566711426e-01	7.051090717315673828e+00
5.941623449325561523e-01	1.008858394622802734e+01
5.899746894836425781e+00	5.804026603698730469e+00
7.716123104095458984e+00	6.536995410919189453e+00
1.007756900787353516e+01	3.517671823501586914e+00
-4.594896361231803894e-02	9.234516143798828125e+00
-2.857660770416259766e+00	8.545780181884765625e+00
9.048295974731445312e+00	9.511752724647521973e-01
1.100403785705566406e+01	2.014865636825561523e+00
4.049820899963378906e+00	7.818665981292724609e+00
6.467021942138671875e+00	1.463890552520751953e+00
7.553010463714599609e+00	5.578387379646301270e-01
9.590251922607421875e+00	2.078096628189086914e+00
-1.682305097579956055e+00	7.223091602325439453e+00
6.216706275939941406e+00	6.878903865814208984e+00
-5.214765667915344238e-01	8.738024711608886719e+00
8.145058631896972656e+00	4.008269786834716797e+00
-2.462678909301757812e+00	6.146628856658935547e+00
6.636108875274658203e+00	7.042697906494140625e+00
7.571427822113037109e+00	3.352490186691284180e+00
1.018949604034423828e+01	6.108773350715637207e-01
-4.538521289825439453e+00	7.234568595886230469e+00
2.055169343948364258e+00	3.224064350128173828e+00
6.412972450256347656e+00	3.705527544021606445e+00
1.616103649139404297e+00	6.689871311187744141e+00
6.827075481414794922e+00	3.687455892562866211e+00
9.284298896789550781e+00	3.828161239624023438e+00
6.107771396636962891e+00	1.812882661819458008e+00
-1.604239940643310547e+00	7.484443187713623047e+00
6.108671188354492188e+00	4.992976188659667969e+00
4.353446483612060547e+00	5.074782848358154297e+00
1.289529919624328613e+00	5.001256465911865234e+00
1.255403518676757812e+01	1.804271936416625977e+00
8.534315109252929688e+00	3.443099021911621094e+00
-2.039095878601074219e+00	8.410116195678710938e+00
-2.080478906631469727e+00	8.575087547302246094e+00
1.373572945594787598e+00	7.887861728668212891e+00
4.079368591308593750e+00	4.112851619720458984e+00
1.762040615081787109e+00	4.831814765930175781e+00
7.863556861877441406e+00	1.977356791496276855e+00
3.039362668991088867e+00	6.986196517944335938e+00
6.972877025604248047e+00	3.511882305145263672e+00
1.268450736999511719e+01	1.013189315795898438e+00
9.509476661682128906e+00	1.460534691810607910e+00
3.058392763137817383e+00	5.378571987152099609e+00
8.231101989746093750e+00	4.478252410888671875e+00
-2.263180732727050781e+00	7.308712482452392578e+00
-3.943710088729858398e+00	7.034873485565185547e+00
1.083282947540283203e+01	5.120094418525695801e-01
3.915636539459228516e+00	7.804946422576904297e+00
1.217948722839355469e+01	3.800727844238281250e+00
1.062057495117187500e+01	-6.274293065071105957e-01
9.328449249267578125e+00	2.170681238174438477e+00
8.379725456237792969e+00	2.551991462707519531e+00
4.161059379577636719e+00	3.814918994903564453e+00
-5.045140981674194336e-01	9.800867080688476562e+00
7.860958099365234375e+00	4.909946918487548828e+00
-2.632488489151000977e+00	8.249362945556640625e+00
8.018116950988769531e+00	2.343053817749023438e+00
2.842880010604858398e+00	4.100646972656250000e+00
9.248445034027099609e-01	5.570875167846679688e+00
-3.945801734924316406e+00	6.471897125244140625e+00
-1.566425442695617676e+00	5.994237899780273438e+00
-1.408239006996154785e-01	7.862027645111083984e+00
8.741518974304199219e+00	5.964614391326904297e+00
-2.393514364957809448e-01	8.494067192077636719e+00
2.276918649673461914e+00	4.468689918518066406e+00
5.570635318756103516e+00	6.502957940101623535e-01
8.989174842834472656e+00	2.527800559997558594e+00
6.355610370635986328e+00	2.249567270278930664e+00
4.765939235687255859e+00	5.899895191192626953e+00
-4.351025819778442383e-01	6.248661994934082031e+00
5.650050640106201172e+00	7.887094497680664062e+00
5.712812423706054688e+00	6.689370632171630859e+00
-1.609423905611038208e-01	4.873857021331787109e+00
4.773550033569335938e-01	4.091299057006835938e+00
4.535411357879638672e+00	2.796530008316040039e+00
5.290579319000244141e+00	6.442615509033203125e+00
7.976054191589355469e+00	4.238875865936279297e+00
4.995114326477050781e+00	5.638585090637207031e+00
9.134511947631835938e+00	3.784858226776123047e+00
1.371082973480224609e+01	1.951605081558227539e+00
2.935796260833740234e+00	6.696672439575195312e+00
5.020071983337402344e+00	1.996324539184570312e+00
-5.226459503173828125e-01	7.176444530487060547e+00
8.670622825622558594e+00	6.428291797637939453e+00
3.077860355377197266e+00	5.451768875122070312e+00
1.793822169303894043e+00	7.101734638214111328e+00
6.876786708831787109e+00	2.362223863601684570e+00
-2.513088941574096680e+00	8.439297676086425781e+00
2.877470016479492188e+00	8.397860527038574219e+00
3.698249340057373047e+00	6.008685111999511719e+00
-2.751493692398071289e+00	6.953410148620605469e+00
-1.869924187660217285e+00	7.769836902618408203e+00
-1.332802534103393555e+00	5.460404396057128906e+00
1.291753673553466797e+01	9.942939281463623047e-01
9.663523674011230469e+00	5.331915378570556641e+00
1.285508060455322266e+01	1.902664184570312500e+00
-3.183618545532226562e+00	6.317308902740478516e+00
1.021884632110595703e+01	4.910493373870849609e+00
2.713926553726196289e+00	6.622558593750000000e+00
9.927900135517120361e-02	7.168060779571533203e+00
5.952114582061767578e+00	4.001032829284667969e+00
1.296124935150146484e+00	5.011021614074707031e+00
2.504048585891723633e+00	9.207461357116699219e+00
1.061333894729614258e+00	7.060177326202392578e+00
2.464535236358642578e+00	6.603177070617675781e+00
-1.733247876167297363e+00	7.570172309875488281e+00
1.144212722778320312e+00	3.735703945159912109e+00
1.311344146728515625e+00	9.561722755432128906e+00
5.630643665790557861e-02	5.838274002075195312e+00
-2.726585626602172852e+00	7.849866390228271484e+00
6.951790809631347656e+00	7.640743732452392578e+00
5.689547538757324219e+00	6.035163998603820801e-01
5.316344738006591797e+00	3.600101709365844727e+00
4.379674434661865234e+00	4.488418579101562500e+00
5.262522220611572266e+00	1.816174268722534180e+00
6.085836410522460938e+00	6.913481354713439941e-01
4.952046394348144531e+00	6.095072269439697266e+00
8.454035758972167969e+00	8.624249100685119629e-01
3.721733093261718750e+00	3.144957780838012695e+00
8.115679740905761719e+00	7.889506220817565918e-01
-1.701090574264526367e+00	7.963112831115722656e+00
8.318622589111328125e+00	2.796951770782470703e+00
1.071519565582275391e+01	1.344390511512756348e+00
5.857432365417480469e+00	5.070250988006591797e+00
2.913174629211425781e+00	2.973647356033325195e+00
-1.527586936950683594e+00	6.215753555297851562e+00
6.400104522705078125e+00	3.627887725830078125e+00
7.071712970733642578e+00	1.797840237617492676e+00
6.535163402557373047e+00	2.198541879653930664e+00
-1.320943832397460938e+00	7.193124771118164062e+00
7.335946083068847656e+00	2.071360111236572266e+00
6.509920120239257812e+00	3.140007972717285156e+00
-1.180040478706359863e+00	8.594952583312988281e+00
-4.094723701477050781e+00	6.624445915222167969e+00
7.119444370269775391e+00	3.324159145355224609e+00
8.537380218505859375e+00	2.840859889984130859e+00
2.843164801597595215e-01	6.117700099945068359e+00
1.006427192687988281e+01	5.870757579803466797e+00
-4.443767964839935303e-01	8.190262794494628906e+00
7.684640884399414062e+00	2.706614017486572266e+00
1.726417422294616699e+00	6.106408119201660156e+00
9.287756919860839844e+00	1.492107629776000977e+00
8.340802192687988281e+00	5.330175399780273438e+00
-3.685890138149261475e-01	6.211480617523193359e+00
1.252104473114013672e+01	3.365209102630615234e+00
9.862794876098632812e+00	2.637563705444335938e+00
-2.215419769287109375e+00	7.538282394409179688e+00
5.387513637542724609e+00	1.237381458282470703e+00
-2.756447076797485352e+00	7.620388031005859375e+00
2.078702449798583984e+00	3.813300609588623047e+00
2.383062362670898438e+00	7.731832027435302734e+00
4.660546302795410156e+00	2.328549146652221680e+00
-1.944549828767776489e-01	5.868376255035400391e+00
-2.760790824890136719e+00	6.586975574493408203e+00
1.975736141204833984e+00	9.423469543457031250e+00
8.132224082946777344e+00	9.007381796836853027e-01
1.021849822998046875e+01	2.548706054687500000e+00
5.632961750030517578e+00	7.198037147521972656e+00
3.870368242263793945e+00	8.510654449462890625e+00
3.674074411392211914e+00	5.376059532165527344e+00
6.530597209930419922e+00	3.365281105041503906e+00
6.236861228942871094e+00	6.248217105865478516e+00
-2.708880424499511719e+00	8.309597015380859375e+00
7.760192394256591797e+00	3.853223085403442383e+00
-3.838683128356933594e+00	6.647051811218261719e+00
-6.025547385215759277e-01	4.414436340332031250e+00
4.712462127208709717e-01	5.470880031585693359e+00
7.260401248931884766e+00	2.229917287826538086e+00
3.041733264923095703e+00	6.145779132843017578e+00
-2.606883049011230469e+00	5.788909912109375000e+00
-6.588105559349060059e-01	7.689783096313476562e+00
3.313050985336303711e+00	8.340190887451171875e+00
-2.408215031027793884e-02	8.487475395202636719e+00
8.142908096313476562e+00	7.159153819084167480e-01
7.903735637664794922e+00	4.332254886627197266e+00
1.141489219665527344e+01	1.285875201225280762e+00
1.086283588409423828e+01	4.571593761444091797e+00
-1.611710309982299805e+00	7.284090518951416016e+00
7.566489696502685547e+00	3.742276906967163086e+00
1.198431682586669922e+01	3.954990386962890625e+00
-2.019312620162963867e+00	8.637962341308593750e+00
-4.299647808074951172e+00	6.867317676544189453e+00
9.843364953994750977e-01	5.534600734710693359e+00
-4.119340419769287109e+00	7.512677192687988281e+00
-1.180156111717224121e+00	6.345439434051513672e+00
8.599430084228515625e+00	1.417683720588684082e+00
7.691215991973876953e+00	6.175510406494140625e+00
-2.187354087829589844e+00	7.521912097930908203e+00
1.240125560760498047e+01	3.912859439849853516e+00
1.749335885047912598e+00	3.043460607528686523e+00
4.449314594268798828e+00	8.008154869079589844e+00
3.350441217422485352e+00	8.665824890136718750e+00
-2.597926139831542969e+00	8.026807785034179688e+00
1.225066852569580078e+01	3.490607261657714844e+00
8.708115577697753906e+00	3.295140027999877930e+00
4.189608573913574219e+00	3.938782691955566406e+00
4.825333595275878906e+00	6.008768081665039062e+00
4.911285877227783203e+00	3.476396560668945312e+00
1.891894102096557617e+00	5.543407917022705078e+00
-4.224557876586914062e-01	5.402269840240478516e+00
1.069429588317871094e+01	-7.660382986068725586e-01
3.832629442214965820e+00	8.362059593200683594e+00
1.437948107719421387e+00	5.313059329986572266e+00
8.806384205818176270e-01	4.635199546813964844e+00
2.980009078979492188e+00	5.711830139160156250e+00
1.003475666046142578e+01	5.265752315521240234e+00
5.359793663024902344e+00	6.576265335083007812e+00
-1.925115704536437988e+00	6.637792587280273438e+00
3.270888328552246094e+00	5.214164257049560547e+00
4.753934860229492188e+00	5.240175247192382812e+00
9.375870704650878906e+00	1.762512087821960449e+00
8.776586532592773438e+00	7.436227798461914062e-01
-1.439611464738845825e-01	5.655525684356689453e+00
4.428758621215820312e+00	5.626084804534912109e+00
9.796550750732421875e+00	5.630902290344238281e+00
5.124915599822998047e+00	4.685377597808837891e+00
-2.345757484436035156e+00	6.869729995727539062e+00
3.187679052352905273e+00	8.813817977905273438e+00
-1.466513991355895996e+00	5.753282546997070312e+00
5.444752216339111328e+00	4.772096157073974609e+00
7.863597273826599121e-01	9.813121795654296875e+00
-1.238170504570007324e+00	8.313022613525390625e+00
4.245513081550598145e-01	6.050361633300781250e+00
4.840586185455322266e-01	6.386330604553222656e+00
5.433820724487304688e+00	6.455716609954833984e+00
-1.179839730262756348e+00	5.633286952972412109e+00
-4.368796348571777344e+00	6.867220401763916016e+00
6.267467498779296875e+00	7.637546539306640625e+00
-2.135732650756835938e+00	6.051339626312255859e+00
4.293092727661132812e+00	6.499558925628662109e+00
-6.624021530151367188e-01	4.236524105072021484e+00
1.963690876960754395e+00	5.247814178466796875e+00
8.026078224182128906e+00	6.235067367553710938e+00
2.160466194152832031e+00	6.615059852600097656e+00
4.182909011840820312e+00	3.254650592803955078e+00
2.690954923629760742e+00	6.763707160949707031e+00
1.096390438079833984e+01	2.507260084152221680e+00
7.877071380615234375e+00	1.680729627609252930e+00
2.696945667266845703e+00	5.638459205627441406e+00
7.538584709167480469e+00	4.821037292480468750e+00
5.950554370880126953e+00	1.399485230445861816e+00
6.688593029975891113e-01	5.113775730133056641e+00
-1.094484806060791016e+00	7.576311111450195312e+00
8.709565162658691406e+00	5.486052989959716797e+00
-1.778390884399414062e+00	7.518079280853271484e+00
-4.929153919219970703e+00	7.303884983062744141e+00
2.048011541366577148e+00	4.634212970733642578e+00
4.367990970611572266e+00	5.437013626098632812e+00
2.788463234901428223e-01	9.476652145385742188e+00
5.551641941070556641e+00	4.316994667053222656e+00
7.617462158203125000e+00	7.307129859924316406e+00
3.673200607299804688e-01	7.913871765136718750e+00
-1.628364920616149902e+00	6.513335704803466797e+00
-8.232454657554626465e-01	7.437326431274414062e+00
1.353949308395385742e+00	7.360890865325927734e+00
1.498565316200256348e+00	5.092316627502441406e+00
-2.674550056457519531e+00	8.734408378601074219e+00
1.725321263074874878e-01	8.192701339721679688e+00
2.439417362213134766e+00	5.825017929077148438e+00
-2.032737016677856445e+00	5.823668479919433594e+00
-7.633523941040039062e-01	9.535456657409667969e+00
7.146343708038330078e+00	4.325660228729248047e+00
1.116856384277343750e+01	2.894766569137573242e+00
1.186859416961669922e+01	4.253959655761718750e+00
3.709272146224975586e+00	8.140727996826171875e+00
2.881750345230102539e+00	8.693055152893066406e+00
-4.615264892578125000e+00	7.532179355621337891e+00
7.403643131256103516e+00	3.160286903381347656e+00
1.327904605865478516e+01	1.641182184219360352e+00
2.678516387939453125e+00	7.278927803039550781e+00
3.092942535877227783e-01	7.960794925689697266e+00
-2.387861490249633789e+00	7.002931118011474609e+00
2.034194946289062500e+00	7.323651790618896484e+00
1.175653839111328125e+01	2.950921058654785156e+00
9.501756668090820312e+00	3.055651903152465820e+00
4.297958850860595703e+00	8.296293258666992188e+00
4.858657360076904297e+00	2.203802108764648438e+00
6.599267959594726562e+00	7.187431812286376953e+00
-1.714120507240295410e-01	7.005931854248046875e+00
9.223880767822265625e+00	9.335295557975769043e-01
8.505466461181640625e+00	5.251984596252441406e+00
1.398539829254150391e+01	2.429512739181518555e+00
-1.109382629394531250e+00	5.284954547882080078e+00
-4.834535598754882812e+00	7.431643962860107422e+00
7.996817111968994141e+00	6.944492816925048828e+00
5.473184585571289062e+00	5.014821529388427734e+00
4.518432140350341797e+00	4.170152664184570312e+00
9.299028396606445312e+00	3.946143388748168945e+00
-7.821689248085021973e-01	9.089616775512695312e+00
1.863538742065429688e+00	4.622667789459228516e+00
-4.304886817932128906e+00	6.868487834930419922e+00
3.800930455327033997e-03	5.362098693847656250e+00
3.115803956985473633e+00	6.287749767303466797e+00
3.844844818115234375e+00	3.715687036514282227e+00
1.147014141082763672e+01	2.623484849929809570e+00
9.207123756408691406e+00	3.431037664413452148e+00
6.107410430908203125e+00	7.094317913055419922e+00
1.157467079162597656e+01	7.900167107582092285e-01
-2.419003963470458984e+00	8.462141036987304688e+00
1.757912486791610718e-01	6.684786319732666016e+00
1.063465595245361328e+01	2.197029829025268555e+00
-7.201240062713623047e-01	5.032395839691162109e+00
-3.901217222213745117e+00	7.058185577392578125e+00
8.979549407958984375e-01	4.771464347839355469e+00
3.626670122146606445e+00	5.824892520904541016e+00
-3.087535619735717773e+00	7.107946395874023438e+00
-4.108263015747070312e+00	7.331824779510498047e+00
1.464894533157348633e+00	5.686161518096923828e+00
-4.386504173278808594e+00	6.896334648132324219e+00
8.776332855224609375e+00	5.347804546356201172e+00
9.465849995613098145e-01	9.687107086181640625e+00
-2.413884103298187256e-01	5.242000579833984375e+00
6.978484392166137695e-01	6.213030815124511719e+00
-3.567048311233520508e+00	6.782449245452880859e+00
-4.139530181884765625e+00	7.226503372192382812e+00
-3.211279869079589844e+00	6.420009613037109375e+00
2.940076828002929688e+00	3.245588541030883789e+00
8.319942474365234375e+00	3.138573169708251953e+00
-1.904382109642028809e+00	6.684659481048583984e+00
7.505856513977050781e+00	3.208718776702880859e+00
-2.525829315185546875e+00	7.635544776916503906e+00
3.667922258377075195e+00	4.019183635711669922e+00
3.553209781646728516e+00	5.184509277343750000e+00
4.646487236022949219e+00	2.105958223342895508e+00
1.978719353675842285e+00	6.016402721405029297e+00
-1.096658706665039062e+00	5.736787796020507812e+00
6.786688804626464844e+00	4.610064983367919922e+00
-2.133206844329833984e+00	5.672925472259521484e+00
-1.556988000869750977e+00	7.008204460144042969e+00
-1.646960735321044922e+00	7.024296760559082031e+00
-1.615853667259216309e+00	6.407529830932617188e+00
1.047203254699707031e+01	4.900248050689697266e+00
4.139450550079345703e+00	5.870026111602783203e+00
-3.861776828765869141e+00	6.771568298339843750e+00
1.040216541290283203e+01	5.166010856628417969e+00
1.241588234901428223e+00	9.182459831237792969e+00
7.996500492095947266e+00	3.316877126693725586e+00
1.549610346555709839e-01	9.640930175781250000e+00
1.912441372871398926e+00	6.922320365905761719e+00
2.299793958663940430e+00	6.852138996124267578e+00
4.551465988159179688e+00	4.763735294342041016e+00
-2.376561164855957031e-01	6.168807029724121094e+00
2.200818061828613281e+00	2.713293790817260742e+00
2.235611677169799805e-01	9.864928245544433594e+00
5.530176639556884766e+00	6.710960388183593750e+00
2.176388502120971680e+00	4.971851825714111328e+00
-9.004932641983032227e-01	6.535654544830322266e+00
4.167440831661224365e-01	5.380393981933593750e+00
1.181114959716796875e+01	4.635717391967773438e+00
1.603295683860778809e+00	5.634589672088623047e+00
5.746426105499267578e+00	4.332664489746093750e+00
5.569980621337890625e+00	7.517002582550048828e+00
1.931062102317810059e+00	9.437956809997558594e+00
-2.016088247299194336e+00	5.981448173522949219e+00
7.630256175994873047e+00	6.176312923431396484e+00
9.309776306152343750e+00	6.393604755401611328e+00
2.775293827056884766e+00	6.729420185089111328e+00
2.318934440612792969e+00	3.322834491729736328e+00
-3.537452459335327148e+00	6.428375244140625000e+00
5.577318668365478516e+00	6.072750091552734375e+00
2.378127336502075195e+00	7.374202251434326172e+00
5.870231628417968750e+00	4.026051998138427734e+00
-1.846863508224487305e+00	6.047756671905517578e+00
-2.288066148757934570e+00	7.575741767883300781e+00
2.302199125289916992e+00	6.824384689331054688e+00
-8.705227971076965332e-01	6.531036853790283203e+00
6.518387794494628906e+00	7.852589130401611328e+00
2.921152830123901367e+00	9.201374053955078125e+00
-1.518149137496948242e+00	7.853265285491943359e+00
-1.849640011787414551e+00	8.621046066284179688e+00
5.066850185394287109e+00	4.118934154510498047e+00
-2.088325023651123047e+00	7.191632747650146484e+00
7.945895671844482422e+00	6.282240390777587891e+00
1.419878721237182617e+00	7.356743812561035156e+00
-3.735016822814941406e+00	6.501988410949707031e+00
-7.372976094484329224e-02	7.466294288635253906e+00
9.160066604614257812e+00	5.546213626861572266e+00
9.852450370788574219e+00	5.332986354827880859e+00
6.933114051818847656e+00	7.520338058471679688e+00
3.771073341369628906e+00	7.733128070831298828e+00
8.378619194030761719e+00	2.976626157760620117e+00
4.474616527557373047e+00	7.865834236145019531e+00
3.375506162643432617e+00	8.591415405273437500e+00
-3.818670749664306641e+00	6.577816963195800781e+00
1.805376887321472168e+00	4.392952919006347656e+00
-1.879175066947937012e+00	7.666540145874023438e+00
-2.202773571014404297e+00	5.296979904174804688e+00
1.831912994384765625e+00	6.772700309753417969e+00
1.180663108825683594e+01	-4.106443226337432861e-01
3.605695962905883789e+00	6.348404884338378906e+00
8.080301284790039062e+00	6.029640197753906250e+00
-1.724836230278015137e+00	6.390612602233886719e+00
-2.529100418090820312e+00	8.868831634521484375e+00
3.009364604949951172e+00	7.619819164276123047e+00
-1.884721875190734863e+00	5.660227298736572266e+00
7.795236110687255859e+00	6.522554397583007812e+00
-1.145012497901916504e+00	9.355217933654785156e+00
3.141019821166992188e+00	9.140541076660156250e+00
-2.144509553909301758e+00	6.720750808715820312e+00
3.521797955036163330e-01	1.010128402709960938e+01
3.725392341613769531e+00	8.483094215393066406e+00
5.681536197662353516e+00	2.529180765151977539e+00
-7.121547460556030273e-01	7.251566886901855469e+00
5.138841271400451660e-01	1.007270526885986328e+01
9.198866844177246094e+00	6.347673892974853516e+00
8.108372688293457031e+00	6.139494419097900391e+00
6.112740993499755859e+00	5.652104377746582031e+00
8.065805435180664062e+00	6.452208995819091797e+00
3.877932786941528320e+00	5.324500560760498047e+00
3.847364425659179688e+00	5.205820083618164062e+00
5.728472709655761719e+00	1.929209709167480469e+00
2.311817646026611328e+00	9.282372474670410156e+00
-4.612634778022766113e-01	4.065745830535888672e+00
1.134655380249023438e+01	3.984830379486083984e+00
-2.286690235137939453e+00	6.752991199493408203e+00
-1.270457863807678223e+00	8.268838882446289062e+00
-1.093147635459899902e+00	6.566196441650390625e+00
1.464180350303649902e-01	1.029008674621582031e+01
6.332376956939697266e+00	6.498497486114501953e+00
-7.823026180267333984e-01	6.716756820678710938e+00
3.107634305953979492e+00	8.981882095336914062e+00
2.285219192504882812e+00	9.551633834838867188e+00
-1.604344964027404785e+00	7.607307910919189453e+00
6.964115619659423828e+00	6.843465328216552734e+00
-2.328422106802463531e-02	8.026909828186035156e+00
1.088125854730606079e-01	1.026229858398437500e+01
-2.764130115509033203e+00	7.313879013061523438e+00
1.635565638542175293e+00	9.205490112304687500e+00
1.597806364297866821e-01	8.112102508544921875e+00
4.782831668853759766e+00	6.302749633789062500e+00
-2.045843362808227539e+00	7.849704742431640625e+00
6.308889865875244141e+00	7.526187896728515625e+00
5.329878807067871094e+00	8.026172637939453125e+00
4.386106967926025391e+00	7.108548641204833984e+00
4.883143901824951172e+00	8.118016242980957031e+00
-4.053680419921875000e+00	6.967787742614746094e+00
1.415038585662841797e+00	6.055866241455078125e+00
1.316242694854736328e+00	6.657441616058349609e+00
4.805237352848052979e-01	9.791634559631347656e+00
8.145500183105468750e+00	6.294996261596679688e+00
9.410177230834960938e+00	6.200798511505126953e+00
5.166442394256591797e-01	9.171081542968750000e+00
9.798733711242675781e+00	5.068607330322265625e+00
6.559494018554687500e+00	4.330117702484130859e+00
1.232755303382873535e+00	9.332859039306640625e+00
-2.180156409740447998e-01	1.009833145141601562e+01
3.408373296260833740e-01	9.522980690002441406e+00
3.476999521255493164e+00	8.958701133728027344e+00
