6.915740013122558594e+00	5.055116415023803711e-01
8.635675430297851562e+00	2.080171585083007812e+00
9.852939605712890625e+00	3.667848348617553711e+00
-2.503248751163482666e-01	2.207526683807373047e+00
1.137781143188476562e+01	4.329753398895263672e+00
1.083210945129394531e+01	1.460754513740539551e+00
1.202530002593994141e+01	-7.301365584135055542e-02
1.523647212982177734e+01	5.696319580078125000e+00
1.195801448822021484e+01	2.984385490417480469e+00
-4.268848523497581482e-02	3.272210836410522461e+00
-1.179892897605895996e+00	4.355477333068847656e+00
8.572520256042480469e+00	3.425626456737518311e-01
1.294093704223632812e+01	5.055959224700927734e-01
7.040094375610351562e+00	3.534595489501953125e+00
1.523720455169677734e+01	4.393457412719726562e+00
1.135531306266784668e+00	3.380829334259033203e+00
2.884829044342041016e-01	1.194184899330139160e+00
1.498651885986328125e+01	2.871743679046630859e+00
9.760142326354980469e+00	1.696899056434631348e+00
1.523176765441894531e+01	7.313997745513916016e+00
1.478087902069091797e+01	2.599097728729248047e+00
7.850693702697753906e+00	1.516952991485595703e+00
2.992658615112304688e+00	2.441972255706787109e+00
8.342999458312988281e+00	3.600612163543701172e+00
7.140379905700683594e+00	1.822187185287475586e+00
1.374985122680664062e+01	6.164823532104492188e+00
-7.763777971267700195e-01	3.778708219528198242e+00
7.864509105682373047e+00	1.767102599143981934e+00
4.369833946228027344e+00	5.440444350242614746e-01
2.829303026199340820e+00	-3.299812972545623779e-01
1.432004928588867188e+01	6.725835323333740234e+00
1.383996582031250000e+01	4.120955944061279297e+00
1.281589126586914062e+01	1.665561079978942871e+00
9.972234725952148438e+00	2.738652706146240234e+00
8.746156692504882812e+00	2.008569687604904175e-01
8.146792411804199219e+00	4.835826396942138672e+00
5.681465268135070801e-01	8.888559937477111816e-01
1.040172767639160156e+01	1.724432706832885742e+00
9.863759040832519531e+00	-1.633137911558151245e-01
1.051845169067382812e+01	3.134368181228637695e+00
-6.929965615272521973e-01	4.580128192901611328e+00
1.524499988555908203e+01	4.182515144348144531e+00
4.539829730987548828e+00	1.001021027565002441e+00
1.288932609558105469e+01	5.478105545043945312e+00
4.564417839050292969e+00	5.390188217163085938e+00
1.346303462982177734e+01	2.580024957656860352e+00
3.658325195312500000e+00	1.055227220058441162e-01
1.367146492004394531e+01	2.127564430236816406e+00
1.610176467895507812e+01	5.712233066558837891e+00
6.898851871490478516e+00	5.437797546386718750e+00
-2.621095180511474609e-01	2.835594654083251953e+00
1.310037708282470703e+01	3.880443096160888672e+00
1.045955085754394531e+01	4.232026040554046631e-01
1.011461353302001953e+01	2.986878395080566406e+00
1.141819095611572266e+01	3.146853685379028320e+00
1.277502346038818359e+01	7.910718321800231934e-01
1.024871540069580078e+01	1.554775953292846680e+00
8.291784286499023438e+00	9.034950137138366699e-01
8.178450584411621094e+00	2.259568929672241211e+00
7.479608058929443359e-01	1.534170508384704590e+00
8.488568067550659180e-01	4.919148921966552734e+00
3.835424184799194336e+00	2.147356986999511719e+00
1.998501181602478027e+00	3.369802951812744141e+00
6.598620891571044922e+00	-3.481544554233551025e-03
1.143850612640380859e+01	5.130625247955322266e+00
1.233145427703857422e+01	1.775161862373352051e+00
1.503149318695068359e+01	5.299908161163330078e+00
1.427133083343505859e+01	6.815670013427734375e+00
9.370817184448242188e+00	9.868678450584411621e-01
8.073354721069335938e+00	3.340363979339599609e+00
1.449207115173339844e+01	3.418469429016113281e+00
7.392353057861328125e+00	2.524851799011230469e+00
7.103821277618408203e+00	1.568558692932128906e+00
7.417388439178466797e+00	2.599569082260131836e+00
1.287885570526123047e+01	4.878308296203613281e+00
1.219594573974609375e+01	2.464440584182739258e+00
1.443344783782958984e+01	4.438848972320556641e+00
1.562927722930908203e+01	5.445325374603271484e+00
1.286594772338867188e+01	2.979214668273925781e+00
9.758276939392089844e+00	8.538722991943359375e-02
1.191845989227294922e+01	7.494871616363525391e-01
1.414071083068847656e+01	6.320203781127929688e+00
7.877567291259765625e+00	-4.322285950183868408e-01
1.341794109344482422e+01	3.064768552780151367e+00
7.181910037994384766e+00	-8.443769216537475586e-01
1.315250873565673828e+01	1.103652477264404297e+00
1.219982910156250000e+01	3.366339683532714844e+00
1.125073337554931641e+01	5.856607437133789062e+00
1.203744506835937500e+01	3.046261072158813477e-01
1.568506336212158203e+01	5.311954975128173828e+00
8.944260597229003906e+00	2.102559804916381836e+00
1.629100227355957031e+01	5.440421104431152344e+00
1.177350807189941406e+01	1.736677408218383789e+00
7.561060905456542969e+00	1.960578918457031250e+00
9.497963905334472656e+00	1.589377671480178833e-01
1.375588607788085938e+01	9.278239607810974121e-01
1.593990516662597656e+01	4.222113609313964844e+00
1.289648056030273438e+01	2.761158943176269531e+00
5.718132019042968750e+00	1.131340861320495605e+00
5.975919723510742188e+00	-8.319807052612304688e-02
7.585173130035400391e+00	2.980666875839233398e+00
2.010071039199829102e+00	4.038568019866943359e+00
1.214363765716552734e+01	-1.700765490531921387e-01
4.857919692993164062e+00	-4.162145033478736877e-02
1.060149478912353516e+01	2.977793455123901367e+00
4.585698604583740234e+00	5.931137800216674805e-01
1.358933830261230469e+01	1.653817057609558105e+00
2.469763755798339844e-01	2.418009042739868164e+00
1.465987586975097656e+01	3.506940364837646484e+00
1.319741153717041016e+01	5.022369384765625000e+00
1.325878524780273438e+01	4.440006732940673828e+00
1.373722171783447266e+01	4.652886390686035156e+00
7.014491558074951172e+00	1.522151473909616470e-02
1.116114711761474609e+01	9.046691060066223145e-01
1.506878566741943359e+01	5.153482913970947266e+00
9.064461708068847656e+00	4.374321460723876953e+00
1.186505889892578125e+01	5.151813030242919922e-01
1.482028770446777344e+01	1.925320148468017578e+00
1.503863906860351562e+01	3.871029138565063477e+00
1.353161811828613281e+01	1.751469731330871582e+00
3.275874376296997070e+00	1.200642943382263184e+00
1.300360965728759766e+01	3.192173540592193604e-01
1.329700660705566406e+01	1.201255202293395996e+00
9.840336799621582031e+00	2.859871625900268555e+00
9.691132545471191406e+00	-4.967148602008819580e-01
1.038900470733642578e+01	1.379679083824157715e+00
1.357439613342285156e+01	1.843574643135070801e+00
1.457907009124755859e+01	6.911312103271484375e+00
1.026949501037597656e+01	8.935191035270690918e-01
2.955329179763793945e+00	1.328501224517822266e+00
8.048027992248535156e+00	1.318833947181701660e+00
4.701786041259765625e+00	4.616035819053649902e-01
1.470201969146728516e+01	3.119391918182373047e+00
1.099985599517822266e+01	4.791539192199707031e+00
1.527933025360107422e+01	6.984953403472900391e+00
2.350148439407348633e+00	4.845382690429687500e+00
8.993020057678222656e+00	-9.458170086145401001e-02
8.352273941040039062e+00	7.769796848297119141e-01
-2.059801816940307617e+00	4.145953655242919922e+00
8.738466262817382812e+00	-1.847672909498214722e-01
3.905536830425262451e-01	2.678581714630126953e+00
1.529508876800537109e+01	4.922290802001953125e+00
1.287575340270996094e+01	7.346089839935302734e+00
7.567826747894287109e+00	3.217173099517822266e+00
1.254411029815673828e+01	2.805179119110107422e+00
1.542616367340087891e+01	7.341309547424316406e+00
9.958433151245117188e+00	-3.239560127258300781e-01
1.512111377716064453e+01	3.589855909347534180e+00
2.094746351242065430e+00	3.406300246715545654e-01
1.478105258941650391e+01	3.782736301422119141e+00
7.461765289306640625e+00	2.158846378326416016e+00
-2.142984628677368164e+00	4.502219676971435547e+00
9.370414733886718750e+00	-9.041822701692581177e-02
4.163384914398193359e+00	4.137062132358551025e-01
3.526077747344970703e+00	3.392220139503479004e-01
7.389324188232421875e+00	2.479284286499023438e+00
8.473826408386230469e+00	7.066354751586914062e-01
-1.243781566619873047e+00	2.578665971755981445e+00
5.119091987609863281e+00	-3.166503012180328369e-01
9.182869911193847656e+00	3.432837009429931641e+00
1.138207817077636719e+01	7.187319397926330566e-01
8.937151908874511719e+00	2.093839883804321289e+00
9.895706176757812500e+00	1.671803116798400879e+00
1.075196361541748047e+01	3.608737707138061523e+00
1.028410530090332031e+01	2.970600605010986328e+00
1.455990886688232422e+01	5.213665962219238281e+00
6.778292179107666016e+00	5.061861991882324219e+00
1.057941150665283203e+01	1.562251210212707520e+00
1.409418582916259766e+01	5.888916015625000000e+00
1.063673210144042969e+01	3.129570245742797852e+00
9.853985786437988281e+00	7.771167159080505371e-02
1.332377719879150391e+01	1.888231158256530762e+00
7.981449604034423828e+00	5.717112421989440918e-01
9.743130683898925781e+00	5.702215671539306641e+00
3.501858472824096680e+00	3.366533756256103516e+00
1.336019611358642578e+01	2.730932712554931641e+00
1.226561260223388672e+01	4.793657779693603516e+00
2.536182641983032227e+00	4.936617374420166016e+00
3.543521404266357422e+00	1.406584501266479492e+00
3.390432834625244141e+00	-2.436923384666442871e-01
1.180361747741699219e+01	1.287238597869873047e+00
2.466804027557373047e+00	1.998441219329833984e+00
9.152729034423828125e+00	3.508122265338897705e-01
1.078711032867431641e+01	4.662343025207519531e+00
1.544056510925292969e+01	3.722421169281005859e+00
1.400820541381835938e+01	3.433961153030395508e+00
1.260146999359130859e+01	3.454634249210357666e-01
7.380738735198974609e+00	7.881477475166320801e-01
7.255848884582519531e+00	3.121456801891326904e-01
6.653634071350097656e+00	1.830412149429321289e+00
1.245401382446289062e+01	5.506828308105468750e+00
8.676992416381835938e+00	5.111850261688232422e+00
9.702087402343750000e+00	7.203772068023681641e-01
1.217290592193603516e+01	6.374078273773193359e+00
1.198277664184570312e+01	1.603029847145080566e+00
1.294864463806152344e+01	2.641629457473754883e+00
9.677103042602539062e+00	3.576691865921020508e+00
1.290027713775634766e+01	9.032681584358215332e-01
6.026879310607910156e+00	2.146934032440185547e+00
7.444788455963134766e+00	2.678805351257324219e+00
1.011543178558349609e+01	2.216483592987060547e+00
1.259806537628173828e+01	9.075505733489990234e-01
1.497170352935791016e+01	6.978700160980224609e+00
8.605940818786621094e+00	2.741616964340209961e+00
1.242813873291015625e+01	4.477652549743652344e+00
-4.566275775432586670e-01	2.451555252075195312e+00
1.475708389282226562e+01	5.036320686340332031e+00
6.124857902526855469e+00	7.208434939384460449e-01
8.923561096191406250e+00	1.687637805938720703e+00
5.141197204589843750e+00	2.273591518402099609e+00
1.563778495788574219e+01	4.764539241790771484e+00
1.063636779785156250e+01	1.193236231803894043e+00
1.262665367126464844e+01	8.306864500045776367e-01
8.672852516174316406e+00	3.827857255935668945e+00
2.519402503967285156e+00	7.943307757377624512e-01
3.627760887145996094e+00	2.881483554840087891e+00
1.234010410308837891e+01	1.961312413215637207e+00
9.911247253417968750e+00	1.895553588867187500e+00
-2.753634154796600342e-01	4.153551578521728516e+00
-1.128326177597045898e+00	2.494977474212646484e+00
9.231762886047363281e+00	3.293858051300048828e+00
1.138776683807373047e+01	-2.625712156295776367e-01
8.171775817871093750e+00	1.151167631149291992e+00
4.278061389923095703e+00	1.864533543586730957e+00
1.038278198242187500e+01	3.228250026702880859e+00
-1.096289083361625671e-01	3.639570713043212891e+00
9.156298637390136719e+00	3.772938251495361328e+00
9.840723037719726562e+00	-9.460901468992233276e-02
4.613652706146240234e+00	2.658014059066772461e+00
1.531446647644042969e+01	5.725922584533691406e+00
1.038483905792236328e+01	-1.778558045625686646e-01
1.439183902740478516e+01	1.612510085105895996e+00
1.370795631408691406e+01	2.084829568862915039e+00
1.012048149108886719e+01	2.350227117538452148e+00
1.510112476348876953e+01	3.391428947448730469e+00
1.189966773986816406e+01	5.543760299682617188e+00
8.680047988891601562e+00	2.360759973526000977e+00
1.226933193206787109e+01	4.753735065460205078e+00
1.462554645538330078e+01	5.043122768402099609e+00
1.250188446044921875e+01	4.520703315734863281e+00
1.076766586303710938e+01	1.854103207588195801e+00
7.987446784973144531e+00	-7.728822529315948486e-02
6.076940536499023438e+00	5.067569613456726074e-01
9.996932983398437500e+00	5.017546176910400391e+00
1.587134742736816406e+01	6.098279953002929688e+00
4.470010280609130859e+00	1.431185364723205566e+00
1.126627349853515625e+01	3.519694805145263672e+00
7.004070758819580078e+00	-4.162371158599853516e-02
3.587799310684204102e+00	3.188291549682617188e+00
2.718740463256835938e+00	1.266794323921203613e+00
-8.943351507186889648e-01	3.855753183364868164e+00
-1.805096387863159180e+00	4.213831901550292969e+00
1.436865997314453125e+01	5.908073425292968750e+00
1.355976009368896484e+01	2.142443656921386719e+00
1.252393054962158203e+01	1.653330922126770020e+00
1.527691745758056641e+01	3.378363132476806641e+00
2.296587467193603516e+00	1.228869915008544922e+00
1.597496604919433594e+01	5.836413860321044922e+00
1.316926193237304688e+01	2.869011163711547852e+00
1.090065479278564453e+01	-4.797744750976562500e-01
7.031264781951904297e+00	-4.120607078075408936e-01
1.628488349914550781e+01	5.012469291687011719e+00
8.138422012329101562e+00	-9.435707330703735352e-01
1.515740489959716797e+01	4.938561439514160156e+00
1.059875011444091797e+01	6.081803798675537109e+00
1.559231853485107422e+01	5.399312973022460938e+00
1.078347492218017578e+01	1.883535146713256836e+00
1.298695755004882812e+01	1.284104228019714355e+00
1.167695903778076172e+01	-9.464613348245620728e-02
1.514876556396484375e+01	3.443932533264160156e+00
1.158837699890136719e+01	1.029926419258117676e+00
7.450098037719726562e+00	2.501459360122680664e+00
8.955759048461914062e+00	2.909955978393554688e+00
7.542723178863525391e+00	9.739941358566284180e-02
9.863427162170410156e+00	2.144572496414184570e+00
4.273580551147460938e+00	3.769056081771850586e+00
1.171123790740966797e+01	4.169794559478759766e+00
1.567774868011474609e+01	3.365140438079833984e+00
9.433768272399902344e+00	3.856413960456848145e-01
1.413053512573242188e+01	5.181673526763916016e+00
7.191061019897460938e+00	2.920398950576782227e+00
5.846251487731933594e+00	1.753424763679504395e+00
1.374339675903320312e+01	3.052966833114624023e+00
5.618731975555419922e-01	2.210724830627441406e+00
1.561721229553222656e+01	2.996511697769165039e+00
5.901392459869384766e+00	1.801285147666931152e+00
-1.406873941421508789e+00	4.158119201660156250e+00
1.504280376434326172e+01	2.937740087509155273e+00
1.347241878509521484e+01	4.148948669433593750e+00
1.023969936370849609e+01	1.039744138717651367e+00
2.784344673156738281e+00	1.725950837135314941e+00
4.258537292480468750e+00	2.468225002288818359e+00
9.962316513061523438e+00	6.299846619367599487e-02
9.447910308837890625e+00	2.216117858886718750e+00
1.476924610137939453e+01	3.140577793121337891e+00
-1.934552311897277832e+00	3.575133085250854492e+00
1.372824001312255859e+01	5.874901294708251953e+00
1.026430225372314453e+01	2.949758052825927734e+00
1.452757549285888672e+01	3.751177072525024414e+00
1.304425239562988281e+01	2.101773023605346680e+00
2.756955862045288086e+00	-1.376905590295791626e-01
1.459310054779052734e+01	3.522191286087036133e+00
6.407672405242919922e+00	2.739231348037719727e+00
4.706096172332763672e+00	1.906230568885803223e+00
1.142362117767333984e+01	1.032151222229003906e+00
8.164690971374511719e+00	-6.020343899726867676e-01
1.115106487274169922e+01	1.351830720901489258e+00
2.953709840774536133e+00	4.242241978645324707e-01
3.270837068557739258e+00	1.506565928459167480e+00
7.243975162506103516e+00	-2.683020569384098053e-02
1.023381710052490234e+01	2.353261232376098633e+00
5.099549293518066406e+00	1.744683980941772461e+00
5.905510425567626953e+00	1.550641655921936035e+00
8.929248809814453125e+00	3.351923227310180664e+00
6.314384937286376953e+00	5.132390260696411133e-01
8.793634414672851562e+00	1.756876468658447266e+00
1.093703460693359375e+01	4.157127857208251953e+00
1.534733772277832031e+01	4.846919536590576172e+00
4.836021423339843750e+00	2.865145206451416016e+00
1.535197067260742188e+01	5.902228832244873047e+00
-1.760649681091308594e+00	3.859019517898559570e+00
1.198456668853759766e+01	9.414997100830078125e-01
7.387123107910156250e+00	3.204830646514892578e+00
7.324288368225097656e+00	2.050351053476333618e-01
1.093233299255371094e+01	2.713884353637695312e+00
1.425493144989013672e+01	4.053844451904296875e+00
1.267583560943603516e+01	5.641088008880615234e+00
6.300500035285949707e-01	3.282925367355346680e+00
9.069010734558105469e+00	2.862716913223266602e-01
7.509326457977294922e+00	2.774739503860473633e+00
1.370218086242675781e+01	1.272065997123718262e+00
1.203198337554931641e+01	1.668598651885986328e+00
1.177813529968261719e+01	6.504046916961669922e+00
8.787652015686035156e+00	1.762005567550659180e+00
4.053229331970214844e+00	1.078257679939270020e+00
1.303052425384521484e+01	6.557876110076904297e+00
1.027488040924072266e+01	-5.855486914515495300e-02
-8.032726049423217773e-01	2.547796249389648438e+00
1.256859493255615234e+01	2.962199211120605469e+00
1.331825447082519531e+01	3.018505811691284180e+00
1.005876541137695312e+01	3.461627483367919922e+00
7.399818420410156250e+00	1.624905347824096680e+00
1.136737918853759766e+01	3.363891363143920898e+00
1.547350788116455078e+01	5.998801231384277344e+00
-1.134415984153747559e+00	2.128882169723510742e+00
2.133740901947021484e+00	9.015409350395202637e-01
1.468781709671020508e+00	8.384767174720764160e-01
1.532030677795410156e+01	6.288724899291992188e+00
1.504594039916992188e+01	5.801178932189941406e+00
3.786502122879028320e+00	2.732978105545043945e+00
7.541202068328857422e+00	7.488578557968139648e-01
7.708581447601318359e+00	1.676794737577438354e-01
1.462668800354003906e+01	6.943347930908203125e+00
4.971830368041992188e+00	4.058599472045898438e+00
5.507006168365478516e+00	4.733476042747497559e-01
1.420684623718261719e+01	5.314235687255859375e+00
4.630544185638427734e+00	3.900996446609497070e+00
2.738894224166870117e+00	1.576564311981201172e+00
1.390312194824218750e+01	1.338196396827697754e+00
6.860836148262023926e-01	4.167956829071044922e+00
6.874085068702697754e-01	4.562432289123535156e+00
1.013272380828857422e+01	8.567890524864196777e-01
9.503104209899902344e+00	3.586367845535278320e+00
1.180721282958984375e+01	1.586687445640563965e+00
6.997566223144531250e+00	3.901235103607177734e+00
9.720403671264648438e+00	-7.357442378997802734e-02
8.489634513854980469e+00	2.809451103210449219e+00
1.243804073333740234e+01	1.704303145408630371e+00
6.510327339172363281e+00	-2.556238174438476562e-01
1.092141914367675781e+01	1.735591530799865723e+00
1.258298873901367188e+01	2.367491483688354492e+00
1.380781269073486328e+01	5.487750530242919922e+00
1.194170475006103516e+01	1.190853118896484375e+00
8.896518707275390625e+00	1.131846308708190918e+00
1.008280372619628906e+01	1.579399853944778442e-01
9.505133628845214844e+00	4.537837505340576172e-01
3.064458131790161133e+00	1.318375587463378906e+00
4.546194553375244141e+00	-2.886300161480903625e-02
8.051020622253417969e+00	2.786445617675781250e+00
1.456249141693115234e+01	6.445352077484130859e+00
1.166044998168945312e+01	6.002769470214843750e+00
5.977735996246337891e+00	2.841433882713317871e-01
2.862026453018188477e+00	3.037335872650146484e+00
9.014357566833496094e+00	8.917204737663269043e-01
1.088156986236572266e+01	3.177275657653808594e+00
1.353155899047851562e+01	2.141176700592041016e+00
1.563639926910400391e+01	5.462192535400390625e+00
6.966900348663330078e+00	-7.080444693565368652e-01
1.588366699218750000e+01	3.721192121505737305e+00
9.735506057739257812e+00	3.111277341842651367e+00
1.044889259338378906e+01	8.446410894393920898e-01
1.391343307495117188e+01	2.104507923126220703e+00
1.480224800109863281e+01	5.584992885589599609e+00
1.619071578979492188e+01	5.121183872222900391e+00
6.073780536651611328e+00	2.183368355035781860e-01
1.184007549285888672e+01	2.037606954574584961e+00
2.449308395385742188e+00	5.136263370513916016e-01
4.440493285655975342e-01	2.350763797760009766e+00
6.214817047119140625e+00	2.363011837005615234e+00
1.140375614166259766e+01	2.467547416687011719e+00
1.072149658203125000e+01	5.700151920318603516e+00
2.297344446182250977e+00	2.047314882278442383e+00
1.532639980316162109e+01	4.599192619323730469e+00
5.304633617401123047e+00	8.950574994087219238e-01
9.872533798217773438e+00	1.013501882553100586e+00
1.304385375976562500e+01	2.734828948974609375e+00
4.967308044433593750e+00	2.170543909072875977e+00
3.129518032073974609e+00	-2.967754192650318146e-02
3.407999038696289062e+00	1.393686771392822266e+00
1.547497367858886719e+01	6.317744731903076172e+00
1.219137001037597656e+01	1.897128224372863770e+00
9.850802421569824219e+00	1.488817691802978516e+00
1.354148197174072266e+01	4.865166187286376953e+00
1.175555992126464844e+01	1.363249182701110840e+00
1.404555606842041016e+01	3.250105142593383789e+00
1.124165439605712891e+01	2.486310482025146484e+00
9.892608642578125000e+00	4.457139410078525543e-03
3.331131041049957275e-01	1.284679651260375977e+00
1.053681945800781250e+01	-1.170569509267807007e-01
1.304371261596679688e+01	2.439920425415039062e+00
-1.059840321540832520e+00	3.398243427276611328e+00
3.938534021377563477e+00	3.130964279174804688e+00
9.889587402343750000e+00	3.297651767730712891e+00
1.040990447998046875e+01	7.784045934677124023e-01
4.601280689239501953e+00	2.593673944473266602e+00
6.161554336547851562e+00	2.100005865097045898e+00
7.628680229187011719e+00	3.665522575378417969e+00
8.916933059692382812e+00	2.186495661735534668e-01
8.337398529052734375e+00	-1.050595119595527649e-01
1.029768657684326172e+01	2.599725961685180664e+00
1.075131893157958984e+01	-1.722612977027893066e-02
3.897264242172241211e+00	2.639954090118408203e+00
1.276507377624511719e+01	2.198034763336181641e+00
1.083090591430664062e+01	2.391164541244506836e+00
1.339425373077392578e+01	4.528032779693603516e+00
1.139405822753906250e+01	1.856888532638549805e+00
5.920473575592041016e+00	-5.089716315269470215e-01
1.311890220642089844e+01	2.209930896759033203e+00
7.129664421081542969e+00	2.047763586044311523e+00
4.798740863800048828e+00	5.509161472320556641e+00
1.263767719268798828e+00	4.687161445617675781e+00
6.222047328948974609e+00	2.087436676025390625e+00
1.274393272399902344e+01	2.912210464477539062e+00
7.798850059509277344e+00	-6.151656061410903931e-02
7.706365585327148438e+00	2.248959302902221680e+00
1.126795196533203125e+01	2.337280750274658203e+00
1.366282939910888672e+01	3.436222314834594727e+00
8.314698219299316406e+00	-2.350215464830398560e-01
1.472606945037841797e+01	6.512123584747314453e+00
7.820042610168457031e+00	2.339736223220825195e+00
1.314850997924804688e+01	3.840831518173217773e-01
8.367057800292968750e+00	2.639531135559082031e+00
1.545949077606201172e+01	3.092098951339721680e+00
1.142196178436279297e+01	4.922545552253723145e-01
5.460749626159667969e+00	6.938827633857727051e-01
8.035652160644531250e+00	1.733714461326599121e+00
1.455225944519042969e+01	1.650505304336547852e+00
9.613141059875488281e+00	2.931074798107147217e-01
5.979778766632080078e+00	5.507169723510742188e+00
8.904746055603027344e+00	1.436119198799133301e+00
1.372637271881103516e+01	2.239296674728393555e+00
1.761578202247619629e+00	5.652885437011718750e-01
1.013531970977783203e+01	2.127299070358276367e+00
8.334833145141601562e+00	1.713426113128662109e+00
1.254784297943115234e+01	1.070015668869018555e+00
1.220240712165832520e+00	2.967555999755859375e+00
1.271483325958251953e+01	1.560208201408386230e-01
-1.197299957275390625e+00	4.430478572845458984e+00
7.024834156036376953e+00	2.642560005187988281e+00
1.158605384826660156e+01	6.372553110122680664e-01
4.960152149200439453e+00	4.353419780731201172e+00
1.083704376220703125e+01	3.348588466644287109e+00
1.681111216545104980e+00	2.549458026885986328e+00
8.065811157226562500e+00	-6.440058946609497070e-01
1.220897865295410156e+01	5.434176921844482422e-01
1.267748451232910156e+01	1.208277463912963867e+00
1.304010772705078125e+01	9.865632057189941406e-01
4.435700893402099609e+00	5.159749984741210938e+00
4.681347846984863281e+00	5.138399124145507812e+00
7.470056056976318359e+00	2.511749565601348877e-01
1.183606910705566406e+01	3.757289648056030273e+00
1.438564491271972656e+01	2.253484249114990234e+00
6.317266941070556641e+00	1.339714527130126953e+00
8.622392654418945312e+00	2.288318395614624023e+00
1.537286949157714844e+01	3.598567008972167969e+00
1.529120922088623047e+00	4.142954349517822266e+00
7.719531536102294922e+00	-7.375295758247375488e-01
5.952376365661621094e+00	1.004817962646484375e+00
1.516767024993896484e+01	3.609730243682861328e+00
7.632153034210205078e+00	1.486950635910034180e+00
1.995917320251464844e+00	1.036154571920633316e-02
2.845760822296142578e+00	-2.507349252700805664e-01
7.293497085571289062e+00	-5.755736827850341797e-01
9.488963127136230469e+00	2.007257938385009766e+00
-1.718004703521728516e+00	4.109288692474365234e+00
1.639851379394531250e+01	5.528739452362060547e+00
1.113374137878417969e+01	4.366788387298583984e+00
1.152651214599609375e+01	2.417695283889770508e+00
3.524328708648681641e+00	-4.592849314212799072e-01
5.008284568786621094e+00	8.269004225730895996e-01
1.276222705841064453e+01	1.017519950866699219e+00
8.482733726501464844e+00	1.385590195655822754e+00
3.941902816295623779e-01	3.321059465408325195e+00
1.328942680358886719e+01	1.189510703086853027e+00
6.361907005310058594e+00	2.671179294586181641e+00
7.027283668518066406e+00	3.784527301788330078e+00
9.385039329528808594e+00	2.343227386474609375e+00
-4.851927757263183594e-01	2.726367950439453125e+00
1.170278358459472656e+01	1.132870078086853027e+00
4.256794452667236328e+00	1.140800714492797852e+00
9.604273796081542969e+00	2.648103952407836914e+00
1.242584824562072754e+00	3.955462872982025146e-01
1.076982212066650391e+01	2.071677923202514648e+00
7.372895240783691406e+00	2.235287189483642578e+00
1.551903438568115234e+01	6.283943653106689453e+00
6.373392581939697266e+00	9.564092159271240234e-01
9.260462760925292969e+00	2.570320129394531250e+00
1.403884029388427734e+01	4.644234657287597656e+00
3.130759239196777344e+00	3.129370927810668945e+00
1.326169967651367188e+01	4.981809139251708984e+00
1.143287658691406250e+01	-8.486941456794738770e-02
7.873877525329589844e+00	-1.871005445718765259e-01
8.380959510803222656e+00	-4.997579455375671387e-01
1.455829048156738281e+01	2.482326507568359375e+00
2.247479915618896484e+00	-6.859361380338668823e-02
1.155678558349609375e+01	5.194087028503417969e-01
9.292993545532226562e+00	2.388380765914916992e+00
8.076732635498046875e+00	6.670426577329635620e-02
1.818422555923461914e+00	1.497858285903930664e+00
1.539725494384765625e+01	3.544607400894165039e+00
5.796945571899414062e+00	8.227468132972717285e-01
8.695487022399902344e+00	1.241327524185180664e+00
1.235253334045410156e+01	7.129345893859863281e+00
1.557226753234863281e+01	6.709770679473876953e+00
9.446828842163085938e+00	-3.069435060024261475e-01
9.412568092346191406e+00	2.397942066192626953e+00
1.800291657447814941e+00	9.470531344413757324e-01
9.213699340820312500e+00	3.084144830703735352e+00
1.423881721496582031e+01	3.174671888351440430e+00
6.662024497985839844e+00	7.227668166160583496e-01
1.307443714141845703e+01	1.802569031715393066e+00
1.411528873443603516e+01	1.334821820259094238e+00
1.134433078765869141e+01	-2.271279245615005493e-01
1.276267242431640625e+01	3.966999769210815430e+00
1.131763744354248047e+01	1.421672582626342773e+00
1.342417526245117188e+01	8.630464076995849609e-01
1.274731254577636719e+01	1.763114690780639648e+00
9.257868766784667969e+00	4.394649863243103027e-01
2.385665178298950195e+00	1.710492014884948730e+00
8.061353683471679688e+00	4.561146795749664307e-01
1.058557319641113281e+01	1.057782173156738281e+00
1.472219181060791016e+01	2.853569984436035156e+00
1.525914573669433594e+01	5.569692134857177734e+00
5.669205665588378906e+00	2.696932792663574219e+00
1.133114337921142578e+01	3.078754901885986328e+00
2.853548526763916016e+00	1.873058080673217773e+00
4.610380649566650391e+00	2.707846879959106445e+00
8.558325767517089844e+00	9.021177887916564941e-01
9.181277275085449219e+00	1.586790084838867188e+00
1.423507308959960938e+01	4.028856754302978516e+00
1.529862213134765625e+01	3.608608007431030273e+00
4.577261447906494141e+00	6.187673807144165039e-01
8.535018920898437500e+00	1.987434387207031250e+00
1.085029315948486328e+01	-2.681456506252288818e-01
1.180190181732177734e+01	1.720582604408264160e+00
5.271006003022193909e-02	1.409646630287170410e+00
-2.090733528137207031e+00	3.989687442779541016e+00
4.276518344879150391e+00	1.304719805717468262e+00
1.524426651000976562e+01	7.339670181274414062e+00
7.615005016326904297e+00	2.476417541503906250e+00
1.482688045501708984e+01	3.629651069641113281e+00
3.755152463912963867e+00	7.083593606948852539e-01
4.658094406127929688e+00	9.103457331657409668e-01
7.983920097351074219e+00	6.779696345329284668e-01
1.550458526611328125e+01	3.296351432800292969e+00
1.275499725341796875e+01	3.341410636901855469e+00
1.382968997955322266e+01	2.871195077896118164e+00
8.386582374572753906e+00	3.251530826091766357e-01
9.583820343017578125e+00	3.253790855407714844e+00
-1.003981590270996094e+00	4.229187965393066406e+00
2.021123886108398438e+00	7.515398859977722168e-01
1.361999225616455078e+01	1.085576534271240234e+00
9.114944458007812500e+00	2.566439390182495117e+00
1.581624126434326172e+01	5.890980243682861328e+00
1.560989761352539062e+01	3.864716291427612305e+00
1.142838954925537109e+01	2.759053707122802734e+00
1.395396518707275391e+01	4.023771286010742188e+00
3.553503274917602539e+00	2.597408056259155273e+00
1.611596107482910156e+01	6.189131259918212891e+00
8.301725387573242188e+00	-7.736356854438781738e-01
8.068447113037109375e+00	2.195611238479614258e+00
7.718398094177246094e+00	-7.695165276527404785e-01
1.115221691131591797e+01	1.862127184867858887e+00
1.094930171966552734e+01	3.042214155197143555e+00
3.352381885051727295e-01	3.959618091583251953e+00
7.789807796478271484e+00	-9.901460409164428711e-01
1.444330215454101562e+01	3.377244472503662109e+00
1.138988876342773438e+01	9.602196812629699707e-01
1.463789176940917969e+01	3.162723302841186523e+00
1.663300991058349609e+00	2.542463779449462891e+00
1.163218402862548828e+01	7.462766170501708984e-01
6.774676322937011719e+00	5.506309032440185547e+00
1.417541503906250000e+01	5.608129024505615234e+00
3.187740087509155273e+00	6.775189638137817383e-01
1.348008155822753906e+01	4.167667865753173828e+00
8.601056098937988281e+00	-3.994214832782745361e-01
1.478435039520263672e+01	3.940859794616699219e+00
1.233908843994140625e+01	2.856297791004180908e-01
8.043326377868652344e+00	1.244537949562072754e+00
1.105907821655273438e+01	1.753295063972473145e+00
9.795212745666503906e+00	4.606418132781982422e+00
1.556116962432861328e+01	6.463379859924316406e+00
1.390821456909179688e+01	4.532882213592529297e+00
1.130296802520751953e+01	6.061512470245361328e+00
9.079526901245117188e+00	2.000816315412521362e-01
-4.401610791683197021e-01	2.436941623687744141e+00
1.107721805572509766e+01	2.398629188537597656e+00
1.004050064086914062e+01	4.246919631958007812e+00
2.249808073043823242e+00	7.099688649177551270e-01
7.020868778228759766e+00	9.462944865226745605e-01
5.972164154052734375e+00	4.878453254699707031e+00
1.586264705657958984e+01	5.302884101867675781e+00
8.108150482177734375e+00	-7.800888270139694214e-02
1.808929085731506348e+00	3.207987785339355469e+00
1.242283916473388672e+01	6.827556610107421875e+00
7.318367004394531250e+00	-4.491108953952789307e-01
1.285606861114501953e+01	1.330341696739196777e+00
1.188516616821289062e+00	2.919208288192749023e+00
7.284974098205566406e+00	8.393428921699523926e-01
9.485666275024414062e+00	1.540407091379165649e-01
1.547355079650878906e+01	4.608550071716308594e+00
5.227004528045654297e+00	1.518392562866210938e+00
9.657293319702148438e+00	2.979291915893554688e+00
1.087720298767089844e+01	1.950920581817626953e+00
1.490058898925781250e+01	6.529932498931884766e+00
7.330105304718017578e+00	1.528586298227310181e-01
8.540154695510864258e-01	3.302943468093872070e+00
4.156790733337402344e+00	9.837144613265991211e-01
2.350721597671508789e+00	7.219457626342773438e-01
9.812881469726562500e+00	2.407174825668334961e+00
7.209687709808349609e+00	1.557095170021057129e+00
1.391659164428710938e+01	7.037391185760498047e+00
1.284959793090820312e+01	4.052809253334999084e-02
4.186144769191741943e-01	4.258433818817138672e+00
9.791282653808593750e+00	1.860539674758911133e+00
1.455390930175781250e+01	2.714229345321655273e+00
1.399349594116210938e+01	2.141022205352783203e+00
8.925107955932617188e+00	8.842967152595520020e-01
1.437831306457519531e+01	5.837571144104003906e+00
9.823173522949218750e+00	-1.853054761886596680e-01
5.649941444396972656e+00	1.128293752670288086e+00
1.417044830322265625e+01	6.133163452148437500e+00
1.259204000234603882e-01	3.463743209838867188e+00
3.957396745681762695e+00	1.150106415152549744e-01
1.186920547485351562e+01	1.069100260734558105e+00
9.987308382987976074e-01	7.528936862945556641e-01
1.403432083129882812e+01	4.438591480255126953e+00
4.079844474792480469e+00	2.447322845458984375e+00
1.438038349151611328e+01	1.813561320304870605e+00
1.543367195129394531e+01	5.763801574707031250e+00
1.390992450714111328e+01	2.876295089721679688e+00
1.433236598968505859e+01	6.387660980224609375e+00
1.240105819702148438e+01	6.003153324127197266e+00
1.589542031288146973e+00	1.257709741592407227e+00
1.372403717041015625e+01	2.433286666870117188e+00
1.303988265991210938e+01	2.600826501846313477e+00
3.207883238792419434e-01	5.169694900512695312e+00
1.208587741851806641e+01	6.381878376007080078e+00
1.054826068878173828e+01	4.682216644287109375e+00
3.642710745334625244e-01	3.337710142135620117e+00
-1.048406362533569336e+00	3.365355968475341797e+00
1.414981269836425781e+01	2.410482645034790039e+00
1.045798969268798828e+01	4.097313404083251953e+00
1.136971855163574219e+01	4.724533081054687500e+00
9.315588951110839844e+00	3.775056004524230957e-01
-5.171226803213357925e-03	4.112137317657470703e+00
-1.353862643241882324e+00	4.394075393676757812e+00
5.275506973266601562e-01	3.843548774719238281e+00
9.966679573059082031e+00	2.284011125564575195e+00
1.424133872985839844e+01	4.476284503936767578e+00
1.407305598258972168e+00	5.495588779449462891e+00
1.058736324310302734e+01	2.465813636779785156e+00
4.431833326816558838e-01	2.499780416488647461e+00
1.035165691375732422e+01	-4.828622937202453613e-01
2.330580949783325195e+00	4.946149885654449463e-01
7.192619800567626953e+00	1.775214910507202148e+00
7.893875598907470703e+00	-9.185352921485900879e-01
1.227912521362304688e+01	3.075398921966552734e+00
1.166216087341308594e+01	2.360088825225830078e+00
5.758707523345947266e-01	3.328761816024780273e+00
-2.189285010099411011e-01	3.854035377502441406e+00
5.457983493804931641e+00	3.908392667770385742e+00
9.653260231018066406e+00	5.453773960471153259e-02
8.854423522949218750e+00	1.718476057052612305e+00
1.574913883209228516e+01	3.990412950515747070e+00
1.447447681427001953e+01	5.097145080566406250e+00
8.683259010314941406e+00	3.371726036071777344e+00
1.303057384490966797e+01	4.247375011444091797e+00
3.989396572113037109e+00	-5.159246921539306641e-01
1.195528602600097656e+01	3.454757630825042725e-01
8.606674194335937500e+00	8.425217866897583008e-01
1.617771720886230469e+01	4.840574741363525391e+00
5.942205429077148438e+00	-7.522152066230773926e-01
8.335723876953125000e+00	1.777179837226867676e-01
1.162771224975585938e+01	-7.370631396770477295e-02
1.470329475402832031e+01	1.907009482383728027e+00
1.447810459136962891e+01	3.508366823196411133e+00
7.976357936859130859e+00	5.019785165786743164e-01
9.380517959594726562e+00	2.901618957519531250e+00
1.396471309661865234e+01	2.527686357498168945e+00
3.143891096115112305e+00	4.298619031906127930e-01
3.738425731658935547e+00	2.547915458679199219e+00
1.341677665710449219e+01	1.606456279754638672e+00
-2.702892720699310303e-01	1.680538058280944824e+00
3.001895189285278320e+00	2.948192596435546875e+00
5.668365478515625000e+00	6.596407890319824219e-01
1.217761516571044922e+01	2.472108840942382812e+00
1.406713581085205078e+01	1.893337488174438477e+00
4.779108047485351562e+00	2.190516233444213867e+00
1.118630313873291016e+01	4.105668544769287109e+00
7.607532978057861328e+00	2.710198402404785156e+00
1.088008689880371094e+01	1.085604071617126465e+00
1.402415657043457031e+01	4.047792434692382812e+00
1.153524684906005859e+01	4.175756931304931641e+00
1.200110816955566406e+01	-3.682178854942321777e-01
7.970095634460449219e+00	1.101654410362243652e+00
1.324935436248779297e+01	2.498137950897216797e+00
2.323431730270385742e+00	2.591312646865844727e+00
1.307531356811523438e+01	3.280311107635498047e+00
-1.074054241180419922e+00	3.109095096588134766e+00
8.922472000122070312e+00	6.013492345809936523e-01
5.854374408721923828e+00	9.081153869628906250e-01
1.773722052574157715e+00	3.850467920303344727e+00
6.613967418670654297e+00	1.493554711341857910e+00
3.541093111038208008e+00	2.211815834045410156e+00
9.908802032470703125e+00	3.408899307250976562e-01
1.261841297149658203e+01	-1.737244799733161926e-02
1.387690258026123047e+01	1.919962048530578613e+00
1.523788070678710938e+01	5.183954238891601562e+00
1.006675910949707031e+01	4.054365634918212891e+00
5.741277217864990234e+00	2.338360309600830078e+00
1.536354541778564453e+01	5.411657810211181641e+00
1.157080364227294922e+01	2.985102415084838867e+00
1.482417774200439453e+01	4.329416275024414062e+00
5.511109828948974609e+00	4.615270614624023438e+00
1.530795478820800781e+01	4.208097934722900391e+00
1.257096672058105469e+01	2.564125359058380127e-01
9.043162345886230469e+00	-7.425181269645690918e-01
1.193616008758544922e+01	4.908484458923339844e+00
1.278213977813720703e+00	3.356217384338378906e+00
6.072500705718994141e+00	2.108752965927124023e+00
4.454405784606933594e+00	1.781770348548889160e+00
1.573177933692932129e+00	1.772232651710510254e+00
1.120018672943115234e+01	-2.063453644514083862e-01
6.287774085998535156e+00	4.124958992004394531e+00
1.425618886947631836e+00	2.769717454910278320e+00
1.528335475921630859e+01	3.046741485595703125e+00
1.357698726654052734e+01	1.626174807548522949e+00
5.743321418762207031e+00	-7.430174946784973145e-01
3.269798040390014648e+00	-2.729130983352661133e-01
1.451809024810791016e+01	1.525029778480529785e+00
8.962529182434082031e+00	1.270088076591491699e+00
6.802842140197753906e+00	2.313894927501678467e-01
6.601043224334716797e+00	1.018370389938354492e+00
1.250438117980957031e+01	3.732432603836059570e+00
2.321285486221313477e+00	3.491191565990447998e-01
6.528496742248535156e+00	7.939662337303161621e-01
9.595743179321289062e+00	5.354094982147216797e+00
4.714728832244873047e+00	3.569850206375122070e+00
-3.538806438446044922e-01	2.349186420440673828e+00
9.973436355590820312e+00	1.683457612991333008e+00
4.249848365783691406e+00	2.842018127441406250e+00
9.728653907775878906e+00	3.119023084640502930e+00
-1.298981308937072754e+00	3.054213762283325195e+00
7.099625110626220703e+00	4.138986587524414062e+00
3.577436208724975586e+00	-3.572652339935302734e-01
1.620264053344726562e+01	5.258478164672851562e+00
1.065929222106933594e+01	1.986966580152511597e-01
8.174403190612792969e+00	2.992330789566040039e+00
1.217658233642578125e+01	2.134693861007690430e+00
9.945587158203125000e+00	1.588171482086181641e+00
1.913980603218078613e+00	1.173365592956542969e+00
7.163421154022216797e+00	3.965187668800354004e-01
2.359451532363891602e+00	3.217117786407470703e+00
1.226904392242431641e+01	1.236615657806396484e+00
1.205131149291992188e+01	2.915412902832031250e+00
1.749521970748901367e+00	2.981893301010131836e+00
6.375148296356201172e+00	4.863658547401428223e-01
1.385008430480957031e+01	1.659835219383239746e+00
7.713368892669677734e+00	3.175616264343261719e+00
1.483396530151367188e+01	5.927332401275634766e+00
1.325629520416259766e+01	3.496592283248901367e+00
8.616996765136718750e+00	2.861950159072875977e+00
1.192529201507568359e+01	1.982750654220581055e+00
7.644994258880615234e+00	1.438449978828430176e+00
1.482020378112792969e+01	4.745678901672363281e+00
6.436452388763427734e+00	9.688718914985656738e-01
1.151666450500488281e+01	6.512609481811523438e+00
7.499558925628662109e+00	6.943796873092651367e-01
9.560672760009765625e+00	1.461491346359252930e+00
1.579113292694091797e+01	5.785046100616455078e+00
3.697965621948242188e+00	3.010589182376861572e-01
6.712809085845947266e+00	9.512397646903991699e-01
1.230763530731201172e+01	3.647522687911987305e+00
1.412894630432128906e+01	3.266311407089233398e+00
1.076689243316650391e+01	5.853584766387939453e+00
8.857604980468750000e+00	1.038576841354370117e+00
1.556300735473632812e+01	5.230421543121337891e+00
1.000571823120117188e+01	6.442367434501647949e-01
2.997311830520629883e+00	2.323585033416748047e+00
1.290535545349121094e+01	4.240667343139648438e+00
3.070100307464599609e+00	2.945348434150218964e-02
1.552110195159912109e+01	6.437115192413330078e+00
1.026917362213134766e+01	2.125171899795532227e+00
5.384926795959472656e+00	9.033806324005126953e-01
1.077259731292724609e+01	2.239229440689086914e+00
6.197474479675292969e+00	1.280611306428909302e-01
1.206660175323486328e+01	1.474966168403625488e+00
1.457824993133544922e+01	5.578305244445800781e+00
1.350054645538330078e+01	5.706403255462646484e+00
1.128341484069824219e+01	7.695777416229248047e-01
1.602302551269531250e+01	5.731316089630126953e+00
-1.433497667312622070e+00	4.536018371582031250e+00
1.111462974548339844e+01	1.775772452354431152e+00
1.416044139862060547e+01	6.658807277679443359e+00
1.327069664001464844e+01	4.536451339721679688e+00
5.531277179718017578e+00	1.685593008995056152e+00
7.774255275726318359e+00	3.287882730364799500e-02
9.533068656921386719e+00	8.167487382888793945e-01
8.648054122924804688e+00	4.842730239033699036e-02
1.429157543182373047e+01	3.294542789459228516e+00
1.215169143676757812e+01	3.210252285003662109e+00
8.409394264221191406e+00	2.841464281082153320e+00
1.417764472961425781e+01	2.827179431915283203e+00
1.776046156883239746e+00	3.799111127853393555e+00
1.877548098564147949e-01	1.537303090095520020e+00
-3.088538646697998047e-01	2.394820451736450195e+00
1.397784328460693359e+01	2.303103208541870117e+00
5.070378780364990234e+00	5.214734077453613281e+00
6.430622100830078125e+00	2.215982913970947266e+00
1.085051345825195312e+01	-2.727947011590003967e-02
1.242007350921630859e+01	1.455614805221557617e+00
1.585136127471923828e+01	5.313324451446533203e+00
1.390307140350341797e+01	2.707010746002197266e+00
5.501937389373779297e+00	2.364097356796264648e+00
2.082133054733276367e+00	4.479701519012451172e+00
1.326552104949951172e+01	1.673900485038757324e+00
1.180211925506591797e+01	2.476226806640625000e+00
1.324330806732177734e+01	2.975736379623413086e+00
1.201433563232421875e+01	4.236344337463378906e+00
2.768982410430908203e+00	3.497442960739135742e+00
1.403845691680908203e+01	2.362129211425781250e+00
1.459276676177978516e+01	5.960191249847412109e+00
1.036609840393066406e+01	4.281698226928710938e+00
1.428355884552001953e+01	3.546736001968383789e+00
7.342627525329589844e+00	4.647478103637695312e+00
4.521759510040283203e+00	1.924440026283264160e+00
4.919854640960693359e+00	7.007135152816772461e-01
1.327284717559814453e+01	1.828516721725463867e+00
1.143891906738281250e+01	7.397330403327941895e-01
1.415164852142333984e+01	3.912734508514404297e+00
1.520315551757812500e+01	6.809180736541748047e+00
8.531147003173828125e+00	1.909143686294555664e+00
2.197603702545166016e+00	1.575153708457946777e+00
8.185796737670898438e+00	1.945266246795654297e+00
1.521661376953125000e+01	3.204472303390502930e+00
1.217042636871337891e+01	5.978474140167236328e+00
1.167838954925537109e+01	5.244026780128479004e-01
8.607114791870117188e+00	6.252511143684387207e-01
1.249675941467285156e+01	3.396446228027343750e+00
-1.144506454467773438e+00	4.826519012451171875e+00
1.571551513671875000e+01	6.509450912475585938e+00
5.315092086791992188e+00	1.286774396896362305e+00
1.504847240447998047e+01	4.067046165466308594e+00
1.237082386016845703e+01	5.025828361511230469e+00
5.613410949707031250e+00	2.101243257522583008e+00
1.303167247772216797e+01	3.595617055892944336e+00
6.400694847106933594e+00	9.367129802703857422e-01
1.165910243988037109e+01	2.036667823791503906e+00
1.246930217742919922e+01	6.261754989624023438e+00
1.529429626464843750e+01	4.705341339111328125e+00
1.209143447875976562e+01	3.109876155853271484e+00
6.409680843353271484e+00	1.477210760116577148e+00
2.963454723358154297e+00	-1.852104812860488892e-01
1.459167098999023438e+01	2.785650968551635742e+00
1.388063812255859375e+01	2.755194425582885742e+00
3.349082231521606445e+00	3.068143129348754883e-01
1.017461109161376953e+01	3.083413362503051758e+00
1.092254257202148438e+01	5.311689376831054688e-01
1.041380786895751953e+01	1.846755266189575195e+00
1.022152614593505859e+01	1.248875737190246582e+00
1.032337427139282227e+00	2.626561403274536133e+00
3.595735073089599609e+00	1.572449058294296265e-01
1.072819519042968750e+01	4.923772513866424561e-01
7.929665565490722656e+00	-7.374889850616455078e-01
2.852625370025634766e+00	4.908028602600097656e+00
1.139507770538330078e+01	2.972934246063232422e+00
5.375928878784179688e-01	3.554219722747802734e+00
1.629632759094238281e+01	5.896576404571533203e+00
1.204355144500732422e+01	3.963130235671997070e+00
1.516939830780029297e+01	5.325399398803710938e+00
8.500044822692871094e+00	3.128555059432983398e+00
1.189286708831787109e+01	4.288838863372802734e+00
1.196178436279296875e+01	4.961113452911376953e+00
2.794119417667388916e-01	3.932340860366821289e+00
6.322948455810546875e+00	2.173305034637451172e+00
-1.530363321304321289e+00	4.838695049285888672e+00
9.519229531288146973e-01	1.212628006935119629e+00
4.526356697082519531e+00	2.587779760360717773e+00
1.624071884155273438e+01	5.370250225067138672e+00
6.291739940643310547e+00	4.674163818359375000e+00
1.358158779144287109e+01	2.667052984237670898e+00
1.198925971984863281e+01	8.129737377166748047e-01
1.389654922485351562e+01	6.383877277374267578e+00
4.661853313446044922e+00	1.476674318313598633e+00
1.485960483551025391e+01	5.940784931182861328e+00
1.120583343505859375e+01	1.456168055534362793e+00
4.181143283843994141e+00	2.508655548095703125e+00
1.268147182464599609e+01	2.650150775909423828e+00
9.618548393249511719e+00	9.909706115722656250e-01
9.986139297485351562e+00	8.312721252441406250e-01
1.571297836303710938e+01	4.450243949890136719e+00
6.095820426940917969e+00	2.137307167053222656e+00
4.928661346435546875e+00	2.849091529846191406e+00
3.077486276626586914e+00	1.617242693901062012e+00
1.252112960815429688e+01	1.426712036132812500e+00
6.227619171142578125e+00	4.419621527194976807e-01
6.964628219604492188e+00	9.328697323799133301e-01
8.415389060974121094e+00	3.667005062103271484e+00
9.070235252380371094e+00	9.535859227180480957e-01
5.134668827056884766e+00	4.846852302551269531e+00
1.558913326263427734e+01	3.481367826461791992e+00
3.280788183212280273e+00	2.348327636718750000e+00
7.150781154632568359e+00	1.021607160568237305e+00
1.460491466522216797e+01	3.060664892196655273e+00
-1.688076108694076538e-01	3.819785356521606445e+00
9.600102424621582031e+00	1.334466338157653809e+00
1.313930034637451172e+01	1.652460455894470215e+00
4.042242527008056641e+00	2.809870958328247070e+00
8.764030456542968750e+00	5.760760784149169922e+00
9.675243377685546875e+00	2.133468389511108398e+00
1.472970962524414062e+01	4.237707138061523438e+00
-1.614856839179992676e+00	4.370272159576416016e+00
1.437609004974365234e+01	3.349622249603271484e+00
5.554385185241699219e+00	4.903825223445892334e-01
3.732006788253784180e+00	2.214404582977294922e+00
1.305588722229003906e+01	7.451681613922119141e+00
1.210262107849121094e+01	6.606846332550048828e+00
2.845215559005737305e+00	3.078839778900146484e+00
1.558492851257324219e+01	5.241398334503173828e+00
1.312090110778808594e+01	4.744791984558105469e+00
3.630170598626136780e-02	1.704477190971374512e+00
1.583136558532714844e+01	4.976119995117187500e+00
9.273228645324707031e+00	4.761394023895263672e+00
9.356400489807128906e+00	3.069607019424438477e+00
1.120541572570800781e+01	2.773966073989868164e+00
4.045128345489501953e+00	2.324615955352783203e+00
1.502609157562255859e+01	2.443034648895263672e+00
1.434858226776123047e+01	2.371589183807373047e+00
-5.543125867843627930e-01	4.995926380157470703e+00
1.141024017333984375e+01	2.547008275985717773e+00
1.038046646118164062e+01	2.185191154479980469e+00
1.481612682342529297e+01	7.036192893981933594e+00
-2.687986373901367188e+00	5.356806755065917969e+00
7.293392658233642578e+00	3.740923166275024414e+00
1.399151325225830078e+01	3.770836830139160156e+00
1.479979801177978516e+01	4.733328819274902344e+00
1.566851520538330078e+01	5.354022026062011719e+00
1.058763408660888672e+01	4.876061975955963135e-01
1.367343711853027344e+01	3.713427305221557617e+00
9.980459213256835938e+00	4.096171379089355469e+00
9.503392219543457031e+00	2.661335706710815430e+00
1.017412853240966797e+01	7.141754627227783203e-01
1.388809490203857422e+01	6.427741527557373047e+00
1.097574806213378906e+01	1.414546370506286621e+00
1.011088180541992188e+01	3.530883789062500000e+00
1.265294456481933594e+01	1.946187734603881836e+00
1.275565814971923828e+01	5.745248317718505859e+00
1.218908023834228516e+01	1.227038741111755371e+00
1.262992191314697266e+01	2.685789823532104492e+00
7.200066089630126953e+00	3.408388853073120117e+00
4.942713260650634766e+00	5.084262847900390625e+00
1.443302822113037109e+01	7.407588005065917969e+00
1.343055915832519531e+01	1.509778976440429688e+00
4.239694476127624512e-01	1.760218381881713867e+00
1.345397090911865234e+01	2.655119180679321289e+00
1.261485576629638672e+01	6.885362148284912109e+00
1.507867145538330078e+01	7.552864551544189453e+00
1.182145023345947266e+01	3.249162197113037109e+00
9.197026252746582031e+00	6.455758213996887207e-02
1.251166439056396484e+01	2.261244297027587891e+00
1.260330104827880859e+01	5.709711909294128418e-01
5.440652966499328613e-01	1.541808843612670898e+00
5.743848800659179688e+00	5.244885683059692383e-01
1.357180500030517578e+01	3.357928991317749023e+00
3.802973270416259766e+00	2.468253374099731445e+00
1.224913501739501953e+01	1.608167052268981934e+00
1.136015129089355469e+01	2.177709579467773438e+00
8.114680290222167969e+00	8.094734549522399902e-01
1.302069473266601562e+01	1.484989643096923828e+00
-9.384270906448364258e-01	2.561184167861938477e+00
5.667440414428710938e+00	1.478328257799148560e-01
-1.053882598876953125e+00	2.930258989334106445e+00
1.309269905090332031e+01	6.312064170837402344e+00
1.434375572204589844e+01	4.497395038604736328e+00
1.414691066741943359e+01	2.264966964721679688e+00
1.561838531494140625e+01	4.789840698242187500e+00
7.521493911743164062e+00	1.473896354436874390e-01
7.482171058654785156e-02	2.476379156112670898e+00
6.128762245178222656e+00	1.394590616226196289e+00
1.890303969383239746e+00	8.252220153808593750e-01
2.067527532577514648e+00	4.223017692565917969e+00
8.768071174621582031e+00	1.527650952339172363e+00
9.160921096801757812e+00	5.341970443725585938e+00
8.827330589294433594e+00	9.305439591407775879e-01
2.497928380966186523e+00	-1.951874345541000366e-01
3.062369585037231445e+00	1.991154074668884277e+00
1.254092216491699219e+01	3.812189579010009766e+00
1.463305854797363281e+01	2.463040113449096680e+00
3.965706825256347656e+00	8.889700770378112793e-01
8.753829002380371094e+00	7.190360426902770996e-01
3.730732679367065430e+00	8.326681256294250488e-01
1.058433175086975098e+00	3.636544942855834961e+00
8.435226440429687500e+00	3.367725610733032227e+00
1.637564301490783691e+00	3.987884998321533203e+00
1.074795913696289062e+01	2.523047924041748047e+00
5.685264110565185547e+00	-1.138301119208335876e-01
7.419076919555664062e+00	1.007794141769409180e+00
7.883022308349609375e+00	-6.295408010482788086e-01
2.854212760925292969e+00	4.547402560710906982e-01
1.545862865447998047e+01	3.170668363571166992e+00
1.596922111511230469e+01	6.287879943847656250e+00
2.903147339820861816e-01	1.242188930511474609e+00
1.307950305938720703e+01	1.183312654495239258e+00
9.206375122070312500e+00	-1.577758491039276123e-01
9.090719223022460938e+00	5.177893638610839844e+00
1.196740531921386719e+01	3.512331962585449219e+00
6.634675502777099609e+00	-5.948526784777641296e-03
2.123830080032348633e+00	3.227335453033447266e+00
1.314318275451660156e+01	1.088597416877746582e+00
1.821468949317932129e+00	5.225560069084167480e-01
5.092736482620239258e-01	9.535676240921020508e-01
1.085224342346191406e+01	1.038946390151977539e+00
2.864320516586303711e+00	4.977060794830322266e+00
-3.501581549644470215e-01	1.578162670135498047e+00
8.760236740112304688e+00	1.177102208137512207e+00
9.504592895507812500e+00	3.035132408142089844e+00
1.575885009765625000e+01	4.126638889312744141e+00
1.413237285614013672e+01	2.054612636566162109e+00
1.430512237548828125e+01	6.296967506408691406e+00
2.677462816238403320e+00	1.761850118637084961e+00
1.413367557525634766e+01	4.053929328918457031e+00
3.758729457855224609e+00	2.819293737411499023e+00
4.678770065307617188e+00	3.077027559280395508e+00
7.735203742980957031e+00	1.221116185188293457e+00
1.326058101654052734e+01	7.302828788757324219e+00
8.162449836730957031e+00	3.434292554855346680e+00
1.083942127227783203e+01	1.758548855781555176e+00
9.481069564819335938e+00	2.076442718505859375e+00
1.034326362609863281e+01	1.668987870216369629e+00
1.314477348327636719e+01	5.954428672790527344e+00
6.962718367576599121e-01	9.941843152046203613e-01
4.469004273414611816e-01	2.718232870101928711e+00
6.397406578063964844e+00	1.440937161445617676e+00
1.184340476989746094e+01	8.078206181526184082e-01
5.062531948089599609e+00	2.725277423858642578e+00
1.959918856620788574e+00	4.518675804138183594e+00
4.642048358917236328e+00	2.219162225723266602e+00
1.216415405273437500e+01	2.793006896972656250e+00
1.509047508239746094e+01	3.256103277206420898e+00
3.236794948577880859e+00	2.171551942825317383e+00
1.098658847808837891e+01	3.683414459228515625e-01
1.217130184173583984e+01	-2.478386759757995605e-01
6.495922565460205078e+00	1.772387981414794922e+00
1.448960781097412109e+01	2.112954854965209961e+00
-8.560879826545715332e-01	2.600641250610351562e+00
1.478839492797851562e+01	4.883961200714111328e+00
1.534969711303710938e+01	5.398355007171630859e+00
7.893495559692382812e+00	5.531396865844726562e+00
1.205714893341064453e+01	4.855620861053466797e+00
1.564878845214843750e+01	6.337815761566162109e+00
4.301928043365478516e+00	1.485774040222167969e+00
1.021729373931884766e+01	4.819749355316162109e+00
1.121571063995361328e+00	3.746444702148437500e+00
1.248806667327880859e+01	4.315061092376708984e+00
1.353072738647460938e+01	1.776890873908996582e+00
7.274420261383056641e+00	2.602450847625732422e+00
1.409279251098632812e+01	2.505218029022216797e+00
4.954831123352050781e+00	1.943899750709533691e+00
2.725877523422241211e+00	-4.018146544694900513e-02
4.683368206024169922e+00	2.082003355026245117e+00
1.206190681457519531e+01	3.357306122779846191e-02
6.128567695617675781e+00	-3.406929075717926025e-01
1.472592926025390625e+01	4.582673072814941406e+00
1.453485202789306641e+01	7.291730403900146484e+00
1.185765647888183594e+01	6.752816438674926758e-01
4.673019886016845703e+00	3.066032409667968750e+00
1.501590728759765625e+01	2.656600713729858398e+00
5.178600311279296875e+00	5.510411262512207031e+00
-7.082651257514953613e-01	2.220253229141235352e+00
1.548931598663330078e+01	5.504428863525390625e+00
4.323348522186279297e+00	1.869456648826599121e+00
4.066764831542968750e+00	3.151195287704467773e+00
7.405509471893310547e+00	1.379364848136901855e+00
1.087541103363037109e+00	4.525647163391113281e+00
9.079786300659179688e+00	2.082570075988769531e+00
8.254981994628906250e+00	9.030645489692687988e-01
2.932727098464965820e+00	-1.873950958251953125e-01
8.770477294921875000e+00	3.088945865631103516e+00
4.031968593597412109e+00	3.225089550018310547e+00
9.515306472778320312e+00	6.086367368698120117e-01
9.774620056152343750e+00	2.315680265426635742e+00
1.214410305023193359e+01	1.985733509063720703e+00
1.229184436798095703e+01	1.378183126449584961e+00
1.463772487640380859e+01	2.032523632049560547e+00
9.036520957946777344e+00	1.284264683723449707e+00
6.452673435211181641e+00	2.424667358398437500e+00
7.987349510192871094e+00	2.643265128135681152e-01
7.111561775207519531e+00	2.990428447723388672e+00
3.972593784332275391e+00	7.457620501518249512e-01
1.239149475097656250e+01	4.084507942199707031e+00
1.209153938293457031e+01	1.751401305198669434e+00
1.170091056823730469e+01	2.095598459243774414e+00
8.487072944641113281e+00	1.089820146560668945e+00
1.391050910949707031e+01	2.420162916183471680e+00
8.344218254089355469e+00	-1.195007681846618652e+00
6.362567901611328125e+00	1.030169367790222168e+00
6.042401492595672607e-02	2.963360071182250977e+00
1.252863693237304688e+01	1.388188302516937256e-01
5.226241111755371094e+00	3.212273836135864258e+00
6.840443611145019531e+00	2.621148109436035156e+00
1.466376304626464844e+01	3.930865049362182617e+00
-3.453162610530853271e-01	4.279663562774658203e+00
1.436264801025390625e+01	2.570087909698486328e+00
1.253364086151123047e+01	3.022902965545654297e+00
1.436972618103027344e+01	3.059678077697753906e+00
1.217698287963867188e+01	9.441469907760620117e-01
8.411611557006835938e+00	1.191382765769958496e+00
1.242608737945556641e+01	2.558426380157470703e+00
1.024686813354492188e+01	7.411783933639526367e-01
1.350419521331787109e+01	1.421299934387207031e+00
1.077119159698486328e+01	3.875693798065185547e+00
1.085779953002929688e+01	3.934770345687866211e+00
9.112082481384277344e+00	1.133412361145019531e+00
1.197193336486816406e+01	6.262609958648681641e-01
-2.348379611968994141e+00	4.435370445251464844e+00
6.882730007171630859e+00	-2.403538227081298828e-01
8.534051895141601562e+00	1.559225559234619141e+00
8.738081932067871094e+00	3.970226049423217773e+00
7.269013404846191406e+00	2.580706775188446045e-01
1.284274864196777344e+01	7.258023738861083984e+00
1.487311267852783203e+01	7.466292858123779297e+00
1.291692733764648438e+01	5.487117290496826172e+00
1.012640285491943359e+01	5.652594566345214844e-01
1.525221347808837891e+01	6.068350315093994141e+00
6.699588775634765625e+00	1.828109502792358398e+00
8.880850791931152344e+00	-4.487578272819519043e-01
1.201357936859130859e+01	2.434424161911010742e+00
9.076684951782226562e+00	-6.522429585456848145e-01
1.237327575683593750e+01	3.359750986099243164e+00
1.261784744262695312e+01	1.972471237182617188e+00
1.346735191345214844e+01	3.487064123153686523e+00
4.518300056457519531e+00	4.998001575469970703e+00
3.578119039535522461e+00	2.792820930480957031e+00
1.088649940490722656e+01	3.707127571105957031e+00
4.582802206277847290e-02	2.985662460327148438e+00
1.378147125244140625e+01	2.346639394760131836e+00
-1.582050442695617676e+00	2.967821121215820312e+00
8.478651046752929688e+00	4.525745391845703125e+00
1.297833061218261719e+01	3.048449754714965820e-01
1.095480728149414062e+01	1.066016435623168945e+00
2.840954065322875977e-01	2.856441736221313477e+00
5.440768241882324219e+00	6.012084484100341797e-01
6.445258140563964844e+00	4.351123332977294922e+00
7.957194328308105469e+00	3.365556955337524414e+00
8.137262344360351562e+00	1.869308948516845703e+00
8.887939453125000000e+00	-1.329793184995651245e-01
1.028935050964355469e+01	1.569707751274108887e+00
1.399040985107421875e+01	3.355607748031616211e+00
9.420927047729492188e+00	3.530019223690032959e-01
9.500664710998535156e+00	-4.315293431282043457e-01
1.319454097747802734e+01	3.878071308135986328e+00
6.695602416992187500e+00	3.815965950489044189e-01
1.471900367736816406e+01	3.943336963653564453e+00
1.405468559265136719e+01	2.570775508880615234e+00
2.549621105194091797e+00	1.020763278007507324e+00
1.181794643402099609e+01	1.820297002792358398e+00
5.058161258697509766e+00	5.050777912139892578e+00
6.483593940734863281e+00	2.572077274322509766e+00
8.589840888977050781e+00	4.288907349109649658e-01
1.327804565429687500e+01	2.234792947769165039e+00
5.813699245452880859e+00	1.230288386344909668e+00
1.553459453582763672e+01	3.883742332458496094e+00
1.146141719818115234e+01	4.381840229034423828e+00
9.646038055419921875e+00	1.329888224601745605e+00
1.014205837249755859e+01	6.091544151306152344e+00
1.487475872039794922e+01	6.224690437316894531e+00
1.096884346008300781e+01	4.515335083007812500e+00
7.466162681579589844e+00	1.530770540237426758e+00
5.474195003509521484e+00	2.657594680786132812e+00
1.430436420440673828e+01	3.907316207885742188e+00
2.363445281982421875e+00	1.015999436378479004e+00
7.814778804779052734e+00	4.281123161315917969e+00
-1.784644365310668945e+00	3.448809623718261719e+00
4.340390205383300781e+00	-1.466008126735687256e-01
1.181856155395507812e+00	3.761573076248168945e+00
9.014430999755859375e+00	3.966989278793334961e+00
2.021895647048950195e-01	2.518972158432006836e+00
1.106765651702880859e+01	3.518376350402832031e+00
-1.265692830085754395e+00	4.068660736083984375e+00
-8.741917610168457031e-01	4.575588703155517578e+00
1.476837921142578125e+01	4.842700481414794922e+00
8.000274658203125000e+00	2.894389390945434570e+00
1.123222827911376953e+01	3.882161378860473633e+00
1.387140560150146484e+01	4.802625656127929688e+00
1.483799743652343750e+01	3.566426992416381836e+00
1.107398128509521484e+01	1.475581049919128418e+00
6.706726074218750000e+00	2.676032304763793945e+00
8.527001380920410156e+00	2.614465236663818359e+00
3.865916490554809570e+00	2.947898149490356445e+00
1.210437870025634766e+01	3.477161169052124023e+00
1.071696472167968750e+01	2.947458028793334961e-01
1.144962501525878906e+01	3.865714550018310547e+00
1.105331516265869141e+01	6.018746376037597656e+00
3.950414180755615234e+00	2.496142625808715820e+00
2.785749733448028564e-01	4.601562023162841797e+00
7.261732101440429688e+00	3.897535324096679688e+00
9.385773658752441406e+00	-2.583929896354675293e-01
-2.526895999908447266e+00	5.075231552124023438e+00
1.175970745086669922e+01	5.853013992309570312e-01
7.089770793914794922e+00	3.516573011875152588e-01
1.541769027709960938e+01	4.750341892242431641e+00
1.183078670501708984e+01	6.121708154678344727e-01
1.339290618896484375e+01	1.448814034461975098e+00
6.538866043090820312e+00	1.314487814903259277e+00
2.738367557525634766e+00	5.663485050201416016e+00
1.110665702819824219e+01	2.620921134948730469e+00
7.343780040740966797e+00	8.885554671287536621e-01
1.782531023025512695e+00	3.746736288070678711e+00
1.244020938873291016e+01	4.739809632301330566e-01
1.101596260070800781e+01	2.554478645324707031e+00
1.133790302276611328e+01	1.994013488292694092e-01
1.346963882446289062e+00	4.500854492187500000e+00
1.008883237838745117e+00	2.253653526306152344e+00
1.074404001235961914e+00	2.663698196411132812e+00
1.131405639648437500e+01	2.094966173171997070e+00
4.563868641853332520e-01	8.952811956405639648e-01
6.438899993896484375e+00	8.475030660629272461e-01
8.961899757385253906e+00	2.151481628417968750e+00
1.414759731292724609e+01	7.366307258605957031e+00
1.474617862701416016e+01	6.561571598052978516e+00
8.493491172790527344e+00	2.188244581222534180e+00
1.327769279479980469e+01	3.807750701904296875e+00
1.364796733856201172e+01	6.118882656097412109e+00
6.599422931671142578e+00	2.206715583801269531e+00
1.771164126694202423e-03	3.384591341018676758e+00
1.439774036407470703e+01	7.440703868865966797e+00
1.272987174987792969e+01	2.876433134078979492e+00
1.299596691131591797e+01	4.703131198883056641e+00
3.946983098983764648e+00	1.867972135543823242e+00
-1.475662231445312500e+00	3.550837755203247070e+00
1.275940990447998047e+01	4.314751625061035156e+00
1.132615089416503906e+00	2.576605081558227539e+00
3.516773283481597900e-01	3.965227365493774414e+00
2.355096101760864258e+00	1.862274169921875000e+00
6.008801460266113281e+00	1.903452873229980469e+00
-1.550506830215454102e+00	3.730578899383544922e+00
1.230129337310791016e+01	2.478545665740966797e+00
1.421619892120361328e+01	3.139475345611572266e+00
6.300091743469238281e+00	-2.320739030838012695e-01
7.815168380737304688e+00	2.149246931076049805e+00
1.419625759124755859e+01	1.824069142341613770e+00
1.252496910095214844e+01	5.497842788696289062e+00
1.283106517791748047e+01	2.841181993484497070e+00
1.302011585235595703e+01	3.302087783813476562e+00
1.382498741149902344e+01	6.641415119171142578e+00
1.171459960937500000e+01	5.176371097564697266e+00
1.207358956336975098e+00	3.588937044143676758e+00
7.599655151367187500e+00	3.952940702438354492e+00
1.332839775085449219e+01	2.162912130355834961e+00
8.452810287475585938e+00	3.554796218872070312e+00
1.877646088600158691e+00	2.955633163452148438e+00
5.509317398071289062e+00	5.393722057342529297e+00
3.755945682525634766e+00	-3.116475343704223633e-01
1.585957527160644531e+01	6.155897140502929688e+00
6.283306121826171875e+00	2.599853463470935822e-02
1.503506851196289062e+01	5.011578083038330078e+00
6.384670734405517578e+00	2.965514898300170898e+00
7.551397800445556641e+00	2.335797309875488281e+00
3.092979669570922852e+00	3.067114114761352539e+00
1.260194301605224609e+01	1.235660433769226074e+00
1.254228305816650391e+01	1.446900725364685059e+00
1.423097991943359375e+01	5.671800136566162109e+00
1.375775814056396484e+01	2.889543056488037109e+00
1.492274856567382812e+01	2.670099258422851562e+00
8.861892700195312500e+00	-3.740572929382324219e-01
-1.498209834098815918e+00	4.408591270446777344e+00
1.307804489135742188e+01	6.608850479125976562e+00
1.132843303680419922e+01	6.305567741394042969e+00
5.538246631622314453e+00	2.552632570266723633e+00
6.622884750366210938e+00	1.865435004234313965e+00
4.343208312988281250e+00	7.418164014816284180e-01
9.869457244873046875e+00	5.122313976287841797e+00
9.217539787292480469e+00	2.010278463363647461e+00
1.109176397323608398e+00	1.828273177146911621e+00
9.287330627441406250e+00	1.382699370384216309e+00
1.339700508117675781e+01	2.519427061080932617e+00
2.538826227188110352e+00	5.162542343139648438e+00
8.275798797607421875e+00	5.039266109466552734e+00
6.658447742462158203e+00	5.335776329040527344e+00
1.499391746520996094e+01	3.035458564758300781e+00
7.039956092834472656e+00	1.669203400611877441e+00
1.338963127136230469e+01	3.728318929672241211e+00
6.976513862609863281e+00	1.453414320945739746e+00
1.282429981231689453e+01	2.232498884201049805e+00
1.212340927124023438e+01	3.635539054870605469e+00
5.481481552124023438e-01	3.685123443603515625e+00
1.565665340423583984e+01	5.498596191406250000e+00
7.600338459014892578e+00	1.417676329612731934e+00
1.492652606964111328e+01	6.712174415588378906e+00
8.003683090209960938e+00	2.334059000015258789e+00
7.099220752716064453e+00	1.916200637817382812e+00
1.629888343811035156e+01	5.363172054290771484e+00
1.036951065063476562e+01	1.302537322044372559e+00
8.663128852844238281e+00	2.482871055603027344e+00
4.436792850494384766e+00	2.504508733749389648e+00
9.453627586364746094e+00	3.327839076519012451e-02
7.731116771697998047e+00	2.876931905746459961e+00
3.177539348602294922e+00	5.555512309074401855e-01
2.773390054702758789e+00	2.627655398100614548e-03
6.996544361114501953e+00	2.289402335882186890e-01
1.529815864562988281e+01	3.760201454162597656e+00
1.131665802001953125e+01	2.517577886581420898e+00
1.610613250732421875e+01	4.869233608245849609e+00
4.399085998535156250e+00	5.508744239807128906e+00
-3.665518760681152344e-01	4.199779033660888672e+00
1.263619804382324219e+01	2.483714342117309570e+00
3.851563453674316406e+00	1.129681825637817383e+00
1.072407436370849609e+01	2.211032867431640625e+00
7.499581813812255859e+00	2.942080736160278320e+00
1.346364498138427734e+01	1.127967596054077148e+00
4.058898925781250000e+00	1.412341475486755371e+00
7.005689144134521484e+00	1.373283386230468750e+00
1.262031936645507812e+01	1.346205234527587891e+00
-1.186662688851356506e-01	2.340830326080322266e+00
9.963980674743652344e+00	4.835035800933837891e+00
1.160962200164794922e+01	3.663743734359741211e+00
1.452494335174560547e+01	2.040571689605712891e+00
1.429227352142333984e+01	4.986796855926513672e+00
1.077368831634521484e+01	1.238998532295227051e+00
7.546547412872314453e+00	1.708325028419494629e+00
1.405212211608886719e+01	2.061166524887084961e+00
1.555881595611572266e+01	4.366825103759765625e+00
-1.273616790771484375e+00	4.113940715789794922e+00
7.872633934020996094e+00	4.336591362953186035e-01
1.353418922424316406e+01	3.858343601226806641e+00
1.224412822723388672e+01	4.195096969604492188e+00
1.400915145874023438e+01	5.227963924407958984e+00
1.353432178497314453e+01	3.775222301483154297e+00
9.207308769226074219e+00	1.358877182006835938e+00
1.386965084075927734e+01	5.219802856445312500e+00
1.120254516601562500e+01	1.719591259956359863e+00
-2.654994726181030273e+00	4.668979167938232422e+00
1.527017402648925781e+01	4.714313507080078125e+00
6.536623001098632812e+00	-8.245645761489868164e-01
1.405186367034912109e+01	4.144907951354980469e+00
2.491688013076782227e+00	2.322652101516723633e+00
1.335669612884521484e+01	6.419287919998168945e-01
9.587812423706054688e+00	7.469076514244079590e-01
1.257920265197753906e+00	3.259749412536621094e+00
9.276838302612304688e+00	1.596009731292724609e+00
5.781154632568359375e+00	2.934704065322875977e+00
2.090557098388671875e+00	2.311287641525268555e+00
-1.555728435516357422e+00	4.490720748901367188e+00
5.201153755187988281e+00	4.780933856964111328e+00
1.314319705963134766e+01	9.539260268211364746e-01
1.405655956268310547e+01	1.261691689491271973e+00
5.594948291778564453e+00	5.087679028511047363e-01
1.014201354980468750e+01	3.122783899307250977e-01
7.485689163208007812e+00	9.937153458595275879e-01
5.935355186462402344e+00	9.121212363243103027e-01
6.600966453552246094e+00	1.516522169113159180e+00
1.551898670196533203e+01	6.118080139160156250e+00
1.023932361602783203e+01	-4.849433898925781250e-01
5.617218971252441406e+00	2.900016069412231445e+00
1.525300979614257812e+01	7.051194190979003906e+00
1.172299957275390625e+01	-3.563413918018341064e-01
6.378139495849609375e+00	1.034053206443786621e+00
1.498210906982421875e+01	4.001119136810302734e+00
9.163818359375000000e+00	3.790197849273681641e+00
9.969546318054199219e+00	2.550427913665771484e+00
1.118517684936523438e+01	3.339129686355590820e+00
6.258015155792236328e+00	5.281328201293945312e+00
9.255610466003417969e+00	9.468870759010314941e-01
1.006051063537597656e+01	3.314732074737548828e+00
4.984082698822021484e+00	5.083194255828857422e+00
8.289744377136230469e+00	1.930089473724365234e+00
1.257964229583740234e+01	3.134092569351196289e+00
4.638469219207763672e+00	9.058057069778442383e-01
9.574709892272949219e+00	1.557850003242492676e+00
1.108887863159179688e+01	1.704752892255783081e-01
1.061650466918945312e+01	2.770457744598388672e+00
5.407577037811279297e+00	1.117608904838562012e+00
1.504156494140625000e+01	7.417371273040771484e+00
1.414683437347412109e+01	2.527802944183349609e+00
1.499441814422607422e+01	1.860482811927795410e+00
-1.236473679542541504e+00	4.159926891326904297e+00
2.994141578674316406e+00	3.609779357910156250e+00
1.092267513275146484e+01	8.296913504600524902e-01
1.389199066162109375e+01	6.392877101898193359e+00
7.662950515747070312e+00	1.029515027999877930e+00
1.266588115692138672e+01	2.186104297637939453e+00
1.189980506896972656e+01	3.919741153717041016e+00
1.355823802947998047e+01	4.584071159362792969e+00
9.038691520690917969e+00	-2.964994311332702637e-01
7.713191509246826172e+00	3.468852281570434570e+00
1.480504798889160156e+01	4.511932373046875000e+00
1.514612770080566406e+01	2.438118934631347656e+00
8.323402404785156250e+00	5.446298599243164062e+00
1.047569561004638672e+01	1.381161928176879883e+00
-1.217642903327941895e+00	3.514468431472778320e+00
9.936896324157714844e+00	3.116093635559082031e+00
6.867171287536621094e+00	1.169596672058105469e+00
7.519251823425292969e+00	2.778181552886962891e+00
1.455754756927490234e+01	3.309173107147216797e+00
-2.340556383132934570e+00	5.066555500030517578e+00
1.213722705841064453e+01	4.007724285125732422e+00
1.409565639495849609e+01	3.926319837570190430e+00
4.447287082672119141e+00	3.512721955776214600e-01
-1.066973805427551270e+00	3.479560852050781250e+00
1.316595554351806641e+01	2.852504253387451172e+00
9.934481620788574219e+00	3.147779226303100586e+00
8.872318267822265625e+00	-7.988336086273193359e-01
1.452183437347412109e+01	4.170083045959472656e+00
7.750285625457763672e+00	-4.624133929610252380e-02
1.100992488861083984e+01	6.107060909271240234e-01
1.285167694091796875e+01	1.767206907272338867e+00
1.363865375518798828e+01	5.572931766510009766e+00
4.525881290435791016e+00	2.843791246414184570e+00
1.699512481689453125e+00	5.622325420379638672e+00
4.121745586395263672e+00	1.244657635688781738e+00
1.042708969116210938e+01	3.248275041580200195e+00
3.998751878738403320e+00	1.640084981918334961e+00
1.601029777526855469e+01	4.836456775665283203e+00
1.213739013671875000e+01	-1.921406015753746033e-02
1.412307262420654297e+01	3.126595973968505859e+00
7.586666107177734375e+00	3.552289605140686035e-01
2.058410406112670898e+00	2.556104660034179688e+00
6.930231571197509766e+00	2.179165363311767578e+00
9.820151329040527344e+00	-3.858044743537902832e-01
2.114173650741577148e+00	3.034872055053710938e+00
1.022542762756347656e+01	5.657866477966308594e+00
1.181334304809570312e+01	6.469070434570312500e+00
1.378009080886840820e+00	2.952766656875610352e+00
9.681867599487304688e+00	5.512933254241943359e+00
7.844526290893554688e+00	-6.873285770416259766e-01
1.293242359161376953e+01	4.259493350982666016e+00
1.060409450531005859e+01	2.103132247924804688e+00
1.277184391021728516e+01	4.608345985412597656e+00
7.958205699920654297e+00	4.927442550659179688e+00
1.439472007751464844e+01	1.948307633399963379e+00
6.234591007232666016e+00	4.758524894714355469e-01
1.333063983917236328e+01	1.645303130149841309e+00
1.307163047790527344e+01	4.685526847839355469e+00
1.223930072784423828e+01	7.576253414154052734e-01
4.052489757537841797e+00	3.984259963035583496e-01
6.804059982299804688e+00	1.248319506645202637e+00
1.580311870574951172e+01	4.645063877105712891e+00
1.041173076629638672e+01	6.562566757202148438e-01
6.628711700439453125e+00	4.701008319854736328e+00
1.142711544036865234e+01	1.530091166496276855e+00
2.170226573944091797e+00	4.885065078735351562e+00
1.469764804840087891e+01	1.539213657379150391e+00
1.111091804504394531e+01	1.348687887191772461e+00
9.524568557739257812e+00	4.171745777130126953e+00
4.852113246917724609e+00	-9.563094377517700195e-02
1.171580791473388672e+01	4.682352542877197266e-01
4.341111183166503906e+00	-1.614822894334793091e-01
4.190855979919433594e+00	5.474248886108398438e+00
2.405911922454833984e+00	9.917441010475158691e-01
1.395261049270629883e+00	3.961317539215087891e+00
1.094903373718261719e+01	3.005684852600097656e+00
1.172945690155029297e+01	5.113989353179931641e+00
6.700891494750976562e+00	3.044552803039550781e+00
8.475475311279296875e+00	9.521099328994750977e-01
7.466970920562744141e+00	3.461135149002075195e+00
1.272195053100585938e+01	3.618710517883300781e+00
1.260296440124511719e+01	4.097382068634033203e+00
6.983185291290283203e+00	3.458080530166625977e+00
1.441244983673095703e+01	3.691126346588134766e+00
1.037179112434387207e+00	7.719131708145141602e-01
4.122294425964355469e+00	2.128064870834350586e+00
1.557373237609863281e+01	5.503098487854003906e+00
8.341195106506347656e+00	1.874745965003967285e+00
1.015118837356567383e+00	1.392760038375854492e+00
5.025339603424072266e+00	2.136828899383544922e+00
1.187134838104248047e+01	1.650499820709228516e+00
8.611252784729003906e+00	5.351074218750000000e+00
-5.141500234603881836e-01	3.129313945770263672e+00
1.309819316864013672e+01	5.597766876220703125e+00
-1.465850472450256348e+00	3.574969530105590820e+00
-1.657029151916503906e+00	4.446641445159912109e+00
1.789811968803405762e+00	5.322655200958251953e+00
7.429400920867919922e+00	1.383282184600830078e+00
3.682304859161376953e+00	4.486844062805175781e+00
8.846073150634765625e+00	5.614933967590332031e+00
1.324631977081298828e+01	6.411014199256896973e-01
5.198439121246337891e+00	3.093032598495483398e+00
1.052458953857421875e+01	2.945760488510131836e+00
-1.428961277008056641e+00	3.589360475540161133e+00
8.758841514587402344e+00	1.885321497917175293e+00
1.242553901672363281e+01	-2.972473949193954468e-02
-4.925897121429443359e-01	4.188258171081542969e+00
1.455529212951660156e+00	9.128104448318481445e-01
1.548614978790283203e+01	4.982720375061035156e+00
1.276694393157958984e+01	5.195171833038330078e+00
4.080822944641113281e+00	2.625109672546386719e+00
1.581459403038024902e+00	4.889429569244384766e+00
1.237749290466308594e+01	1.560932695865631104e-01
1.356069326400756836e+00	3.307288646697998047e+00
1.310986995697021484e+01	2.916133165359497070e+00
9.124185562133789062e+00	-4.814029037952423096e-01
1.691429615020751953e+00	4.384084701538085938e+00
5.403404712677001953e+00	1.697353243827819824e+00
8.220809936523437500e+00	1.761327505111694336e+00
5.753939628601074219e+00	2.559663772583007812e+00
1.299151420593261719e+01	5.932630538940429688e+00
7.139292240142822266e+00	1.790287971496582031e+00
9.270472526550292969e+00	2.260807275772094727e+00
3.630849599838256836e+00	1.488320350646972656e+00
2.130098342895507812e+00	2.675828151404857635e-02
6.025704860687255859e+00	1.452344536781311035e+00
9.625936508178710938e+00	1.691746473312377930e+00
-3.931922614574432373e-01	3.491263628005981445e+00
1.340596961975097656e+01	2.428087949752807617e+00
1.465193176269531250e+01	4.825904846191406250e+00
6.131453990936279297e+00	1.528756022453308105e-01
7.558491706848144531e+00	1.451183199882507324e+00
8.751332283020019531e+00	1.526837348937988281e-01
1.367544269561767578e+01	5.947799205780029297e+00
4.616361141204833984e+00	4.053151130676269531e+00
6.418430328369140625e+00	2.190067529678344727e+00
3.907389879226684570e+00	2.933902740478515625e+00
5.064865589141845703e+00	-8.248304016888141632e-03
3.566616773605346680e+00	1.104516148567199707e+00
1.330535411834716797e+01	1.289955377578735352e+00
1.358063578605651855e+00	3.377210855484008789e+00
6.661707878112792969e+00	9.607734084129333496e-01
4.344325065612792969e-01	3.276314258575439453e+00
1.318775844573974609e+01	2.051592350006103516e+00
1.146470260620117188e+01	3.913678169250488281e+00
5.327747344970703125e+00	5.394039154052734375e+00
4.893230438232421875e+00	7.395745068788528442e-02
2.529059171676635742e+00	6.980226635932922363e-01
6.348708629608154297e+00	2.225741386413574219e+00
5.626611232757568359e+00	9.910829663276672363e-01
4.805894851684570312e+00	-2.504781782627105713e-01
1.125230312347412109e+01	5.889862179756164551e-01
5.069957733154296875e+00	1.810178279876708984e+00
1.986746549606323242e+00	3.493525743484497070e+00
-8.965080380439758301e-01	2.109283924102783203e+00
1.021969699859619141e+01	3.313449025154113770e-01
1.189912223815917969e+01	-2.545400559902191162e-01
-1.901476144790649414e+00	4.008632183074951172e+00
2.411280393600463867e+00	3.281364917755126953e+00
5.633577346801757812e+00	-7.557209730148315430e-01
1.383574867248535156e+01	2.213997840881347656e+00
1.193073654174804688e+01	2.179826736450195312e+00
1.325089454650878906e+01	2.268303155899047852e+00
2.098344802856445312e+00	1.221814155578613281e+00
1.434228515625000000e+01	4.765264511108398438e+00
1.463847732543945312e+01	5.575992584228515625e+00
8.070860862731933594e+00	-1.022715091705322266e+00
2.668716669082641602e+00	3.065546452999114990e-01
1.445490956306457520e+00	3.927899122238159180e+00
6.633954048156738281e+00	3.849761486053466797e+00
1.296904659271240234e+01	6.048839569091796875e+00
8.925838470458984375e+00	1.031241416931152344e+00
2.842153310775756836e-01	2.168784856796264648e+00
5.327019214630126953e+00	1.285873770713806152e+00
1.409290790557861328e+01	1.644513607025146484e+00
7.264804363250732422e+00	1.324672102928161621e+00
5.569539546966552734e+00	1.601577758789062500e+00
7.351839065551757812e+00	2.767166852951049805e+00
8.533054351806640625e+00	-1.977525651454925537e-01
1.354385662078857422e+01	4.851285457611083984e+00
5.737340927124023438e+00	4.225851535797119141e+00
1.210520839691162109e+01	3.211473226547241211e+00
1.613475233316421509e-01	2.007353305816650391e+00
6.210504531860351562e+00	1.088234663009643555e+00
1.023647212982177734e+01	2.692209720611572266e+00
1.499280166625976562e+01	4.367965698242187500e+00
3.425922870635986328e+00	1.523367285728454590e+00
4.717959880828857422e+00	-2.020890861749649048e-01
1.532353305816650391e+01	5.137783050537109375e+00
1.567702102661132812e+01	4.795157909393310547e+00
1.171823978424072266e+01	4.162142276763916016e+00
4.851173143833875656e-04	4.079073429107666016e+00
-2.016791582107543945e+00	4.685268402099609375e+00
5.097537040710449219e+00	1.695191144943237305e+00
8.492891311645507812e+00	5.674647092819213867e-01
1.018766498565673828e+01	3.014744758605957031e+00
8.546916961669921875e+00	5.734793186187744141e+00
9.027809143066406250e+00	2.361161708831787109e+00
1.071054100990295410e+00	2.443207502365112305e+00
1.521571254730224609e+01	7.560915470123291016e+00
-6.765353679656982422e-01	2.843565940856933594e+00
1.320762252807617188e+01	4.450156211853027344e+00
7.475130081176757812e+00	1.087020158767700195e+00
1.182334804534912109e+01	-1.240335851907730103e-01
5.697395801544189453e+00	1.947887659072875977e+00
5.917282104492187500e+00	2.716862916946411133e+00
-1.343814134597778320e+00	2.772117137908935547e+00
7.006644725799560547e+00	4.581614971160888672e+00
1.055355310440063477e+00	4.856830120086669922e+00
7.190347313880920410e-01	4.360652446746826172e+00
-1.087350010871887207e+00	2.571165800094604492e+00
-2.183852910995483398e+00	4.925788879394531250e+00
3.257623195648193359e+00	7.897723317146301270e-01
6.524350166320800781e+00	1.156371831893920898e+00
4.552170276641845703e+00	8.743989467620849609e-01
-1.352072477340698242e+00	4.438215255737304688e+00
1.259045886993408203e+01	3.600198030471801758e+00
3.793576478958129883e+00	1.498094558715820312e+00
9.444692611694335938e+00	3.412158012390136719e+00
-6.531311869621276855e-01	3.329883098602294922e+00
1.070055198669433594e+01	2.383856058120727539e+00
2.566466331481933594e+00	2.132170915603637695e+00
1.244400882720947266e+01	2.963037014007568359e+00
-3.667204454541206360e-02	3.115344285964965820e+00
1.675351262092590332e+00	3.533245623111724854e-01
1.462355422973632812e+01	5.423312664031982422e+00
7.224102497100830078e+00	4.590270519256591797e+00
1.432160758972167969e+01	5.476499557495117188e+00
1.330774402618408203e+01	6.765530705451965332e-01
7.436521530151367188e+00	6.133765578269958496e-01
4.040865898132324219e+00	4.982406139373779297e+00
1.790369451045989990e-01	2.948886394500732422e+00
2.520575046539306641e+00	1.752881407737731934e+00
2.224691629409790039e+00	5.833975315093994141e+00
1.141895103454589844e+01	4.202015876770019531e+00
1.158130550384521484e+01	1.901718974113464355e+00
9.342741966247558594e+00	3.621424913406372070e+00
1.369205474853515625e+01	4.161703586578369141e+00
4.276328086853027344e+00	2.698519229888916016e+00
8.999815940856933594e+00	5.621882915496826172e+00
1.330989933013916016e+01	6.806277751922607422e+00
4.484688758850097656e+00	-1.899084150791168213e-01
9.035205245018005371e-01	1.855008602142333984e+00
-1.312754034996032715e+00	2.890912294387817383e+00
2.546591520309448242e+00	4.339215278625488281e+00
8.013042449951171875e+00	6.056088805198669434e-01
1.098035812377929688e+01	6.061961650848388672e+00
1.039311885833740234e+01	3.801751852035522461e+00
7.228598594665527344e+00	2.289996147155761719e+00
1.298437881469726562e+01	1.362870335578918457e+00
8.021267890930175781e+00	7.478898763656616211e-01
5.516007423400878906e+00	1.436999320983886719e+00
9.711569786071777344e+00	6.021543741226196289e-01
-2.965118587017059326e-01	3.314727783203125000e+00
1.180343914031982422e+01	2.546829462051391602e+00
6.965922355651855469e+00	1.524828791618347168e+00
1.425239181518554688e+01	3.112360000610351562e+00
1.508062076568603516e+01	5.497948646545410156e+00
1.065734004974365234e+01	2.966850280761718750e+00
1.341611742973327637e+00	4.362569332122802734e+00
8.197167396545410156e+00	1.234375953674316406e+00
9.301664233207702637e-01	3.893951177597045898e+00
1.011107826232910156e+01	9.871606230735778809e-01
1.418473339080810547e+01	1.623303413391113281e+00
6.789171695709228516e+00	4.569643497467041016e+00
1.076609325408935547e+01	5.457354068756103516e+00
1.534790515899658203e+01	3.910531044006347656e+00
9.452772140502929688e+00	7.741798162460327148e-01
8.849356651306152344e+00	5.134411334991455078e+00
1.038727092742919922e+01	4.235302448272705078e+00
7.053462505340576172e+00	2.786397933959960938e+00
7.036792278289794922e+00	8.740890622138977051e-01
1.134887695312500000e+01	6.697673320770263672e+00
1.281428050994873047e+01	3.019619464874267578e+00
6.667529582977294922e+00	2.063999652862548828e+00
4.804195880889892578e+00	9.630771875381469727e-01
-2.852225303649902344e-01	2.604680776596069336e+00
6.050857067108154297e+00	8.380126953125000000e-01
7.252113819122314453e+00	1.893921732902526855e+00
1.072135353088378906e+01	7.770417332649230957e-01
1.359076404571533203e+01	4.398537158966064453e+00
9.536188125610351562e+00	-4.762758612632751465e-01
8.986246109008789062e+00	2.593334950506687164e-02
1.190762519836425781e+01	6.323526382446289062e+00
1.176338005065917969e+01	4.897484779357910156e+00
1.289997386932373047e+01	4.708968162536621094e+00
6.573552608489990234e+00	5.344787120819091797e+00
7.993388652801513672e+00	4.355348587036132812e+00
8.617931365966796875e+00	1.547436475753784180e+00
4.594217777252197266e+00	1.870004981756210327e-01
1.614342570304870605e+00	4.800264537334442139e-01
5.314839839935302734e+00	2.506256341934204102e+00
5.818546772003173828e+00	2.400147438049316406e+00
6.068165302276611328e-01	2.555872201919555664e+00
1.565600585937500000e+01	4.861356735229492188e+00
4.833426952362060547e+00	1.073615431785583496e+00
7.452173233032226562e+00	1.237149357795715332e+00
1.490348339080810547e+00	1.234048962593078613e+00
2.480348348617553711e+00	3.636082410812377930e+00
1.213654041290283203e+01	5.692686080932617188e+00
8.784568786621093750e+00	7.777271866798400879e-01
7.186963081359863281e+00	6.714268922805786133e-01
8.409129142761230469e+00	2.065152645111083984e+00
9.715853691101074219e+00	4.394236564636230469e+00
1.000579357147216797e+01	6.050684452056884766e-01
1.208918952941894531e+01	4.944693565368652344e+00
8.431997299194335938e+00	9.642687439918518066e-01
7.318295955657958984e+00	1.654998302459716797e+00
5.717468261718750000e+00	2.754805088043212891e+00
4.747012615203857422e+00	2.421621084213256836e+00
1.299682998657226562e+01	5.262160301208496094e+00
-9.904017448425292969e-01	4.323259353637695312e+00
8.183581233024597168e-01	1.172255516052246094e+00
-5.862226709723472595e-02	3.025891304016113281e+00
1.419903564453125000e+01	7.576516151428222656e+00
3.563370943069458008e+00	3.335107803344726562e+00
1.214622020721435547e+01	6.119748115539550781e+00
1.292693614959716797e+01	3.786790847778320312e+00
1.688122510910034180e+00	6.524082422256469727e-01
-1.265109926462173462e-01	4.957306861877441406e+00
5.951472759246826172e+00	1.295915544033050537e-01
9.532478332519531250e+00	4.127702236175537109e+00
8.165006637573242188e+00	3.092290163040161133e+00
1.224078845977783203e+01	1.292297840118408203e+00
-3.452343642711639404e-01	1.391629457473754883e+00
6.621467113494873047e+00	5.875799059867858887e-01
1.216658830642700195e+00	6.844929456710815430e-01
1.003275203704833984e+01	3.898072004318237305e+00
1.539333534240722656e+01	3.609342813491821289e+00
5.411682724952697754e-01	1.562169790267944336e+00
-6.664258241653442383e-02	2.746378421783447266e+00
6.965488433837890625e+00	3.106216192245483398e+00
8.351896286010742188e+00	1.030467510223388672e+00
1.034157562255859375e+01	4.538703918457031250e+00
1.357320904731750488e+00	9.896521568298339844e-01
1.425418376922607422e+01	3.671540498733520508e+00
-1.564370989799499512e+00	3.604086399078369141e+00
4.922173500061035156e+00	2.154812574386596680e+00
7.039054870605468750e+00	1.037774801254272461e+00
4.712270736694335938e+00	3.973558247089385986e-01
1.345057106018066406e+01	6.401720046997070312e-01
3.694888591766357422e+00	1.399217080324888229e-02
8.538159370422363281e+00	3.965263605117797852e+00
3.298686027526855469e+00	1.948505759239196777e+00
9.140243530273437500e+00	1.872551798820495605e+00
1.244172477722167969e+01	5.912881374359130859e+00
3.850786924362182617e+00	1.881711840629577637e+00
8.056334495544433594e+00	3.753660202026367188e+00
6.401358127593994141e+00	1.027266144752502441e+00
9.890973091125488281e+00	2.737369060516357422e+00
2.549346208572387695e+00	4.917257308959960938e+00
4.303831100463867188e+00	4.257058203220367432e-01
7.689177513122558594e+00	5.718521595001220703e+00
3.839447498321533203e+00	3.244567394256591797e+00
-3.656144738197326660e-01	2.591330766677856445e+00
1.115055847167968750e+01	1.999447643756866455e-01
8.601029396057128906e+00	4.048767313361167908e-02
1.991734266281127930e+00	3.691658020019531250e+00
1.159398460388183594e+01	1.609404325485229492e+00
1.242257404327392578e+01	3.902842521667480469e+00
5.610880374908447266e+00	1.912551283836364746e+00
1.399187183380126953e+01	3.654766798019409180e+00
3.576646327972412109e+00	1.680816173553466797e+00
1.039298343658447266e+01	1.562009334564208984e+00
4.270652294158935547e+00	2.581158161163330078e+00
1.825900077819824219e+00	2.645108699798583984e+00
3.945350170135498047e+00	3.315613269805908203e+00
1.164079761505126953e+01	6.299066066741943359e+00
1.420581245422363281e+01	4.114291667938232422e+00
5.178897380828857422e+00	1.974092364311218262e+00
1.090597629547119141e+01	-8.772511035203933716e-02
1.568817329406738281e+01	4.551754474639892578e+00
8.070196509361267090e-01	2.326955556869506836e+00
8.934810638427734375e+00	-2.242004126310348511e-01
3.487958669662475586e+00	5.078128337860107422e+00
8.096289634704589844e+00	1.044156670570373535e+00
3.163870573043823242e+00	2.081696748733520508e+00
-2.184216022491455078e+00	5.102271080017089844e+00
5.044952392578125000e+00	1.001151919364929199e+00
1.211129307746887207e+00	3.624916791915893555e+00
1.125632572174072266e+01	9.261551499366760254e-01
1.430701637268066406e+01	7.353419780731201172e+00
1.596186757087707520e+00	1.193780779838562012e+00
7.036428928375244141e+00	1.486174941062927246e+00
2.594926834106445312e+00	3.314937353134155273e+00
8.177485466003417969e+00	6.452416777610778809e-01
4.630831241607666016e+00	4.361082017421722412e-01
1.046608066558837891e+01	-2.803736627101898193e-01
3.259091615676879883e+00	5.441440582275390625e+00
7.471419811248779297e+00	3.035661458969116211e+00
7.674643516540527344e+00	-3.515218794345855713e-01
9.654194831848144531e+00	5.140565395355224609e+00
1.284231948852539062e+01	1.598273634910583496e+00
1.878110766410827637e+00	5.804390907287597656e+00
6.716338634490966797e+00	5.006970405578613281e+00
6.467724323272705078e+00	2.263648509979248047e+00
-2.287680149078369141e+00	4.979018688201904297e+00
1.354029273986816406e+01	3.256290197372436523e+00
1.354905223846435547e+01	2.376278162002563477e+00
6.933683872222900391e+00	2.884509086608886719e+00
1.198882198333740234e+01	3.113361358642578125e+00
6.006680965423583984e+00	2.660692453384399414e+00
1.363441181182861328e+01	5.926277637481689453e+00
7.590881824493408203e+00	3.647943019866943359e+00
1.161353492736816406e+01	6.451134681701660156e-01
1.148835086822509766e+01	1.464849233627319336e+00
3.013541460037231445e+00	-4.094755053520202637e-01
1.151299238204956055e+00	2.831322431564331055e+00
5.813818454742431641e+00	8.071725368499755859e-01
-1.870018839836120605e-01	4.163291931152343750e+00
1.029811763763427734e+01	2.168119668960571289e+00
1.288430309295654297e+01	1.926240921020507812e+00
1.246623802185058594e+01	6.592630386352539062e+00
1.305319881439208984e+01	6.146934509277343750e+00
7.580123424530029297e+00	3.732123076915740967e-01
1.543662834167480469e+01	4.395667552947998047e+00
3.219585657119750977e+00	-3.154028952121734619e-01
1.001861572265625000e+01	2.685033798217773438e+00
-4.361554086208343506e-01	3.759844303131103516e+00
1.490005493164062500e+01	3.029751777648925781e+00
8.129367828369140625e+00	2.867708206176757812e-01
1.166197299957275391e+01	8.822575956583023071e-02
-5.023731663823127747e-02	1.786300778388977051e+00
5.013238906860351562e+00	4.533990383148193359e+00
4.227438271045684814e-01	2.700230836868286133e+00
8.113775253295898438e-01	1.330145597457885742e+00
7.564652919769287109e+00	-3.129486143589019775e-01
1.532570552825927734e+01	6.385261535644531250e+00
6.249009132385253906e+00	9.277206063270568848e-01
4.597108364105224609e+00	1.529616117477416992e+00
1.369918537139892578e+01	5.373328685760498047e+00
7.931614875793457031e+00	2.773117780685424805e+00
4.088018417358398438e+00	5.785493254661560059e-01
4.296462059020996094e+00	-2.066688835620880127e-01
1.530669498443603516e+01	6.342598438262939453e+00
1.119132518768310547e+01	3.807560205459594727e+00
-4.210969805717468262e-01	4.406941413879394531e+00
1.050579643249511719e+01	5.806027889251708984e+00
2.281864404678344727e+00	5.350305557250976562e+00
2.801139116287231445e+00	2.111285924911499023e+00
1.358009576797485352e+00	2.062986135482788086e+00
9.557431221008300781e+00	1.766756892204284668e+00
-1.038011685013771057e-01	1.705988287925720215e+00
2.925763368606567383e+00	1.004763960838317871e+00
5.580184459686279297e+00	2.813724517822265625e+00
5.859464406967163086e-01	3.142721176147460938e+00
2.959479391574859619e-01	1.108380794525146484e+00
7.596927642822265625e+00	2.478323459625244141e+00
7.602962017059326172e+00	4.903337478637695312e+00
5.816470146179199219e+00	7.284526228904724121e-01
1.364427852630615234e+01	2.428416252136230469e+00
1.317572593688964844e+01	2.905153274536132812e+00
1.388276481628417969e+01	7.268969535827636719e+00
1.077224636077880859e+01	1.819036364555358887e+00
5.726794719696044922e+00	2.741291999816894531e+00
1.377856922149658203e+01	2.562012910842895508e+00
9.461567878723144531e+00	3.709856033325195312e+00
2.962530374526977539e+00	2.062774419784545898e+00
1.140975856781005859e+01	6.558885574340820312e+00
1.440479755401611328e+01	2.476265907287597656e+00
1.181798744201660156e+01	2.934470891952514648e+00
1.225609302520751953e+01	3.920345783233642578e+00
1.350383400917053223e+00	5.021592140197753906e+00
-9.797981977462768555e-01	2.206191301345825195e+00
1.159137153625488281e+01	4.526484489440917969e+00
1.219269847869873047e+01	4.493577480316162109e+00
1.508853149414062500e+01	6.285402297973632812e+00
3.996180772781372070e+00	2.023428201675415039e+00
1.290952777862548828e+01	6.955639123916625977e-01
1.177889728546142578e+01	1.162276506423950195e+00
1.492862606048583984e+01	5.119900226593017578e+00
-1.242730617523193359e+00	4.603402614593505859e+00
5.184981822967529297e+00	3.529263436794281006e-01
1.243797588348388672e+01	2.160708427429199219e+00
1.186688041687011719e+01	4.659669876098632812e+00
1.365460968017578125e+01	5.387614727020263672e+00
1.531985950469970703e+01	2.705092668533325195e+00
-2.163759469985961914e+00	4.555669784545898438e+00
1.247751140594482422e+01	2.483341693878173828e-01
4.060739040374755859e+00	2.245404243469238281e+00
7.366497516632080078e+00	1.262469053268432617e+00
-1.325863480567932129e+00	4.217459201812744141e+00
1.299260139465332031e+01	3.492188930511474609e+00
2.987635135650634766e+00	-2.303701341152191162e-01
1.217704105377197266e+01	4.137417793273925781e+00
4.466379642486572266e+00	5.406637191772460938e+00
1.175517845153808594e+01	1.177253246307373047e+00
1.021739006042480469e+01	5.515887737274169922e+00
1.446263790130615234e+01	5.937183856964111328e+00
2.270188033580780029e-01	1.050389051437377930e+00
1.160637760162353516e+01	1.039868950843811035e+00
7.490988373756408691e-01	3.015432834625244141e+00
5.700492382049560547e+00	-3.250459730625152588e-01
9.281936645507812500e+00	9.278346896171569824e-01
6.182032585144042969e+00	1.423330307006835938e+00
7.829714775085449219e+00	1.175164937973022461e+00
7.484247684478759766e+00	-9.506571888923645020e-01
-1.160426855087280273e+00	2.504215478897094727e+00
2.743700265884399414e+00	1.136049404740333557e-01
1.244394111633300781e+01	1.761188149452209473e+00
4.820610880851745605e-01	4.433459758758544922e+00
9.297740936279296875e+00	1.152725100517272949e+00
4.995562076568603516e+00	3.034648180007934570e+00
2.245702028274536133e+00	4.627642154693603516e+00
9.620656013488769531e+00	5.514817714691162109e+00
6.590437293052673340e-01	2.065865516662597656e+00
1.099920177459716797e+01	4.235348701477050781e+00
6.212973117828369141e+00	6.964898202568292618e-03
1.196252632141113281e+01	2.673935413360595703e+00
1.164923000335693359e+01	1.812511682510375977e+00
9.093882560729980469e+00	1.762221217155456543e+00
9.187141418457031250e+00	2.701938867568969727e+00
5.820489525794982910e-01	2.023422956466674805e+00
1.738477826118469238e+00	5.699506759643554688e+00
1.130445766448974609e+01	6.297196865081787109e+00
1.218524646759033203e+01	5.424067020416259766e+00
1.004068756103515625e+01	5.579074859619140625e+00
2.733902692794799805e+00	5.654294013977050781e+00
1.419093132019042969e+01	5.410709857940673828e+00
1.269748401641845703e+01	3.694144248962402344e+00
1.190420913696289062e+01	3.289466142654418945e+00
2.312741518020629883e+00	3.921054124832153320e+00
9.440780639648437500e+00	-2.096917629241943359e-01
3.884895324707031250e+00	-3.013967871665954590e-01
8.855210304260253906e+00	4.711911082267761230e-03
1.182196044921875000e+01	5.737893581390380859e+00
6.960545539855957031e+00	2.053537607192993164e+00
2.121939897537231445e+00	1.373292803764343262e+00
-1.274911165237426758e+00	3.821341037750244141e+00
8.369075775146484375e+00	5.989062190055847168e-01
4.801180839538574219e+00	3.323194265365600586e+00
-2.436588048934936523e+00	5.109812736511230469e+00
1.125736808776855469e+01	-3.816204369068145752e-01
1.094192218780517578e+01	3.138712644577026367e+00
8.677630424499511719e+00	-1.578850299119949341e-01
1.372633743286132812e+01	4.367039203643798828e+00
1.157429313659667969e+01	2.010079383850097656e+00
9.432782173156738281e+00	2.943624734878540039e+00
1.526989555358886719e+01	7.516302585601806641e+00
5.599698543548583984e+00	-1.149952486157417297e-01
1.434510135650634766e+01	3.327978372573852539e+00
3.619939565658569336e+00	1.751083135604858398e+00
1.056228160858154297e+01	1.785728573799133301e+00
1.082522392272949219e+01	2.144845962524414062e+00
1.424233531951904297e+01	4.219295501708984375e+00
1.380460453033447266e+01	3.859926462173461914e+00
1.450139617919921875e+01	5.252705097198486328e+00
6.133640766143798828e+00	2.441286563873291016e+00
7.760398864746093750e+00	2.402035713195800781e+00
8.354883193969726562e+00	1.202209830284118652e+00
1.363205814361572266e+01	4.801307201385498047e+00
9.427502632141113281e+00	4.478996753692626953e+00
8.018327713012695312e+00	1.626253128051757812e+00
-2.475798368453979492e+00	5.208243370056152344e+00
7.677011489868164062e+00	4.464300155639648438e+00
7.776350975036621094e+00	3.574954271316528320e+00
3.345873832702636719e+00	4.588610827922821045e-01
1.129002952575683594e+01	1.113108873367309570e+00
-1.842043519020080566e+00	4.117362022399902344e+00
1.381990337371826172e+01	3.730059623718261719e+00
1.132721138000488281e+01	2.178526639938354492e+00
5.263788223266601562e+00	1.226888179779052734e+00
-5.722849369049072266e-01	2.871861934661865234e+00
8.490546226501464844e+00	2.980406880378723145e-01
9.741169929504394531e+00	9.072844982147216797e-01
3.996619701385498047e+00	3.099125146865844727e+00
1.183546066284179688e+01	4.091072082519531250e+00
5.159620285034179688e+00	5.141671657562255859e+00
1.361773204803466797e+01	6.902879238128662109e+00
5.476732254028320312e+00	1.809314131736755371e+00
-8.079186677932739258e-01	1.949233055114746094e+00
3.545008420944213867e+00	3.199522256851196289e+00
1.288516426086425781e+01	3.740700244903564453e+00
3.316201210021972656e+00	3.689573764801025391e+00
2.073314905166625977e+00	3.204791784286499023e+00
5.193359375000000000e+00	-4.979711174964904785e-01
5.357726573944091797e+00	2.541904211044311523e+00
1.183671474456787109e+01	3.422782897949218750e+00
2.079590797424316406e+00	6.628583669662475586e-01
8.103918075561523438e+00	3.249134063720703125e+00
1.017656135559082031e+01	6.879182457923889160e-01
9.801087379455566406e+00	4.669573783874511719e+00
5.169973373413085938e+00	5.204122066497802734e+00
2.106263875961303711e+00	2.739199161529541016e+00
8.960834503173828125e+00	5.499149322509765625e+00
9.574321746826171875e+00	-4.315198361873626709e-01
1.309251117706298828e+01	3.620601415634155273e+00
7.373453617095947266e+00	-9.256085753440856934e-01
5.090728759765625000e+00	2.500781536102294922e+00
9.616531133651733398e-01	4.548456668853759766e+00
1.092060470581054688e+01	6.349344730377197266e+00
4.080185413360595703e+00	4.755418777465820312e+00
6.038127422332763672e+00	5.395376205444335938e+00
1.424596023559570312e+01	7.436912059783935547e+00
9.885973930358886719e+00	8.543134331703186035e-01
1.208463191986083984e+01	1.329715728759765625e+00
1.150535488128662109e+01	1.123556375503540039e+00
7.891743659973144531e+00	-7.293812632560729980e-01
4.896821498870849609e+00	2.730700016021728516e+00
2.397155314683914185e-01	2.044422149658203125e+00
3.460409879684448242e+00	3.573284149169921875e+00
1.436668038368225098e+00	3.946671485900878906e+00
-1.087958574295043945e+00	4.892878055572509766e+00
1.334751129150390625e+01	5.064391136169433594e+00
1.219001197814941406e+01	1.835145950317382812e+00
9.058166503906250000e+00	6.005564212799072266e+00
9.958342552185058594e+00	1.632618188858032227e+00
1.080191421508789062e+01	7.397565245628356934e-01
-2.527621269226074219e+00	4.418056964874267578e+00
1.001174736022949219e+01	5.816295623779296875e+00
1.280768013000488281e+01	5.532236099243164062e+00
1.470757102966308594e+01	3.559276819229125977e+00
1.157893753051757812e+01	6.687109947204589844e+00
1.036050605773925781e+01	5.979894638061523438e+00
1.126274871826171875e+01	4.332586765289306641e+00
4.421786308288574219e+00	3.051768541336059570e+00
2.086132526397705078e+00	2.318099260330200195e+00
1.859320640563964844e+00	6.317543983459472656e-01
9.016205787658691406e+00	1.318048477172851562e+00
8.413482666015625000e+00	5.212740898132324219e-01
9.454409599304199219e+00	8.225748687982559204e-02
1.048888683319091797e+01	2.001687765121459961e+00
5.000264167785644531e+00	-6.148869991302490234e-01
1.515194225311279297e+01	5.155115127563476562e+00
6.969120025634765625e+00	3.065346479415893555e+00
8.420916557312011719e+00	4.886344432830810547e+00
1.069669914245605469e+01	1.738362669944763184e+00
7.655557632446289062e+00	1.738570809364318848e+00
2.618607282638549805e-01	2.555632114410400391e+00
4.972589015960693359e+00	2.507686853408813477e+00
2.044023036956787109e+00	3.547432661056518555e+00
9.798430442810058594e+00	1.950310230255126953e+00
8.018380165100097656e+00	3.474177837371826172e+00
6.277076721191406250e+00	-1.746585816144943237e-01
1.328274536132812500e+01	3.255268573760986328e+00
5.409453868865966797e+00	3.455967009067535400e-01
1.315483570098876953e+00	2.603636264801025391e+00
2.111345052719116211e+00	5.956567287445068359e+00
9.766137123107910156e+00	4.239324569702148438e+00
9.135662078857421875e+00	4.717688083648681641e+00
1.392004966735839844e+01	3.925444364547729492e+00
2.128137588500976562e+00	5.579789638519287109e+00
-1.187345266342163086e+00	4.272034645080566406e+00
1.344713115692138672e+01	2.871122360229492188e+00
1.490684032440185547e+01	5.605847358703613281e+00
4.745226860046386719e+00	5.348362922668457031e+00
8.713030815124511719e+00	1.581121444702148438e+00
9.439091682434082031e+00	5.319227576255798340e-01
1.305619716644287109e+01	3.796793460845947266e+00
1.365059018135070801e+00	4.542784690856933594e+00
8.422924041748046875e+00	3.180890321731567383e+00
8.835911154747009277e-01	2.185654640197753906e+00
1.034028244018554688e+01	4.044906139373779297e+00
-1.569044709205627441e+00	3.679599046707153320e+00
8.319384574890136719e+00	5.671975135803222656e+00
9.936179161071777344e+00	-1.378897130489349365e-01
1.460254955291748047e+01	5.169291019439697266e+00
-2.482340097427368164e+00	5.213826179504394531e+00
4.926762104034423828e+00	2.493633776903152466e-01
7.400912284851074219e+00	2.810198664665222168e-01
4.647377490997314453e+00	1.283510088920593262e+00
9.548052787780761719e+00	1.068435907363891602e+00
1.471671867370605469e+01	1.655651450157165527e+00
8.393988609313964844e+00	1.994777470827102661e-01
-1.390139609575271606e-01	3.000458240509033203e+00
1.181566143035888672e+01	2.387520313262939453e+00
8.554065704345703125e+00	1.431600570678710938e+00
4.031935691833496094e+00	1.097683191299438477e+00
1.503328704833984375e+01	4.038383960723876953e+00
1.223603916168212891e+01	3.507961750030517578e+00
4.143557846546173096e-01	2.918121814727783203e+00
6.729544997215270996e-01	4.404127120971679688e+00
3.327911376953125000e+00	3.587339639663696289e+00
9.606076240539550781e+00	1.146422982215881348e+00
3.997311830520629883e+00	4.752524793148040771e-01
1.062135410308837891e+01	2.087721347808837891e+00
4.949749946594238281e+00	2.157796859741210938e+00
9.022946357727050781e+00	2.302575588226318359e+00
1.480954170227050781e+01	3.539467096328735352e+00
1.207067775726318359e+01	-1.746794730424880981e-01
4.499947071075439453e+00	2.146368026733398438e+00
1.093610954284667969e+01	3.553789615631103516e+00
-1.234047055244445801e+00	2.297578096389770508e+00
-2.153577089309692383e+00	4.380222797393798828e+00
1.446634578704833984e+01	2.327367782592773438e+00
5.312849521636962891e+00	4.895245075225830078e+00
1.364394092559814453e+01	7.543403148651123047e+00
1.288596725463867188e+01	1.114233732223510742e+00
1.247044563293457031e+01	8.103320598602294922e-01
1.272481060028076172e+01	1.769653916358947754e+00
7.777706623077392578e+00	1.966664433479309082e+00
1.337683558464050293e+00	5.516910552978515625e+00
8.892349243164062500e+00	3.822171926498413086e+00
-9.693872332572937012e-01	4.362155914306640625e+00
8.024708747863769531e+00	2.264662027359008789e+00
5.538560867309570312e+00	2.729735612869262695e+00
3.065820932388305664e+00	2.747284412384033203e+00
-2.195794105529785156e+00	4.151773929595947266e+00
1.261771202087402344e+00	4.042623043060302734e+00
1.563472986221313477e+00	2.740451335906982422e+00
1.112670803070068359e+01	5.112118721008300781e+00
2.032216787338256836e+00	2.116853713989257812e+00
6.208778381347656250e+00	2.334077358245849609e+00
1.019855308532714844e+01	1.601694226264953613e-01
1.261017131805419922e+01	8.668358623981475830e-02
8.790955543518066406e+00	4.943940043449401855e-01
7.080790519714355469e+00	4.727125465869903564e-01
1.954924583435058594e+00	2.731904506683349609e+00
7.973693370819091797e+00	5.349720001220703125e+00
6.232383728027343750e+00	4.624450206756591797e+00
1.888494372367858887e+00	8.859579563140869141e-01
4.450013160705566406e+00	1.954497337341308594e+00
7.992311954498291016e+00	2.559647083282470703e+00
7.304684638977050781e+00	3.339899778366088867e+00
1.112351799011230469e+01	4.141592085361480713e-01
8.159239768981933594e+00	1.352834820747375488e+00
1.092064571380615234e+01	5.133512973785400391e+00
1.622879219055175781e+01	5.689146041870117188e+00
6.343152046203613281e+00	1.824627518653869629e-01
7.420957565307617188e+00	-9.088742136955261230e-01
2.400048971176147461e+00	1.238416910171508789e+00
8.843729019165039062e+00	5.979719161987304688e+00
5.430150032043457031e+00	2.243745088577270508e+00
5.690428733825683594e+00	2.016182184219360352e+00
1.029015350341796875e+01	2.728888034820556641e+00
-2.829563431441783905e-02	4.504789352416992188e+00
3.667542695999145508e+00	4.674583911895751953e+00
7.016033172607421875e+00	1.913765430450439453e+00
-1.021335601806640625e+00	3.851104497909545898e+00
3.744772374629974365e-01	4.393558502197265625e+00
1.034131720662117004e-01	1.133870363235473633e+00
1.459856796264648438e+01	4.405890941619873047e+00
1.118750667572021484e+01	5.900496959686279297e+00
1.437397861480712891e+01	6.660901546478271484e+00
-1.045684933662414551e+00	2.660099506378173828e+00
1.162987041473388672e+01	5.762100696563720703e+00
5.583269119262695312e+00	4.247943878173828125e+00
3.905155658721923828e+00	1.547502994537353516e+00
9.442043304443359375e+00	3.518469810485839844e+00
3.804766893386840820e+00	9.512098431587219238e-01
4.886170864105224609e+00	5.060735225677490234e+00
2.910252094268798828e+00	1.708930850028991699e+00
5.975708961486816406e+00	7.577021718025207520e-01
1.681960940361022949e+00	3.451662540435791016e+00
6.667714118957519531e+00	2.020348787307739258e+00
4.643303394317626953e+00	5.324824333190917969e+00
4.502535343170166016e+00	1.105100750923156738e+00
-1.013236641883850098e+00	4.523573875427246094e+00
8.224392890930175781e+00	5.623740673065185547e+00
7.556976318359375000e+00	6.710536479949951172e-01
9.699260711669921875e+00	6.991033554077148438e-01
5.884773731231689453e+00	3.278370499610900879e-01
6.454694271087646484e+00	3.649701476097106934e-01
9.813503265380859375e+00	5.996919274330139160e-01
7.805948734283447266e+00	-4.923617094755172729e-02
1.246630764007568359e+01	-1.614837646484375000e-01
6.723974227905273438e+00	1.904237985610961914e+00
1.345108127593994141e+01	2.172018527984619141e+00
8.786966800689697266e-01	2.458009719848632812e+00
1.306817913055419922e+01	3.552601099014282227e+00
1.508613109588623047e+01	4.623738765716552734e+00
9.697060585021972656e+00	4.384459853172302246e-01
6.834724426269531250e+00	-5.506964921951293945e-01
7.292660884559154510e-04	2.691094636917114258e+00
1.048389720916748047e+01	2.331298589706420898e+00
1.110509777069091797e+01	-1.080586835741996765e-01
9.114108085632324219e+00	-4.887243267148733139e-03
2.680569589138031006e-01	2.784705877304077148e+00
1.307526683807373047e+01	2.244050502777099609e+00
9.381395339965820312e+00	3.431082963943481445e+00
1.407207727432250977e+00	4.196858882904052734e+00
-2.429256916046142578e+00	4.450670719146728516e+00
1.185362148284912109e+01	3.145180940628051758e+00
1.257737636566162109e+01	5.010716915130615234e-01
2.340164422988891602e+00	2.246672153472900391e+00
1.309856986999511719e+01	7.262162208557128906e+00
2.566622018814086914e+00	3.148343324661254883e+00
9.909520149230957031e+00	1.303559899330139160e+00
3.466791152954101562e+00	9.833844900131225586e-01
1.063374137878417969e+01	8.518618345260620117e-01
1.116642379760742188e+01	5.584867477416992188e+00
1.914676785469055176e+00	4.062916278839111328e+00
1.556276035308837891e+01	4.646145343780517578e+00
1.350539398193359375e+01	4.443909645080566406e+00
7.931674122810363770e-01	3.343509912490844727e+00
6.641787052154541016e+00	3.194966912269592285e-01
-2.236349821090698242e+00	4.212757587432861328e+00
5.338962078094482422e+00	1.609919309616088867e+00
6.395186901092529297e+00	2.691048383712768555e+00
6.652498722076416016e+00	1.185164451599121094e+00
3.020355463027954102e+00	3.176283836364746094e+00
-1.005959987640380859e+00	3.045375347137451172e+00
2.224292278289794922e+00	4.701780319213867188e+00
1.347241306304931641e+01	1.522781491279602051e+00
1.148542308807373047e+01	4.623696327209472656e+00
7.383141994476318359e+00	5.597899436950683594e+00
5.819191932678222656e+00	5.457057476043701172e+00
8.635073661804199219e+00	4.039538860321044922e+00
1.061822032928466797e+01	1.119135379791259766e+00
8.768851280212402344e+00	4.114305973052978516e+00
3.602006733417510986e-01	5.006320476531982422e+00
1.284355354309082031e+01	1.977825880050659180e+00
-1.471663594245910645e+00	2.471868991851806641e+00
-5.869319438934326172e-01	2.158246278762817383e+00
4.179050445556640625e+00	1.296149969100952148e+00
1.147352027893066406e+01	1.460051655769348145e+00
4.663150310516357422e+00	5.860579013824462891e-01
1.813347578048706055e+00	1.173087120056152344e+00
1.558987259864807129e+00	2.835901021957397461e+00
4.701894760131835938e+00	5.305810451507568359e+00
1.884988427162170410e+00	2.876375436782836914e+00
1.216171264648437500e+01	1.096511725336313248e-02
1.098301696777343750e+01	3.204592704772949219e+00
1.431037902832031250e+01	2.755626916885375977e+00
1.314618682861328125e+01	7.129057407379150391e+00
-4.704117029905319214e-02	4.031419754028320312e+00
1.048534965515136719e+01	4.543658256530761719e+00
1.349424934387207031e+01	5.626948356628417969e+00
-5.292946696281433105e-01	3.716076374053955078e+00
-2.523301601409912109e+00	4.934440612792968750e+00
4.234905719757080078e+00	2.522881507873535156e+00
-2.361865282058715820e+00	5.300404071807861328e+00
1.699999213218688965e+00	2.706363916397094727e+00
1.300271224975585938e+01	3.073470830917358398e+00
9.719942092895507812e+00	3.218965291976928711e+00
-1.179226756095886230e+00	3.002029418945312500e+00
1.405258846282958984e+01	5.866086959838867188e+00
3.721614837646484375e+00	-1.351124793291091919e-01
7.830163002014160156e+00	1.991857171058654785e+00
6.358232975006103516e+00	4.893003940582275391e+00
-3.227511048316955566e-01	4.344264507293701172e+00
1.127078247070312500e+01	6.138510227203369141e+00
1.183607101440429688e+01	1.382315754890441895e+00
9.488560676574707031e+00	8.458141684532165527e-01
7.384274959564208984e+00	5.108584165573120117e-01
7.581107616424560547e+00	1.170789837837219238e+00
5.191583633422851562e+00	1.782622456550598145e+00
2.490270614624023438e+00	1.564660549163818359e+00
8.910454750061035156e+00	2.281301975250244141e+00
5.957474231719970703e+00	4.989090442657470703e+00
4.976001262664794922e+00	6.918171048164367676e-01
4.786637306213378906e+00	1.525651931762695312e+00
5.449657440185546875e+00	2.611471712589263916e-01
1.173945522308349609e+01	6.762895584106445312e+00
8.853704452514648438e+00	3.447571039199829102e+00
-1.227745532989501953e+00	2.701386451721191406e+00
7.821962833404541016e+00	5.502091050148010254e-01
7.976251125335693359e+00	2.718244552612304688e+00
1.227685356140136719e+01	5.862272262573242188e+00
1.288896846771240234e+01	3.112603664398193359e+00
1.214046835899353027e+00	2.332944393157958984e+00
5.110138893127441406e+00	2.142855167388916016e+00
1.160031700134277344e+01	6.654414653778076172e+00
7.597563266754150391e+00	2.304663419723510742e+00
-9.613495469093322754e-01	3.256962776184082031e+00
7.203312397003173828e+00	4.672586441040039062e+00
1.497202396392822266e+00	4.136959552764892578e+00
1.027382946014404297e+01	2.790653467178344727e+00
2.733037948608398438e+00	4.727283477783203125e+00
6.771204471588134766e-01	3.816068649291992188e+00
4.684006214141845703e+00	2.101316690444946289e+00
2.749191522598266602e+00	2.858320713043212891e+00
5.526780128479003906e+00	5.214109420776367188e+00
4.135901033878326416e-01	1.888803005218505859e+00
-2.445323705673217773e+00	4.466909885406494141e+00
9.200687408447265625e+00	4.440805435180664062e+00
4.319946169853210449e-01	1.105003356933593750e+00
5.739763259887695312e+00	1.802021741867065430e+00
9.686104059219360352e-01	6.292613744735717773e-01
4.557574272155761719e+00	4.413246631622314453e+00
9.555928230285644531e+00	5.818022727966308594e+00
4.491769790649414062e+00	3.456901609897613525e-01
6.733911037445068359e+00	2.217885255813598633e+00
6.306739807128906250e+00	4.785125330090522766e-02
1.441621685028076172e+01	4.131080627441406250e+00
9.496331214904785156e+00	3.648223638534545898e+00
5.226947307586669922e+00	7.264690995216369629e-01
1.158140945434570312e+01	1.694545269012451172e+00
6.869286060333251953e+00	-8.053059577941894531e-01
4.345724582672119141e+00	1.994259119033813477e+00
4.153096377849578857e-01	5.020080566406250000e+00
1.045080757141113281e+01	4.872861862182617188e+00
-1.005785584449768066e+00	2.275603771209716797e+00
-2.606076717376708984e+00	5.301657199859619141e+00
2.677490711212158203e+00	5.275033712387084961e-01
6.867002487182617188e+00	2.494994401931762695e+00
2.546938180923461914e+00	4.176371097564697266e+00
9.596144676208496094e+00	9.401560425758361816e-01
9.868256568908691406e+00	5.197358608245849609e+00
2.856400251388549805e+00	3.896881580352783203e+00
7.269457578659057617e-01	2.871010780334472656e+00
2.584134101867675781e+00	3.997155427932739258e+00
3.506046533584594727e+00	2.904803276062011719e+00
2.509356260299682617e+00	1.125701427459716797e+00
1.509169638156890869e-01	4.772642612457275391e+00
2.090826749801635742e+00	1.226305246353149414e+00
4.843327522277832031e+00	1.750537753105163574e+00
1.952876150608062744e-01	1.834605097770690918e+00
7.925185561180114746e-01	4.798325061798095703e+00
8.802474021911621094e+00	1.401018500328063965e+00
1.335583972930908203e+01	3.700489044189453125e+00
1.284393405914306641e+01	6.499709606170654297e+00
4.970509052276611328e+00	2.158318758010864258e+00
4.627050399780273438e+00	5.611869335174560547e+00
-2.493067741394042969e+00	4.800979137420654297e+00
1.267162609100341797e+01	1.790426254272460938e+00
1.552161216735839844e+01	5.307705879211425781e+00
6.753644943237304688e+00	3.014158725738525391e+00
1.932045102119445801e+00	3.138746261596679688e+00
7.280123978853225708e-02	3.721126556396484375e+00
3.027225971221923828e+00	5.256029963493347168e-01
1.246599102020263672e+01	2.619367837905883789e+00
1.162902259826660156e+01	4.631441593170166016e+00
5.513960361480712891e+00	5.302194595336914062e+00
5.427864551544189453e+00	-4.258447587490081787e-01
9.420630455017089844e+00	4.884474754333496094e+00
3.677124500274658203e+00	2.757417678833007812e+00
1.329929351806640625e+01	2.353686809539794922e+00
9.949061393737792969e+00	5.177270412445068359e+00
1.466052246093750000e+01	7.568959712982177734e+00
1.525041341781616211e+00	1.537447452545166016e+00
-2.545306682586669922e+00	5.426208019256591797e+00
1.031075000762939453e+01	6.273259162902832031e+00
9.485216140747070312e+00	3.778198957443237305e-01
8.943595886230468750e+00	2.638938665390014648e+00
1.216332626342773438e+01	4.201567173004150391e+00
5.608486533164978027e-01	5.062077522277832031e+00
4.046646595001220703e+00	3.060454845428466797e+00
-2.539853572845458984e+00	4.654876708984375000e+00
2.577204465866088867e+00	9.395130276679992676e-01
5.049162387847900391e+00	2.153492450714111328e+00
6.742341518402099609e+00	1.297381877899169922e+00
1.542984867095947266e+01	4.429010391235351562e+00
1.111172103881835938e+01	4.409937858581542969e+00
9.297995567321777344e+00	5.108475685119628906e+00
1.495627593994140625e+01	3.373370409011840820e+00
-6.311850547790527344e-01	4.214519977569580078e+00
2.290284633636474609e+00	3.238348722457885742e+00
1.388825416564941406e+01	3.614520072937011719e+00
4.195377826690673828e+00	1.558827519416809082e+00
-1.966928482055664062e+00	4.000975608825683594e+00
5.997669219970703125e+00	3.721590936183929443e-01
7.039543628692626953e+00	2.704298734664916992e+00
-1.342187285423278809e+00	3.707239151000976562e+00
-2.188042879104614258e+00	5.041193485260009766e+00
2.409840345382690430e+00	1.133222460746765137e+00
-2.121080398559570312e+00	4.390856742858886719e+00
1.054102039337158203e+01	3.794759988784790039e+00
4.105674266815185547e+00	5.374245166778564453e+00
2.758103847503662109e+00	4.149248301982879639e-01
4.221484184265136719e+00	3.355515718460083008e+00
-1.473984956741333008e+00	2.679223537445068359e+00
-1.846406936645507812e+00	4.644919872283935547e+00
-1.570315718650817871e+00	3.021211862564086914e+00
5.027541160583496094e+00	-4.854536950588226318e-01
1.110384941101074219e+01	1.233992576599121094e+00
-6.003877520561218262e-01	3.738321542739868164e+00
9.776750564575195312e+00	4.509566128253936768e-01
-4.139245953410863876e-03	2.107458829879760742e+00
8.355633735656738281e+00	1.738698482513427734e+00
4.908407211303710938e+00	2.708623409271240234e+00
8.246968269348144531e+00	2.967539787292480469e+00
3.246561527252197266e+00	2.609967708587646484e+00
1.656129002571105957e+00	3.582209348678588867e+00
9.062570571899414062e+00	1.522039055824279785e+00
-4.208617508411407471e-01	2.268332719802856445e+00
-3.808629512786865234e-01	3.944966793060302734e+00
-1.051590323448181152e+00	2.486105680465698242e+00
6.210992932319641113e-01	2.698701858520507812e+00
1.238754272460937500e+01	4.626441001892089844e+00
7.446083068847656250e+00	1.952831029891967773e+00
-2.432312965393066406e+00	4.794248580932617188e+00
1.307767486572265625e+01	7.366468906402587891e+00
2.050884246826171875e+00	4.006121158599853516e+00
9.629828453063964844e+00	5.536794066429138184e-01
4.238683223724365234e+00	5.573558330535888672e+00
3.833236217498779297e+00	3.560545921325683594e+00
4.315771102905273438e+00	1.481043100357055664e+00
5.386049270629882812e+00	2.108205795288085938e+00
3.442249298095703125e+00	2.375897169113159180e+00
3.407848596572875977e+00	-4.097299873828887939e-01
1.747877836227416992e+00	5.641170024871826172e+00
5.998412609100341797e+00	4.662014484405517578e+00
2.711174488067626953e+00	1.476911067962646484e+00
7.841619253158569336e-01	2.258369445800781250e+00
2.610463142395019531e+00	3.393615007400512695e+00
1.288977241516113281e+01	6.620057106018066406e+00
4.225729465484619141e+00	2.597297191619873047e+00
7.487727642059326172e+00	1.875849723815917969e+00
7.766790390014648438e+00	5.459748268127441406e+00
3.657686471939086914e+00	5.300292015075683594e+00
-3.524669408798217773e-01	3.026830911636352539e+00
9.922632217407226562e+00	5.024592399597167969e+00
1.233045101165771484e+01	6.506578445434570312e+00
4.003718852996826172e+00	9.195410609245300293e-01
5.762369632720947266e+00	8.361091017723083496e-01
-7.691928744316101074e-01	2.939807891845703125e+00
7.964261531829833984e+00	5.624176502227783203e+00
4.200611114501953125e+00	1.039602875709533691e+00
7.879251003265380859e+00	3.896898031234741211e-01
1.485209465026855469e+00	4.471811294555664062e+00
1.212553739547729492e+00	4.928709030151367188e+00
5.733892440795898438e+00	1.603834390640258789e+00
1.832725524902343750e+00	2.427867889404296875e+00
8.414881706237792969e+00	5.748721122741699219e+00
5.724859237670898438e+00	4.573336601257324219e+00
1.194484233856201172e+00	1.710130691528320312e+00
-2.428182065486907959e-01	3.236195802688598633e+00
8.977433204650878906e+00	1.310152411460876465e-01
3.066787123680114746e-01	4.575806140899658203e+00
1.094816303253173828e+01	4.247951030731201172e+00
4.394065380096435547e+00	3.219920396804809570e+00
-1.974179506301879883e+00	4.224891185760498047e+00
2.548096895217895508e+00	2.599862098693847656e+00
1.126181221008300781e+01	5.151518344879150391e+00
1.028339767456054688e+01	4.391108512878417969e+00
8.397976875305175781e+00	5.955473423004150391e+00
6.308223247528076172e+00	2.925471067428588867e+00
1.135023880004882812e+01	4.777040779590606689e-01
6.669863224029541016e+00	4.946864604949951172e+00
5.937304019927978516e+00	4.796478748321533203e+00
-2.326074361801147461e+00	4.365042686462402344e+00
6.567952156066894531e+00	3.500652611255645752e-01
-7.296009063720703125e-01	2.689079046249389648e+00
-9.387726783752441406e-01	2.833117246627807617e+00
3.689276218414306641e+00	2.988770961761474609e+00
1.325058364868164062e+01	6.736455440521240234e+00
6.728077411651611328e+00	5.815073847770690918e-01
1.070579528808593750e+01	5.372863769531250000e+00
3.435514450073242188e+00	3.349435806274414062e+00
-6.501640677452087402e-01	4.576556205749511719e+00
6.725604057312011719e+00	3.042931795120239258e+00
6.369383335113525391e-01	2.553073883056640625e+00
9.866070747375488281e+00	5.701642990112304688e+00
1.318131327629089355e+00	5.019835948944091797e+00
7.137917995452880859e+00	4.740378379821777344e+00
1.629371643066406250e+00	4.242743015289306641e+00
2.286061286926269531e+00	5.792728424072265625e+00
7.369449138641357422e+00	5.636312484741210938e+00
8.803370475769042969e+00	1.844194769859313965e+00
1.265985816717147827e-01	2.961498737335205078e+00
2.869846343994140625e+00	5.581622600555419922e+00
1.110953140258789062e+01	6.579954147338867188e+00
9.802545547485351562e+00	5.292166233062744141e+00
8.400377273559570312e+00	4.760404109954833984e+00
1.038087463378906250e+01	5.371045112609863281e+00
9.073180198669433594e+00	1.683575749397277832e+00
5.029565334320068359e+00	2.483731031417846680e+00
9.812410354614257812e+00	9.942709207534790039e-01
4.889326572418212891e+00	4.811052322387695312e+00
2.974319219589233398e+00	9.092768281698226929e-02
1.276532077789306641e+01	5.032236099243164062e+00
-1.484001278877258301e+00	3.146137237548828125e+00
1.033517718315124512e+00	3.177358627319335938e+00
7.197836041450500488e-01	1.746663331985473633e+00
1.978305220603942871e+00	5.982802391052246094e+00
8.040018081665039062e+00	5.299960136413574219e+00
1.541475415229797363e+00	3.059226274490356445e+00
4.024619579315185547e+00	3.405002117156982422e+00
4.535400390625000000e+00	4.201224803924560547e+00
7.481866478919982910e-01	3.491182804107666016e+00
7.421090126037597656e+00	5.177887439727783203e+00
1.721796154975891113e+00	5.383317470550537109e+00
1.916308283805847168e+00	5.936831474304199219e+00
-2.327921092510223389e-01	3.177252769470214844e+00
4.007739067077636719e+00	3.951601505279541016e+00
1.591376066207885742e+00	3.410382509231567383e+00
7.390228271484375000e+00	4.202170848846435547e+00
8.579663634300231934e-01	4.166113853454589844e+00
7.170067787170410156e+00	5.063618659973144531e+00
7.123709201812744141e+00	5.118158340454101562e+00
7.283715724945068359e+00	4.337203979492187500e+00
6.957600116729736328e+00	5.500061988830566406e+00
-2.091319799423217773e+00	4.162810802459716797e+00
3.443952560424804688e+00	1.231574177742004395e+00
4.552356243133544922e+00	2.638884305953979492e+00
2.320726156234741211e+00	5.912838459014892578e+00
1.024565315246582031e+01	5.723637580871582031e+00
1.190018939971923828e+01	6.408752441406250000e+00
2.492364168167114258e+00	5.845293045043945312e+00
1.081572723388671875e+01	4.710675239562988281e+00
1.022141265869140625e+01	2.236178636550903320e+00
4.656556129455566406e+00	5.186446189880371094e+00
1.702126860618591309e+00	5.793858528137207031e+00
2.492552757263183594e+00	4.871530532836914062e+00
5.863318443298339844e+00	4.903562068939208984e+00
