8.170415878295898438e+00	3.013460159301757812e+00
9.497957229614257812e+00	3.896527051925659180e+00
1.129871082305908203e+01	5.972550868988037109e+00
1.021357822418212891e+01	9.027413368225097656e+00
1.164888000488281250e+01	3.924739360809326172e+00
1.210083389282226562e+01	3.510868549346923828e+00
1.280932044982910156e+01	4.201073169708251953e+00
1.040172100067138672e+01	-1.628428339958190918e+00
1.107878971099853516e+01	2.932754516601562500e+00
8.852395057678222656e+00	9.352169036865234375e+00
8.820319175720214844e+00	7.564946651458740234e+00
1.412378978729248047e+01	4.872556686401367188e+00
1.433716678619384766e+01	6.329384326934814453e+00
7.072690486907958984e+00	9.442425370216369629e-01
1.459115791320800781e+01	2.429793596267700195e+00
6.979495525360107422e+00	7.341498374938964844e+00
1.139863300323486328e+01	7.924677371978759766e+00
1.316861820220947266e+01	2.153621912002563477e+00
1.162053394317626953e+01	2.339393377304077148e+00
1.430277252197265625e+01	-4.760562181472778320e-01
1.489395046234130859e+01	2.546120405197143555e+00
1.120908737182617188e+01	4.120254039764404297e+00
7.714001655578613281e+00	6.158290863037109375e+00
7.742572784423828125e+00	2.946187257766723633e+00
1.565956687927246094e+01	3.051811218261718750e+00
8.195944786071777344e+00	3.779164850711822510e-01
1.034951591491699219e+01	8.635599136352539062e+00
9.534840583801269531e+00	3.760682821273803711e+00
1.238081264495849609e+01	6.577606201171875000e+00
1.351087284088134766e+01	8.627193450927734375e+00
1.336298847198486328e+01	-5.412184000015258789e-01
1.119049644470214844e+01	4.032061696052551270e-01
1.465607070922851562e+01	4.451735019683837891e+00
1.214844417572021484e+01	2.347717046737670898e+00
1.087982845306396484e+01	2.627056121826171875e+00
4.802989959716796875e+00	1.657431125640869141e+00
1.266293525695800781e+01	8.750124931335449219e+00
1.066584300994873047e+01	3.283456087112426758e+00
1.189385986328125000e+01	3.874819040298461914e+00
1.118564224243164062e+01	3.083156824111938477e+00
8.893544197082519531e+00	9.894392013549804688e+00
1.435948944091796875e+01	5.081809759140014648e-01
7.340850353240966797e+00	6.061918258666992188e+00
8.645151138305664062e+00	8.882577717304229736e-02
2.912334442138671875e+00	1.012925028800964355e+00
1.501140022277832031e+01	3.930267095565795898e+00
1.235836791992187500e+01	7.260036468505859375e+00
1.451142692565917969e+01	3.471202611923217773e+00
1.473252010345458984e+01	1.211302638053894043e+00
3.466020584106445312e+00	-4.053818807005882263e-02
8.665552139282226562e+00	8.617255210876464844e+00
1.055054759979248047e+01	1.376552343368530273e+00
1.294336128234863281e+01	3.400563716888427734e+00
9.778568267822265625e+00	3.609493017196655273e+00
1.236885261535644531e+01	6.943814158439636230e-01
1.481061553955078125e+01	3.670626163482666016e+00
1.141305446624755859e+01	2.158288955688476562e-01
1.185695743560791016e+01	6.247988700866699219e+00
1.239377784729003906e+01	6.667682647705078125e+00
8.937314033508300781e+00	6.747416973114013672e+00
7.327554225921630859e+00	7.496039867401123047e+00
7.695509433746337891e+00	5.573195457458496094e+00
7.066344738006591797e+00	7.764656543731689453e+00
1.069063091278076172e+01	5.648862838745117188e+00
7.865008354187011719e+00	1.105637177824974060e-01
1.245465087890625000e+01	3.559613466262817383e+00
1.005807399749755859e+01	-1.219361901283264160e+00
8.932093620300292969e+00	-1.353685259819030762e+00
1.486013221740722656e+01	4.729547977447509766e+00
7.568091869354248047e+00	9.073087573051452637e-01
1.382487869262695312e+01	2.722547054290771484e+00
3.334506988525390625e+00	2.170256614685058594e+00
1.089676094055175781e+01	5.488597869873046875e+00
8.357043266296386719e+00	1.421282410621643066e+00
1.281522369384765625e+01	-5.070933699607849121e-01
1.232238197326660156e+01	1.537228375673294067e-01
1.069516944885253906e+01	2.519922256469726562e-01
1.479231166839599609e+01	2.222758531570434570e+00
1.364464950561523438e+01	3.935043811798095703e+00
1.369475364685058594e+01	4.930234909057617188e+00
1.346918201446533203e+01	5.554304122924804688e+00
1.124439811706542969e+01	6.540289521217346191e-01
1.302351665496826172e+01	6.187547683715820312e+00
8.882641792297363281e+00	1.301624417304992676e+00
1.442982673645019531e+01	7.545091629028320312e+00
1.445275211334228516e+01	4.475087165832519531e+00
1.219454193115234375e+01	1.425921078771352768e-02
5.939717769622802734e+00	1.603497147560119629e+00
1.110841274261474609e+01	5.324526309967041016e+00
1.438778209686279297e+01	7.854831814765930176e-01
1.265758228302001953e+01	4.388795852661132812e+00
1.493618679046630859e+01	2.931091547012329102e+00
9.601016044616699219e+00	1.246675133705139160e+00
1.312980651855468750e+01	4.946343421936035156e+00
1.039021015167236328e+01	4.278414249420166016e+00
1.151680564880371094e+01	1.925135016441345215e+00
1.008032035827636719e+01	-1.730235815048217773e+00
1.492324161529541016e+01	2.642602682113647461e+00
9.899960517883300781e+00	6.180430889129638672e+00
1.139147758483886719e+01	7.003014564514160156e+00
1.061507987976074219e+01	6.210733413696289062e+00
8.938396453857421875e+00	8.573201179504394531e+00
1.210140323638916016e+01	4.619859218597412109e+00
9.663832664489746094e+00	4.516123294830322266e+00
1.329970264434814453e+01	3.469724655151367188e+00
1.116276931762695312e+01	6.634294509887695312e+00
1.067811489105224609e+01	1.378851890563964844e+00
1.134021091461181641e+01	8.383603096008300781e+00
1.157562923431396484e+01	1.912105083465576172e+00
1.074387550354003906e+01	1.281378604471683502e-02
1.343463993072509766e+01	1.674882888793945312e+00
1.271643638610839844e+01	-4.341081380844116211e-01
7.069891929626464844e+00	9.227960109710693359e-01
1.209740161895751953e+01	5.384773731231689453e+00
9.943412780761718750e+00	-1.147795915603637695e+00
9.059529304504394531e+00	1.751350879669189453e+00
1.318700790405273438e+01	1.866629123687744141e+00
1.003965759277343750e+01	-1.080004930496215820e+00
1.377948284149169922e+01	2.059885978698730469e+00
1.156712245941162109e+01	1.801226377487182617e+00
1.283549976348876953e+01	7.319012165069580078e+00
9.762120246887207031e+00	-2.239484488964080811e-01
1.358749961853027344e+01	4.564193248748779297e+00
1.091052436828613281e+01	4.233717441558837891e+00
9.277018547058105469e+00	4.602786540985107422e+00
1.432652854919433594e+01	5.668673992156982422e+00
1.456131458282470703e+01	4.058059215545654297e+00
1.303720569610595703e+01	-1.151049494743347168e+00
1.413914203643798828e+01	4.466948509216308594e+00
7.222980976104736328e+00	3.670406818389892578e+00
1.098046684265136719e+01	2.862995624542236328e+00
9.857424736022949219e+00	6.349499225616455078e+00
1.357957553863525391e+01	3.125438213348388672e+00
5.894275188446044922e+00	6.343992948532104492e-01
1.056108379364013672e+01	-2.694966793060302734e-01
8.382372856140136719e+00	7.291634082794189453e+00
1.097302150726318359e+01	4.667010307312011719e+00
9.782230377197265625e+00	4.819031238555908203e+00
9.483241081237792969e+00	1.017203617095947266e+01
1.407036495208740234e+01	6.061038970947265625e+00
1.233219432830810547e+01	8.888522148132324219e+00
9.763529777526855469e+00	-1.470554113388061523e+00
5.186957836151123047e+00	-1.286155819892883301e+00
7.365124702453613281e+00	3.004772365093231201e-01
1.398834419250488281e+01	7.604064941406250000e-01
1.414546394348144531e+01	-2.238403707742691040e-01
1.133623123168945312e+01	4.176007747650146484e+00
1.287763881683349609e+01	1.342668175697326660e+00
1.386009693145751953e+01	8.329627990722656250e+00
1.520263957977294922e+01	3.686408996582031250e+00
1.027215480804443359e+01	3.532184839248657227e+00
9.408480644226074219e+00	1.099221706390380859e+01
1.466291046142578125e+01	5.480818748474121094e+00
9.862632751464843750e+00	6.137622833251953125e+00
1.423271846771240234e+01	7.313868522644042969e+00
9.384652137756347656e+00	4.977766513824462891e+00
1.335352802276611328e+01	6.238655090332031250e+00
1.116855430603027344e+01	9.487788200378417969e+00
1.408791351318359375e+01	6.010845184326171875e+00
1.385629653930664062e+01	5.289111137390136719e+00
1.197264957427978516e+01	3.806356668472290039e+00
8.305873870849609375e+00	2.016351461410522461e+00
1.214647102355957031e+01	2.393150329589843750e+00
1.311067485809326172e+01	3.687271118164062500e+00
1.274874782562255859e+01	-1.269110441207885742e-01
1.330101108551025391e+01	1.516433000564575195e+00
4.468131065368652344e+00	1.839732646942138672e+00
1.066939258575439453e+01	4.374038696289062500e+00
6.450652599334716797e+00	1.102565526962280273e+00
1.097508525848388672e+01	3.644472360610961914e+00
1.215492820739746094e+01	5.268527030944824219e+00
1.526643657684326172e+01	3.848458051681518555e+00
1.366576862335205078e+01	5.566059112548828125e+00
5.562614917755126953e+00	1.173573970794677734e+00
9.811046600341796875e+00	8.580838203430175781e+00
1.536199474334716797e+01	4.202530384063720703e+00
8.058848381042480469e+00	5.316424369812011719e-01
2.654333591461181641e+00	2.612891435623168945e+00
8.556548118591308594e+00	3.984960556030273438e+00
1.339374732971191406e+01	7.676800251007080078e+00
1.075670623779296875e+01	1.135295152664184570e+00
1.207811832427978516e+01	8.419335365295410156e+00
1.458937644958496094e+01	5.956609249114990234e+00
7.819625377655029297e+00	6.552409529685974121e-01
1.067793178558349609e+01	-9.590597152709960938e-01
1.263536357879638672e+01	7.115802764892578125e-01
1.257415771484375000e+01	4.191596984863281250e+00
1.208304595947265625e+01	7.062004089355468750e+00
1.424368476867675781e+01	6.801617145538330078e+00
1.273649597167968750e+01	5.484094142913818359e+00
8.855577468872070312e+00	7.555025219917297363e-01
4.426103115081787109e+00	1.487650156021118164e+00
9.611023902893066406e+00	4.092940330505371094e+00
8.487844467163085938e+00	1.784606277942657471e-02
1.639482688903808594e+01	2.344316482543945312e+00
1.180267810821533203e+01	1.482097387313842773e+00
1.467249870300292969e+01	7.005784511566162109e+00
1.551854228973388672e+01	5.589313983917236328e+00
1.334099006652832031e+01	7.255734920501708984e+00
7.506318569183349609e+00	3.375860929489135742e+00
8.265966415405273438e+00	2.600990056991577148e+00
1.380337238311767578e+01	4.035387516021728516e+00
1.354260540008544922e+01	-1.058183193206787109e+00
8.681859016418457031e+00	4.916153430938720703e+00
9.868162155151367188e+00	8.715018033981323242e-01
1.115918159484863281e+01	9.023556709289550781e+00
1.346394538879394531e+01	-6.372129917144775391e-01
1.087787342071533203e+01	8.233404159545898438e+00
1.047477245330810547e+01	4.672312259674072266e+00
7.253205776214599609e+00	3.974309206008911133e+00
1.398695755004882812e+01	-7.458679080009460449e-01
8.236413002014160156e+00	1.862631440162658691e+00
1.373168849945068359e+01	3.147707223892211914e+00
1.006674957275390625e+01	5.190773963928222656e+00
1.329861640930175781e+01	8.030137062072753906e+00
9.099993705749511719e+00	4.243409156799316406e+00
1.312153244018554688e+01	2.242615818977355957e-01
8.337920188903808594e+00	3.110143661499023438e+00
8.283354759216308594e+00	9.667070388793945312e+00
1.089245319366455078e+01	9.913171768188476562e+00
1.232316207885742188e+01	5.369209289550781250e+00
1.419463253021240234e+01	6.667408943176269531e+00
1.185122871398925781e+01	5.395576000213623047e+00
1.013028717041015625e+01	6.243642807006835938e+00
9.295682907104492188e+00	1.393764376640319824e+00
1.120810031890869141e+01	9.716768264770507812e+00
1.295698738098144531e+01	5.404033184051513672e+00
1.096883869171142578e+01	4.096222400665283203e+00
7.153633117675781250e+00	1.707694888114929199e+00
1.700720214843750000e+01	2.008805036544799805e+00
1.393337154388427734e+01	6.227515697479248047e+00
9.694140434265136719e+00	2.579571962356567383e+00
1.459076309204101562e+01	3.764790058135986328e+00
9.802648544311523438e+00	2.411201715469360352e+00
1.310869407653808594e+01	3.329302310943603516e+00
7.060192584991455078e+00	-6.728028655052185059e-01
1.308645915985107422e+01	4.455387115478515625e+00
9.541485786437988281e+00	1.332388877868652344e+00
1.188313007354736328e+01	6.509562730789184570e-01
1.315802001953125000e+01	-8.658004999160766602e-01
1.124102306365966797e+01	4.064593791961669922e+00
1.409833431243896484e+01	7.161483287811279297e+00
1.414518356323242188e+01	7.431446552276611328e+00
3.979297637939453125e+00	-4.823091626167297363e-01
1.360529232025146484e+01	9.733648300170898438e-01
1.327716827392578125e+01	7.625935554504394531e+00
1.315082836151123047e+01	3.037974119186401367e+00
1.221144199371337891e+01	6.314846515655517578e+00
9.860406875610351562e+00	8.189396858215332031e+00
1.024000835418701172e+01	7.076427459716796875e+00
9.777641296386718750e+00	9.700620651245117188e+00
9.302133560180664062e+00	1.009034061431884766e+01
1.395847797393798828e+01	-7.467006444931030273e-01
1.486380100250244141e+01	2.950034379959106445e+00
1.369979667663574219e+01	2.624827146530151367e+00
1.401755237579345703e+01	3.602895975112915039e+00
8.276185989379882812e+00	6.008330345153808594e+00
1.061074924468994141e+01	-1.812659025192260742e+00
1.403537368774414062e+01	4.478783130645751953e+00
1.217132282257080078e+01	5.710855007171630859e+00
1.321426296234130859e+01	5.258951187133789062e+00
1.384461116790771484e+01	3.445290803909301758e+00
1.343479919433593750e+01	7.826713085174560547e+00
1.017509937286376953e+01	4.291822016239166260e-01
4.682239055633544922e+00	-3.805534541606903076e-01
1.148047351837158203e+01	-7.599745988845825195e-01
1.354007244110107422e+01	4.303902149200439453e+00
1.121384620666503906e+01	3.567458391189575195e+00
1.706660270690917969e+01	2.295851707458496094e+00
1.209215164184570312e+01	7.908716201782226562e-01
1.086525726318359375e+01	1.341646194458007812e+00
1.047287178039550781e+01	2.646003484725952148e+00
9.098035812377929688e+00	5.000780582427978516e+00
1.671699714660644531e+01	2.840124845504760742e+00
9.890587806701660156e+00	4.397513866424560547e+00
7.868387699127197266e+00	3.745759725570678711e+00
8.383160591125488281e+00	1.602898597717285156e+00
1.292318058013916016e+01	2.096456050872802734e+00
1.063931465148925781e+01	2.708152532577514648e+00
9.146413803100585938e+00	-1.815431565046310425e-01
7.175024509429931641e+00	5.151419639587402344e-01
9.017454147338867188e+00	2.063472986221313477e+00
1.154511451721191406e+01	2.652677297592163086e+00
9.468100547790527344e+00	7.132899284362792969e+00
1.017163372039794922e+01	-1.879197716712951660e+00
9.547687530517578125e+00	6.612246036529541016e+00
9.740352630615234375e+00	9.998397827148437500e+00
1.391950416564941406e+01	1.773343324661254883e+00
1.402769279479980469e+01	2.373394012451171875e+00
1.064355850219726562e+01	4.117065429687500000e+00
1.181804180145263672e+01	7.469615936279296875e+00
9.422393798828125000e+00	6.905503273010253906e+00
1.694549942016601562e+01	2.902301549911499023e+00
1.174242782592773438e+01	4.998734951019287109e+00
9.275485992431640625e+00	7.905981540679931641e-01
1.098939037322998047e+01	1.023934841156005859e+01
8.424489974975585938e+00	-2.076346129179000854e-01
1.251123714447021484e+01	4.477731227874755859e+00
1.382867527008056641e+01	2.013632535934448242e+00
1.468505764007568359e+01	1.979812264442443848e+00
1.379221248626708984e+01	7.640259742736816406e+00
1.351700687408447266e+01	1.908434510231018066e+00
1.261027050018310547e+01	7.667238235473632812e+00
9.036820411682128906e+00	4.929729461669921875e+00
1.020305633544921875e+01	4.116150379180908203e+00
1.387628650665283203e+01	7.633933544158935547e+00
1.179051494598388672e+01	4.983369350433349609e+00
1.313101387023925781e+01	8.864413261413574219e+00
8.608263969421386719e+00	3.755396842956542969e+00
1.292729663848876953e+01	6.314460277557373047e+00
1.006533336639404297e+01	1.835992455482482910e+00
1.023643112182617188e+01	5.761690616607666016e+00
1.379656982421875000e+01	6.889200687408447266e+00
1.095030498504638672e+01	5.604423046112060547e+00
8.893256187438964844e+00	2.677237033843994141e+00
9.366956710815429688e+00	5.047929286956787109e+00
1.247691249847412109e+01	-7.151438295841217041e-02
9.792468070983886719e+00	-8.391664624214172363e-01
8.623379707336425781e+00	4.937579154968261719e+00
1.366880130767822266e+01	-4.235037863254547119e-01
9.432741165161132812e+00	1.089847278594970703e+01
1.166316699981689453e+01	3.943630933761596680e+00
8.884194374084472656e+00	1.706366896629333496e+00
9.659755706787109375e+00	3.729300737380981445e+00
1.253380107879638672e+01	3.644218921661376953e+00
1.006379985809326172e+01	8.615574836730957031e-01
1.259881687164306641e+01	-1.533070206642150879e-01
8.655786514282226562e+00	8.959124565124511719e+00
1.243956279754638672e+01	5.676527500152587891e+00
8.593791961669921875e+00	2.780802488327026367e+00
1.248300933837890625e+01	4.275270462036132812e+00
1.248699665069580078e+01	2.587430715560913086e+00
7.452943801879882812e+00	1.514765769243240356e-01
9.809607505798339844e+00	3.850059270858764648e+00
9.368390083312988281e+00	5.418633937835693359e+00
6.003888130187988281e+00	1.236291646957397461e+00
1.166472434997558594e+01	4.781347274780273438e+00
1.087888431549072266e+01	9.518503189086914062e+00
1.347354221343994141e+01	5.472609996795654297e-01
1.074456024169921875e+01	3.280006885528564453e+00
7.620818614959716797e+00	1.574028372764587402e+00
9.094603538513183594e+00	3.968974828720092773e+00
9.892230987548828125e+00	2.662063360214233398e+00
1.209881687164306641e+01	8.537416160106658936e-02
1.129310512542724609e+01	9.797103881835937500e+00
1.364171504974365234e+01	8.185979843139648438e+00
1.138966083526611328e+01	9.423748970031738281e+00
1.727130889892578125e+01	1.887381553649902344e+00
1.311365413665771484e+01	-1.771864891052246094e-01
8.341923713684082031e+00	5.223289012908935547e+00
1.134156990051269531e+01	5.585501670837402344e+00
9.884612083435058594e+00	5.017213344573974609e+00
1.402293109893798828e+01	-9.641425609588623047e-01
4.113798618316650391e+00	2.624141931533813477e+00
1.037028312683105469e+01	6.134528160095214844e+00
9.815562248229980469e+00	-1.208585023880004883e+00
9.360386848449707031e+00	5.675158023834228516e+00
3.914829492568969727e+00	2.194989681243896484e+00
1.150516700744628906e+01	1.723004698753356934e+00
8.745598793029785156e+00	9.513556480407714844e+00
1.003786277770996094e+01	8.556993484497070312e+00
1.229976177215576172e+01	3.451123714447021484e+00
1.304266166687011719e+01	4.867533683776855469e+00
9.460584640502929688e+00	1.667948484420776367e+00
7.283081531524658203e+00	5.740354657173156738e-01
1.143222141265869141e+01	3.192666292190551758e+00
1.140893650054931641e+01	6.736975193023681641e+00
1.174178886413574219e+01	2.726740360260009766e+00
1.149896335601806641e+01	7.356470108032226562e+00
1.084878444671630859e+01	2.632873773574829102e+00
1.192074584960937500e+01	2.445866107940673828e+00
1.441050148010253906e+01	2.075906753540039062e+00
1.139244079589843750e+01	4.669652938842773438e+00
1.164371013641357422e+01	4.649225234985351562e+00
1.218726730346679688e+01	5.355242252349853516e+00
9.677816390991210938e+00	3.663588762283325195e+00
7.873581409454345703e+00	4.769373416900634766e+00
1.305070590972900391e+01	7.074545383453369141e+00
1.135823345184326172e+01	6.031485080718994141e+00
1.419379234313964844e+01	1.387433886528015137e+00
8.090378761291503906e+00	-4.498176276683807373e-01
1.194656085968017578e+01	5.803149223327636719e+00
9.438260078430175781e+00	7.053037166595458984e+00
1.092113780975341797e+01	4.214440822601318359e+00
9.518140792846679688e+00	2.334915399551391602e+00
1.354798984527587891e+01	4.233551502227783203e+00
9.246308326721191406e+00	-9.278121590614318848e-01
1.360569572448730469e+01	6.546431064605712891e+00
9.687203407287597656e+00	-1.323155641555786133e+00
1.228353881835937500e+01	4.175539016723632812e+00
1.021831989288330078e+01	5.236065387725830078e+00
1.050782394409179688e+01	7.976080775260925293e-01
1.153671836853027344e+01	-8.515170216560363770e-02
1.427191734313964844e+01	1.543689131736755371e+00
1.027906036376953125e+01	4.214499950408935547e+00
1.234624767303466797e+01	3.961085319519042969e+00
1.336377525329589844e+01	8.721706390380859375e+00
1.037660884857177734e+01	8.714140892028808594e+00
1.028065586090087891e+01	6.925808906555175781e+00
1.169993782043457031e+01	2.811682783067226410e-02
4.683919429779052734e+00	-1.787726581096649170e-01
3.741209506988525391e+00	3.225716114044189453e+00
1.430954647064208984e+01	3.141889572143554688e-01
8.536128997802734375e+00	4.875872611999511719e+00
1.030612564086914062e+01	4.332040786743164062e+00
1.277784156799316406e+01	2.530429363250732422e+00
1.106039905548095703e+01	7.003067493438720703e+00
1.374279212951660156e+01	8.569868087768554688e+00
7.927942276000976562e+00	6.510883808135986328e+00
1.332500457763671875e+01	-7.583656311035156250e-01
1.365099239349365234e+01	3.321712493896484375e+00
8.068039894104003906e+00	1.234777569770812988e+00
1.396956253051757812e+01	1.590772271156311035e+00
1.363749504089355469e+01	3.592533111572265625e+00
1.287658500671386719e+01	1.808167576789855957e+00
1.626596641540527344e+01	2.525954484939575195e+00
1.020504474639892578e+01	5.852120876312255859e+00
9.423915863037109375e+00	9.072126388549804688e+00
1.179641246795654297e+01	4.124120712280273438e+00
1.174481582641601562e+01	2.688450098037719727e+00
1.149683666229248047e+01	9.850351333618164062e+00
1.121692562103271484e+01	4.361904621124267578e+00
1.253428459167480469e+01	3.472126007080078125e+00
1.047609806060791016e+01	2.531628131866455078e+00
7.461246013641357422e+00	2.949884176254272461e+00
9.653086662292480469e+00	5.284475803375244141e+00
1.099433803558349609e+01	5.869450092315673828e+00
1.339815902709960938e+01	4.537424087524414062e+00
1.264307785034179688e+01	5.304814815521240234e+00
1.008471202850341797e+01	1.495335698127746582e+00
1.083210754394531250e+01	1.529131889343261719e+00
1.016443824768066406e+01	7.919770240783691406e+00
1.107823085784912109e+01	3.632569551467895508e+00
8.912336349487304688e+00	2.663411617279052734e+00
1.267547893524169922e+01	4.029255867004394531e+00
1.119115257263183594e+01	3.032774209976196289e+00
1.368635272979736328e+01	7.242925643920898438e+00
8.291394233703613281e+00	7.928987145423889160e-01
1.320991706848144531e+01	6.114064216613769531e+00
3.012505292892456055e+00	1.048903226852416992e+00
7.684154510498046875e+00	7.187856674194335938e+00
9.294642448425292969e+00	6.089123725891113281e+00
1.328285884857177734e+01	1.146758556365966797e+00
1.438779640197753906e+01	6.818135261535644531e+00
1.119023704528808594e+01	5.060035228729248047e+00
1.190460777282714844e+01	1.622539758682250977e+00
1.394911861419677734e+01	2.338334321975708008e+00
1.194075775146484375e+01	5.524497032165527344e+00
1.304407882690429688e+01	-1.180075407028198242e+00
7.470580101013183594e+00	6.868635416030883789e-01
9.560351371765136719e+00	-3.912004828453063965e-01
7.814991950988769531e+00	1.716115593910217285e+00
1.442275428771972656e+01	2.638650417327880859e+00
1.074876499176025391e+01	2.485194683074951172e+00
1.280829238891601562e+01	8.507584571838378906e+00
1.165994358062744141e+01	6.807518959045410156e+00
9.605582237243652344e+00	-7.865281701087951660e-01
1.085505104064941406e+01	4.069278717041015625e+00
3.656634092330932617e+00	1.418320417404174805e+00
9.451794624328613281e+00	5.546719074249267578e+00
1.111854362487792969e+01	5.959505438804626465e-01
1.158438301086425781e+01	8.385972976684570312e+00
8.164514541625976562e+00	2.379815101623535156e+00
8.852241516113281250e+00	4.888890743255615234e+00
1.460968971252441406e+01	4.324780464172363281e+00
9.068034172058105469e+00	8.804373741149902344e+00
1.461689758300781250e+01	5.282330036163330078e+00
9.659502983093261719e+00	9.166044235229492188e+00
7.161456584930419922e+00	6.060979843139648438e+00
1.086571693420410156e+01	1.360065817832946777e+00
4.215391635894775391e+00	2.692459583282470703e+00
1.181657600402832031e+01	1.720337629318237305e+00
8.041182518005371094e+00	7.443978786468505859e+00
1.410348606109619141e+01	6.601643562316894531e+00
1.150289535522460938e+01	1.792895197868347168e+00
1.108201789855957031e+01	3.585821390151977539e+00
1.493753242492675781e+01	4.707039356231689453e+00
2.919003009796142578e+00	2.099897146224975586e+00
3.957495212554931641e+00	2.078612089157104492e+00
1.337665557861328125e+01	5.331718921661376953e+00
1.246106815338134766e+01	3.941779136657714844e-01
1.453606986999511719e+01	1.932481408119201660e+00
1.037937355041503906e+01	4.142738342285156250e+00
1.238809204101562500e+01	6.835790634155273438e+00
1.313742733001708984e+01	1.442022085189819336e+00
7.219959259033203125e+00	3.996798992156982422e+00
1.436773300170898438e+01	7.368357181549072266e+00
1.028055191040039062e+01	7.233296394348144531e+00
1.469367218017578125e+01	1.681725025177001953e+00
9.421464920043945312e+00	4.347767353057861328e+00
1.316826438903808594e+01	9.110685348510742188e+00
1.372207641601562500e+01	7.035825729370117188e+00
1.511008739471435547e+01	5.699073314666748047e+00
1.003854465484619141e+01	2.693671464920043945e+00
9.755740165710449219e+00	1.134241867065429688e+01
1.460066223144531250e+01	1.635630488395690918e+00
7.749537467956542969e+00	8.415467292070388794e-02
1.112870407104492188e+01	1.601095080375671387e+00
1.283026027679443359e+01	8.077320098876953125e+00
1.092058944702148438e+01	7.610770225524902344e+00
1.364023971557617188e+01	5.342818260192871094e+00
8.516843795776367188e+00	5.760887145996093750e+00
1.166565704345703125e+01	7.943509578704833984e+00
1.558664321899414062e+01	5.694341659545898438e+00
1.155775642395019531e+01	6.694770812988281250e+00
7.029541015625000000e+00	7.010682225227355957e-01
9.277823448181152344e+00	3.091625213623046875e+00
1.198853206634521484e+01	1.001920127868652344e+01
1.218575572967529297e+01	2.818627595901489258e+00
8.041166305541992188e+00	5.881192207336425781e+00
8.847784042358398438e+00	3.688269853591918945e+00
1.304158973693847656e+01	8.830509185791015625e+00
1.426233291625976562e+01	5.896963596343994141e+00
8.307315826416015625e+00	4.008227825164794922e+00
1.484585380554199219e+01	2.027597904205322266e+00
1.309637546539306641e+01	6.846544265747070312e+00
7.938770294189453125e+00	1.727737665176391602e+00
1.166641807556152344e+01	8.668523430824279785e-01
1.006680583953857422e+01	7.560510635375976562e+00
1.159694671630859375e+01	-7.914489507675170898e-01
1.438260269165039062e+01	4.755137920379638672e+00
1.399393463134765625e+01	6.046791076660156250e+00
1.528361034393310547e+01	6.558039188385009766e+00
1.723834228515625000e+01	2.141730070114135742e+00
1.251311302185058594e+01	8.361403465270996094e+00
1.026641368865966797e+01	3.414984941482543945e+00
1.065517616271972656e+01	2.324664831161499023e+00
1.178811550140380859e+01	4.328242778778076172e+00
9.823646545410156250e+00	8.869660377502441406e+00
1.490139102935791016e+01	1.863083243370056152e+00
1.284296703338623047e+01	6.845005035400390625e+00
1.139470767974853516e+01	4.877837181091308594e+00
3.991555929183959961e+00	-3.953048884868621826e-01
1.736284828186035156e+01	1.794716358184814453e+00
8.685056686401367188e+00	3.410313844680786133e+00
1.230167198181152344e+01	6.029049396514892578e+00
1.045282649993896484e+01	8.253828048706054688e+00
8.078006744384765625e+00	2.026568651199340820e+00
1.336726856231689453e+01	3.516641378402709961e+00
1.070535087585449219e+01	2.571934223175048828e+00
1.431219673156738281e+01	3.932595491409301758e+00
1.085659027099609375e+01	-8.426569104194641113e-01
1.506674289703369141e+01	6.166127681732177734e+00
9.714100837707519531e+00	6.957159638404846191e-01
1.664603996276855469e+01	2.800093173980712891e+00
1.442690372467041016e+01	4.894420146942138672e+00
9.595365524291992188e+00	1.121755123138427734e+00
1.023663043975830078e+01	3.157925128936767578e+00
1.239790916442871094e+01	6.620172977447509766e+00
1.416241073608398438e+01	6.936148166656494141e+00
9.642838478088378906e+00	2.509146213531494141e+00
1.054474925994873047e+01	-3.478521108627319336e-01
1.443229484558105469e+01	2.165049314498901367e+00
1.087415981292724609e+01	6.173925399780273438e+00
1.384851264953613281e+01	2.982562780380249023e+00
7.056134223937988281e+00	6.155941486358642578e+00
9.113098144531250000e+00	8.702167510986328125e+00
1.262117385864257812e+01	5.836558341979980469e+00
1.420512771606445312e+01	5.385464191436767578e+00
9.731568336486816406e+00	7.278397083282470703e-01
1.053859615325927734e+01	-9.760907292366027832e-01
8.172198295593261719e+00	3.781225919723510742e+00
1.123271274566650391e+01	4.934048652648925781e+00
1.264737129211425781e+01	5.157297611236572266e+00
1.236030578613281250e+01	1.784192919731140137e+00
1.208162975311279297e+01	1.012968444824218750e+01
8.673246383666992188e+00	8.295502662658691406e+00
9.783942222595214844e+00	4.946976661682128906e+00
1.380198669433593750e+01	9.342072159051895142e-02
8.281428337097167969e+00	2.271101951599121094e+00
1.057216453552246094e+01	6.715262532234191895e-01
9.590477943420410156e+00	4.718657016754150391e+00
1.291288757324218750e+01	6.595394611358642578e+00
1.071571063995361328e+01	2.349512338638305664e+00
1.263426971435546875e+01	2.452677249908447266e+00
9.356558799743652344e+00	-6.896629333496093750e-01
1.219700050354003906e+01	1.247638344764709473e+00
1.273766803741455078e+01	5.240407943725585938e+00
1.361717987060546875e+01	5.185217380523681641e+00
9.398563385009765625e+00	9.734244346618652344e+00
1.285532855987548828e+01	8.745168685913085938e+00
1.481578350067138672e+01	3.047993183135986328e+00
1.219412422180175781e+01	5.668287277221679688e+00
1.431771373748779297e+01	6.845365166664123535e-01
1.499813556671142578e+01	2.415931224822998047e+00
1.209591770172119141e+01	2.472295314073562622e-01
1.394183158874511719e+01	2.007691621780395508e+00
7.712996959686279297e+00	9.404736518859863281e+00
1.395710182189941406e+01	-7.423788905143737793e-01
1.467523860931396484e+01	6.768728733062744141e+00
1.343851947784423828e+01	4.999177932739257812e+00
1.311006355285644531e+01	4.526802539825439453e+00
1.355815982818603516e+01	4.770472526550292969e+00
1.031503200531005859e+01	2.937688350677490234e+00
8.221999168395996094e+00	8.216737747192382812e+00
1.464157581329345703e+01	7.109848976135253906e+00
1.348361968994140625e+01	3.187934875488281250e+00
1.302597522735595703e+01	3.866804122924804688e+00
1.469632244110107422e+01	1.640050172805786133e+00
7.850400924682617188e+00	9.797303199768066406e+00
1.388009262084960938e+01	5.317425727844238281e+00
3.669708728790283203e+00	2.364678075537085533e-03
1.273474216461181641e+01	-8.201625347137451172e-01
9.241715431213378906e+00	6.409009456634521484e+00
1.715743637084960938e+01	1.816105842590332031e+00
1.525470161437988281e+01	5.843796253204345703e+00
1.174697017669677734e+01	2.451640367507934570e+00
1.203123569488525391e+01	4.990493297576904297e+00
1.122085094451904297e+01	6.292881965637207031e+00
1.278858757019042969e+01	3.595815002918243408e-01
4.694491386413574219e+00	8.216865658760070801e-01
1.729296493530273438e+01	1.737964391708374023e+00
1.145838260650634766e+01	1.102947354316711426e+00
7.401196956634521484e+00	-1.032800555229187012e+00
7.961936473846435547e+00	2.437876224517822266e+00
1.140409851074218750e+01	9.409464836120605469e+00
8.446174621582031250e+00	1.234970211982727051e+00
8.344062805175781250e+00	1.902079701423645020e+00
1.390923881530761719e+01	8.090034484863281250e+00
1.105754852294921875e+01	6.220370292663574219e+00
7.213401794433593750e+00	1.563409924507141113e+00
1.710974121093750000e+01	1.957084298133850098e+00
1.466519737243652344e+01	6.597178459167480469e+00
8.305913925170898438e+00	9.252526283264160156e+00
4.984025955200195312e+00	-1.053582191467285156e+00
1.468289184570312500e+01	7.541713714599609375e+00
1.241464424133300781e+01	4.160153865814208984e+00
8.035460472106933594e+00	6.590077400207519531e+00
1.207788753509521484e+01	5.141440868377685547e+00
9.080909729003906250e+00	2.116432428359985352e+00
9.929697036743164062e+00	-1.715355157852172852e+00
1.198696327209472656e+01	7.565886497497558594e+00
1.384030055999755859e+01	5.429347991943359375e+00
1.451460266113281250e+01	3.878363370895385742e+00
1.371527194976806641e+01	-8.276054263114929199e-01
1.055332374572753906e+01	3.086623430252075195e+00
8.418930053710937500e+00	7.353572845458984375e+00
1.142557144165039062e+01	6.423730373382568359e+00
1.015508556365966797e+01	7.344799995422363281e+00
9.877343177795410156e+00	2.832714319229125977e+00
1.218043041229248047e+01	6.963981628417968750e+00
1.391175270080566406e+01	-8.918103575706481934e-01
9.788909912109375000e+00	-6.198008656501770020e-01
9.279967308044433594e+00	7.901163578033447266e+00
1.170242118835449219e+01	8.985797166824340820e-01
1.350346183776855469e+01	3.780822992324829102e+00
1.436685943603515625e+01	2.863761425018310547e+00
1.250592803955078125e+01	5.527630329132080078e+00
1.163867664337158203e+01	-1.985609531402587891e-02
1.315877628326416016e+01	4.527392387390136719e+00
1.133566856384277344e+01	6.829286098480224609e+00
1.242157936096191406e+01	-6.831660270690917969e-01
9.201836585998535156e+00	8.843551635742187500e+00
1.428810787200927734e+01	7.286410808563232422e+00
1.233368015289306641e+01	2.096989870071411133e+00
1.174787235260009766e+01	8.971752166748046875e+00
1.309699726104736328e+01	-2.132209986448287964e-01
1.042178916931152344e+01	5.450714588165283203e+00
1.348381710052490234e+01	2.762648582458496094e+00
9.817518234252929688e+00	-1.761313199996948242e+00
1.167238521575927734e+01	1.461978435516357422e+00
1.308433437347412109e+01	-1.118943572044372559e+00
1.255803966522216797e+01	-1.373116493225097656e+00
9.232912063598632812e+00	8.547832489013671875e+00
1.486198520660400391e+01	3.219388723373413086e+00
1.341827869415283203e+01	2.509439229965209961e+00
2.340553760528564453e+00	2.518883705139160156e+00
5.210499763488769531e+00	-7.865040302276611328e-01
8.088149070739746094e+00	1.673347473144531250e+00
8.427696228027343750e+00	8.255112648010253906e+00
9.401074409484863281e+00	1.053447914123535156e+01
9.608120918273925781e+00	3.397405445575714111e-01
5.906824111938476562e+00	1.313260793685913086e+00
1.276710510253906250e+01	5.067243099212646484e+00
1.201408004760742188e+01	5.960643291473388672e+00
7.578581333160400391e+00	8.646327972412109375e+00
1.004568767547607422e+01	7.990825653076171875e+00
8.048828125000000000e+00	7.442085266113281250e+00
1.472386550903320312e+01	6.133729934692382812e+00
1.426890087127685547e+01	1.033698692917823792e-01
2.161765575408935547e+00	2.759721755981445312e+00
1.177061843872070312e+01	3.321136713027954102e+00
1.022392559051513672e+01	9.015172004699707031e+00
1.177869510650634766e+01	5.304267883300781250e+00
1.330026340484619141e+01	7.994704723358154297e+00
7.900241374969482422e+00	2.578093290328979492e+00
1.554967689514160156e+01	5.980050086975097656e+00
8.263024330139160156e+00	1.108467817306518555e+00
1.084478187561035156e+01	2.331074953079223633e+00
9.282002449035644531e+00	1.128978443145751953e+01
8.575726509094238281e+00	7.895626544952392578e+00
2.664440393447875977e+00	2.871984958648681641e+00
1.124613857269287109e+01	3.559391021728515625e+00
7.799710750579833984e+00	8.841207623481750488e-01
9.754988670349121094e+00	-1.312467575073242188e+00
1.381624412536621094e+01	2.805428504943847656e+00
1.191371440887451172e+01	6.072760581970214844e+00
1.124041366577148438e+01	2.012715786695480347e-01
1.378420543670654297e+01	6.869312286376953125e+00
1.659238433837890625e+01	2.550652742385864258e+00
1.070717906951904297e+01	3.642778396606445312e+00
1.251400184631347656e+01	2.248133897781372070e+00
1.330272388458251953e+01	6.945584774017333984e+00
1.346054267883300781e+01	6.634895801544189453e+00
1.678879737854003906e+01	2.320300579071044922e+00
9.702907562255859375e+00	-4.120371937751770020e-01
1.043976688385009766e+01	8.469421267509460449e-01
1.577347278594970703e+01	3.483727216720581055e+00
1.262586212158203125e+01	4.092651367187500000e+00
1.110676479339599609e+01	1.600062847137451172e+00
1.338597297668457031e+01	7.716414928436279297e+00
9.399084091186523438e+00	6.442392349243164062e+00
1.437731170654296875e+01	5.280424594879150391e+00
1.194043445587158203e+01	8.824754714965820312e+00
7.765025615692138672e+00	4.269761562347412109e+00
1.339884376525878906e+01	6.955256938934326172e+00
1.410949993133544922e+01	2.623311758041381836e+00
1.328912925720214844e+01	2.630228281021118164e+00
8.856926918029785156e+00	5.395280361175537109e+00
1.024685478210449219e+01	2.142256021499633789e+00
8.901629447937011719e+00	5.562180995941162109e+00
1.214457130432128906e+01	4.409567356109619141e+00
1.180694389343261719e+01	2.454614266753196716e-02
9.613502502441406250e+00	3.514838457107543945e+00
1.191055870056152344e+01	4.875599861145019531e+00
9.528937339782714844e+00	4.041311264038085938e+00
1.318984603881835938e+01	3.112625122070312500e+00
8.965815544128417969e+00	5.589024543762207031e+00
1.008675098419189453e+01	1.124689102172851562e+00
1.045729255676269531e+01	1.066530418395996094e+01
8.798405647277832031e+00	1.920098543167114258e+00
8.500630378723144531e+00	4.959074497222900391e+00
9.709064483642578125e+00	8.932939529418945312e+00
8.716748237609863281e+00	4.843579292297363281e+00
8.393582344055175781e+00	4.032423019409179688e+00
9.121468544006347656e+00	5.215813636779785156e+00
1.356733131408691406e+01	3.773870944976806641e+00
1.225021839141845703e+01	4.743188381195068359e+00
1.064079570770263672e+01	-2.689583897590637207e-01
7.520185470581054688e+00	1.831782102584838867e+00
1.226175117492675781e+01	6.254037380218505859e+00
1.726366996765136719e+01	1.704696655273437500e+00
1.186228179931640625e+01	2.487344980239868164e+00
9.403727531433105469e+00	8.967412710189819336e-01
6.169097900390625000e+00	2.095810890197753906e+00
1.716180419921875000e+01	2.008991956710815430e+00
1.404727554321289062e+01	4.118141174316406250e+00
1.467699718475341797e+01	3.909650087356567383e+00
8.421115875244140625e+00	1.415030837059020996e+00
7.650200366973876953e+00	7.336074352264404297e+00
9.307609558105468750e+00	5.575893878936767578e+00
8.160610198974609375e+00	6.690054416656494141e+00
1.076318836212158203e+01	8.089097976684570312e+00
1.359255504608154297e+01	4.470094680786132812e+00
8.240889549255371094e+00	4.727180004119873047e+00
8.085540771484375000e+00	7.854733943939208984e+00
1.558762454986572266e+01	4.497092723846435547e+00
1.325996303558349609e+01	4.147181034088134766e+00
1.441515731811523438e+01	6.149561405181884766e+00
1.411345767974853516e+01	6.598357200622558594e+00
1.718596267700195312e+01	2.181691646575927734e+00
7.597705364227294922e+00	5.181325078010559082e-01
1.213267230987548828e+01	7.319794654846191406e+00
1.277361583709716797e+01	6.765987396240234375e+00
1.169424533843994141e+01	-7.734291255474090576e-02
1.104163265228271484e+01	7.498996257781982422e+00
1.030396175384521484e+01	3.880678892135620117e+00
6.159069061279296875e+00	-2.115018479526042938e-02
7.111935138702392578e+00	1.513191223144531250e+00
9.900862693786621094e+00	9.787372589111328125e+00
1.082059574127197266e+01	2.942444801330566406e+00
9.079592704772949219e+00	6.278025627136230469e+00
1.338398742675781250e+01	3.986427068710327148e+00
1.122573184967041016e+01	9.780192375183105469e+00
3.985805273056030273e+00	8.519974350929260254e-01
1.227654933929443359e+01	7.984513282775878906e+00
1.491664505004882812e+01	2.381808042526245117e+00
1.129805374145507812e+01	1.865531921386718750e+00
7.482021331787109375e+00	2.245409727096557617e+00
1.449523639678955078e+01	4.755263328552246094e+00
1.156754779815673828e+01	5.125306606292724609e+00
9.870030403137207031e+00	8.298457145690917969e+00
1.262059020996093750e+01	5.991393089294433594e+00
9.979207992553710938e+00	8.126991271972656250e+00
1.109136867523193359e+01	2.528219938278198242e+00
9.601979255676269531e+00	1.118807196617126465e+00
8.263634681701660156e+00	9.889006614685058594e+00
1.147366809844970703e+01	6.307003974914550781e+00
1.209151840209960938e+01	4.935657978057861328e+00
7.269941806793212891e+00	1.226637840270996094e+00
1.357939434051513672e+01	1.593782544136047363e+00
1.290015983581542969e+01	1.439424633979797363e+00
7.601799964904785156e+00	2.143146038055419922e+00
1.024093627929687500e+01	2.423898220062255859e+00
1.111114883422851562e+01	6.743987083435058594e+00
1.033406448364257812e+01	-1.180581077933311462e-01
1.132014465332031250e+01	7.348679065704345703e+00
5.135500907897949219e+00	-1.047210693359375000e+00
8.907218933105468750e+00	1.951586246490478516e+00
1.241121006011962891e+01	4.037782192230224609e+00
1.041798019409179688e+01	-1.817862153053283691e+00
8.888142585754394531e+00	3.375004291534423828e+00
9.868144035339355469e+00	7.257813453674316406e+00
1.233380603790283203e+01	2.088275700807571411e-01
1.033649253845214844e+01	2.130922317504882812e+00
1.256169509887695312e+01	1.996430903673171997e-01
1.132536983489990234e+01	4.093729496002197266e+00
1.410555171966552734e+01	-5.714300870895385742e-01
1.095784187316894531e+01	4.601667404174804688e+00
7.841634273529052734e+00	6.981516361236572266e+00
1.248307514190673828e+01	2.931995876133441925e-02
1.143886852264404297e+01	6.998435497283935547e+00
1.056159877777099609e+01	-1.650467514991760254e+00
1.111976242065429688e+01	2.548822164535522461e+00
1.155636215209960938e+01	5.361649990081787109e+00
1.162290382385253906e+01	4.025333404541015625e+00
1.211672115325927734e+01	3.040506839752197266e+00
1.243855476379394531e+01	1.704320758581161499e-01
1.134703636169433594e+01	4.539754986763000488e-01
1.180060863494873047e+01	6.152219772338867188e-01
1.034308719635009766e+01	1.658833146095275879e+00
1.046899223327636719e+01	-1.795794367790222168e+00
1.032121562957763672e+01	9.597770690917968750e+00
9.087123870849609375e+00	1.330203294754028320e+00
1.271251869201660156e+01	-8.379429578781127930e-01
1.253219413757324219e+01	6.357734203338623047e-01
5.979740142822265625e+00	2.710621356964111328e+00
1.495454692840576172e+01	5.927334785461425781e+00
1.184416198730468750e+01	4.245193481445312500e+00
1.449201488494873047e+01	5.466515064239501953e+00
1.725829315185546875e+01	2.073054790496826172e+00
1.286955070495605469e+01	1.263837575912475586e+00
1.297618579864501953e+01	6.687636375427246094e+00
1.445892429351806641e+01	9.334475398063659668e-01
8.818755149841308594e+00	8.126842498779296875e+00
1.085533237457275391e+01	9.820237159729003906e+00
8.421055793762207031e+00	9.901377677917480469e+00
9.646067619323730469e+00	-6.744968295097351074e-01
3.203541755676269531e+00	2.291748046875000000e+00
1.131200981140136719e+01	6.436768531799316406e+00
1.119687938690185547e+01	3.051163911819458008e+00
1.117881488800048828e+01	1.389219284057617188e+00
9.078887939453125000e+00	-1.304881334304809570e+00
1.426815700531005859e+01	3.445675373077392578e+00
1.104835987091064453e+01	6.756330490112304688e+00
7.095698833465576172e+00	6.501981735229492188e+00
1.047884082794189453e+01	-3.301726281642913818e-02
9.675259590148925781e+00	2.823397159576416016e+00
1.492565155029296875e+01	3.304507255554199219e+00
1.334130668640136719e+01	1.889742851257324219e+00
7.962397575378417969e+00	7.436853408813476562e+00
1.477419853210449219e+01	2.932623147964477539e+00
1.026107501983642578e+01	1.366010308265686035e-01
7.275267601013183594e+00	1.496384739875793457e+00
1.159338760375976562e+01	2.099276065826416016e+00
3.967476606369018555e+00	1.521501183509826660e+00
1.076698493957519531e+01	5.905398845672607422e+00
1.375076293945312500e+01	7.999988079071044922e+00
1.521746444702148438e+01	5.507175445556640625e+00
9.316718101501464844e+00	3.269994020462036133e+00
1.241788673400878906e+01	-4.029926359653472900e-01
1.188923454284667969e+01	-7.547051310539245605e-01
1.043887042999267578e+01	5.711785793304443359e+00
8.476894378662109375e+00	3.195866584777832031e+00
1.195962333679199219e+01	3.211628437042236328e+00
9.920030593872070312e+00	-1.371444821357727051e+00
8.105510711669921875e+00	1.450784951448440552e-01
1.255008125305175781e+01	4.702469348907470703e+00
1.001710128784179688e+01	4.418898105621337891e+00
1.174618339538574219e+01	8.144994378089904785e-01
1.023886394500732422e+01	1.086933135986328125e+01
1.441089916229248047e+01	-2.931587398052215576e-01
8.564694404602050781e+00	3.380050897598266602e+00
1.370960903167724609e+01	1.806156635284423828e+00
8.631390571594238281e+00	6.971485912799835205e-02
1.087421607971191406e+01	5.823345184326171875e+00
6.647355079650878906e+00	-5.318908691406250000e-01
1.182525062561035156e+01	5.274618625640869141e+00
8.285720825195312500e+00	2.651919841766357422e+00
1.271240806579589844e+01	-1.338460087776184082e+00
1.457702922821044922e+01	1.671331882476806641e+00
9.541717529296875000e+00	1.826565146446228027e+00
1.332636642456054688e+01	6.105453968048095703e+00
1.294911003112792969e+01	7.122950553894042969e+00
1.219625568389892578e+01	1.485122323036193848e+00
1.232855415344238281e+01	2.111815690994262695e+00
1.286618709564208984e+01	7.726835250854492188e+00
1.323224353790283203e+01	6.976566791534423828e+00
1.221931934356689453e+01	1.904538154602050781e+00
1.484311389923095703e+01	5.877088546752929688e+00
1.024574565887451172e+01	3.665185451507568359e+00
7.095443248748779297e+00	3.816974163055419922e+00
1.172049427032470703e+01	8.272990226745605469e+00
1.283244132995605469e+01	5.846656799316406250e+00
1.419571304321289062e+01	6.202771663665771484e+00
3.406106710433959961e+00	3.437316417694091797e+00
1.146040058135986328e+01	2.236670017242431641e+00
8.028117179870605469e+00	7.872025489807128906e+00
1.464525413513183594e+01	7.801448106765747070e-01
9.125126838684082031e+00	1.526413798332214355e+00
1.034344577789306641e+01	3.376880288124084473e-02
1.109831237792968750e+01	4.951197147369384766e+00
1.180363368988037109e+01	2.352711409330368042e-01
8.865524291992187500e+00	9.901833534240722656e-01
7.923288822174072266e+00	6.954052925109863281e+00
1.324614906311035156e+01	6.505694389343261719e+00
8.450345039367675781e+00	8.275254249572753906e+00
1.214990425109863281e+01	8.921822547912597656e+00
8.964133262634277344e+00	3.964116096496582031e+00
9.885339736938476562e+00	-1.673535346984863281e+00
3.029716253280639648e+00	1.764269351959228516e+00
1.254580402374267578e+01	3.278287410736083984e+00
1.315769672393798828e+01	2.507746696472167969e+00
1.350921058654785156e+01	-2.453738451004028320e-01
1.208995342254638672e+01	7.720932006835937500e+00
1.330956363677978516e+01	-9.809080958366394043e-01
9.980699539184570312e+00	3.188879966735839844e+00
1.011117935180664062e+01	8.014705657958984375e+00
1.324802017211914062e+01	4.059361934661865234e+00
1.102035713195800781e+01	4.925281047821044922e+00
1.476924991607666016e+01	4.947529315948486328e+00
9.637235641479492188e+00	-1.325495719909667969e+00
1.196343326568603516e+01	4.447449207305908203e+00
7.632792949676513672e+00	2.448183536529541016e+00
8.686923027038574219e+00	4.187931537628173828e+00
1.137583351135253906e+01	3.694488525390625000e+00
1.406977367401123047e+01	7.326140403747558594e+00
1.166238975524902344e+01	7.142406940460205078e+00
9.344713211059570312e+00	3.164770126342773438e+00
1.165746116638183594e+01	4.754676818847656250e+00
3.529813051223754883e+00	2.142633914947509766e+00
1.311612510681152344e+01	2.495156049728393555e+00
9.518776893615722656e+00	6.828041553497314453e+00
1.003384017944335938e+01	6.714636325836181641e+00
1.318793487548828125e+01	2.034272193908691406e+00
1.000317478179931641e+01	8.692879676818847656e+00
1.412834644317626953e+01	6.403738498687744141e+00
1.409009265899658203e+01	4.367300033569335938e+00
1.050947189331054688e+01	7.829577445983886719e+00
3.764435529708862305e+00	-2.722473144531250000e-01
9.615087509155273438e+00	3.369060754776000977e+00
1.409090423583984375e+01	1.666555166244506836e+00
8.219696044921875000e+00	8.745000839233398438e+00
1.440998363494873047e+01	1.113281250000000000e+00
8.409152984619140625e+00	3.636646032333374023e+00
7.875915527343750000e+00	3.425879478454589844e+00
4.890376091003417969e+00	-1.141365289688110352e+00
4.681540489196777344e+00	1.518740653991699219e-01
9.126316070556640625e+00	9.253936767578125000e+00
1.067984199523925781e+01	-4.288483262062072754e-01
1.083199691772460938e+01	2.563880980014801025e-01
9.861702919006347656e+00	9.683081626892089844e+00
1.116224670410156250e+01	1.134174585342407227e+00
5.447874069213867188e+00	2.021819591522216797e+00
1.104736614227294922e+01	4.519992351531982422e+00
9.793910026550292969e+00	3.189161777496337891e+00
1.013643264770507812e+01	6.866066455841064453e+00
1.219523715972900391e+01	3.186869621276855469e+00
1.370900154113769531e+01	3.572879076004028320e+00
9.416203498840332031e+00	1.079752445220947266e+01
1.401539039611816406e+01	2.833699464797973633e+00
1.042063808441162109e+01	5.293379783630371094e+00
1.292598152160644531e+01	-9.007348418235778809e-01
8.560720443725585938e+00	1.159834861755371094e+01
9.825449943542480469e+00	7.065271377563476562e+00
1.338276958465576172e+01	1.669481515884399414e+00
9.889507293701171875e+00	-1.014358878135681152e+00
1.430417442321777344e+01	2.119849443435668945e+00
1.071125221252441406e+01	3.279096364974975586e+00
1.164761447906494141e+01	8.926261067390441895e-01
4.651443958282470703e+00	1.523908019065856934e+00
1.028795051574707031e+01	5.155779361724853516e+00
1.026558685302734375e+01	5.516564369201660156e+00
8.413447380065917969e+00	-2.088461071252822876e-01
1.230179023742675781e+01	1.708745002746582031e+00
1.310081005096435547e+01	3.827834606170654297e+00
1.509385299682617188e+01	5.490077018737792969e+00
1.261383819580078125e+01	-9.032819271087646484e-01
1.123091125488281250e+01	9.992191791534423828e-01
1.253953456878662109e+01	9.491215944290161133e-01
8.152465820312500000e+00	2.210399150848388672e+00
4.274326801300048828e+00	2.053303718566894531e+00
1.305866622924804688e+01	-1.036836147308349609e+00
1.391855621337890625e+01	4.081577777862548828e+00
1.056705474853515625e+01	9.970108985900878906e+00
1.290310478210449219e+01	1.840496063232421875e+00
5.714867115020751953e+00	9.153466820716857910e-01
1.106851959228515625e+01	-1.593135714530944824e+00
6.620769977569580078e+00	1.096406698226928711e+00
1.393442821502685547e+01	6.536802291870117188e+00
1.147527313232421875e+01	4.564822196960449219e+00
1.392315292358398438e+01	1.445168733596801758e+00
1.237183761596679688e+01	9.724282264709472656e+00
1.113398551940917969e+01	5.776121139526367188e+00
1.013074588775634766e+01	7.498973608016967773e-01
8.771747589111328125e+00	5.602033615112304688e+00
1.047279071807861328e+01	7.441903352737426758e-01
1.379533100128173828e+01	5.479502201080322266e+00
1.154786300659179688e+01	5.895156383514404297e+00
1.289807987213134766e+01	7.588520050048828125e-01
1.090159606933593750e+01	9.855628967285156250e+00
1.312402820587158203e+01	5.642877101898193359e+00
9.092296600341796875e+00	1.025777244567871094e+01
8.883945465087890625e+00	-1.724350601434707642e-01
9.173793792724609375e+00	5.830209255218505859e-01
1.234994983673095703e+01	3.276345014572143555e+00
1.305778789520263672e+01	1.489687442779541016e+00
1.442945861816406250e+01	5.918158531188964844e+00
9.309926033020019531e+00	7.319088459014892578e+00
1.088777828216552734e+01	4.653816699981689453e+00
8.149270057678222656e+00	7.572450637817382812e+00
8.553418159484863281e+00	9.484324455261230469e+00
1.108071136474609375e+01	4.906314849853515625e+00
5.092151165008544922e+00	1.416620254516601562e+00
1.007546615600585938e+01	4.703061580657958984e+00
1.495049095153808594e+01	7.136313438415527344e+00
7.929725170135498047e+00	5.041709423065185547e+00
1.253574180603027344e+01	1.465020626783370972e-01
1.701276206970214844e+01	2.262064456939697266e+00
9.217199325561523438e+00	6.864242553710937500e+00
1.304381847381591797e+01	3.395224094390869141e+00
9.672003746032714844e+00	1.046221733093261719e+01
8.606023788452148438e+00	7.826558589935302734e+00
1.095845603942871094e+01	3.697826385498046875e+00
9.105315208435058594e+00	8.948129653930664062e+00
7.957896232604980469e+00	2.201874256134033203e+00
1.044225597381591797e+01	7.697242259979248047e+00
1.155351734161376953e+01	6.309013366699218750e+00
1.218183135986328125e+01	5.886202335357666016e+00
1.111437606811523438e+01	6.679202079772949219e+00
1.454011154174804688e+01	3.181703567504882812e+00
1.427589988708496094e+01	-5.456619858741760254e-01
1.212479019165039062e+01	9.761247634887695312e+00
1.510792446136474609e+01	3.580625057220458984e+00
1.151078796386718750e+01	2.239854574203491211e+00
5.612939357757568359e+00	1.508801579475402832e+00
1.079133319854736328e+01	2.389427900314331055e+00
8.822914123535156250e+00	4.565171241760253906e+00
9.087352752685546875e+00	6.907277584075927734e+00
1.478770542144775391e+01	4.072582721710205078e+00
1.303938102722167969e+01	8.442251205444335938e+00
1.127648258209228516e+01	9.586339950561523438e+00
1.350403785705566406e+01	4.174397945404052734e+00
2.769077301025390625e+00	2.643015384674072266e+00
1.115027904510498047e+01	1.059090328216552734e+01
9.895458221435546875e+00	5.182255744934082031e+00
1.073054695129394531e+01	5.066751480102539062e+00
1.386528491973876953e+01	2.230323314666748047e+00
1.265196895599365234e+01	2.252350330352783203e+00
1.426984500885009766e+01	2.912119030952453613e-01
1.055812358856201172e+01	7.819803237915039062e+00
1.245265579223632812e+01	1.193547487258911133e+00
7.858805656433105469e+00	6.030354499816894531e+00
7.259399890899658203e+00	3.142083883285522461e+00
1.228555107116699219e+01	5.702583789825439453e+00
5.317621707916259766e+00	-1.468919038772583008e+00
7.820982456207275391e+00	2.070132970809936523e+00
9.737947463989257812e+00	1.394948244094848633e+00
1.094835662841796875e+01	3.337388038635253906e+00
1.435336875915527344e+01	4.235713958740234375e+00
1.308094596862792969e+01	-9.298981428146362305e-01
1.292536735534667969e+01	8.806775093078613281e+00
8.351107597351074219e+00	7.763812541961669922e+00
8.755552291870117188e+00	4.946106910705566406e+00
1.139082717895507812e+01	3.833377361297607422e+00
7.261345863342285156e+00	2.082726001739501953e+00
6.927066326141357422e+00	7.231275081634521484e+00
7.694437026977539062e+00	3.107782840728759766e+00
1.304027175903320312e+01	3.511295080184936523e+00
1.257081794738769531e+01	9.326350688934326172e-01
9.001613616943359375e+00	7.518911838531494141e+00
1.134220600128173828e+01	2.986629009246826172e+00
1.131250572204589844e+01	2.613666534423828125e+00
1.328423881530761719e+01	7.333837032318115234e+00
1.014505672454833984e+01	4.020494818687438965e-01
1.008895492553710938e+01	1.120686054229736328e+01
1.162856292724609375e+01	-1.585188806056976318e-01
1.427597999572753906e+01	2.300849437713623047e+00
3.752607345581054688e+00	-4.041360616683959961e-01
8.689632415771484375e+00	-3.142821788787841797e-02
1.039616966247558594e+01	-1.646019697189331055e+00
1.024535942077636719e+01	6.390943050384521484e+00
4.788443565368652344e+00	1.009693741798400879e+00
7.132503509521484375e+00	6.981801986694335938e+00
1.278675365447998047e+01	5.219230651855468750e-01
1.083966732025146484e+01	1.438782572746276855e+00
7.471601963043212891e+00	1.658964037895202637e+00
1.321556758880615234e+01	5.864876508712768555e-01
7.946492671966552734e+00	3.789550781250000000e+00
9.286890983581542969e+00	4.079875946044921875e+00
8.849000930786132812e+00	5.632711410522460938e+00
9.824146270751953125e+00	2.542833089828491211e+00
7.874251365661621094e+00	4.109964370727539062e+00
9.540053367614746094e+00	4.361929595470428467e-01
1.146895122528076172e+01	-1.235274195671081543e+00
1.055171680450439453e+01	-8.503351211547851562e-01
9.202715873718261719e+00	4.733622550964355469e+00
1.211647701263427734e+01	1.292796969413757324e+00
3.656314611434936523e+00	5.534226298332214355e-01
1.154750251770019531e+01	9.499241828918457031e+00
1.189254760742187500e+01	5.249459743499755859e-01
1.151471710205078125e+01	7.065402030944824219e+00
9.639865875244140625e+00	6.704254150390625000e+00
1.075330352783203125e+01	7.201982975006103516e+00
7.490377902984619141e+00	7.276714324951171875e+00
1.034990215301513672e+01	5.324555873870849609e+00
1.190998172760009766e+01	6.088851928710937500e+00
1.315098667144775391e+01	8.664359092712402344e+00
1.171063137054443359e+01	4.326682090759277344e+00
1.007939815521240234e+01	6.106554031372070312e+00
1.291113185882568359e+01	4.886069774627685547e+00
7.942048549652099609e+00	2.020142078399658203e+00
1.083183860778808594e+01	1.549806833267211914e+00
1.086186790466308594e+01	2.362892389297485352e+00
1.324411296844482422e+01	2.931068181991577148e+00
1.090087985992431641e+01	2.605388402938842773e+00
9.059912681579589844e+00	5.903330802917480469e+00
1.193185997009277344e+01	5.492038726806640625e+00
1.268540382385253906e+01	5.464031219482421875e+00
9.133185386657714844e+00	3.858054399490356445e+00
1.301040649414062500e+01	-3.279006183147430420e-01
1.071663379669189453e+01	3.975907087326049805e+00
1.132260990142822266e+01	1.929675936698913574e+00
1.136218547821044922e+01	3.473884582519531250e+00
1.465001964569091797e+01	2.802435398101806641e+00
1.547599220275878906e+01	6.156243324279785156e+00
9.810213088989257812e+00	7.862061500549316406e+00
9.975082397460937500e+00	8.795407295227050781e+00
9.451669692993164062e+00	2.945498704910278320e+00
2.847326040267944336e+00	2.765573740005493164e+00
8.559821128845214844e+00	1.260109424591064453e+00
1.349946308135986328e+01	-3.638775050640106201e-01
8.526328086853027344e+00	9.729964256286621094e+00
1.057288646697998047e+01	-6.453457474708557129e-01
9.946678161621093750e+00	8.198302984237670898e-01
1.278334236145019531e+01	5.084913969039916992e-01
1.033602523803710938e+01	4.852155685424804688e+00
1.032922554016113281e+01	6.286345005035400391e+00
1.432234764099121094e+01	5.464213848114013672e+00
1.325268077850341797e+01	4.726184368133544922e+00
1.278178977966308594e+01	2.072466850280761719e+00
8.319297790527343750e+00	1.119899392127990723e+00
7.419382095336914062e+00	3.826365768909454346e-01
9.222027778625488281e+00	3.453672409057617188e+00
1.688106918334960938e+01	2.793290138244628906e+00
1.018443107604980469e+01	1.096206569671630859e+01
1.411583232879638672e+01	8.071034431457519531e+00
9.674294471740722656e+00	3.999939918518066406e+00
8.548464775085449219e+00	2.581124544143676758e+00
1.144229221343994141e+01	5.923069000244140625e+00
5.471936225891113281e+00	-1.093137979507446289e+00
1.320274639129638672e+01	-8.052477240562438965e-01
1.314828872680664062e+01	-6.464377641677856445e-01
1.348335838317871094e+01	6.347446918487548828e+00
1.259889888763427734e+01	-3.197717070579528809e-01
1.259305953979492188e+01	7.253044605255126953e+00
1.434265518188476562e+01	5.836156845092773438e+00
1.359245014190673828e+01	3.692186832427978516e+00
1.398259258270263672e+01	6.859271526336669922e+00
1.375398063659667969e+01	3.722347497940063477e+00
1.192554855346679688e+01	3.757554769515991211e+00
1.361717510223388672e+01	1.578389883041381836e+00
3.047854423522949219e+00	2.220319032669067383e+00
7.720161914825439453e+00	4.655559539794921875e+00
1.243749713897705078e+01	4.617622375488281250e+00
9.891234397888183594e+00	7.802679538726806641e+00
1.187026119232177734e+01	1.713955760002136230e+00
1.043302154541015625e+01	9.694993019104003906e+00
5.675624370574951172e+00	1.715142428874969482e-01
9.809046745300292969e+00	-3.835565745830535889e-01
1.261104393005371094e+01	5.046711444854736328e+00
7.997298240661621094e+00	7.318138599395751953e+00
1.285283565521240234e+01	6.351460933685302734e+00
1.071338558197021484e+01	5.269464492797851562e+00
7.872466087341308594e+00	2.279937982559204102e+00
9.821665763854980469e+00	4.227900505065917969e+00
9.872509002685546875e+00	2.932883739471435547e+00
1.085709667205810547e+01	2.321978092193603516e+00
1.368658924102783203e+01	3.224175691604614258e+00
1.043682098388671875e+01	2.963676691055297852e+00
9.307971000671386719e+00	4.025162220001220703e+00
1.400788784027099609e+01	2.075125217437744141e+00
9.962246894836425781e+00	4.748131275177001953e+00
9.928709983825683594e+00	-7.448669672012329102e-01
1.261914348602294922e+01	2.904629707336425781e+00
1.037123680114746094e+01	7.027479171752929688e+00
1.266820335388183594e+01	3.286694049835205078e+00
3.417428493499755859e+00	-1.345820575952529907e-01
7.393771171569824219e+00	4.137976646423339844e+00
1.161171436309814453e+01	5.007073402404785156e+00
1.410017967224121094e+01	2.749372482299804688e+00
7.804643154144287109e+00	2.247636795043945312e+00
1.277685451507568359e+01	8.686364889144897461e-01
1.134773063659667969e+01	1.864786863327026367e+00
1.151168727874755859e+01	2.742630243301391602e+00
6.748440742492675781e+00	1.671152830123901367e+00
1.381590747833251953e+01	-5.853706002235412598e-01
6.491213798522949219e+00	1.461705923080444336e+00
9.026729583740234375e+00	2.720447063446044922e+00
9.930548667907714844e+00	6.416286468505859375e+00
1.206796455383300781e+01	3.126855492591857910e-01
1.174792861938476562e+01	7.997001647949218750e+00
4.947991371154785156e+00	2.039278030395507812e+00
1.112997341156005859e+01	1.026961231231689453e+01
1.386706447601318359e+01	6.984594821929931641e+00
8.260673522949218750e+00	9.597979545593261719e+00
5.554562568664550781e+00	2.250401496887207031e+00
1.007066822052001953e+01	9.078578948974609375e+00
9.144564628601074219e+00	1.324698925018310547e+00
1.129038906097412109e+01	1.062870025634765625e+01
1.095169734954833984e+01	9.464806556701660156e+00
1.391621017456054688e+01	3.756846189498901367e+00
1.320936584472656250e+01	5.406841754913330078e+00
7.969364166259765625e+00	3.986068964004516602e-01
1.057418060302734375e+01	1.880303472280502319e-01
1.399424934387207031e+01	1.079787254333496094e+00
1.325424575805664062e+01	4.756858348846435547e+00
1.225246429443359375e+01	7.023169517517089844e+00
9.829591751098632812e+00	4.961695194244384766e+00
8.418045997619628906e+00	3.566372394561767578e+00
9.733676910400390625e+00	3.002396345138549805e+00
1.073957443237304688e+01	2.066542148590087891e+00
1.354747867584228516e+01	2.288805723190307617e+00
5.098094940185546875e+00	-4.142354726791381836e-01
1.255249977111816406e+01	8.063817024230957031e+00
8.489990234375000000e+00	9.537582397460937500e+00
7.476732730865478516e+00	1.849874973297119141e+00
1.156903457641601562e+01	3.327661991119384766e+00
8.733093261718750000e+00	1.147201442718505859e+01
1.288965320587158203e+01	3.644160032272338867e+00
1.355349922180175781e+01	7.126555919647216797e+00
1.463020515441894531e+01	1.277368664741516113e+00
1.279495334625244141e+01	2.852235078811645508e+00
1.555739307403564453e+01	4.740715026855468750e+00
1.122323322296142578e+01	5.953391551971435547e+00
2.482991933822631836e+00	1.749953389167785645e+00
1.334661769866943359e+01	4.380669116973876953e+00
9.489460945129394531e+00	3.810393333435058594e+00
7.610260486602783203e+00	6.995987892150878906e+00
1.331353664398193359e+01	2.559773921966552734e+00
8.182393074035644531e+00	2.439964532852172852e+00
1.342585849761962891e+01	5.101970195770263672e+00
8.191061019897460938e+00	8.192005157470703125e+00
7.837159633636474609e+00	8.536398887634277344e+00
7.710062026977539062e+00	6.942259788513183594e+00
1.019062519073486328e+01	1.114479064941406250e+00
9.608539581298828125e+00	8.494677543640136719e+00
1.178105354309082031e+01	5.406877994537353516e+00
1.208615875244140625e+01	2.028149366378784180e+00
8.758599281311035156e+00	-9.024658203125000000e-01
1.366853523254394531e+01	-9.230341911315917969e-01
1.099173831939697266e+01	6.316109657287597656e+00
1.236442947387695312e+01	-3.713203966617584229e-01
1.352638816833496094e+01	1.293583989143371582e+00
9.569703102111816406e+00	6.878872394561767578e+00
9.043908119201660156e+00	8.137464523315429688e+00
1.162658977508544922e+01	-1.209129691123962402e+00
1.299026679992675781e+01	1.446016430854797363e+00
1.279703903198242188e+01	-1.895836293697357178e-01
9.423414230346679688e+00	3.695429801940917969e+00
1.082107067108154297e+01	1.082650566101074219e+01
1.156035423278808594e+01	9.185925722122192383e-01
8.337473869323730469e+00	7.400127887725830078e+00
9.704244613647460938e+00	8.783647537231445312e+00
8.841217994689941406e+00	6.342623710632324219e+00
1.314455604553222656e+01	7.972177028656005859e+00
9.644412994384765625e+00	1.071155738830566406e+01
1.365523052215576172e+01	4.103573799133300781e+00
1.259327220916748047e+01	1.304048299789428711e+00
1.357909297943115234e+01	6.903191089630126953e+00
8.339705467224121094e+00	3.590520143508911133e+00
1.300769805908203125e+01	1.230951547622680664e+00
7.664804458618164062e+00	1.931094080209732056e-01
1.181038093566894531e+01	7.670674920082092285e-01
1.077509593963623047e+01	-1.048799633979797363e+00
1.114072418212890625e+01	1.851026564836502075e-01
8.980696678161621094e+00	1.554490685462951660e+00
8.672498703002929688e+00	8.238945007324218750e+00
3.992013692855834961e+00	1.616814255714416504e+00
9.797142028808593750e+00	2.739917114377021790e-02
3.632121086120605469e+00	1.782703638076782227e+00
1.133478832244873047e+01	9.339150428771972656e+00
3.684288263320922852e+00	-3.301818668842315674e-01
1.151076126098632812e+01	7.218372344970703125e+00
1.365525913238525391e+01	6.005753874778747559e-01
1.046772956848144531e+01	4.289603710174560547e+00
1.177894115447998047e+01	-2.238918244838714600e-01
1.044012451171875000e+01	6.199957370758056641e+00
8.015576362609863281e+00	2.022783994674682617e+00
7.665624141693115234e+00	6.481484413146972656e+00
1.317414379119873047e+01	3.443024635314941406e+00
1.257388687133789062e+01	2.352842092514038086e+00
1.185498046875000000e+01	-8.519335985183715820e-01
1.299283409118652344e+01	2.194723367691040039e+00
1.056528186798095703e+01	1.936585068702697754e+00
1.333796691894531250e+01	7.026901245117187500e+00
9.700613975524902344e+00	1.080827045440673828e+01
8.988847732543945312e+00	-1.766522526741027832e-01
4.773522377014160156e+00	-6.938432455062866211e-01
1.049355316162109375e+01	6.667067527770996094e+00
7.733964443206787109e+00	2.990004301071166992e+00
9.322491645812988281e+00	4.091094970703125000e+00
5.138407707214355469e+00	1.380671620368957520e+00
8.358390808105468750e+00	3.642746925354003906e+00
8.467597007751464844e+00	7.523759365081787109e+00
1.128073692321777344e+01	3.750178813934326172e+00
1.379755592346191406e+01	1.600347280502319336e+00
3.609605789184570312e+00	2.905885696411132812e+00
7.672555923461914062e+00	1.172417402267456055e+00
3.425155162811279297e+00	1.451131105422973633e+00
1.448733425140380859e+01	2.642676353454589844e+00
1.285571956634521484e+01	5.873435497283935547e+00
1.372508144378662109e+01	1.655786633491516113e+00
1.168130970001220703e+01	5.824094295501708984e+00
1.402493190765380859e+01	3.035915136337280273e+00
1.375679206848144531e+01	4.113567829132080078e+00
9.681926727294921875e+00	1.118198585510253906e+01
1.017754459381103516e+01	-6.390206813812255859e-01
1.205132961273193359e+01	5.603024959564208984e+00
1.419910144805908203e+01	-7.067777514457702637e-01
1.142917633056640625e+01	5.512975692749023438e+00
1.030387020111083984e+01	6.694876194000244141e+00
1.473060607910156250e+01	2.495537757873535156e+00
1.097913932800292969e+01	4.495768070220947266e+00
9.960344314575195312e+00	4.334863662719726562e+00
9.361753463745117188e+00	6.360434532165527344e+00
1.145185184478759766e+01	2.308262825012207031e+00
7.313302516937255859e+00	3.817632436752319336e+00
8.481051445007324219e+00	6.388090133666992188e+00
1.295053577423095703e+01	8.254547119140625000e+00
1.128662681579589844e+01	5.420361042022705078e+00
9.873048782348632812e+00	-6.595625877380371094e-01
1.232221698760986328e+01	1.041753411293029785e+00
1.431244182586669922e+01	1.595918178558349609e+00
2.569438934326171875e+00	1.817263007164001465e+00
9.885344505310058594e+00	8.876264572143554688e+00
1.203222942352294922e+01	2.172561645507812500e+00
9.035269737243652344e+00	7.397299766540527344e+00
1.487379550933837891e+01	4.319424629211425781e+00
8.461738586425781250e+00	3.062607288360595703e+00
9.570421218872070312e+00	-3.301253914833068848e-01
9.721138000488281250e+00	5.916158199310302734e+00
9.958141326904296875e+00	5.544539928436279297e+00
1.209344291687011719e+01	4.436036586761474609e+00
1.003014087677001953e+01	9.557499885559082031e+00
4.318943023681640625e+00	-4.917643666267395020e-01
1.107070159912109375e+01	4.322479013353586197e-03
1.516719055175781250e+01	4.568799018859863281e+00
1.036834049224853516e+01	1.953181982040405273e+00
1.216618251800537109e+01	3.215770244598388672e+00
8.311463356018066406e+00	4.325054645538330078e+00
1.085425567626953125e+01	1.551427721977233887e+00
1.131356430053710938e+01	-6.686602234840393066e-01
1.043236446380615234e+01	1.011777019500732422e+01
1.462367153167724609e+01	5.145735740661621094e+00
1.463407039642333984e+01	3.918164968490600586e+00
1.314028453826904297e+01	9.289739131927490234e-01
1.100978279113769531e+01	6.134127974510192871e-01
9.936342239379882812e+00	-3.309706449508666992e-01
1.203204059600830078e+01	3.942090749740600586e+00
1.232364749908447266e+01	6.288783550262451172e-01
1.265573120117187500e+01	1.123960316181182861e-01
8.406270027160644531e+00	1.143455982208251953e+01
1.008304786682128906e+01	-9.431504607200622559e-01
1.430337047576904297e+01	7.087167739868164062e+00
1.221415615081787109e+01	8.624092340469360352e-01
7.203908920288085938e+00	6.737459659576416016e+00
1.155246162414550781e+01	2.278994560241699219e+00
1.071751117706298828e+01	5.032709598541259766e+00
7.932028770446777344e+00	7.652723312377929688e+00
8.163847923278808594e+00	1.034937858581542969e+00
8.122973442077636719e+00	5.748801708221435547e+00
9.390987396240234375e+00	9.555901527404785156e+00
1.030198097229003906e+01	1.012713527679443359e+01
3.638014078140258789e+00	1.455497980117797852e+00
1.544175052642822266e+01	4.388394832611083984e+00
1.238326930999755859e+01	2.994992971420288086e+00
9.484222412109375000e+00	5.745971679687500000e+00
1.696842002868652344e+01	2.841851234436035156e+00
1.002802944183349609e+01	2.777379989624023438e+00
9.679739952087402344e+00	4.969964504241943359e+00
9.329510688781738281e+00	2.358206272125244141e+00
1.367705917358398438e+01	-5.538915991783142090e-01
1.112713623046875000e+01	3.349897861480712891e+00
7.359047889709472656e+00	7.371119260787963867e-01
1.349702548980712891e+01	-3.130253255367279053e-01
1.685990524291992188e+01	2.872821331024169922e+00
7.113325119018554688e+00	6.346782684326171875e+00
1.207381534576416016e+01	8.865066766738891602e-01
9.244441986083984375e+00	2.427352428436279297e+00
1.067109107971191406e+01	5.838405132293701172e+00
1.004522132873535156e+01	7.459157109260559082e-01
2.900449037551879883e+00	1.478383421897888184e+00
1.223097229003906250e+01	7.132572531700134277e-01
1.005332279205322266e+01	7.816330194473266602e-01
2.675110816955566406e+00	1.340086340904235840e+00
1.181868457794189453e+01	2.947871208190917969e+00
9.970783233642578125e+00	-7.478157877922058105e-01
1.160168266296386719e+01	6.229089736938476562e+00
1.066871166229248047e+01	5.006045818328857422e+00
1.057197856903076172e+01	3.092163801193237305e+00
1.150884914398193359e+01	1.660414695739746094e+00
1.151577568054199219e+01	8.183561325073242188e+00
1.108682441711425781e+01	-1.384912252426147461e+00
1.372351932525634766e+01	3.458149909973144531e+00
1.238811397552490234e+01	1.519118070602416992e+00
1.076391315460205078e+01	1.080320262908935547e+01
9.516916275024414062e+00	9.123409271240234375e+00
1.285856246948242188e+01	3.945021629333496094e+00
1.364002799987792969e+01	-9.017822742462158203e-01
9.585276603698730469e+00	6.020518779754638672e+00
1.646558380126953125e+01	2.478542327880859375e+00
1.268715286254882812e+01	-4.849152863025665283e-01
1.277875041961669922e+01	-4.318499565124511719e-02
1.187813186645507812e+01	2.365736961364746094e+00
9.659424781799316406e+00	3.825683593750000000e+00
1.414152050018310547e+01	-2.880570590496063232e-01
1.711686706542968750e+01	2.209591865539550781e+00
4.676221847534179688e+00	3.249873220920562744e-01
9.915460586547851562e+00	2.139865875244140625e+00
1.045039653778076172e+01	1.054348468780517578e+01
9.086226463317871094e+00	1.537132143974304199e+00
1.658885383605957031e+01	3.051279783248901367e+00
7.159452438354492188e+00	2.088379383087158203e+00
1.190085220336914062e+01	2.156525373458862305e+00
9.852280616760253906e+00	1.119460868835449219e+01
1.142311859130859375e+01	8.438638448715209961e-01
1.212909221649169922e+01	-6.451945006847381592e-02
9.271991729736328125e+00	6.697353363037109375e+00
9.910251617431640625e+00	1.110081481933593750e+01
1.184489727020263672e+01	2.413208723068237305e+00
1.234740161895751953e+01	5.411972522735595703e+00
1.482743835449218750e+01	6.046636104583740234e+00
1.227834701538085938e+01	1.753022313117980957e+00
1.291819000244140625e+01	6.659785747528076172e+00
1.029683876037597656e+01	2.796232461929321289e+00
1.272975063323974609e+01	3.636911392211914062e+00
8.389866828918457031e+00	-1.226556420326232910e+00
7.385280132293701172e+00	3.405689477920532227e+00
2.370960712432861328e+00	2.929836988449096680e+00
1.114940071105957031e+01	7.071406364440917969e+00
9.861601829528808594e+00	1.745330169796943665e-02
9.166308403015136719e+00	4.565506935119628906e+00
1.313724899291992188e+01	2.122501611709594727e+00
1.564275836944580078e+01	2.864684104919433594e+00
1.287401485443115234e+01	3.292573928833007812e+00
9.647830963134765625e+00	4.635537147521972656e+00
8.666576385498046875e+00	6.742120265960693359e+00
8.868339538574218750e+00	5.230949401855468750e+00
1.595435333251953125e+01	3.119921207427978516e+00
9.742769241333007812e+00	9.048425674438476562e+00
4.265314579010009766e+00	1.423085331916809082e+00
7.898271083831787109e+00	2.651429772377014160e-01
9.513571739196777344e+00	8.347992897033691406e+00
5.348416328430175781e+00	9.061655402183532715e-01
1.274813652038574219e+01	6.226017951965332031e+00
1.286645603179931641e+01	-5.332736372947692871e-01
1.198032760620117188e+01	3.503539323806762695e+00
9.342577934265136719e+00	2.500872611999511719e+00
5.158631801605224609e+00	1.539039373397827148e+00
1.120739173889160156e+01	1.842117428779602051e+00
1.027619457244873047e+01	5.245073318481445312e+00
1.471425533294677734e+01	5.035136699676513672e+00
1.304733848571777344e+01	-1.375096738338470459e-01
1.160506629943847656e+01	3.461160421371459961e+00
9.734378814697265625e+00	7.736724853515625000e+00
1.674738502502441406e+01	2.939757347106933594e+00
1.012049102783203125e+01	-1.202636003494262695e+00
1.293060684204101562e+01	7.174151420593261719e+00
5.772104263305664062e+00	1.586327195167541504e+00
1.062919330596923828e+01	1.747664093971252441e+00
2.168661117553710938e+00	2.613888263702392578e+00
1.087127304077148438e+01	1.650370836257934570e+00
1.157409763336181641e+01	3.614638328552246094e+00
8.437548637390136719e+00	1.247116446495056152e+00
1.292004680633544922e+01	7.707145214080810547e+00
1.110474777221679688e+01	2.269921302795410156e+00
1.335611152648925781e+01	7.285495281219482422e+00
2.544676065444946289e+00	1.300798177719116211e+00
1.279895401000976562e+01	7.147572040557861328e+00
9.700072288513183594e+00	8.594893455505371094e+00
1.301904487609863281e+01	4.015626907348632812e+00
9.815876007080078125e+00	2.225983440876007080e-01
7.552425861358642578e+00	1.704614400863647461e+00
9.372372627258300781e+00	5.192423343658447266e+00
1.123708248138427734e+01	5.538917541503906250e+00
1.300732040405273438e+01	2.444125413894653320e+00
1.150127601623535156e+01	7.281069159507751465e-01
9.032369613647460938e+00	4.480829715728759766e+00
1.456649112701416016e+01	3.150613307952880859e+00
1.092002201080322266e+01	8.223323822021484375e+00
1.014011764526367188e+01	7.682956218719482422e+00
1.044724655151367188e+01	-1.620587348937988281e+00
8.324516296386718750e+00	3.759739637374877930e+00
8.110527038574218750e+00	6.805298805236816406e+00
1.111552143096923828e+01	7.736841201782226562e+00
1.016061210632324219e+01	3.283793926239013672e+00
5.300857543945312500e+00	4.699761271476745605e-01
8.601804733276367188e+00	9.803097724914550781e+00
9.303016662597656250e+00	4.635362029075622559e-01
9.005790710449218750e+00	1.002917003631591797e+01
9.559652328491210938e+00	1.032795619964599609e+01
2.195879697799682617e+00	2.085055828094482422e+00
8.408569335937500000e+00	3.252213239669799805e+00
3.629823684692382812e+00	2.629847764968872070e+00
4.152823925018310547e+00	-2.818976342678070068e-01
1.365582466125488281e+01	3.344262838363647461e+00
7.050421714782714844e+00	2.027070760726928711e+00
9.050124168395996094e+00	2.819923400878906250e+00
9.635364532470703125e+00	9.635972976684570312e+00
1.083769512176513672e+01	4.279845237731933594e+00
1.546308898925781250e+01	5.727757930755615234e+00
7.832572460174560547e+00	8.611091613769531250e+00
1.183537292480468750e+01	9.010365486145019531e+00
1.004562187194824219e+01	-1.636086463928222656e+00
5.918781280517578125e+00	1.301564455032348633e+00
7.693846702575683594e+00	8.906691551208496094e+00
2.702271699905395508e+00	1.580339312553405762e+00
1.512389850616455078e+01	6.020748615264892578e+00
8.402575492858886719e+00	9.418016433715820312e+00
1.450914573669433594e+01	3.620450258255004883e+00
8.944850921630859375e+00	4.979156970977783203e+00
7.270992279052734375e+00	6.894947052001953125e+00
8.221882820129394531e+00	4.042204380035400391e+00
8.339346885681152344e+00	2.836261034011840820e+00
7.293243408203125000e+00	2.569898843765258789e+00
7.264254093170166016e+00	-7.271561622619628906e-01
1.328920173645019531e+01	7.919958591461181641e+00
1.037804603576660156e+01	3.198096275329589844e+00
8.325536727905273438e+00	5.980527877807617188e+00
1.217256927490234375e+01	8.347497940063476562e+00
7.862026691436767578e+00	4.703788280487060547e+00
9.268637657165527344e+00	3.447083473205566406e+00
1.005560398101806641e+01	1.064593696594238281e+01
1.006769466400146484e+01	2.255886793136596680e-01
1.162650775909423828e+01	-4.916829764842987061e-01
1.177499961853027344e+01	7.787775039672851562e+00
1.637326240539550781e+01	3.110782146453857422e+00
1.089460945129394531e+01	5.302054882049560547e+00
1.133025550842285156e+01	-1.045584678649902344e+00
3.305526494979858398e+00	1.657074332237243652e+00
8.117815971374511719e+00	4.216293334960937500e+00
9.380489349365234375e+00	3.809180021286010742e+00
1.247497653961181641e+01	6.313914775848388672e+00
8.409147262573242188e+00	7.221032619476318359e+00
1.201503562927246094e+01	2.212535142898559570e+00
9.512495994567871094e+00	7.159371376037597656e+00
1.303971195220947266e+01	6.977242946624755859e+00
8.322993278503417969e+00	8.612358093261718750e+00
1.114827442169189453e+01	4.021201133728027344e+00
8.357044219970703125e+00	9.399453997611999512e-01
3.327248811721801758e+00	1.044551253318786621e+00
1.312564945220947266e+01	7.979060173034667969e+00
1.399317073822021484e+01	8.254175186157226562e+00
1.098929786682128906e+01	6.126863956451416016e+00
1.026437187194824219e+01	5.448256015777587891e+00
1.450277042388916016e+01	7.351742267608642578e+00
1.362131309509277344e+01	4.547410488128662109e+00
8.559547424316406250e+00	6.611714839935302734e+00
8.075196266174316406e+00	5.537650108337402344e+00
1.108279037475585938e+01	1.012664699554443359e+01
1.366680145263671875e+01	3.486585378646850586e+00
1.684532356262207031e+01	2.705539941787719727e+00
9.433490753173828125e+00	1.069455146789550781e+01
1.621888732910156250e+01	3.232277154922485352e+00
1.463316059112548828e+01	7.251014232635498047e+00
1.007261466979980469e+01	4.000866413116455078e-01
1.066370677947998047e+01	-9.097654819488525391e-01
1.186466789245605469e+01	1.282989144325256348e+00
1.024591636657714844e+01	6.365471363067626953e+00
1.138924217224121094e+01	7.095671892166137695e-01
1.127933216094970703e+01	7.798935770988464355e-01
1.380017089843750000e+01	7.737743377685546875e+00
1.291008090972900391e+01	7.458710670471191406e+00
9.416873931884765625e+00	8.365605354309082031e+00
3.087660789489746094e+00	6.231231689453125000e-01
8.187889099121093750e+00	-6.590131670236587524e-02
1.088877582550048828e+01	5.823431968688964844e+00
9.328747749328613281e+00	7.565039157867431641e+00
9.988072395324707031e+00	5.188940525054931641e+00
1.297284793853759766e+01	3.107594013214111328e+00
9.847709655761718750e+00	6.149236202239990234e+00
7.671935081481933594e+00	9.256311416625976562e+00
7.844267368316650391e+00	1.432302474975585938e+00
1.245448017120361328e+01	5.113331317901611328e+00
1.309189414978027344e+01	3.661618709564208984e+00
7.875715255737304688e+00	3.076173067092895508e+00
1.119804763793945312e+01	4.892500936985015869e-01
7.927373886108398438e+00	7.114251136779785156e+00
1.364824390411376953e+01	7.810511589050292969e+00
8.958630561828613281e+00	1.550387740135192871e+00
1.401215171813964844e+01	-1.938166171312332153e-01
9.930484771728515625e+00	4.910941123962402344e+00
1.415568351745605469e+01	7.857300281524658203e+00
1.040038585662841797e+01	-1.181418538093566895e+00
1.023094367980957031e+01	-2.912320494651794434e-01
1.248628997802734375e+01	6.945509910583496094e-01
7.771162033081054688e+00	9.215611457824707031e+00
9.537360191345214844e+00	1.130017280578613281e+01
9.866580009460449219e+00	7.087948799133300781e+00
1.119750308990478516e+01	4.322130203247070312e+00
1.501552867889404297e+01	3.988336324691772461e+00
4.251421928405761719e+00	-1.994989514350891113e-01
1.033317375183105469e+01	4.446162700653076172e+00
7.138237953186035156e+00	6.529466629028320312e+00
1.065822029113769531e+01	-1.870418310165405273e+00
1.058189105987548828e+01	9.791879653930664062e+00
1.095974445343017578e+01	1.039833664894104004e+00
1.033681678771972656e+01	5.118958473205566406e+00
1.486140441894531250e+01	3.923633575439453125e+00
7.593732357025146484e+00	2.977557897567749023e+00
1.234605789184570312e+01	7.507981777191162109e+00
1.190038490295410156e+01	1.026843643188476562e+01
3.831209897994995117e+00	2.094225645065307617e+00
7.076231956481933594e+00	6.546748161315917969e+00
7.707409858703613281e+00	7.757233619689941406e+00
1.076329326629638672e+01	1.004188346862792969e+01
9.214138984680175781e+00	1.149556922912597656e+01
9.689071655273437500e+00	9.169632911682128906e+00
1.204101085662841797e+01	6.215235233306884766e+00
1.061708259582519531e+01	6.780443191528320312e+00
9.467837333679199219e+00	1.109044170379638672e+01
1.085611248016357422e+01	3.046672582626342773e+00
1.135809612274169922e+01	5.576413154602050781e+00
8.317895889282226562e+00	1.076148033142089844e+00
8.004714012145996094e+00	9.340679168701171875e+00
1.209833431243896484e+01	3.605943202972412109e+00
1.008790969848632812e+01	6.881456375122070312e+00
1.065604782104492188e+01	1.706735491752624512e+00
7.859007835388183594e+00	9.088003158569335938e+00
1.277622032165527344e+01	9.368070602416992188e+00
1.233916378021240234e+01	2.920859575271606445e+00
3.401693344116210938e+00	6.770465373992919922e-01
1.040437698364257812e+01	-4.407593607902526855e-02
1.086112117767333984e+01	1.909604072570800781e+00
8.990290641784667969e+00	4.194443702697753906e+00
3.136056900024414062e+00	2.997666835784912109e+00
1.149248123168945312e+01	9.573585510253906250e+00
6.973465919494628906e+00	1.412133336067199707e+00
2.177522659301757812e+00	1.599898695945739746e+00
1.308049011230468750e+01	9.275896549224853516e-01
8.659329414367675781e+00	3.810411691665649414e-01
7.765322685241699219e+00	7.804158329963684082e-01
1.358481788635253906e+01	8.207906037569046021e-02
9.163689613342285156e+00	3.848176717758178711e+00
4.789642810821533203e+00	5.974573642015457153e-02
6.045547008514404297e+00	1.197396159172058105e+00
1.313521003723144531e+01	6.624647140502929688e+00
7.243068695068359375e+00	4.399793624877929688e+00
1.051664829254150391e+01	9.320167541503906250e+00
2.876654624938964844e+00	1.121124267578125000e+00
1.005874824523925781e+01	5.988250732421875000e+00
5.365863323211669922e+00	7.172198295593261719e-01
6.131010532379150391e+00	-5.329324305057525635e-02
9.189558982849121094e+00	5.368149757385253906e+00
1.232536315917968750e+01	3.746922016143798828e+00
1.119832706451416016e+01	4.808721542358398438e+00
8.406864166259765625e+00	6.132611751556396484e+00
1.011516952514648438e+01	2.723174810409545898e+00
9.032515525817871094e+00	1.037113475799560547e+01
9.668394088745117188e+00	1.261694192886352539e+00
1.158907794952392578e+01	5.329606056213378906e+00
1.357034778594970703e+01	1.337456226348876953e+00
1.498698806762695312e+01	2.346061944961547852e+00
7.725790023803710938e+00	3.461761176586151123e-01
8.237703323364257812e+00	7.651938915252685547e+00
1.192213535308837891e+01	5.446558952331542969e+00
7.181588172912597656e+00	8.112649917602539062e+00
1.439165592193603516e+01	6.451307773590087891e+00
1.417137432098388672e+01	1.571103096008300781e+00
1.607763671875000000e+01	3.524581670761108398e+00
4.880079746246337891e+00	-3.700602054595947266e-01
1.498664569854736328e+01	2.462702274322509766e+00
1.120312213897705078e+01	3.704035043716430664e+00
4.806447505950927734e+00	9.427369832992553711e-01
7.856148242950439453e+00	6.574673652648925781e-01
1.067796707153320312e+01	2.551098585128784180e+00
1.286060905456542969e+01	5.003298759460449219e+00
5.114173889160156250e+00	-8.811699151992797852e-01
1.335916137695312500e+01	1.644900083541870117e+00
1.215105533599853516e+01	6.307782173156738281e+00
1.236937808990478516e+01	8.463463783264160156e+00
1.001423168182373047e+01	1.099403476715087891e+01
9.793407440185546875e+00	5.579298496246337891e+00
1.136633205413818359e+01	4.985282897949218750e+00
1.482200527191162109e+01	5.398070335388183594e+00
1.328809261322021484e+01	8.304631710052490234e-01
9.417145729064941406e+00	3.206909656524658203e+00
1.426998043060302734e+01	6.351989269256591797e+00
5.331716060638427734e+00	-1.180061578750610352e+00
1.040983772277832031e+01	-3.876344561576843262e-01
1.089564323425292969e+01	2.103368937969207764e-01
3.909143924713134766e+00	5.567579865455627441e-01
4.378355979919433594e+00	1.628901600837707520e+00
1.280851936340332031e+01	5.967817783355712891e+00
1.368269920349121094e+01	6.832595348358154297e+00
1.249649810791015625e+01	8.291192054748535156e+00
7.174133300781250000e+00	2.533507823944091797e+00
9.975922584533691406e+00	6.532052993774414062e+00
7.413713455200195312e+00	5.762498855590820312e+00
1.020493221282958984e+01	-1.460505723953247070e+00
1.043577194213867188e+01	6.856612205505371094e+00
1.129139709472656250e+01	4.096542835235595703e+00
7.760107040405273438e+00	6.250406742095947266e+00
6.978618621826171875e+00	6.885198116302490234e+00
7.337668418884277344e+00	-1.089922189712524414e+00
1.207123756408691406e+01	5.243738174438476562e+00
1.222786235809326172e+01	4.347159862518310547e+00
1.065285682678222656e+01	4.531894683837890625e+00
7.764136314392089844e+00	1.893988490104675293e+00
1.291946411132812500e+01	3.587461233139038086e+00
7.179992675781250000e+00	-9.158162474632263184e-01
9.406449317932128906e+00	3.888972759246826172e+00
9.299331665039062500e+00	2.688640117645263672e+00
7.640775203704833984e+00	2.755793333053588867e+00
8.142534255981445312e+00	6.007358074188232422e+00
8.573773384094238281e+00	1.005703210830688477e-02
1.007986545562744141e+01	9.762527465820312500e+00
1.177942276000976562e+01	8.737702369689941406e+00
9.674407958984375000e+00	7.757658004760742188e+00
5.546105384826660156e+00	-1.428372144699096680e+00
7.636713981628417969e+00	9.303670883178710938e+00
4.551558971405029297e+00	3.450485765933990479e-01
1.291940116882324219e+01	2.698383092880249023e+00
1.172804164886474609e+01	7.966890335083007812e+00
9.581683158874511719e+00	1.002290248870849609e+01
1.279973697662353516e+01	8.804932594299316406e+00
7.566459655761718750e+00	6.006499528884887695e-01
3.651132583618164062e+00	1.960905671119689941e+00
1.330180931091308594e+01	3.828329801559448242e+00
1.115062808990478516e+01	1.029512977600097656e+01
1.369843006134033203e+01	6.572037696838378906e+00
1.265798377990722656e+01	8.941223144531250000e+00
6.064240455627441406e+00	1.626265048980712891e-01
1.463558292388916016e+01	3.141819477081298828e+00
1.060984611511230469e+01	8.530505180358886719e+00
1.077691459655761719e+01	1.018394660949707031e+01
8.230176925659179688e+00	2.766123056411743164e+00
1.098295211791992188e+01	3.840651512145996094e+00
8.124775886535644531e+00	3.489052951335906982e-01
1.140955924987792969e+01	6.913677215576171875e+00
1.511499977111816406e+01	4.461507797241210938e+00
9.853819847106933594e+00	1.083388710021972656e+01
7.265457630157470703e+00	2.332821846008300781e+00
9.731742858886718750e+00	5.503476142883300781e+00
1.624155044555664062e+01	3.292764425277709961e+00
1.157678604125976562e+01	1.438655853271484375e+00
1.130617809295654297e+01	1.025451660156250000e+01
8.756957054138183594e+00	8.216995596885681152e-01
7.764852523803710938e+00	3.934313774108886719e+00
1.042145156860351562e+01	2.330104112625122070e+00
8.617931365966796875e+00	8.930566310882568359e-01
8.232100486755371094e+00	3.523905992507934570e+00
9.605493545532226562e+00	4.683198928833007812e+00
8.275498390197753906e+00	2.545635461807250977e+00
9.790138244628906250e+00	2.682565450668334961e+00
7.467485904693603516e+00	6.494154930114746094e+00
8.683741569519042969e+00	5.773828983306884766e+00
3.546399116516113281e+00	-4.502854123711585999e-02
9.965259552001953125e+00	7.785100936889648438e+00
1.151116371154785156e+01	1.043975925445556641e+01
1.475186538696289062e+01	4.510537147521972656e+00
1.484713268280029297e+01	6.150859355926513672e+00
8.794768333435058594e+00	9.172879219055175781e+00
1.150018405914306641e+01	3.165065050125122070e+00
1.199680137634277344e+01	-2.877961695194244385e-01
9.286664962768554688e+00	4.200201988220214844e+00
1.336266422271728516e+01	-2.075552344322204590e-01
9.334310531616210938e+00	8.570267677307128906e+00
1.146836662292480469e+01	4.195588588714599609e+00
1.025661945343017578e+01	8.707406997680664062e+00
9.437928199768066406e+00	8.751485824584960938e+00
8.770047187805175781e+00	7.165132045745849609e+00
7.872756481170654297e+00	1.082398183643817902e-02
1.107997417449951172e+01	8.020157814025878906e-01
7.933364868164062500e+00	6.133750438690185547e+00
1.365741062164306641e+01	5.168403625488281250e+00
1.044794368743896484e+01	3.183588385581970215e-01
8.171092987060546875e+00	7.782531261444091797e+00
9.289510726928710938e+00	4.309015750885009766e+00
2.704859495162963867e+00	1.348744034767150879e+00
9.782585144042968750e+00	5.846035003662109375e+00
1.182871532440185547e+01	8.489835739135742188e+00
8.545777320861816406e+00	1.154061889648437500e+01
8.752007484436035156e+00	3.028130054473876953e+00
7.535555839538574219e+00	8.058556556701660156e+00
1.019714736938476562e+01	2.792806863784790039e+00
8.782695770263671875e+00	-1.382063865661621094e+00
1.028491783142089844e+01	8.142125129699707031e+00
1.071568202972412109e+01	4.857090950012207031e+00
9.662260055541992188e+00	8.578800201416015625e+00
9.493622779846191406e+00	5.096845626831054688e+00
1.301090335845947266e+01	7.043340682983398438e+00
1.006898117065429688e+01	4.722406387329101562e+00
2.376569271087646484e+00	2.040926694869995117e+00
1.014348697662353516e+01	3.845973730087280273e+00
1.440021419525146484e+01	5.479300498962402344e+00
4.653380870819091797e+00	2.071400642395019531e+00
1.416248035430908203e+01	3.691216468811035156e+00
2.148606538772583008e+00	2.829806566238403320e+00
3.430627822875976562e+00	2.088097333908081055e+00
1.141931438446044922e+01	7.359557628631591797e+00
8.446675300598144531e+00	1.120886802673339844e+01
1.322713375091552734e+01	1.905583143234252930e+00
1.051378822326660156e+01	1.008082270622253418e+00
7.526549816131591797e+00	2.027929544448852539e+00
1.185719680786132812e+01	1.590434908866882324e+00
1.184320640563964844e+01	6.798904895782470703e+00
1.245702171325683594e+01	3.746628761291503906e-01
7.409971714019775391e+00	8.381186723709106445e-01
1.422054100036621094e+01	4.621912002563476562e+00
1.172862339019775391e+01	4.223712444305419922e+00
1.359547042846679688e+01	8.169569015502929688e+00
7.893540382385253906e+00	7.785755634307861328e+00
7.007762908935546875e+00	6.394604206085205078e+00
8.952473640441894531e+00	8.458279609680175781e+00
1.116586303710937500e+01	2.983358383178710938e+00
1.228838443756103516e+01	-2.043486684560775757e-01
6.506403446197509766e+00	-4.057535231113433838e-01
6.956183433532714844e+00	-9.523720741271972656e-01
9.873060226440429688e+00	3.677999019622802734e+00
1.458118534088134766e+01	1.656741023063659668e+00
1.441590023040771484e+01	7.865746498107910156e+00
9.511614799499511719e+00	3.522958517074584961e+00
7.565252304077148438e+00	8.401349067687988281e+00
1.255899333953857422e+01	1.835965156555175781e+00
1.393829154968261719e+01	6.787677288055419922e+00
1.344629764556884766e+01	4.530622005462646484e+00
8.337943077087402344e+00	9.318660736083984375e+00
2.931676864624023438e+00	1.462740182876586914e+00
7.736375808715820312e+00	8.380321502685546875e+00
7.609162807464599609e+00	6.255145072937011719e+00
1.460943794250488281e+01	5.736037731170654297e+00
1.163369369506835938e+01	-1.175426006317138672e+00
1.257341098785400391e+01	5.401722908020019531e+00
1.292390537261962891e+01	7.404326438903808594e+00
1.312403297424316406e+01	-5.392212271690368652e-01
1.259227085113525391e+01	5.306013822555541992e-01
8.647356033325195312e+00	2.640089988708496094e+00
1.320102977752685547e+01	8.182415008544921875e+00
1.331046009063720703e+01	-1.026238083839416504e+00
1.204862117767333984e+01	1.104655563831329346e-01
8.951498985290527344e+00	9.614092826843261719e+00
5.990849494934082031e+00	-7.561753690242767334e-02
2.196053981781005859e+00	1.454868197441101074e+00
7.445391654968261719e+00	5.140864372253417969e+00
7.205598831176757812e+00	3.832016229629516602e+00
1.129021167755126953e+01	5.168892860412597656e+00
1.137927627563476562e+01	9.510545730590820312e+00
7.748345375061035156e+00	6.787764549255371094e+00
1.201186466217041016e+01	7.764438152313232422e+00
9.928066253662109375e+00	8.900022506713867188e+00
9.129567146301269531e+00	8.579971313476562500e+00
8.989444732666015625e+00	1.183627128601074219e+00
4.149588108062744141e+00	1.548372268676757812e+00
1.371637153625488281e+01	8.290752410888671875e+00
1.142426586151123047e+01	1.498064279556274414e+00
1.195220565795898438e+01	4.735856056213378906e+00
9.511877059936523438e+00	2.238388657569885254e-01
1.343736743927001953e+01	5.615147113800048828e+00
1.029704475402832031e+01	7.663355827331542969e+00
1.485326671600341797e+01	3.427716016769409180e+00
4.364530563354492188e+00	1.346240758895874023e+00
7.540830135345458984e+00	3.421211719512939453e+00
4.422711849212646484e+00	-2.845805287361145020e-01
1.236211204528808594e+01	6.561757922172546387e-01
1.120097064971923828e+01	2.758818387985229492e+00
1.258913612365722656e+01	1.629489421844482422e+00
3.250618457794189453e+00	3.229878425598144531e+00
1.083163642883300781e+01	1.021095657348632812e+01
5.664830207824707031e+00	1.361565470695495605e+00
9.378452301025390625e+00	1.328893899917602539e+00
1.719618988037109375e+01	1.785713195800781250e+00
1.083370018005371094e+01	7.987712383270263672e+00
1.507578754425048828e+01	6.040038108825683594e+00
1.314162921905517578e+01	3.815116882324218750e+00
1.273163414001464844e+01	-6.090341806411743164e-01
7.322359561920166016e+00	8.123377799987792969e+00
9.987080574035644531e+00	6.792708396911621094e+00
1.229834842681884766e+01	3.831704378128051758e+00
1.263889026641845703e+01	4.845637381076812744e-01
1.132394504547119141e+01	7.148139476776123047e-01
1.383060359954833984e+01	3.409644842147827148e+00
8.535163879394531250e+00	1.137672615051269531e+01
1.544888114929199219e+01	5.107005119323730469e+00
9.103649139404296875e+00	6.983615875244140625e+00
9.157857894897460938e+00	3.326081514358520508e+00
1.033500862121582031e+01	1.101840400695800781e+01
1.110709667205810547e+01	5.396278500556945801e-01
1.184452915191650391e+01	7.694283962249755859e+00
1.081918811798095703e+01	2.651284456253051758e+00
2.738376617431640625e+00	2.338658571243286133e+00
1.161936473846435547e+01	3.058689355850219727e+00
5.819167137145996094e+00	-1.671687960624694824e-01
1.166678333282470703e+01	-8.493663072586059570e-01
1.190350723266601562e+01	1.031000614166259766e+01
1.317368984222412109e+01	4.467244625091552734e+00
8.490063667297363281e+00	7.684102058410644531e+00
1.412707042694091797e+01	7.795423984527587891e+00
1.023177623748779297e+01	2.007366895675659180e+00
9.805725097656250000e+00	5.849508285522460938e+00
1.010983180999755859e+01	6.085997581481933594e+00
1.452326869964599609e+01	5.370750904083251953e+00
9.970546722412109375e+00	1.102187538146972656e+01
7.504358768463134766e+00	4.511252403259277344e+00
1.408761405944824219e+01	3.916973114013671875e+00
7.786519050598144531e+00	7.383153438568115234e+00
9.507127761840820312e+00	4.306709766387939453e+00
7.061752319335937500e+00	2.121088981628417969e+00
8.092926025390625000e+00	8.235975265502929688e+00
6.942029953002929688e+00	-4.690168797969818115e-01
7.909965038299560547e+00	5.510818958282470703e+00
9.719131469726562500e+00	3.482156276702880859e+00
1.354999446868896484e+01	6.814365863800048828e+00
8.175672531127929688e+00	7.816753387451171875e-01
1.364435291290283203e+01	4.465019226074218750e+00
1.218282508850097656e+01	4.193956851959228516e+00
1.062514686584472656e+01	3.082708120346069336e+00
7.372449874877929688e+00	8.547929763793945312e+00
2.238486766815185547e+00	1.757629632949829102e+00
6.306603908538818359e+00	-3.953136801719665527e-01
5.494408607482910156e+00	1.056736946105957031e+00
6.585781097412109375e+00	1.976266980171203613e+00
2.628644943237304688e+00	2.454446077346801758e+00
7.952633380889892578e+00	-9.310015439987182617e-01
9.381224632263183594e+00	-8.261896967887878418e-01
1.310202693939208984e+01	3.166041374206542969e+00
8.501967430114746094e+00	7.557574272155761719e+00
9.668191909790039062e+00	3.139657020568847656e+00
9.336289405822753906e+00	5.685269355773925781e+00
1.376124286651611328e+01	4.868281364440917969e+00
8.544191360473632812e+00	1.355436563491821289e+00
1.220516204833984375e+01	6.760031700134277344e+00
1.084798908233642578e+01	6.751732349395751953e+00
9.003199577331542969e+00	1.023850822448730469e+01
9.298758506774902344e+00	5.337097644805908203e+00
6.980848789215087891e+00	1.709572553634643555e+00
8.570331573486328125e+00	1.136317920684814453e+01
1.091634941101074219e+01	5.896845340728759766e+00
9.700848579406738281e+00	2.149621009826660156e+00
1.103013229370117188e+01	4.494423866271972656e+00
1.030869579315185547e+01	-3.956944644451141357e-01
1.106349849700927734e+01	2.102717399597167969e+00
8.143177032470703125e+00	2.017428398132324219e+00
1.176992893218994141e+01	-1.283659577369689941e+00
8.456022262573242188e+00	4.636684417724609375e+00
1.688335990905761719e+01	1.821700692176818848e+00
8.604621887207031250e+00	7.543440818786621094e+00
1.013685798645019531e+01	3.670146942138671875e+00
1.407468891143798828e+01	5.368258476257324219e+00
1.395028209686279297e+01	6.058524250984191895e-01
1.351678085327148438e+01	8.678438663482666016e-01
9.708573341369628906e+00	-1.492912292480468750e+00
8.170171737670898438e+00	5.020335674285888672e+00
1.017057895660400391e+01	4.236090660095214844e+00
1.098244380950927734e+01	3.926559925079345703e+00
1.407157421112060547e+01	2.040593624114990234e+00
4.753901481628417969e+00	1.907007694244384766e+00
1.268025875091552734e+01	7.500151634216308594e+00
8.796133995056152344e+00	1.157821750640869141e+01
5.778988361358642578e+00	5.595969781279563904e-02
7.296461105346679688e+00	7.682251930236816406e-01
1.319401550292968750e+01	6.459501743316650391e+00
1.102628707885742188e+01	3.202833414077758789e+00
9.567181587219238281e+00	1.054638671875000000e+01
1.220232582092285156e+01	4.669049680233001709e-01
1.220423412322998047e+01	2.839599132537841797e+00
8.726139068603515625e+00	4.241611480712890625e+00
1.103656482696533203e+01	1.005343723297119141e+01
1.273769855499267578e+01	4.553435802459716797e+00
1.276458549499511719e+01	4.700885295867919922e+00
9.631176948547363281e+00	8.141510009765625000e+00
7.675651073455810547e+00	6.762317419052124023e-01
3.045190334320068359e+00	1.229591250419616699e+00
6.266158580780029297e+00	-1.088271617889404297e+00
9.015944480895996094e+00	4.739768981933593750e+00
1.168720149993896484e+01	9.798720359802246094e+00
7.693769454956054688e+00	6.296846866607666016e+00
1.250701904296875000e+01	1.712675571441650391e+00
7.756711483001708984e+00	5.215910434722900391e+00
8.709536552429199219e+00	5.843710899353027344e+00
1.115343189239501953e+01	8.008873939514160156e+00
9.975663185119628906e+00	8.253117561340332031e+00
9.236154556274414062e+00	1.150935411453247070e+00
1.185958957672119141e+01	7.030181407928466797e+00
9.454827308654785156e+00	3.212946414947509766e+00
1.133040237426757812e+01	5.803957462310791016e+00
5.841907501220703125e+00	1.827146708965301514e-01
2.852725267410278320e+00	1.456805586814880371e+00
7.978078365325927734e+00	6.437736511230468750e+00
4.870137214660644531e+00	1.034010425209999084e-01
1.040432071685791016e+01	2.299985170364379883e+00
1.203720283508300781e+01	1.342959165573120117e+00
1.414454936981201172e+01	7.306298732757568359e+00
7.890922546386718750e+00	3.463984012603759766e+00
7.672935009002685547e+00	7.749402523040771484e+00
4.681177616119384766e+00	-8.909055590629577637e-01
7.986327648162841797e+00	4.600283622741699219e+00
3.227735519409179688e+00	6.219283938407897949e-01
8.430116653442382812e+00	-1.318985700607299805e+00
1.202779197692871094e+01	3.518546819686889648e+00
1.309837818145751953e+01	4.184485912322998047e+00
1.102657985687255859e+01	3.524468421936035156e+00
1.531040477752685547e+01	6.390834331512451172e+00
1.079522991180419922e+01	7.652711868286132812e+00
1.097449302673339844e+01	8.099591255187988281e+00
1.062964248657226562e+01	7.762935638427734375e+00
8.478457450866699219e+00	8.024223327636718750e+00
9.587766647338867188e+00	1.062958049774169922e+01
9.039242744445800781e+00	2.413223087787628174e-01
1.114777946472167969e+01	1.737552762031555176e+00
3.545105457305908203e+00	6.638182401657104492e-01
1.089117622375488281e+01	4.113376140594482422e+00
1.326244544982910156e+01	4.817535877227783203e+00
9.777352333068847656e+00	1.118570423126220703e+01
4.931040287017822266e+00	4.840458333492279053e-01
6.440951347351074219e+00	1.327019333839416504e+00
1.387264728546142578e+01	3.964166164398193359e+00
5.392817974090576172e+00	-1.054728507995605469e+00
4.862995147705078125e+00	-5.927084684371948242e-01
1.277808380126953125e+01	1.652271986007690430e+00
9.562421798706054688e+00	6.506381988525390625e+00
1.022890186309814453e+01	6.921077251434326172e+00
1.084945297241210938e+01	7.447441101074218750e+00
8.811179161071777344e+00	2.306202173233032227e+00
1.117919731140136719e+01	4.730169296264648438e+00
1.147456836700439453e+01	4.326805114746093750e+00
1.052543449401855469e+01	4.494991302490234375e+00
1.398018550872802734e+01	8.205424308776855469e+00
1.094894313812255859e+01	-7.115957736968994141e-01
7.941953659057617188e+00	2.452742099761962891e+00
4.351885318756103516e+00	1.131359338760375977e+00
1.280448818206787109e+01	3.261451721191406250e+00
9.032682418823242188e+00	2.974652290344238281e+00
1.194730758666992188e+01	9.974518775939941406e+00
1.057317638397216797e+01	6.552243709564208984e+00
7.307127475738525391e+00	7.597511768341064453e+00
7.901780128479003906e+00	2.985706806182861328e+00
4.277200222015380859e+00	1.136123299598693848e+00
1.054570579528808594e+01	5.555177211761474609e+00
1.136187076568603516e+01	1.166411995887756348e+00
1.185005855560302734e+01	6.200929164886474609e+00
7.870830059051513672e+00	8.272318840026855469e+00
2.373551607131958008e+00	1.927928924560546875e+00
8.270950317382812500e+00	2.374779224395751953e+00
5.962408542633056641e+00	2.274610102176666260e-01
1.101846981048583984e+01	3.649751245975494385e-01
2.868538856506347656e+00	3.088141202926635742e+00
9.809128761291503906e+00	1.010999774932861328e+01
1.305989456176757812e+01	3.536286652088165283e-01
1.283219623565673828e+01	-1.102835297584533691e+00
8.459731101989746094e+00	4.379296779632568359e+00
7.805719852447509766e+00	6.219892501831054688e-01
1.046068286895751953e+01	3.294861078262329102e+00
8.725443840026855469e+00	6.624728441238403320e-02
8.016919136047363281e+00	7.462728977203369141e+00
4.720290184020996094e+00	2.096414089202880859e+00
6.950231552124023438e+00	7.619829654693603516e+00
8.169926643371582031e+00	1.250917911529541016e+00
1.054944992065429688e+01	1.040389347076416016e+01
3.713566303253173828e+00	6.508502364158630371e-02
1.136896800994873047e+01	3.486424922943115234e+00
1.170490169525146484e+01	-2.525700926780700684e-01
8.664743423461914062e+00	1.156756305694580078e+01
1.187484836578369141e+01	4.606426715850830078e+00
1.369538688659667969e+01	5.062454223632812500e+00
1.084339523315429688e+01	6.717504978179931641e+00
1.172889709472656250e+01	4.718389511108398438e+00
1.122242355346679688e+01	1.683400630950927734e+00
1.022494983673095703e+01	2.876328229904174805e+00
8.571124076843261719e+00	1.059089374542236328e+01
1.094784545898437500e+01	3.022797822952270508e+00
1.038781261444091797e+01	5.390886306762695312e+00
8.065215110778808594e+00	6.039401054382324219e+00
1.073171710968017578e+01	-9.162049293518066406e-01
1.126034355163574219e+01	1.790615558624267578e+00
7.895240783691406250e+00	7.894133567810058594e+00
7.776546478271484375e+00	8.097912788391113281e+00
8.334985733032226562e+00	9.474704742431640625e+00
9.389543533325195312e+00	4.053112506866455078e+00
1.072320365905761719e+01	5.788379192352294922e+00
1.046914482116699219e+01	1.049222588539123535e+00
9.058362960815429688e+00	6.315919876098632812e+00
1.083439826965332031e+01	4.294195652008056641e+00
1.421331214904785156e+01	2.877296924591064453e+00
1.059572792053222656e+01	2.188548803329467773e+00
7.868926525115966797e+00	4.100456237792968750e+00
6.774358272552490234e+00	-1.030099153518676758e+00
9.922176361083984375e+00	1.098768806457519531e+01
9.124511718750000000e+00	1.146086978912353516e+01
9.565150260925292969e+00	-9.474361538887023926e-01
3.459942102432250977e+00	1.436761975288391113e+00
5.452444553375244141e+00	-1.443494200706481934e+00
1.640433502197265625e+01	2.044244766235351562e+00
1.359966945648193359e+01	1.446324110031127930e+00
1.215485000610351562e+01	2.717917680740356445e+00
9.226557731628417969e+00	4.920229911804199219e+00
2.299841165542602539e+00	2.992080211639404297e+00
1.300175762176513672e+01	4.676316738128662109e+00
9.348268508911132812e+00	1.020550060272216797e+01
1.215006160736083984e+01	1.915962576866149902e+00
1.053774452209472656e+01	4.877112388610839844e+00
7.718328952789306641e+00	4.485022068023681641e+00
9.574068069458007812e+00	1.147859191894531250e+01
8.509572982788085938e+00	6.489530086517333984e+00
6.974984169006347656e+00	6.848620414733886719e+00
6.630142688751220703e+00	-7.232032418251037598e-01
6.950215339660644531e+00	6.705486774444580078e+00
1.235202884674072266e+01	7.081624507904052734e+00
1.686445808410644531e+01	2.961195707321166992e+00
1.219017887115478516e+01	3.612563610076904297e+00
1.416143894195556641e+01	4.180580615997314453e+00
1.207398986816406250e+01	6.473014831542968750e+00
7.386254787445068359e+00	6.114216804504394531e+00
3.626311779022216797e+00	-1.488563716411590576e-01
1.104883384704589844e+01	7.029820919036865234e+00
1.308059787750244141e+01	7.904614448547363281e+00
1.299269485473632812e+01	7.951311588287353516e+00
1.333948421478271484e+01	4.626230716705322266e+00
7.246254920959472656e+00	9.552236795425415039e-01
9.118668556213378906e+00	3.702181577682495117e+00
1.108492088317871094e+01	4.213677406311035156e+00
6.605030536651611328e+00	-8.310207128524780273e-01
1.506641674041748047e+01	2.223447799682617188e+00
9.461667060852050781e+00	6.313921451568603516e+00
1.482776260375976562e+01	6.519728183746337891e+00
7.125414371490478516e+00	3.371185779571533203e+00
3.632328987121582031e+00	1.288093924522399902e+00
9.184043884277343750e+00	4.513940811157226562e+00
8.997160911560058594e+00	4.499710083007812500e+00
9.389668464660644531e+00	1.159011960029602051e+00
7.938032627105712891e+00	9.143579483032226562e+00
3.276213645935058594e+00	2.625859260559082031e+00
7.936431407928466797e+00	3.788554430007934570e+00
9.591426849365234375e+00	7.837313175201416016e+00
1.005230903625488281e+01	1.021276378631591797e+01
1.086093997955322266e+01	8.627013206481933594e+00
1.401365566253662109e+01	-7.048676013946533203e-01
6.311251163482666016e+00	3.846551850438117981e-02
1.323531055450439453e+01	-9.809407591819763184e-01
1.155482959747314453e+01	1.051023006439208984e+01
7.443987846374511719e+00	-1.098129153251647949e+00
4.128757476806640625e+00	2.181777715682983398e+00
7.307374000549316406e+00	8.237279891967773438e+00
7.462791442871093750e+00	5.187747478485107422e-01
8.334262847900390625e+00	4.454094409942626953e+00
2.539068698883056641e+00	1.723484873771667480e+00
8.616930961608886719e+00	6.211816787719726562e+00
9.155997276306152344e+00	3.393289804458618164e+00
7.953674793243408203e+00	8.094750404357910156e+00
8.308629035949707031e+00	4.516124248504638672e+00
2.348185300827026367e+00	1.918848037719726562e+00
7.674807071685791016e+00	9.035009384155273438e+00
9.452612876892089844e+00	1.016617584228515625e+01
3.740104198455810547e+00	-4.143621027469635010e-01
1.645190429687500000e+01	3.290625572204589844e+00
9.683406829833984375e+00	3.602760553359985352e+00
9.642091751098632812e+00	4.589068412780761719e+00
1.373998928070068359e+01	7.028059482574462891e+00
1.680615806579589844e+01	2.966165542602539062e+00
1.048527622222900391e+01	6.400604724884033203e+00
1.297865200042724609e+01	3.749724626541137695e+00
9.919239044189453125e+00	5.651277542114257812e+00
1.120350456237792969e+01	3.045399665832519531e+00
9.247915267944335938e+00	8.516450881958007812e+00
1.073525047302246094e+01	2.843557596206665039e+00
1.106326866149902344e+01	1.380310416221618652e+00
1.189891529083251953e+01	5.838397026062011719e+00
1.381288623809814453e+01	7.451169967651367188e+00
7.275709152221679688e+00	6.678991317749023438e+00
1.216796779632568359e+01	4.717993736267089844e+00
1.223640346527099609e+01	4.760141372680664062e+00
1.237283706665039062e+01	4.307067394256591797e+00
1.127383422851562500e+01	8.725713729858398438e+00
1.166092109680175781e+01	1.111378192901611328e+00
7.975818634033203125e+00	1.001904845237731934e+00
8.506298065185546875e+00	9.804601669311523438e+00
9.848812103271484375e+00	1.089484691619873047e+01
1.047389793395996094e+01	6.565037369728088379e-01
1.255587291717529297e+01	3.045572519302368164e+00
7.429255008697509766e+00	3.756450414657592773e+00
5.263798713684082031e+00	-1.200877904891967773e+00
8.040668487548828125e+00	7.105773448944091797e+00
1.212400531768798828e+01	3.727840423583984375e+00
9.377988815307617188e+00	6.372399806976318359e+00
1.256960868835449219e+01	2.392968654632568359e+00
9.020895004272460938e+00	9.741953015327453613e-01
1.007991123199462891e+01	8.876218795776367188e+00
9.537865638732910156e+00	-1.058557033538818359e+00
1.275907802581787109e+01	1.505042552947998047e+00
7.870238780975341797e+00	8.339346885681152344e+00
1.621509933471679688e+01	3.113605499267578125e+00
9.163724899291992188e+00	9.734992980957031250e+00
1.277751541137695312e+01	6.208208560943603516e+00
9.701967239379882812e+00	7.027714252471923828e+00
1.239176940917968750e+01	4.746084213256835938e+00
9.608291625976562500e+00	7.910341262817382812e+00
9.788517951965332031e+00	1.009267902374267578e+01
3.407031059265136719e+00	3.038850307464599609e+00
1.382733058929443359e+01	4.134667396545410156e+00
8.192902565002441406e+00	4.689280986785888672e-01
3.620383024215698242e+00	-2.030832022428512573e-01
3.336604595184326172e+00	1.761064171791076660e+00
7.360603332519531250e+00	8.535149693489074707e-01
1.011889362335205078e+01	5.823115348815917969e+00
5.923984050750732422e+00	2.481610298156738281e+00
8.366561889648437500e+00	8.982615470886230469e+00
1.025357437133789062e+01	2.835275888442993164e+00
9.960088729858398438e+00	1.049860477447509766e+01
1.138212013244628906e+01	9.165416717529296875e+00
1.003904438018798828e+01	8.492007255554199219e+00
9.669586181640625000e+00	1.492483466863632202e-01
1.030195713043212891e+01	5.557525157928466797e+00
1.198694133758544922e+01	8.207389831542968750e+00
8.637694358825683594e+00	7.564609527587890625e+00
2.882845640182495117e+00	2.634755611419677734e+00
9.128632545471191406e+00	8.530387878417968750e+00
1.490121841430664062e+01	4.011863708496093750e+00
9.600011825561523438e+00	1.500421166419982910e+00
1.424690818786621094e+01	2.078585624694824219e+00
5.605872631072998047e+00	-1.607071638107299805e+00
7.978747844696044922e+00	8.887402534484863281e+00
8.756284713745117188e+00	1.653542160987854004e+00
7.927271366119384766e+00	-1.212649345397949219e+00
8.601908683776855469e+00	1.008537960052490234e+01
8.451394081115722656e+00	1.137635040283203125e+01
7.169248580932617188e+00	2.252428770065307617e+00
8.643721580505371094e+00	1.090268135070800781e+01
1.038881206512451172e+01	5.613995075225830078e+00
1.111452293395996094e+01	9.872288703918457031e-01
4.538619041442871094e+00	1.959350585937500000e+00
1.004971885681152344e+01	1.014565563201904297e+01
7.899333953857421875e+00	-1.159559369087219238e+00
1.224383831024169922e+01	6.670340538024902344e+00
9.649949073791503906e+00	5.379880905151367188e+00
3.976281881332397461e+00	1.956872105598449707e+00
9.617959976196289062e+00	9.557426452636718750e+00
5.677038192749023438e+00	1.037083268165588379e+00
1.178434753417968750e+01	1.958861708641052246e+00
1.115760803222656250e+01	4.410732269287109375e+00
1.034058952331542969e+01	5.433557987213134766e+00
1.026157569885253906e+01	4.190956115722656250e+00
9.817655563354492188e+00	7.294950008392333984e+00
1.062872886657714844e+01	7.380472183227539062e+00
1.689342308044433594e+01	2.761802434921264648e+00
4.043009281158447266e+00	2.133511781692504883e+00
1.087616539001464844e+01	7.030792236328125000e+00
8.353201866149902344e+00	5.715438842773437500e+00
9.945815086364746094e+00	3.892394065856933594e+00
5.143056869506835938e+00	-1.070620536804199219e+00
1.247154521942138672e+01	5.717270374298095703e+00
1.078721904754638672e+01	1.046779060363769531e+01
1.118561935424804688e+01	3.897065401077270508e+00
8.142030715942382812e+00	1.442460179328918457e+00
9.242083549499511719e+00	2.604918479919433594e-01
9.420925140380859375e+00	7.356675863265991211e-01
8.538469314575195312e+00	7.529195308685302734e+00
1.052546215057373047e+01	3.629057168960571289e+00
6.382062911987304688e+00	1.324727296829223633e+00
8.551660537719726562e+00	4.378489017486572266e+00
1.098085117340087891e+01	9.551798820495605469e+00
3.653430461883544922e+00	1.626975655555725098e+00
7.396580696105957031e+00	7.667898654937744141e+00
8.010204315185546875e+00	2.955360174179077148e+00
2.414814949035644531e+00	2.050185441970825195e+00
7.464782714843750000e+00	8.305232048034667969e+00
8.369632720947265625e+00	5.241183280944824219e+00
8.451679229736328125e+00	5.882301330566406250e+00
2.876150369644165039e+00	2.545835971832275391e+00
1.145834255218505859e+01	8.913302421569824219e+00
8.722293853759765625e+00	1.118131065368652344e+01
4.319432258605957031e+00	8.552225828170776367e-01
1.181071281433105469e+01	9.469572067260742188e+00
8.879407882690429688e+00	5.646226406097412109e+00
1.251310443878173828e+01	9.706369400024414062e+00
7.131889343261718750e+00	9.409870505332946777e-01
5.085044384002685547e+00	1.173488855361938477e+00
1.267403602600097656e+01	7.741476535797119141e+00
1.252942752838134766e+01	6.922028064727783203e+00
9.181447982788085938e+00	3.093656301498413086e+00
1.141967201232910156e+01	8.295781016349792480e-01
1.509036922454833984e+01	5.136220932006835938e+00
1.006061840057373047e+01	6.119348526000976562e+00
1.192757797241210938e+01	1.900320291519165039e+00
1.215757942199707031e+01	6.006386280059814453e+00
8.226851463317871094e+00	4.174444675445556641e+00
7.304397106170654297e+00	6.969688415527343750e+00
4.802053928375244141e+00	9.847230315208435059e-01
9.499768257141113281e+00	9.871444702148437500e+00
8.881881713867187500e+00	1.174138355255126953e+01
1.066446781158447266e+01	7.580344200134277344e+00
1.037492561340332031e+01	6.058647155761718750e+00
2.606217145919799805e+00	2.926531076431274414e+00
1.115489959716796875e+01	4.539642810821533203e+00
4.838850021362304688e+00	-8.521029353141784668e-02
8.076325416564941406e+00	4.888396263122558594e+00
7.247508525848388672e+00	7.730035781860351562e+00
1.006644630432128906e+01	8.422742843627929688e+00
8.765883445739746094e+00	8.103914260864257812e+00
1.040767955780029297e+01	8.348568916320800781e+00
7.525524139404296875e+00	7.769762039184570312e+00
8.440673828125000000e+00	6.831266880035400391e+00
9.606931686401367188e+00	8.358157157897949219e+00
1.011121177673339844e+01	9.544422149658203125e+00
8.350532531738281250e+00	9.054224014282226562e+00
8.603365898132324219e+00	3.311154127120971680e+00
1.413012313842773438e+01	2.504289627075195312e+00
6.068845272064208984e+00	1.318179368972778320e+00
8.835272789001464844e+00	6.333837509155273438e+00
2.843447208404541016e+00	1.398053646087646484e+00
8.506179809570312500e+00	1.131851863861083984e+01
1.207449626922607422e+01	2.909336090087890625e+00
9.130466461181640625e+00	-1.560898542404174805e+00
3.200497865676879883e+00	1.948756814002990723e+00
7.461119174957275391e+00	6.576402187347412109e+00
8.375701904296875000e+00	8.960339546203613281e+00
8.722105026245117188e+00	5.528428554534912109e+00
8.518400192260742188e+00	-7.032778263092041016e-01
9.143688201904296875e+00	8.286845684051513672e-01
4.982516288757324219e+00	2.329758882522583008e+00
1.181126689910888672e+01	4.441997051239013672e+00
4.665315151214599609e+00	9.630406498908996582e-01
9.069014549255371094e+00	7.930243492126464844e+00
9.822060585021972656e+00	-9.210284948348999023e-01
5.953050613403320312e+00	1.388490796089172363e+00
9.053388595581054688e+00	-1.367275118827819824e+00
9.391406059265136719e+00	1.063733005523681641e+01
8.636619567871093750e+00	1.168829441070556641e+01
4.452208995819091797e+00	-6.629756689071655273e-01
9.897891044616699219e+00	4.212452411651611328e+00
8.217536926269531250e+00	1.857603907585144043e+00
9.906413078308105469e+00	6.077978014945983887e-01
8.596380233764648438e+00	1.000711345672607422e+01
1.580784130096435547e+01	3.770779609680175781e+00
8.570950508117675781e+00	1.153240871429443359e+01
1.081874752044677734e+01	6.667006969451904297e+00
8.104974746704101562e+00	4.860697746276855469e+00
7.971013069152832031e+00	4.171330451965332031e+00
1.295936203002929688e+01	8.902260065078735352e-01
9.624084472656250000e+00	4.739152789115905762e-01
4.516635417938232422e+00	2.312777280807495117e+00
1.450604820251464844e+01	2.065556526184082031e+00
8.047513961791992188e+00	8.735483169555664062e+00
7.815358638763427734e+00	6.401182651519775391e+00
1.274600696563720703e+01	1.138194799423217773e+00
9.727182388305664062e+00	7.592249393463134766e+00
9.159902572631835938e+00	1.068331718444824219e+01
1.255810928344726562e+01	5.990735054016113281e+00
7.490381240844726562e+00	4.521967887878417969e+00
1.007494926452636719e+01	1.014647006988525391e+01
8.362717628479003906e+00	1.121790218353271484e+01
1.114821434020996094e+01	7.577966690063476562e+00
9.038064002990722656e+00	1.158472061157226562e+01
5.166946411132812500e+00	1.876083135604858398e+00
2.493106126785278320e+00	1.600539445877075195e+00
7.572120666503906250e+00	4.432796955108642578e+00
7.894286632537841797e+00	2.776932954788208008e+00
1.105670070648193359e+01	9.283925056457519531e+00
9.480124473571777344e+00	1.089323139190673828e+01
1.000130176544189453e+01	1.074356746673583984e+01
1.341127014160156250e+01	7.361002445220947266e+00
1.268397235870361328e+01	3.813832998275756836e+00
1.063064384460449219e+01	9.472806930541992188e+00
9.637079238891601562e+00	3.683877944946289062e+00
9.329818725585937500e+00	7.445929050445556641e+00
8.519598960876464844e+00	3.492814302444458008e+00
7.409992218017578125e+00	3.625517129898071289e+00
9.467435836791992188e+00	1.465939402580261230e+00
8.002420425415039062e+00	3.928229093551635742e+00
8.848358154296875000e+00	8.324614524841308594e+00
1.029738426208496094e+01	5.306958198547363281e+00
1.181156349182128906e+01	9.166448593139648438e+00
7.971766948699951172e+00	8.803035736083984375e+00
1.122810554504394531e+01	1.006461524963378906e+01
8.231094360351562500e+00	7.057985782623291016e+00
6.079774856567382812e+00	1.095105767250061035e+00
9.536275863647460938e+00	4.719282150268554688e+00
9.529945373535156250e+00	1.095341968536376953e+01
5.206487178802490234e+00	-1.349136233329772949e+00
3.691045045852661133e+00	2.116209745407104492e+00
1.012411785125732422e+01	3.041129589080810547e+00
2.738467454910278320e+00	2.048614978790283203e+00
7.328642845153808594e+00	5.629118442535400391e+00
9.589620590209960938e+00	5.826490879058837891e+00
7.757128715515136719e+00	2.118515968322753906e+00
7.636827945709228516e+00	3.778402805328369141e+00
1.357204818725585938e+01	8.512847900390625000e+00
2.304886579513549805e+00	2.942988634109497070e+00
3.810791015625000000e+00	2.496634006500244141e+00
8.003236770629882812e+00	4.503333091735839844e+00
1.075502777099609375e+01	8.464460372924804688e+00
7.404497623443603516e+00	6.421788215637207031e+00
6.144217014312744141e+00	1.214783430099487305e+00
7.711359024047851562e+00	4.327463626861572266e+00
1.084230327606201172e+01	4.614574432373046875e+00
5.475170135498046875e+00	6.659207940101623535e-01
2.717149019241333008e+00	2.540124416351318359e+00
7.855876445770263672e+00	7.830572605133056641e+00
6.287719249725341797e+00	1.850358605384826660e+00
4.634555339813232422e+00	-6.419833749532699585e-02
1.189287281036376953e+01	8.642039299011230469e+00
7.570358276367187500e+00	1.483150362968444824e+00
1.018048381805419922e+01	1.032056999206542969e+01
4.026335716247558594e+00	-4.447251260280609131e-01
8.306225776672363281e+00	5.570216655731201172e+00
1.039549922943115234e+01	5.924576759338378906e+00
8.604286193847656250e+00	8.270371437072753906e+00
9.235724449157714844e+00	7.696192264556884766e+00
8.805616378784179688e+00	3.464761257171630859e+00
8.439432144165039062e+00	7.546078205108642578e+00
3.740415573120117188e+00	4.071447551250457764e-01
3.012061834335327148e+00	2.410034656524658203e+00
8.333232879638671875e+00	6.742548942565917969e+00
1.050843906402587891e+01	1.008472919464111328e+01
1.061535072326660156e+01	5.472433090209960938e+00
7.751056194305419922e+00	8.033366203308105469e+00
6.460931301116943359e+00	-7.102198600769042969e-01
8.248602867126464844e+00	4.782442569732666016e+00
9.684832572937011719e+00	1.071056556701660156e+01
7.544872760772705078e+00	3.667369604110717773e+00
7.067914962768554688e+00	-8.246264457702636719e-01
6.730734348297119141e+00	1.323395252227783203e+00
3.553636789321899414e+00	7.550113648176193237e-02
2.891425371170043945e+00	2.219358205795288086e+00
9.543300628662109375e+00	3.287834882736206055e+00
3.327238321304321289e+00	1.109379887580871582e+00
2.902579307556152344e+00	2.091846227645874023e+00
9.087430953979492188e+00	1.099698448181152344e+01
8.414126396179199219e+00	5.190315723419189453e+00
1.090864276885986328e+01	9.408436775207519531e+00
1.123460197448730469e+01	9.139444351196289062e+00
9.611190795898437500e+00	6.216263294219970703e+00
1.710104370117187500e+01	2.046497344970703125e+00
8.547446250915527344e+00	5.320214271545410156e+00
6.062449455261230469e+00	-3.058159351348876953e-01
9.419825553894042969e+00	8.430252075195312500e+00
7.753962516784667969e+00	8.833353996276855469e+00
5.989823341369628906e+00	4.938705861568450928e-01
8.310640335083007812e+00	7.759095668792724609e+00
5.670652866363525391e+00	3.413097858428955078e-01
2.085800886154174805e+00	2.331484556198120117e+00
3.726348400115966797e+00	1.968459486961364746e+00
7.686718940734863281e+00	6.912835597991943359e+00
2.185642957687377930e+00	2.548930168151855469e+00
3.674265861511230469e+00	-3.082199692726135254e-01
9.799395561218261719e+00	3.997789859771728516e+00
7.953175067901611328e+00	7.646202087402343750e+00
2.588397979736328125e+00	2.296219587326049805e+00
4.567868709564208984e+00	-6.817622184753417969e-01
5.987929344177246094e+00	-2.826398611068725586e-02
4.769110202789306641e+00	7.185769081115722656e-01
5.142654895782470703e+00	9.235098361968994141e-01
9.349889755249023438e+00	3.597167491912841797e+00
9.093955993652343750e+00	6.098076343536376953e+00
9.627300262451171875e+00	-1.218207925558090210e-01
2.902089118957519531e+00	2.152331829071044922e+00
1.267533969879150391e+01	7.171389579772949219e+00
7.801552772521972656e+00	-1.109623789787292480e+00
1.050036811828613281e+01	1.023313236236572266e+01
8.982104301452636719e+00	8.921123504638671875e+00
7.896981716156005859e+00	7.230457305908203125e+00
2.120424032211303711e+00	2.153623342514038086e+00
6.249878406524658203e+00	6.051023006439208984e-01
7.901150226593017578e+00	4.621187210083007812e+00
2.886189222335815430e+00	2.841382265090942383e+00
2.712725877761840820e+00	1.808132171630859375e+00
7.495628833770751953e+00	7.817008495330810547e+00
3.501119613647460938e+00	7.138858437538146973e-01
2.242171287536621094e+00	2.936734676361083984e+00
1.968500614166259766e+00	2.277209758758544922e+00
9.523663520812988281e+00	9.747480392456054688e+00
2.661123991012573242e+00	2.868264675140380859e+00
7.085992336273193359e+00	8.052662849426269531e+00
5.750090122222900391e+00	1.898226439952850342e-01
8.451227188110351562e+00	7.951417446136474609e+00
5.065805912017822266e+00	6.996563076972961426e-01
3.893790483474731445e+00	1.200308918952941895e+00
5.500961303710937500e+00	2.515280246734619141e-01
3.801548480987548828e+00	2.109685838222503662e-01
9.742645263671875000e+00	1.027528667449951172e+01
6.998280048370361328e+00	3.564213752746582031e+00
9.476740837097167969e+00	5.707185745239257812e+00
2.342086076736450195e+00	2.823212146759033203e+00
6.721849918365478516e+00	-5.423416495323181152e-01
5.280699729919433594e+00	-9.636482596397399902e-01
2.496102094650268555e+00	1.473535776138305664e+00
6.103000164031982422e+00	1.737504154443740845e-01
6.710032939910888672e+00	-9.185687899589538574e-01
4.143992424011230469e+00	2.174653768539428711e+00
2.125751256942749023e+00	2.843415021896362305e+00
2.308694601058959961e+00	1.927575230598449707e+00
3.687855720520019531e+00	1.441367506980895996e+00
