1.220430564880371094e+01	8.393549919128417969e+00
9.787896156311035156e+00	8.617897987365722656e+00
4.197793960571289062e+00	9.863231658935546875e+00
1.143325042724609375e+01	4.289195537567138672e+00
6.087588787078857422e+00	9.099748611450195312e+00
7.465349674224853516e+00	9.094208717346191406e+00
6.860836982727050781e+00	8.314737319946289062e+00
3.521938800811767578e+00	9.379312515258789062e+00
5.134442329406738281e+00	6.645691871643066406e+00
9.474267005920410156e+00	4.084757328033447266e+00
1.232073593139648438e+01	6.228123664855957031e+00
6.839851856231689453e+00	7.603831291198730469e+00
5.983709335327148438e+00	7.887356758117675781e+00
7.088414669036865234e+00	5.137692928314208984e+00
2.650294542312622070e+00	7.627588272094726562e+00
1.072824287414550781e+01	5.270001411437988281e+00
1.054760932922363281e+01	6.371241569519042969e+00
5.120259761810302734e+00	8.349724769592285156e+00
7.038738727569580078e+00	7.088865756988525391e+00
2.031920194625854492e+00	5.960907936096191406e+00
2.925205230712890625e+00	8.795323371887207031e+00
8.814642906188964844e+00	8.780158996582031250e+00
1.044669532775878906e+01	5.560460090637207031e+00
1.215695190429687500e+01	8.526286125183105469e+00
1.041427612304687500e+01	8.784068107604980469e+00
4.815251827239990234e+00	6.108131408691406250e+00
1.018110847473144531e+01	4.371655464172363281e+00
8.827567100524902344e+00	5.670073986053466797e+00
8.654964447021484375e+00	5.570973396301269531e+00
1.236230182647705078e+01	7.643129348754882812e+00
2.902442216873168945e+00	5.923164844512939453e+00
3.399775505065917969e+00	8.527940750122070312e+00
7.410105705261230469e+00	8.346120834350585938e+00
9.443549156188964844e+00	8.153985977172851562e+00
9.942043304443359375e+00	6.354641914367675781e+00
5.413105010986328125e+00	9.246855735778808594e+00
1.027412414550781250e+01	4.880923748016357422e+00
7.370791912078857422e+00	7.952728271484375000e+00
7.902992248535156250e+00	5.932073593139648438e+00
9.770178794860839844e+00	6.389719963073730469e+00
1.205151557922363281e+01	5.879094600677490234e+00
3.039078950881958008e+00	7.154460430145263672e+00
7.705973625183105469e+00	4.393064975738525391e+00
6.720440864562988281e+00	5.740398883819580078e+00
8.880123138427734375e+00	6.264035701751708984e+00
4.502903461456298828e+00	9.427781105041503906e+00
1.117108917236328125e+01	9.270944595336914062e+00
4.683756351470947266e+00	9.232946395874023438e+00
1.939030289649963379e+00	7.587502956390380859e+00
6.681410312652587891e+00	4.948456764221191406e+00
1.225738906860351562e+01	6.256048202514648438e+00
6.641433238983154297e+00	9.950965881347656250e+00
7.090487480163574219e+00	8.320728302001953125e+00
7.862621784210205078e+00	8.370454788208007812e+00
7.764775276184082031e+00	5.668678283691406250e+00
5.952092170715332031e+00	8.486669540405273438e+00
9.687330245971679688e+00	9.569614410400390625e+00
8.248498916625976562e+00	5.576338291168212891e+00
7.006294250488281250e+00	5.594845294952392578e+00
1.009061622619628906e+01	5.272915363311767578e+00
1.154054832458496094e+01	6.000514507293701172e+00
7.873639583587646484e+00	3.694686889648437500e+00
1.131796741485595703e+01	6.335724830627441406e+00
7.304547786712646484e+00	6.880751132965087891e+00
3.501152276992797852e+00	7.245001316070556641e+00
7.120042800903320312e+00	8.387455940246582031e+00
6.127651691436767578e+00	7.785112380981445312e+00
3.504159450531005859e+00	8.471314430236816406e+00
8.016444206237792969e+00	7.571385383605957031e+00
9.197997093200683594e+00	9.367700576782226562e+00
3.845558643341064453e+00	9.310768127441406250e+00
5.578228473663330078e+00	7.467720031738281250e+00
7.507826328277587891e+00	8.749035835266113281e+00
1.002462291717529297e+01	9.339926719665527344e+00
3.984817504882812500e+00	5.749667167663574219e+00
9.260514259338378906e+00	1.034006977081298828e+01
8.102376937866210938e+00	8.807235717773437500e+00
1.913137197494506836e+00	7.651678562164306641e+00
4.457092285156250000e+00	8.785339355468750000e+00
5.936975479125976562e+00	9.387061119079589844e+00
3.278649330139160156e+00	9.283870697021484375e+00
3.598439455032348633e+00	6.637803077697753906e+00
9.336178779602050781e+00	4.821638107299804688e+00
6.680507183074951172e+00	6.918665409088134766e+00
8.175355911254882812e+00	7.968069553375244141e+00
7.447720527648925781e+00	7.317089080810546875e+00
7.050912380218505859e+00	7.521967887878417969e+00
6.598858833312988281e+00	9.077199935913085938e+00
8.460600852966308594e+00	8.204273223876953125e+00
2.350092411041259766e+00	6.782549858093261719e+00
5.736823081970214844e+00	8.862702369689941406e+00
2.278202533721923828e+00	7.079018115997314453e+00
9.859356880187988281e+00	1.014202308654785156e+01
5.738736629486083984e+00	9.755436897277832031e+00
1.079963111877441406e+01	7.629848003387451172e+00
4.927162170410156250e+00	9.422352790832519531e+00
1.870859146118164062e+00	7.289056301116943359e+00
5.122714996337890625e+00	8.452066421508789062e+00
8.409206390380859375e+00	5.711408138275146484e+00
6.896553039550781250e+00	6.777987957000732422e+00
7.966343879699707031e+00	6.962454795837402344e+00
1.027279090881347656e+01	8.811868667602539062e+00
7.731794357299804688e+00	9.919647216796875000e+00
1.205690860748291016e+01	8.740264892578125000e+00
6.000130176544189453e+00	9.569065093994140625e+00
1.108119106292724609e+01	9.527848243713378906e+00
6.194683551788330078e+00	7.946560859680175781e+00
1.091107463836669922e+01	5.339090347290039062e+00
6.340280532836914062e+00	8.303165435791015625e+00
9.730851173400878906e+00	1.005522155761718750e+01
2.744046926498413086e+00	7.591878414154052734e+00
5.427109241485595703e+00	6.649504184722900391e+00
1.049367237091064453e+01	6.130971431732177734e+00
8.574989318847656250e+00	6.986985206604003906e+00
4.094368934631347656e+00	8.334067344665527344e+00
1.010429668426513672e+01	1.022037315368652344e+01
1.097413825988769531e+01	7.209841251373291016e+00
5.875668048858642578e+00	8.125587463378906250e+00
2.222763776779174805e+00	7.632802009582519531e+00
6.370585441589355469e+00	8.903359413146972656e+00
1.182813072204589844e+01	4.715847969055175781e+00
9.436712265014648438e+00	7.702019214630126953e+00
5.206437587738037109e+00	9.823750495910644531e+00
8.412026405334472656e+00	1.046182727813720703e+01
7.752840518951416016e+00	6.374756336212158203e+00
7.997341156005859375e+00	7.144452095031738281e+00
5.226333141326904297e+00	8.779350280761718750e+00
3.412806272506713867e+00	5.645610332489013672e+00
8.523987770080566406e+00	1.072051239013671875e+01
1.239017772674560547e+01	7.983415126800537109e+00
1.083025264739990234e+01	8.112819671630859375e+00
1.000897979736328125e+01	5.251144886016845703e+00
3.920146226882934570e+00	7.263759136199951172e+00
5.650033950805664062e+00	6.611368656158447266e+00
3.625777482986450195e+00	6.364376544952392578e+00
1.081820774078369141e+01	5.556225776672363281e+00
6.328564167022705078e+00	8.132392883300781250e+00
9.797644615173339844e+00	6.305755138397216797e+00
1.160573005676269531e+01	4.969233036041259766e+00
7.781995296478271484e+00	7.405200481414794922e+00
1.127494907379150391e+01	5.620564937591552734e+00
3.686581611633300781e+00	7.918500423431396484e+00
3.274244308471679688e+00	6.050304412841796875e+00
9.281257629394531250e+00	7.703773021697998047e+00
4.294640064239501953e+00	8.512392044067382812e+00
2.379629373550415039e+00	5.741833686828613281e+00
1.158846569061279297e+01	8.157792091369628906e+00
3.636324167251586914e+00	5.527763843536376953e+00
1.175701999664306641e+01	8.786794662475585938e+00
3.014767885208129883e+00	8.023514747619628906e+00
9.861371040344238281e+00	4.684329986572265625e+00
1.158884334564208984e+01	4.534240722656250000e+00
3.966865301132202148e+00	9.105144500732421875e+00
1.107986927032470703e+01	8.288440704345703125e+00
1.001501560211181641e+01	5.947720050811767578e+00
1.005161571502685547e+01	7.840515613555908203e+00
8.443968772888183594e+00	8.281914710998535156e+00
1.216790294647216797e+01	5.690620422363281250e+00
8.827585220336914062e+00	6.581398963928222656e+00
5.563999652862548828e+00	7.242416858673095703e+00
7.575484752655029297e+00	1.041108894348144531e+01
7.338558673858642578e+00	5.978796005249023438e+00
8.708659172058105469e+00	8.025445938110351562e+00
3.471676588058471680e+00	6.960591793060302734e+00
4.894111633300781250e+00	5.665604591369628906e+00
3.190736293792724609e+00	6.412470340728759766e+00
1.008139514923095703e+01	9.444362640380859375e+00
6.323894977569580078e+00	7.485748291015625000e+00
1.905292391777038574e+00	7.929960250854492188e+00
6.025852680206298828e+00	5.901394844055175781e+00
5.185492992401123047e+00	7.981854438781738281e+00
4.210165023803710938e+00	9.374967575073242188e+00
8.263196945190429688e+00	8.006050109863281250e+00
5.627457141876220703e+00	1.002160739898681641e+01
8.308238983154296875e+00	6.910784244537353516e+00
4.071743488311767578e+00	8.145745277404785156e+00
3.883581161499023438e+00	6.829145908355712891e+00
1.064354038238525391e+01	3.603011608123779297e+00
1.233087062835693359e+01	6.717358589172363281e+00
7.696817398071289062e+00	5.636178970336914062e+00
9.450205802917480469e+00	9.956856727600097656e+00
1.238274002075195312e+01	8.898808479309082031e+00
7.226619720458984375e+00	7.626873016357421875e+00
7.874766349792480469e+00	8.805352210998535156e+00
7.085171699523925781e+00	7.449745178222656250e+00
5.573565959930419922e+00	6.319244384765625000e+00
7.787475585937500000e+00	7.402884006500244141e+00
5.719735622406005859e+00	9.429429054260253906e+00
1.114279747009277344e+01	6.800633907318115234e+00
1.001364612579345703e+01	6.584671974182128906e+00
5.747226238250732422e+00	7.456619262695312500e+00
7.340754985809326172e+00	9.578361511230468750e+00
8.652867317199707031e+00	5.655122280120849609e+00
6.316833019256591797e+00	7.247528553009033203e+00
5.728878021240234375e+00	8.180202484130859375e+00
8.109667778015136719e+00	9.526016235351562500e+00
6.395426273345947266e+00	6.839183330535888672e+00
5.639316082000732422e+00	7.764891624450683594e+00
8.089724540710449219e+00	6.279320716857910156e+00
9.855096817016601562e+00	6.610803604125976562e+00
9.858407974243164062e+00	6.126858234405517578e+00
5.461297035217285156e+00	8.514875411987304688e+00
2.223536491394042969e+00	5.410342693328857422e+00
7.504507064819335938e+00	5.528003215789794922e+00
9.034950256347656250e+00	9.294518470764160156e+00
1.249861240386962891e+01	6.947983264923095703e+00
2.879380464553833008e+00	5.380495548248291016e+00
7.155304431915283203e+00	9.405065536499023438e+00
1.076129245758056641e+01	8.961209297180175781e+00
8.364583969116210938e+00	4.604035854339599609e+00
2.333260774612426758e+00	5.714961051940917969e+00
9.961470603942871094e+00	8.928771972656250000e+00
5.060987472534179688e+00	7.199327945709228516e+00
6.830573081970214844e+00	6.303201675415039062e+00
9.355073928833007812e+00	4.641601085662841797e+00
1.080762290954589844e+01	8.415622711181640625e+00
6.137651920318603516e+00	5.884619712829589844e+00
9.271575927734375000e+00	8.460808753967285156e+00
1.042867088317871094e+01	4.568385601043701172e+00
1.277433967590332031e+01	7.269011020660400391e+00
8.323926925659179688e+00	6.929707050323486328e+00
4.016762733459472656e+00	7.859086036682128906e+00
8.251859664916992188e+00	8.416747093200683594e+00
7.963268280029296875e+00	8.381216049194335938e+00
4.317873001098632812e+00	7.418905258178710938e+00
8.634010314941406250e+00	3.132022619247436523e+00
7.189239501953125000e+00	4.252817153930664062e+00
9.421270370483398438e+00	9.830263137817382812e+00
8.451269149780273438e+00	8.912098884582519531e+00
2.391978502273559570e+00	6.982196807861328125e+00
5.851957321166992188e+00	6.525626182556152344e+00
1.005106735229492188e+01	9.400646209716796875e+00
3.233070850372314453e+00	8.103620529174804688e+00
1.055317401885986328e+01	9.856127738952636719e+00
3.496176958084106445e+00	6.427221298217773438e+00
4.849102973937988281e+00	1.005272579193115234e+01
7.726940155029296875e+00	7.158580303192138672e+00
6.064909934997558594e+00	9.322600364685058594e+00
5.695033550262451172e+00	7.554043769836425781e+00
3.659521579742431641e+00	5.351036071777343750e+00
7.673839569091796875e+00	9.162099838256835938e+00
9.321318626403808594e+00	8.059815406799316406e+00
7.539164543151855469e+00	6.338688373565673828e+00
3.959395647048950195e+00	6.831421375274658203e+00
2.825455188751220703e+00	6.524724483489990234e+00
8.804819107055664062e+00	6.915185451507568359e+00
5.613320350646972656e+00	9.234889030456542969e+00
9.284040451049804688e+00	5.964027881622314453e+00
8.441160202026367188e+00	4.696352005004882812e+00
7.744017124176025391e+00	3.560179471969604492e+00
1.163483905792236328e+01	5.749981880187988281e+00
1.091481781005859375e+01	4.441264629364013672e+00
2.526720523834228516e+00	5.608712673187255859e+00
3.422286748886108398e+00	9.016428947448730469e+00
8.244670867919921875e+00	8.759529113769531250e+00
5.833345413208007812e+00	6.980577468872070312e+00
1.260805797576904297e+01	5.363731861114501953e+00
2.701996803283691406e+00	6.875242710113525391e+00
6.138455867767333984e+00	8.196652412414550781e+00
7.049115180969238281e+00	5.940188407897949219e+00
8.734564781188964844e+00	8.098213195800781250e+00
2.192617654800415039e+00	8.149841308593750000e+00
7.475574016571044922e+00	8.222184181213378906e+00
3.349999427795410156e+00	7.772437572479248047e+00
6.132323741912841797e+00	6.791559219360351562e+00
5.059296607971191406e+00	7.845792770385742188e+00
4.804290771484375000e+00	8.398071289062500000e+00
1.105903911590576172e+01	8.302567481994628906e+00
5.812704086303710938e+00	8.090868949890136719e+00
2.911540269851684570e+00	7.581915855407714844e+00
8.675370216369628906e+00	8.901030540466308594e+00
9.258397102355957031e+00	8.284730911254882812e+00
9.126645088195800781e+00	7.774269104003906250e+00
6.381933689117431641e+00	8.918955802917480469e+00
8.883102416992187500e+00	1.063489913940429688e+01
1.170556163787841797e+01	9.158791542053222656e+00
5.839207172393798828e+00	5.411310672760009766e+00
3.742355823516845703e+00	9.527044296264648438e+00
1.088883018493652344e+01	9.343525886535644531e+00
9.735881805419921875e+00	9.988127708435058594e+00
1.042708396911621094e+01	5.922857284545898438e+00
1.122413253784179688e+01	8.135257720947265625e+00
6.044781208038330078e+00	8.069602966308593750e+00
1.173181533813476562e+01	5.243021488189697266e+00
4.253495216369628906e+00	7.223613262176513672e+00
8.567903518676757812e+00	3.538222789764404297e+00
1.150138378143310547e+01	4.268822669982910156e+00
2.575073480606079102e+00	7.254668712615966797e+00
4.794761657714843750e+00	6.440644741058349609e+00
7.479882717132568359e+00	5.320075988769531250e+00
1.018784427642822266e+01	1.020907306671142578e+01
9.825346946716308594e+00	5.754473209381103516e+00
4.059383392333984375e+00	7.026407241821289062e+00
8.619251251220703125e+00	7.575724601745605469e+00
5.134777069091796875e+00	7.709399223327636719e+00
1.194561576843261719e+01	5.755650997161865234e+00
4.110929965972900391e+00	5.630657196044921875e+00
3.801088094711303711e+00	8.395254135131835938e+00
2.714492559432983398e+00	8.304677963256835938e+00
3.569854021072387695e+00	9.140610694885253906e+00
1.010286808013916016e+01	5.950079441070556641e+00
4.606444835662841797e+00	6.117155551910400391e+00
8.923680305480957031e+00	7.848766326904296875e+00
8.639654159545898438e+00	3.873161792755126953e+00
8.122453689575195312e+00	7.277451515197753906e+00
8.422250747680664062e+00	6.875726699829101562e+00
8.936862945556640625e+00	8.306566238403320312e+00
1.133505153656005859e+01	7.713036537170410156e+00
1.140421772003173828e+01	8.029164314270019531e+00
9.395304679870605469e+00	7.001144886016845703e+00
7.279641151428222656e+00	6.230298042297363281e+00
5.359133720397949219e+00	6.777725219726562500e+00
7.923732757568359375e+00	4.653293132781982422e+00
8.487865447998046875e+00	8.563116073608398438e+00
1.153777885437011719e+01	8.990762710571289062e+00
8.209424972534179688e+00	6.580301761627197266e+00
9.199461936950683594e+00	9.408020019531250000e+00
3.962076425552368164e+00	9.071858406066894531e+00
8.272881507873535156e+00	8.143494606018066406e+00
4.151658058166503906e+00	5.901454448699951172e+00
1.179738807678222656e+01	5.784351348876953125e+00
6.948225975036621094e+00	7.556850910186767578e+00
1.015631103515625000e+01	7.473851680755615234e+00
1.018424129486083984e+01	7.555778980255126953e+00
7.600651264190673828e+00	8.669821739196777344e+00
3.170622825622558594e+00	7.839734077453613281e+00
3.906862497329711914e+00	5.691986083984375000e+00
1.226436424255371094e+01	8.622493743896484375e+00
1.135104179382324219e+01	7.888686656951904297e+00
1.123430156707763672e+01	8.651681900024414062e+00
4.042489051818847656e+00	9.803783416748046875e+00
6.530884742736816406e+00	6.483471393585205078e+00
8.997534751892089844e+00	9.971911430358886719e+00
9.324774742126464844e+00	8.740200996398925781e+00
7.224916934967041016e+00	6.395609855651855469e+00
3.824433088302612305e+00	8.873530387878417969e+00
7.346415996551513672e+00	8.446440696716308594e+00
1.164052677154541016e+01	4.963600635528564453e+00
6.279220581054687500e+00	7.862408638000488281e+00
5.205810070037841797e+00	9.206150054931640625e+00
8.746007919311523438e+00	8.535262107849121094e+00
1.087513732910156250e+01	7.225165843963623047e+00
5.827531337738037109e+00	5.698750972747802734e+00
3.633281469345092773e+00	6.798709869384765625e+00
1.261884117126464844e+01	7.983545780181884766e+00
1.007219219207763672e+01	4.706846237182617188e+00
1.247137355804443359e+01	8.838051795959472656e+00
3.136729717254638672e+00	6.325098514556884766e+00
3.448831558227539062e+00	7.184051513671875000e+00
8.810266494750976562e+00	4.746513843536376953e+00
7.260569095611572266e+00	7.137701988220214844e+00
1.164647197723388672e+01	9.486124992370605469e+00
2.203052520751953125e+00	5.497591018676757812e+00
7.949208736419677734e+00	4.215826988220214844e+00
1.029458999633789062e+01	6.197510242462158203e+00
6.390161514282226562e+00	9.599338531494140625e+00
7.907219409942626953e+00	3.507667779922485352e+00
8.078440666198730469e+00	5.747854232788085938e+00
4.508051872253417969e+00	7.130483627319335938e+00
9.011276245117187500e+00	4.133159637451171875e+00
1.126104354858398438e+01	5.118032455444335938e+00
9.477997779846191406e+00	9.707675933837890625e+00
9.252357482910156250e+00	8.862582206726074219e+00
6.647656440734863281e+00	6.164007186889648438e+00
9.412335395812988281e+00	9.369908332824707031e+00
1.147570228576660156e+01	5.679041385650634766e+00
7.753476142883300781e+00	7.230511188507080078e+00
8.023171424865722656e+00	1.029958724975585938e+01
1.022105121612548828e+01	7.053134918212890625e+00
1.178998470306396484e+01	8.259080886840820312e+00
5.254715919494628906e+00	6.232148647308349609e+00
5.068416118621826172e+00	7.630828380584716797e+00
5.938758373260498047e+00	6.877124786376953125e+00
5.319784641265869141e+00	9.524707794189453125e+00
8.652698516845703125e+00	9.475117683410644531e+00
8.536653518676757812e+00	8.354328155517578125e+00
9.684998512268066406e+00	5.333665370941162109e+00
1.031876945495605469e+01	6.471859455108642578e+00
9.784927368164062500e+00	5.279273986816406250e+00
1.736790418624877930e+00	7.505213737487792969e+00
4.799637317657470703e+00	5.829494476318359375e+00
1.072135353088378906e+01	8.310168266296386719e+00
1.057062053680419922e+01	6.648653984069824219e+00
8.265728950500488281e+00	9.630334854125976562e+00
1.023945713043212891e+01	8.863339424133300781e+00
4.539646148681640625e+00	9.621374130249023438e+00
3.538968086242675781e+00	7.613523483276367188e+00
5.330935478210449219e+00	8.552155494689941406e+00
3.559426546096801758e+00	8.923705101013183594e+00
7.561234474182128906e+00	8.064533233642578125e+00
5.706305980682373047e+00	8.708890914916992188e+00
4.277550220489501953e+00	8.451522827148437500e+00
3.481519937515258789e+00	5.955892086029052734e+00
2.096208572387695312e+00	7.444730758666992188e+00
1.052816486358642578e+01	9.168112754821777344e+00
5.325139522552490234e+00	7.275994300842285156e+00
9.694816589355468750e+00	3.990271568298339844e+00
8.932411193847656250e+00	4.120792865753173828e+00
8.595563888549804688e+00	6.089513301849365234e+00
5.749671936035156250e+00	6.028971195220947266e+00
3.298268795013427734e+00	6.345111846923828125e+00
8.549360275268554688e+00	4.909522056579589844e+00
4.182248592376708984e+00	6.301998615264892578e+00
1.180351829528808594e+01	7.767699718475341797e+00
8.890932083129882812e+00	8.351971626281738281e+00
5.657369613647460938e+00	6.210679531097412109e+00
1.039730453491210938e+01	5.414620876312255859e+00
1.013943386077880859e+01	7.038133144378662109e+00
9.239663124084472656e+00	6.785552978515625000e+00
2.377227783203125000e+00	5.480382919311523438e+00
5.282630443572998047e+00	7.288636207580566406e+00
9.114199638366699219e+00	8.560889244079589844e+00
4.419977664947509766e+00	6.219932079315185547e+00
7.190389633178710938e+00	8.797464370727539062e+00
3.341712951660156250e+00	8.999751091003417969e+00
4.982918739318847656e+00	7.490005970001220703e+00
9.095923423767089844e+00	7.859987735748291016e+00
9.664200782775878906e+00	6.544877052307128906e+00
5.835654735565185547e+00	7.262403488159179688e+00
4.173663616180419922e+00	8.849534034729003906e+00
8.504304885864257812e+00	3.394792556762695312e+00
8.360684394836425781e+00	3.980016231536865234e+00
7.128933906555175781e+00	7.176600456237792969e+00
8.655539512634277344e+00	9.479875564575195312e+00
9.987719535827636719e+00	9.288539886474609375e+00
9.809888839721679688e+00	5.544766902923583984e+00
7.734397411346435547e+00	6.274463176727294922e+00
8.758729934692382812e+00	8.602244377136230469e+00
7.353770732879638672e+00	3.926434278488159180e+00
8.118707656860351562e+00	6.834941864013671875e+00
5.421553134918212891e+00	9.114806175231933594e+00
1.017141628265380859e+01	8.037764549255371094e+00
7.889168262481689453e+00	1.028555870056152344e+01
1.120099925994873047e+01	8.951540946960449219e+00
4.627614021301269531e+00	8.672881126403808594e+00
1.020547389984130859e+01	8.947052955627441406e+00
7.035272121429443359e+00	7.191252231597900391e+00
1.179713821411132812e+01	9.181007385253906250e+00
8.303564071655273438e+00	6.653200149536132812e+00
5.553328037261962891e+00	8.014358520507812500e+00
1.074948406219482422e+01	4.759624004364013672e+00
1.017779731750488281e+01	7.929759025573730469e+00
6.672138214111328125e+00	8.078688621520996094e+00
1.023211956024169922e+01	6.488921642303466797e+00
4.147367954254150391e+00	7.902669429779052734e+00
9.634735107421875000e+00	9.583630561828613281e+00
4.341140747070312500e+00	6.778396606445312500e+00
8.576411247253417969e+00	7.775521278381347656e+00
2.111785411834716797e+00	5.546039581298828125e+00
1.140524482727050781e+01	9.329412460327148438e+00
9.838513374328613281e+00	1.043424320220947266e+01
9.285299301147460938e+00	6.747789859771728516e+00
2.641812086105346680e+00	8.356437683105468750e+00
8.770936012268066406e+00	1.017564868927001953e+01
7.797123908996582031e+00	3.970484495162963867e+00
9.683055877685546875e+00	8.350472450256347656e+00
8.247844696044921875e+00	1.041245365142822266e+01
8.676781654357910156e+00	8.964094161987304688e+00
9.643502235412597656e+00	7.341988086700439453e+00
7.475317478179931641e+00	5.568816661834716797e+00
8.588849067687988281e+00	8.193745613098144531e+00
1.210167217254638672e+01	7.634679794311523438e+00
1.027235889434814453e+01	6.543747901916503906e+00
1.036221408843994141e+01	9.430310249328613281e+00
4.575188636779785156e+00	8.138966560363769531e+00
1.149940109252929688e+01	6.726510524749755859e+00
4.243022918701171875e+00	6.144652843475341797e+00
1.211658477783203125e+01	5.221219539642333984e+00
1.095830154418945312e+01	7.497171878814697266e+00
7.800283432006835938e+00	7.739239215850830078e+00
7.364312171936035156e+00	6.926109790802001953e+00
4.680667400360107422e+00	7.376171588897705078e+00
1.023565006256103516e+01	4.922985553741455078e+00
1.033731746673583984e+01	7.125863075256347656e+00
5.928264141082763672e+00	9.721090316772460938e+00
5.717771053314208984e+00	8.319797515869140625e+00
6.953565120697021484e+00	7.104896068572998047e+00
8.540320396423339844e+00	3.078750133514404297e+00
7.557620048522949219e+00	3.494175672531127930e+00
9.801877021789550781e+00	8.587551116943359375e+00
6.332664012908935547e+00	7.965062141418457031e+00
5.204034328460693359e+00	6.200538635253906250e+00
9.725556373596191406e+00	7.064465045928955078e+00
6.674760341644287109e+00	8.474253654479980469e+00
3.937862634658813477e+00	5.766144752502441406e+00
1.046384811401367188e+01	5.856390476226806641e+00
7.340239524841308594e+00	5.056842327117919922e+00
6.090382099151611328e+00	6.320157051086425781e+00
2.415821790695190430e+00	7.210459232330322266e+00
1.073828792572021484e+01	8.132917404174804688e+00
1.037886238098144531e+01	7.494310855865478516e+00
9.218255043029785156e+00	5.317830562591552734e+00
7.306778907775878906e+00	7.066756725311279297e+00
7.926106929779052734e+00	6.856575012207031250e+00
9.130634307861328125e+00	5.806982994079589844e+00
2.692499637603759766e+00	7.014351844787597656e+00
7.718692779541015625e+00	6.153406620025634766e+00
7.685450077056884766e+00	9.729275703430175781e+00
1.033938026428222656e+01	7.190043926239013672e+00
1.146403312683105469e+01	6.451976776123046875e+00
3.497749328613281250e+00	7.693549633026123047e+00
1.000606918334960938e+01	7.424560546875000000e+00
9.879184722900390625e+00	5.120763778686523438e+00
3.177402257919311523e+00	8.653262138366699219e+00
6.845098495483398438e+00	8.516798019409179688e+00
8.076200485229492188e+00	7.506882190704345703e+00
8.056600570678710938e+00	9.274186134338378906e+00
1.250905227661132812e+01	8.966807365417480469e+00
4.766922950744628906e+00	9.703573226928710938e+00
9.790704727172851562e+00	7.203335762023925781e+00
8.225101470947265625e+00	6.851365089416503906e+00
1.248367118835449219e+01	8.293024063110351562e+00
3.944466590881347656e+00	8.829788208007812500e+00
9.313353538513183594e+00	6.557826042175292969e+00
1.924592018127441406e+00	7.536441326141357422e+00
8.569936752319335938e+00	5.334959506988525391e+00
6.171908378601074219e+00	5.604906082153320312e+00
5.280327320098876953e+00	7.400640487670898438e+00
7.811762809753417969e+00	4.125076770782470703e+00
5.160512447357177734e+00	6.546277523040771484e+00
3.223600387573242188e+00	6.790369510650634766e+00
5.007884025573730469e+00	8.734421730041503906e+00
5.284481048583984375e+00	8.301583290100097656e+00
6.002023220062255859e+00	9.834931373596191406e+00
1.164249324798583984e+01	6.630429744720458984e+00
1.012630462646484375e+01	9.753601074218750000e+00
1.000439357757568359e+01	9.694732666015625000e+00
1.030551147460937500e+01	8.645731925964355469e+00
1.047251796722412109e+01	6.439521312713623047e+00
4.757464408874511719e+00	8.453426361083984375e+00
9.297503471374511719e+00	6.562893867492675781e+00
8.913841247558593750e+00	8.070451736450195312e+00
3.936431407928466797e+00	6.106577873229980469e+00
2.583691835403442383e+00	6.145204544067382812e+00
7.952163219451904297e+00	8.236543655395507812e+00
6.654546737670898438e+00	7.570960044860839844e+00
1.081680393218994141e+01	5.341150760650634766e+00
8.644336700439453125e+00	5.221002101898193359e+00
4.576686859130859375e+00	8.046401977539062500e+00
8.945315361022949219e+00	9.551670074462890625e+00
6.431072235107421875e+00	8.224150657653808594e+00
8.045074462890625000e+00	8.565957069396972656e+00
8.224947929382324219e+00	6.121419429779052734e+00
7.806179046630859375e+00	9.157639503479003906e+00
7.358457088470458984e+00	7.969385147094726562e+00
5.190530776977539062e+00	8.313171386718750000e+00
7.054047584533691406e+00	9.556885719299316406e+00
1.026796531677246094e+01	8.631041526794433594e+00
9.902035713195800781e+00	4.984177112579345703e+00
6.043372154235839844e+00	7.993549823760986328e+00
1.083400630950927734e+01	9.144725799560546875e+00
5.350322246551513672e+00	6.588147640228271484e+00
2.959747076034545898e+00	9.038643836975097656e+00
7.775848865509033203e+00	6.173965930938720703e+00
4.676464080810546875e+00	8.058237075805664062e+00
8.876847267150878906e+00	4.627776145935058594e+00
8.058807373046875000e+00	5.204963684082031250e+00
6.426280975341796875e+00	7.872096538543701172e+00
7.381275653839111328e+00	7.534448623657226562e+00
3.446650266647338867e+00	8.294356346130371094e+00
5.653709888458251953e+00	9.010350227355957031e+00
8.552934646606445312e+00	4.904493808746337891e+00
7.768623828887939453e+00	6.449892520904541016e+00
7.696962356567382812e+00	7.753549575805664062e+00
5.845436096191406250e+00	6.364382743835449219e+00
1.184839725494384766e+01	6.606537818908691406e+00
1.098277759552001953e+01	4.386254787445068359e+00
8.717619895935058594e+00	6.140482902526855469e+00
1.986115455627441406e+00	5.720412731170654297e+00
8.791971206665039062e+00	9.667458534240722656e+00
2.999435663223266602e+00	7.723775863647460938e+00
9.467122077941894531e+00	4.754652976989746094e+00
1.012410545349121094e+01	8.761968612670898438e+00
9.588512420654296875e+00	5.965180397033691406e+00
2.665578126907348633e+00	8.683863639831542969e+00
5.905376911163330078e+00	1.008197402954101562e+01
7.044526100158691406e+00	9.390645980834960938e+00
6.778714179992675781e+00	7.980888843536376953e+00
7.239637851715087891e+00	1.008076572418212891e+01
1.162731552124023438e+01	6.384269237518310547e+00
1.165877056121826172e+01	7.970264911651611328e+00
5.272732257843017578e+00	8.477375030517578125e+00
5.811836242675781250e+00	1.013565540313720703e+01
1.953933596611022949e+00	5.525822639465332031e+00
3.587516069412231445e+00	8.840859413146972656e+00
5.534528732299804688e+00	5.955894470214843750e+00
5.945993423461914062e+00	6.937535285949707031e+00
7.986736774444580078e+00	3.206752061843872070e+00
2.367218017578125000e+00	5.776795387268066406e+00
7.493722915649414062e+00	7.134805679321289062e+00
7.236667156219482422e+00	9.681859970092773438e+00
7.947022914886474609e+00	8.874139785766601562e+00
5.477014541625976562e+00	8.678645133972167969e+00
6.379056453704833984e+00	8.329732894897460938e+00
1.266458988189697266e+01	7.913913726806640625e+00
7.873809814453125000e+00	7.081304073333740234e+00
5.418074607849121094e+00	5.897931098937988281e+00
6.050017833709716797e+00	7.491691112518310547e+00
4.148353099822998047e+00	6.921764850616455078e+00
9.616990089416503906e+00	4.124810218811035156e+00
5.418908119201660156e+00	5.616973400115966797e+00
9.318327903747558594e+00	6.587657451629638672e+00
3.820567846298217773e+00	6.042319774627685547e+00
9.624717712402343750e+00	7.322280406951904297e+00
7.124785900115966797e+00	8.118679046630859375e+00
5.126142501831054688e+00	8.725431442260742188e+00
2.415794134140014648e+00	8.037655830383300781e+00
2.182719707489013672e+00	7.044398307800292969e+00
8.807269096374511719e+00	8.538977622985839844e+00
7.337632179260253906e+00	9.390129089355468750e+00
8.681255340576171875e+00	9.191751480102539062e+00
3.036185503005981445e+00	5.710226058959960938e+00
5.574827671051025391e+00	7.175767898559570312e+00
4.078487396240234375e+00	8.211592674255371094e+00
7.056165695190429688e+00	9.584856986999511719e+00
1.210558414459228516e+01	8.918736457824707031e+00
9.733725547790527344e+00	9.504787445068359375e+00
9.384267807006835938e+00	8.734409332275390625e+00
1.032253742218017578e+01	6.415061950683593750e+00
7.102097034454345703e+00	5.732593536376953125e+00
8.275199890136718750e+00	4.984955310821533203e+00
2.400647640228271484e+00	6.619253635406494141e+00
1.072878456115722656e+01	7.450626373291015625e+00
1.056366539001464844e+01	4.315909385681152344e+00
3.342814683914184570e+00	6.471890449523925781e+00
7.533518314361572266e+00	4.882104396820068359e+00
5.028234958648681641e+00	7.756102561950683594e+00
1.127974700927734375e+01	5.932357788085937500e+00
7.313345909118652344e+00	8.224257469177246094e+00
5.927565097808837891e+00	8.155371665954589844e+00
7.284258842468261719e+00	9.909687995910644531e+00
8.608058929443359375e+00	4.297442436218261719e+00
7.282112598419189453e+00	1.003952407836914062e+01
5.192174434661865234e+00	8.641405105590820312e+00
2.586925745010375977e+00	5.749525547027587891e+00
1.144929885864257812e+01	7.700600147247314453e+00
1.121424674987792969e+01	6.288448810577392578e+00
7.417951583862304688e+00	3.578174114227294922e+00
1.051384258270263672e+01	5.392338275909423828e+00
5.129505634307861328e+00	6.019301414489746094e+00
7.110437393188476562e+00	6.605160236358642578e+00
2.084562301635742188e+00	5.834730148315429688e+00
4.833636283874511719e+00	8.762150764465332031e+00
1.143481731414794922e+01	6.673256874084472656e+00
4.888130187988281250e+00	5.679572582244873047e+00
4.208319664001464844e+00	6.280817508697509766e+00
3.832481145858764648e+00	9.386423110961914062e+00
9.316230773925781250e+00	8.727437973022460938e+00
2.986201286315917969e+00	6.156721115112304688e+00
6.952860832214355469e+00	8.516166687011718750e+00
8.873851776123046875e+00	6.540372848510742188e+00
3.983064651489257812e+00	5.691930294036865234e+00
1.059838485717773438e+01	3.811047315597534180e+00
1.071021938323974609e+01	5.803443431854248047e+00
5.646224975585937500e+00	7.685321331024169922e+00
1.115727901458740234e+01	7.777827262878417969e+00
4.964731216430664062e+00	7.613838672637939453e+00
1.106510162353515625e+01	8.368100166320800781e+00
5.422143936157226562e+00	6.264461994171142578e+00
3.341117620468139648e+00	9.358078956604003906e+00
6.209848403930664062e+00	5.369256973266601562e+00
2.959139108657836914e+00	6.200758934020996094e+00
4.137739181518554688e+00	5.291913032531738281e+00
1.153887176513671875e+01	7.523828029632568359e+00
5.110847949981689453e+00	8.220097541809082031e+00
3.627652883529663086e+00	7.954466342926025391e+00
9.628854751586914062e+00	3.706377506256103516e+00
4.776946544647216797e+00	7.725870609283447266e+00
9.354056358337402344e+00	8.964180946350097656e+00
1.190497303009033203e+01	7.588075160980224609e+00
1.115782260894775391e+01	5.034962177276611328e+00
1.004110717773437500e+01	1.015698528289794922e+01
7.021842956542968750e+00	7.678120613098144531e+00
4.838378906250000000e+00	7.764077186584472656e+00
9.276927947998046875e+00	7.995538711547851562e+00
1.049947357177734375e+01	4.496407508850097656e+00
1.267972183227539062e+01	5.932553291320800781e+00
1.160729885101318359e+01	6.115705490112304688e+00
2.969758272171020508e+00	7.141560554504394531e+00
3.159819841384887695e+00	5.877582073211669922e+00
8.153701782226562500e+00	3.726447582244873047e+00
8.317970275878906250e+00	9.129464149475097656e+00
8.673695564270019531e+00	3.824114322662353516e+00
6.061866283416748047e+00	7.600584030151367188e+00
9.170415878295898438e+00	5.534798622131347656e+00
9.383795738220214844e+00	4.248819828033447266e+00
4.905364036560058594e+00	7.166850090026855469e+00
5.201990604400634766e+00	7.393602848052978516e+00
9.175267219543457031e+00	8.099794387817382812e+00
1.001361846923828125e+01	5.050817012786865234e+00
1.230858802795410156e+01	7.072578430175781250e+00
7.118466377258300781e+00	4.713710308074951172e+00
1.002866554260253906e+01	9.742425918579101562e+00
1.135992717742919922e+01	9.139267921447753906e+00
6.598378658294677734e+00	9.844883918762207031e+00
4.312119960784912109e+00	7.505666732788085938e+00
6.548401832580566406e+00	6.725104331970214844e+00
5.820375919342041016e+00	5.266577720642089844e+00
6.987739562988281250e+00	4.602665901184082031e+00
3.696782350540161133e+00	7.567507743835449219e+00
1.109205627441406250e+01	8.803141593933105469e+00
2.384830474853515625e+00	8.192343711853027344e+00
7.345381259918212891e+00	4.558198928833007812e+00
7.950669765472412109e+00	6.659812450408935547e+00
5.289687633514404297e+00	7.059721469879150391e+00
6.790199756622314453e+00	7.414501667022705078e+00
2.891005039215087891e+00	7.747310161590576172e+00
9.039705276489257812e+00	6.970836639404296875e+00
8.856513023376464844e+00	1.011969852447509766e+01
7.052393913269042969e+00	8.554356575012207031e+00
1.039951419830322266e+01	7.992126941680908203e+00
1.177382659912109375e+01	6.828809261322021484e+00
7.319348335266113281e+00	8.005205154418945312e+00
1.054395866394042969e+01	4.754920959472656250e+00
1.197460937500000000e+01	6.997473716735839844e+00
1.018677234649658203e+01	8.858627319335937500e+00
5.163624286651611328e+00	8.856952667236328125e+00
3.984813928604125977e+00	9.738150596618652344e+00
9.401331901550292969e+00	3.727622747421264648e+00
8.087746620178222656e+00	9.283232688903808594e+00
7.899147987365722656e+00	4.615510463714599609e+00
4.562162876129150391e+00	9.787263870239257812e+00
4.586279392242431641e+00	5.904837608337402344e+00
8.125056266784667969e+00	9.758381843566894531e+00
3.763611078262329102e+00	5.864869594573974609e+00
7.603697776794433594e+00	6.517470359802246094e+00
4.638987541198730469e+00	6.306979179382324219e+00
9.626104354858398438e+00	6.464067459106445312e+00
6.601675510406494141e+00	9.531434059143066406e+00
1.204002952575683594e+01	5.852992534637451172e+00
1.008405876159667969e+01	7.962531566619873047e+00
7.327472209930419922e+00	6.223151683807373047e+00
1.201473426818847656e+01	5.521306037902832031e+00
9.894586563110351562e+00	6.236346721649169922e+00
1.218009757995605469e+01	9.141599655151367188e+00
9.298285484313964844e+00	7.550255775451660156e+00
6.778718471527099609e+00	7.427198886871337891e+00
4.562284946441650391e+00	6.963823318481445312e+00
3.696120500564575195e+00	7.977211475372314453e+00
9.588432312011718750e+00	8.767407417297363281e+00
8.559987068176269531e+00	5.591095447540283203e+00
4.883080959320068359e+00	5.647948265075683594e+00
2.328353404998779297e+00	7.964261054992675781e+00
3.634608030319213867e+00	9.417045593261718750e+00
7.390466213226318359e+00	4.402197360992431641e+00
3.125073909759521484e+00	7.317202091217041016e+00
5.598420619964599609e+00	6.637173175811767578e+00
5.977134227752685547e+00	9.125135421752929688e+00
6.532049655914306641e+00	6.732215881347656250e+00
1.015767192840576172e+01	6.241574287414550781e+00
1.033505058288574219e+01	6.326065540313720703e+00
1.050822639465332031e+01	4.602030754089355469e+00
1.205502223968505859e+01	7.557356834411621094e+00
4.720391273498535156e+00	7.916038990020751953e+00
6.292274475097656250e+00	8.653802871704101562e+00
1.071449089050292969e+01	5.631179332733154297e+00
2.327940940856933594e+00	7.228776454925537109e+00
5.732395648956298828e+00	7.028820514678955078e+00
1.123697757720947266e+01	7.929553508758544922e+00
1.011152076721191406e+01	6.757916927337646484e+00
3.439196348190307617e+00	9.573631286621093750e+00
1.058620166778564453e+01	7.469758987426757812e+00
6.471442222595214844e+00	9.186113357543945312e+00
1.129359340667724609e+01	7.617171287536621094e+00
6.130101680755615234e+00	7.767033100128173828e+00
1.224471950531005859e+01	7.903047561645507812e+00
1.167482852935791016e+01	7.617017745971679688e+00
7.630283355712890625e+00	8.683240890502929688e+00
1.145376396179199219e+01	7.493637084960937500e+00
1.222465133666992188e+01	8.191304206848144531e+00
5.519360542297363281e+00	7.022246837615966797e+00
9.352922439575195312e+00	4.566530704498291016e+00
9.538647651672363281e+00	9.404912948608398438e+00
1.232037067413330078e+01	6.815229892730712891e+00
8.027374267578125000e+00	6.781427860260009766e+00
1.153853225708007812e+01	7.017019748687744141e+00
3.492389440536499023e+00	8.463672637939453125e+00
5.994482994079589844e+00	7.654907703399658203e+00
8.063211441040039062e+00	5.169417381286621094e+00
4.198710918426513672e+00	7.765331268310546875e+00
6.650847434997558594e+00	7.046994686126708984e+00
8.599804878234863281e+00	4.400789260864257812e+00
9.472843170166015625e+00	9.405057907104492188e+00
8.633657455444335938e+00	8.750088691711425781e+00
5.061980724334716797e+00	9.132011413574218750e+00
7.584486484527587891e+00	7.803398609161376953e+00
1.011989593505859375e+01	6.265886306762695312e+00
6.428276538848876953e+00	9.049940109252929688e+00
5.750874996185302734e+00	5.150088310241699219e+00
1.150220775604248047e+01	8.009124755859375000e+00
3.071106910705566406e+00	7.998629570007324219e+00
5.613967418670654297e+00	6.571879386901855469e+00
7.470673561096191406e+00	3.988687276840209961e+00
8.739892005920410156e+00	8.018198013305664062e+00
7.742497920989990234e+00	6.406826972961425781e+00
4.401009082794189453e+00	9.098038673400878906e+00
1.102750587463378906e+01	7.374944686889648438e+00
6.259927749633789062e+00	7.582985401153564453e+00
1.210101985931396484e+01	8.553748130798339844e+00
9.440299034118652344e+00	8.216762542724609375e+00
3.871898412704467773e+00	7.247964859008789062e+00
9.771113395690917969e+00	6.678947448730468750e+00
6.822500705718994141e+00	4.372155666351318359e+00
7.549960613250732422e+00	8.609129905700683594e+00
3.496026754379272461e+00	6.843243122100830078e+00
5.220635414123535156e+00	8.129376411437988281e+00
1.126596069335937500e+01	9.000396728515625000e+00
3.181679010391235352e+00	6.056231498718261719e+00
6.810276508331298828e+00	7.391773700714111328e+00
9.225482940673828125e+00	4.796074390411376953e+00
6.489339351654052734e+00	7.723434925079345703e+00
1.237164402008056641e+01	6.883468627929687500e+00
2.718353509902954102e+00	8.255963325500488281e+00
1.016285800933837891e+01	8.391862869262695312e+00
1.002223014831542969e+01	9.076214790344238281e+00
6.003708839416503906e+00	7.398611545562744141e+00
1.001165580749511719e+01	1.001172256469726562e+01
7.180881977081298828e+00	8.542877197265625000e+00
4.334498882293701172e+00	6.799438953399658203e+00
4.477206230163574219e+00	6.234654903411865234e+00
9.900217056274414062e+00	8.418029785156250000e+00
3.157915830612182617e+00	8.553723335266113281e+00
1.212725639343261719e+01	6.051966667175292969e+00
8.372930526733398438e+00	9.886621475219726562e+00
3.473610639572143555e+00	5.405289649963378906e+00
6.406698703765869141e+00	9.484284400939941406e+00
7.908000946044921875e+00	5.460403919219970703e+00
8.585230827331542969e+00	6.920677185058593750e+00
8.853628158569335938e+00	8.352262496948242188e+00
6.037082195281982422e+00	7.487240791320800781e+00
3.921597957611083984e+00	8.712895393371582031e+00
4.995929718017578125e+00	7.692978382110595703e+00
8.564814567565917969e+00	6.307358264923095703e+00
3.768642187118530273e+00	7.301939964294433594e+00
8.837463378906250000e+00	5.491628170013427734e+00
1.106087493896484375e+01	6.007786750793457031e+00
9.930801391601562500e+00	3.915677785873413086e+00
8.128791809082031250e+00	7.690688610076904297e+00
6.686863899230957031e+00	6.693159103393554688e+00
8.369770050048828125e+00	8.006082534790039062e+00
8.032204627990722656e+00	9.053715705871582031e+00
8.237783432006835938e+00	1.054729461669921875e+01
3.085311889648437500e+00	8.846131324768066406e+00
4.251772880554199219e+00	8.234132766723632812e+00
6.984985828399658203e+00	4.084674358367919922e+00
8.173155784606933594e+00	3.734196901321411133e+00
8.657398223876953125e+00	1.055143833160400391e+01
9.722961425781250000e+00	1.054254913330078125e+01
3.608101367950439453e+00	9.445691108703613281e+00
3.730116605758666992e+00	7.484945297241210938e+00
1.089001083374023438e+01	6.180307388305664062e+00
5.205714702606201172e+00	7.771920204162597656e+00
2.826048374176025391e+00	7.442022323608398438e+00
1.109008502960205078e+01	9.253688812255859375e+00
8.579442024230957031e+00	9.014862060546875000e+00
8.315044403076171875e+00	7.727080821990966797e+00
7.196914196014404297e+00	4.745905399322509766e+00
6.098973274230957031e+00	4.993493080139160156e+00
5.565095424652099609e+00	7.195659637451171875e+00
9.608374595642089844e+00	8.523708343505859375e+00
8.638576507568359375e+00	8.152287483215332031e+00
2.067196607589721680e+00	7.196396350860595703e+00
1.159207344055175781e+01	9.019852638244628906e+00
1.093036174774169922e+01	7.076119422912597656e+00
7.983741283416748047e+00	9.069212913513183594e+00
5.827162265777587891e+00	9.191458702087402344e+00
9.940478324890136719e+00	9.377490997314453125e+00
6.176667213439941406e+00	4.989046096801757812e+00
1.039486598968505859e+01	9.124258041381835938e+00
5.656489849090576172e+00	8.487185478210449219e+00
1.257868766784667969e+01	5.683578014373779297e+00
2.059132575988769531e+00	5.525413036346435547e+00
7.974657058715820312e+00	4.347650527954101562e+00
3.684275388717651367e+00	6.346606254577636719e+00
2.457343578338623047e+00	6.952748298645019531e+00
1.156643104553222656e+01	8.503924369812011719e+00
6.670232295989990234e+00	9.927081108093261719e+00
7.932716846466064453e+00	8.434323310852050781e+00
9.478755950927734375e+00	6.832154273986816406e+00
3.248191833496093750e+00	5.560783386230468750e+00
3.156157732009887695e+00	7.713735103607177734e+00
8.906125068664550781e+00	1.048723125457763672e+01
7.523376941680908203e+00	9.106651306152343750e+00
1.182369995117187500e+01	8.186049461364746094e+00
6.246530532836914062e+00	6.703571796417236328e+00
5.087141513824462891e+00	9.465280532836914062e+00
1.075365734100341797e+01	6.694017887115478516e+00
4.882584571838378906e+00	7.777956485748291016e+00
6.613808631896972656e+00	9.356697082519531250e+00
8.512847900390625000e+00	6.311538696289062500e+00
6.820598125457763672e+00	9.486948966979980469e+00
1.042400074005126953e+01	4.295097351074218750e+00
8.563023567199707031e+00	7.535807132720947266e+00
6.178431034088134766e+00	7.291771411895751953e+00
8.946828842163085938e+00	5.390562534332275391e+00
7.323164463043212891e+00	3.240862607955932617e+00
7.529416561126708984e+00	7.884382724761962891e+00
9.644746780395507812e+00	4.574614048004150391e+00
1.729369759559631348e+00	7.444660186767578125e+00
7.512185096740722656e+00	8.524175643920898438e+00
3.993154287338256836e+00	8.262473106384277344e+00
6.599469184875488281e+00	7.090029716491699219e+00
6.424942016601562500e+00	7.779801845550537109e+00
5.552805900573730469e+00	9.784588813781738281e+00
1.183887577056884766e+01	4.675869464874267578e+00
8.272835731506347656e+00	4.695141792297363281e+00
1.114115047454833984e+01	4.541184425354003906e+00
1.218056011199951172e+01	7.509587764739990234e+00
1.136462974548339844e+01	9.091465950012207031e+00
2.438555002212524414e+00	7.360465049743652344e+00
8.613320350646972656e+00	6.758214950561523438e+00
4.546222686767578125e+00	8.109514236450195312e+00
6.250493049621582031e+00	5.645945549011230469e+00
3.511343002319335938e+00	5.456909656524658203e+00
1.009425354003906250e+01	5.668312549591064453e+00
3.524899005889892578e+00	5.854163169860839844e+00
1.050022411346435547e+01	9.967418670654296875e+00
7.105206489562988281e+00	3.803379297256469727e+00
3.988496541976928711e+00	5.573923587799072266e+00
8.097125053405761719e+00	6.950150966644287109e+00
7.007197856903076172e+00	8.333464622497558594e+00
5.808868885040283203e+00	8.263835906982421875e+00
1.216114425659179688e+01	9.101334571838378906e+00
1.166128540039062500e+01	8.701086044311523438e+00
9.650823593139648438e+00	4.238830089569091797e+00
6.776879787445068359e+00	9.007097244262695312e+00
1.045697879791259766e+01	7.469851493835449219e+00
7.785727500915527344e+00	5.416895389556884766e+00
7.190575122833251953e+00	1.038429927825927734e+01
1.049562931060791016e+01	8.852321624755859375e+00
7.177264213562011719e+00	4.822719573974609375e+00
4.526002883911132812e+00	7.151923656463623047e+00
9.899023056030273438e+00	8.218941688537597656e+00
1.026083087921142578e+01	7.707813262939453125e+00
5.574336528778076172e+00	5.846958160400390625e+00
1.056217002868652344e+01	3.882768869400024414e+00
7.268133163452148438e+00	7.553808689117431641e+00
4.599372386932373047e+00	9.013707160949707031e+00
9.636053085327148438e+00	4.010354042053222656e+00
6.515373706817626953e+00	8.421956062316894531e+00
1.015651321411132812e+01	9.031876564025878906e+00
2.831490516662597656e+00	7.535168647766113281e+00
1.121795845031738281e+01	6.731746673583984375e+00
4.605927944183349609e+00	7.993353366851806641e+00
1.029061794281005859e+01	7.465081214904785156e+00
1.108154582977294922e+01	8.276778221130371094e+00
3.476103782653808594e+00	5.631845951080322266e+00
3.424222946166992188e+00	6.775048732757568359e+00
7.531212806701660156e+00	3.991820335388183594e+00
3.118983268737792969e+00	8.171925544738769531e+00
6.153906822204589844e+00	6.565046310424804688e+00
1.088203430175781250e+01	7.205255508422851562e+00
2.552839756011962891e+00	6.974247455596923828e+00
6.782601833343505859e+00	7.318505287170410156e+00
1.152540779113769531e+01	9.701970100402832031e+00
1.134893512725830078e+01	9.373617172241210938e+00
1.023686122894287109e+01	5.620733737945556641e+00
4.268046379089355469e+00	8.810803413391113281e+00
5.764800071716308594e+00	9.476427078247070312e+00
1.167899990081787109e+01	5.695992946624755859e+00
6.149604797363281250e+00	6.453126907348632812e+00
9.744531631469726562e+00	9.242915153503417969e+00
2.843630790710449219e+00	6.114245891571044922e+00
9.985036849975585938e+00	3.155363082885742188e+00
9.067766189575195312e+00	7.079955101013183594e+00
4.102649211883544922e+00	7.842482566833496094e+00
9.303697586059570312e+00	1.048885631561279297e+01
2.686025857925415039e+00	7.542542934417724609e+00
8.867614746093750000e+00	9.091343879699707031e+00
6.828226089477539062e+00	8.154859542846679688e+00
5.995729923248291016e+00	8.164150238037109375e+00
1.071380710601806641e+01	6.697655677795410156e+00
6.745769500732421875e+00	6.629395008087158203e+00
3.181037664413452148e+00	5.247810363769531250e+00
5.982060432434082031e+00	6.451698780059814453e+00
3.587994098663330078e+00	9.431965827941894531e+00
6.842227935791015625e+00	7.472958564758300781e+00
4.350135326385498047e+00	5.391102790832519531e+00
9.350158691406250000e+00	8.671023368835449219e+00
4.774873256683349609e+00	6.909874439239501953e+00
9.575977325439453125e+00	8.196949005126953125e+00
8.694035530090332031e+00	6.632616996765136719e+00
3.204151868820190430e+00	6.116775512695312500e+00
4.541047096252441406e+00	9.273489952087402344e+00
1.273602485656738281e+01	7.716478824615478516e+00
3.893356561660766602e+00	9.369974136352539062e+00
2.870854616165161133e+00	8.048400878906250000e+00
2.216368675231933594e+00	5.624627590179443359e+00
4.153800964355468750e+00	9.810974121093750000e+00
5.952304840087890625e+00	9.329521179199218750e+00
8.247770309448242188e+00	7.873196601867675781e+00
5.341630935668945312e+00	5.992949008941650391e+00
1.164024353027343750e+01	7.790439605712890625e+00
1.003986454010009766e+01	7.734619617462158203e+00
3.509829521179199219e+00	8.351981163024902344e+00
7.727331161499023438e+00	6.223739147186279297e+00
6.310420989990234375e+00	9.491450309753417969e+00
6.568136215209960938e+00	8.159058570861816406e+00
8.326792716979980469e+00	8.691874504089355469e+00
7.211440563201904297e+00	7.041402816772460938e+00
1.140777015686035156e+01	6.468081474304199219e+00
1.206082534790039062e+01	8.985845565795898438e+00
1.165068912506103516e+01	6.342849254608154297e+00
4.204332828521728516e+00	5.953378200531005859e+00
6.908947944641113281e+00	8.934830665588378906e+00
4.151652812957763672e+00	9.931463241577148438e+00
3.628735780715942383e+00	7.978307723999023438e+00
6.915193080902099609e+00	1.030071926116943359e+01
1.107002162933349609e+01	8.412650108337402344e+00
1.008384418487548828e+01	6.852194309234619141e+00
1.098341655731201172e+01	5.389090538024902344e+00
1.047893333435058594e+01	6.566543579101562500e+00
8.275750160217285156e+00	6.075337886810302734e+00
8.434048652648925781e+00	8.479372978210449219e+00
1.070340919494628906e+01	9.522499084472656250e+00
1.032668590545654297e+01	6.242613792419433594e+00
9.225729942321777344e+00	8.930639266967773438e+00
9.872434616088867188e+00	9.891126632690429688e+00
4.224061012268066406e+00	8.065816879272460938e+00
9.592055320739746094e+00	6.162369251251220703e+00
3.162122488021850586e+00	9.526745796203613281e+00
8.805293083190917969e+00	5.902702331542968750e+00
1.137536334991455078e+01	5.004575729370117188e+00
8.908019065856933594e+00	7.298508167266845703e+00
7.892693042755126953e+00	3.902863979339599609e+00
8.205837249755859375e+00	9.974933624267578125e+00
7.195351123809814453e+00	6.835390567779541016e+00
1.193458557128906250e+01	8.204757690429687500e+00
7.609899997711181641e+00	7.298908233642578125e+00
1.099542617797851562e+01	7.045238018035888672e+00
4.331633567810058594e+00	8.219674110412597656e+00
2.727138996124267578e+00	5.543431282043457031e+00
1.239541530609130859e+01	7.057054996490478516e+00
7.085762977600097656e+00	8.814279556274414062e+00
8.522520065307617188e+00	9.874224662780761719e+00
7.652609825134277344e+00	1.034163188934326172e+01
5.768546581268310547e+00	5.678514957427978516e+00
9.714745521545410156e+00	7.503990650177001953e+00
9.335528373718261719e+00	6.139499664306640625e+00
4.210785865783691406e+00	7.932572364807128906e+00
1.118946933746337891e+01	6.186912059783935547e+00
1.221395778656005859e+01	8.410587310791015625e+00
9.970089912414550781e+00	8.817900657653808594e+00
1.013255405426025391e+01	5.451197147369384766e+00
1.258490562438964844e+01	7.753909587860107422e+00
8.331944465637207031e+00	9.025128364562988281e+00
8.678901672363281250e+00	7.244484424591064453e+00
3.634354114532470703e+00	6.608800411224365234e+00
4.299543857574462891e+00	7.389587402343750000e+00
2.256973505020141602e+00	6.588209629058837891e+00
1.258492946624755859e+01	8.857187271118164062e+00
6.001231670379638672e+00	6.196933269500732422e+00
8.438545227050781250e+00	4.967012882232666016e+00
1.170164394378662109e+01	8.351984024047851562e+00
9.488301277160644531e+00	8.393091201782226562e+00
2.672870874404907227e+00	5.325547218322753906e+00
1.067438888549804688e+01	7.634756565093994141e+00
6.862313270568847656e+00	1.010874843597412109e+01
9.895436286926269531e+00	8.107439994812011719e+00
7.473125457763671875e+00	1.027723407745361328e+01
3.879923105239868164e+00	5.406939029693603516e+00
1.222722339630126953e+01	5.147836208343505859e+00
9.990318298339843750e+00	7.180111885070800781e+00
8.081157684326171875e+00	4.198853015899658203e+00
8.029446601867675781e+00	8.572778701782226562e+00
1.120819568634033203e+01	8.864155769348144531e+00
1.046407794952392578e+01	5.094432830810546875e+00
9.067591667175292969e+00	6.707314968109130859e+00
7.441505432128906250e+00	8.834994316101074219e+00
4.002213478088378906e+00	6.906979084014892578e+00
8.722774505615234375e+00	5.768394947052001953e+00
8.310434341430664062e+00	9.688732147216796875e+00
6.150194644927978516e+00	8.973625183105468750e+00
8.796048164367675781e+00	6.351442813873291016e+00
7.145996570587158203e+00	9.628008842468261719e+00
1.182732391357421875e+01	7.452709197998046875e+00
5.604487419128417969e+00	6.400306701660156250e+00
2.086708545684814453e+00	7.833445549011230469e+00
6.301018238067626953e+00	6.535996913909912109e+00
5.303163051605224609e+00	5.260428905487060547e+00
4.600214958190917969e+00	8.196978569030761719e+00
1.023943233489990234e+01	5.465272426605224609e+00
6.179446697235107422e+00	6.750120162963867188e+00
1.041666507720947266e+01	4.090697765350341797e+00
4.077249526977539062e+00	6.376133918762207031e+00
5.884520530700683594e+00	6.996283054351806641e+00
5.299334526062011719e+00	5.337001800537109375e+00
4.813295841217041016e+00	7.093308448791503906e+00
1.101353359222412109e+01	9.756024360656738281e+00
1.073862361907958984e+01	6.795025825500488281e+00
8.521164894104003906e+00	9.124155044555664062e+00
7.687894821166992188e+00	9.415639877319335938e+00
8.311060905456542969e+00	5.728780746459960938e+00
7.599607467651367188e+00	8.499470710754394531e+00
3.050044536590576172e+00	7.916186332702636719e+00
7.224774360656738281e+00	1.030535793304443359e+01
8.452641487121582031e+00	5.659219741821289062e+00
7.554212570190429688e+00	7.669224739074707031e+00
6.837006092071533203e+00	7.963992118835449219e+00
1.004428672790527344e+01	5.671786785125732422e+00
2.896064758300781250e+00	6.680857181549072266e+00
1.039620590209960938e+01	9.234840393066406250e+00
8.902813911437988281e+00	7.922048568725585938e+00
5.168506622314453125e+00	7.873706340789794922e+00
1.095025157928466797e+01	6.836688995361328125e+00
6.320467472076416016e+00	8.909277915954589844e+00
7.833612442016601562e+00	8.949481964111328125e+00
9.186800003051757812e+00	5.131642818450927734e+00
9.705904960632324219e+00	9.081652641296386719e+00
1.042869186401367188e+01	7.773070812225341797e+00
7.138504981994628906e+00	8.048022270202636719e+00
9.013504981994628906e+00	9.584437370300292969e+00
8.471311569213867188e+00	1.052077484130859375e+01
6.588629245758056641e+00	9.901221275329589844e+00
2.989211082458496094e+00	7.899802207946777344e+00
8.889767646789550781e+00	1.006484794616699219e+01
9.568275451660156250e+00	8.113879203796386719e+00
7.350685119628906250e+00	7.076519966125488281e+00
1.066873359680175781e+01	8.756165504455566406e+00
1.044935035705566406e+01	8.237244606018066406e+00
4.918463706970214844e+00	7.717615604400634766e+00
9.123768806457519531e+00	8.729969024658203125e+00
6.286777019500732422e+00	8.610437393188476562e+00
8.208315849304199219e+00	9.648932456970214844e+00
3.354024410247802734e+00	8.497803688049316406e+00
5.372404575347900391e+00	7.439049720764160156e+00
6.005807399749755859e+00	7.458877563476562500e+00
8.757889747619628906e+00	3.403334140777587891e+00
9.059207916259765625e+00	8.495099067687988281e+00
7.209499359130859375e+00	4.587415218353271484e+00
8.485630989074707031e+00	6.618160247802734375e+00
4.197043418884277344e+00	7.773422718048095703e+00
1.167223453521728516e+01	4.486012458801269531e+00
6.720478057861328125e+00	9.925862312316894531e+00
5.547844886779785156e+00	9.510890960693359375e+00
4.728951454162597656e+00	6.714810848236083984e+00
9.500820159912109375e+00	9.750863075256347656e+00
8.318276405334472656e+00	7.981193542480468750e+00
7.037189960479736328e+00	9.037445068359375000e+00
6.832086086273193359e+00	6.285259723663330078e+00
6.690446376800537109e+00	7.754422664642333984e+00
9.821508407592773438e+00	9.569188117980957031e+00
8.207905769348144531e+00	8.082816123962402344e+00
8.461177825927734375e+00	8.986901283264160156e+00
6.489145755767822266e+00	9.487376213073730469e+00
1.226377582550048828e+01	5.188193798065185547e+00
8.902244567871093750e+00	6.607979774475097656e+00
1.059827613830566406e+01	7.039236545562744141e+00
9.175849914550781250e+00	5.934244155883789062e+00
1.026807689666748047e+01	7.593153476715087891e+00
3.215101957321166992e+00	5.797677040100097656e+00
2.751052856445312500e+00	5.450573444366455078e+00
5.158871650695800781e+00	5.686022758483886719e+00
1.000619697570800781e+01	8.370985031127929688e+00
2.885459184646606445e+00	5.218595981597900391e+00
7.666773319244384766e+00	6.697260379791259766e+00
7.714690208435058594e+00	9.239182472229003906e+00
3.506284713745117188e+00	8.785563468933105469e+00
9.685906410217285156e+00	7.733700275421142578e+00
2.672752618789672852e+00	7.615039825439453125e+00
5.620693206787109375e+00	9.447833061218261719e+00
4.269051551818847656e+00	7.415863513946533203e+00
1.028029155731201172e+01	8.501416206359863281e+00
1.080942344665527344e+01	4.516668319702148438e+00
6.931787014007568359e+00	7.470299243927001953e+00
1.191043090820312500e+01	4.793744087219238281e+00
8.218364715576171875e+00	8.339967727661132812e+00
1.252812194824218750e+01	8.440971374511718750e+00
9.065070152282714844e+00	7.820540428161621094e+00
8.695811271667480469e+00	1.010553359985351562e+01
5.824295043945312500e+00	9.680033683776855469e+00
9.210741043090820312e+00	4.670558452606201172e+00
9.239466667175292969e+00	6.414772033691406250e+00
7.285147666931152344e+00	6.737164497375488281e+00
1.006120395660400391e+01	8.433628082275390625e+00
8.783720970153808594e+00	7.463901996612548828e+00
9.101368904113769531e+00	6.379279613494873047e+00
6.496479988098144531e+00	7.600111007690429688e+00
4.503547191619873047e+00	7.582914352416992188e+00
8.518371582031250000e+00	8.107408523559570312e+00
9.152258872985839844e+00	5.773913383483886719e+00
3.582291364669799805e+00	6.750927925109863281e+00
8.206484794616699219e+00	7.372263431549072266e+00
6.175891399383544922e+00	8.200143814086914062e+00
5.628246307373046875e+00	9.203713417053222656e+00
1.101383113861083984e+01	8.875032424926757812e+00
5.744029998779296875e+00	8.071750640869140625e+00
7.110065937042236328e+00	6.755154609680175781e+00
1.014025402069091797e+01	4.484236717224121094e+00
9.393261909484863281e+00	5.877771854400634766e+00
4.315969467163085938e+00	9.876689910888671875e+00
1.118497276306152344e+01	6.470241546630859375e+00
5.332733631134033203e+00	8.076498985290527344e+00
6.732860565185546875e+00	9.077424049377441406e+00
7.714623451232910156e+00	8.261485099792480469e+00
5.536772251129150391e+00	9.351821899414062500e+00
3.140230655670166016e+00	6.802199840545654297e+00
5.754932403564453125e+00	6.907471656799316406e+00
1.059969806671142578e+01	9.513354301452636719e+00
7.557752132415771484e+00	5.901669979095458984e+00
3.418874025344848633e+00	5.350370883941650391e+00
1.137568092346191406e+01	7.122960090637207031e+00
6.784153461456298828e+00	7.641695022583007812e+00
1.185581684112548828e+01	5.348382472991943359e+00
7.146095275878906250e+00	7.383752346038818359e+00
1.104709053039550781e+01	5.679118633270263672e+00
5.568738460540771484e+00	8.035921096801757812e+00
1.053632640838623047e+01	3.531223297119140625e+00
8.061452865600585938e+00	1.009805870056152344e+01
1.146109771728515625e+01	5.020963191986083984e+00
1.223301982879638672e+01	6.080265998840332031e+00
3.578329801559448242e+00	7.677458286285400391e+00
7.548813343048095703e+00	7.582355022430419922e+00
6.298151493072509766e+00	8.325893402099609375e+00
4.691638946533203125e+00	7.209862232208251953e+00
4.962782382965087891e+00	7.152200698852539062e+00
9.525771141052246094e+00	9.333910942077636719e+00
1.142537212371826172e+01	6.381992816925048828e+00
6.225980758666992188e+00	6.095347881317138672e+00
9.343699455261230469e+00	5.513622283935546875e+00
7.691901206970214844e+00	9.439199447631835938e+00
1.035739707946777344e+01	1.019195652008056641e+01
5.047753810882568359e+00	9.124735832214355469e+00
4.141905784606933594e+00	6.168906211853027344e+00
1.003685092926025391e+01	9.566196441650390625e+00
1.132357883453369141e+01	4.968405246734619141e+00
1.020791721343994141e+01	9.051992416381835938e+00
1.030356788635253906e+01	8.346611022949218750e+00
8.162908554077148438e+00	3.496651649475097656e+00
7.375202178955078125e+00	8.032093048095703125e+00
6.319162368774414062e+00	6.627606868743896484e+00
2.850808143615722656e+00	7.129135131835937500e+00
5.368977546691894531e+00	8.641461372375488281e+00
4.079429626464843750e+00	8.074030876159667969e+00
1.154047775268554688e+01	8.211443901062011719e+00
7.347086906433105469e+00	4.585531711578369141e+00
7.994275093078613281e+00	7.714815616607666016e+00
8.057786941528320312e+00	5.782900333404541016e+00
1.161526775360107422e+01	4.939585208892822266e+00
9.806499481201171875e+00	8.718215942382812500e+00
5.155182838439941406e+00	7.487225055694580078e+00
7.526555538177490234e+00	8.390462875366210938e+00
1.093980503082275391e+01	7.790868759155273438e+00
1.042033290863037109e+01	6.652018070220947266e+00
1.208391094207763672e+01	6.734352588653564453e+00
8.987372398376464844e+00	7.512815475463867188e+00
1.127831554412841797e+01	5.259851455688476562e+00
6.300578594207763672e+00	5.667374610900878906e+00
9.611078262329101562e+00	8.713996887207031250e+00
3.594161033630371094e+00	8.237624168395996094e+00
3.472343206405639648e+00	6.311011791229248047e+00
9.175382614135742188e+00	7.795151233673095703e+00
8.213986396789550781e+00	8.775019645690917969e+00
3.584589958190917969e+00	5.504143714904785156e+00
7.883296012878417969e+00	4.078206539154052734e+00
1.016384792327880859e+01	5.100503444671630859e+00
2.966714382171630859e+00	5.859402179718017578e+00
6.262220859527587891e+00	6.737198352813720703e+00
6.257827758789062500e+00	6.865712165832519531e+00
1.009255123138427734e+01	5.965816020965576172e+00
1.192581081390380859e+01	7.216148376464843750e+00
5.552685260772705078e+00	5.381221294403076172e+00
1.159437370300292969e+01	5.651516914367675781e+00
1.231765556335449219e+01	5.593582153320312500e+00
8.650520324707031250e+00	5.499435901641845703e+00
8.780665397644042969e+00	5.675694942474365234e+00
1.141607761383056641e+01	4.743570327758789062e+00
5.600309848785400391e+00	9.730476379394531250e+00
4.977225780487060547e+00	6.331521034240722656e+00
9.841480255126953125e+00	7.302425861358642578e+00
9.761273384094238281e+00	5.909329414367675781e+00
4.892157554626464844e+00	5.922427177429199219e+00
5.392336845397949219e+00	5.642658710479736328e+00
7.849579811096191406e+00	1.028965187072753906e+01
5.584604740142822266e+00	9.937221527099609375e+00
5.874020099639892578e+00	7.740489482879638672e+00
7.872987747192382812e+00	8.073496818542480469e+00
1.254319000244140625e+01	7.712839603424072266e+00
7.195816516876220703e+00	6.411006450653076172e+00
8.193854331970214844e+00	8.775512695312500000e+00
8.276370048522949219e+00	7.071318626403808594e+00
1.035770225524902344e+01	6.783441543579101562e+00
7.300205707550048828e+00	6.414451122283935547e+00
9.452236175537109375e+00	8.510083198547363281e+00
1.775018453598022461e+00	7.394311904907226562e+00
8.856328964233398438e+00	6.155045509338378906e+00
4.813854694366455078e+00	6.214668273925781250e+00
1.185123920440673828e+01	5.151340484619140625e+00
7.732006072998046875e+00	8.462931632995605469e+00
9.663841247558593750e+00	6.473989486694335938e+00
7.438924789428710938e+00	9.183598518371582031e+00
5.830169200897216797e+00	5.810646533966064453e+00
3.721230030059814453e+00	5.925586223602294922e+00
6.802701473236083984e+00	8.482722282409667969e+00
6.091200828552246094e+00	6.670845508575439453e+00
9.974770545959472656e+00	7.006861686706542969e+00
1.139704513549804688e+01	6.908336639404296875e+00
3.558381319046020508e+00	5.850385665893554688e+00
5.730944156646728516e+00	6.295780658721923828e+00
7.959866046905517578e+00	3.903322219848632812e+00
8.295911788940429688e+00	6.185698509216308594e+00
1.148260498046875000e+01	8.609944343566894531e+00
5.247132301330566406e+00	1.015851974487304688e+01
8.459721565246582031e+00	5.925551414489746094e+00
1.229216957092285156e+01	8.169065475463867188e+00
9.777087211608886719e+00	5.866045951843261719e+00
6.161862850189208984e+00	9.620731353759765625e+00
1.003744792938232422e+01	4.015177249908447266e+00
1.042611026763916016e+01	9.029802322387695312e+00
8.003379821777343750e+00	5.956456184387207031e+00
4.659390926361083984e+00	9.485168457031250000e+00
8.697566032409667969e+00	7.510126590728759766e+00
5.494037151336669922e+00	5.539115428924560547e+00
1.019459056854248047e+01	8.933640480041503906e+00
4.617267608642578125e+00	8.725974082946777344e+00
4.481870651245117188e+00	8.244163513183593750e+00
1.231517982482910156e+01	7.445557594299316406e+00
5.537193775177001953e+00	9.508921623229980469e+00
7.958271980285644531e+00	9.109683036804199219e+00
2.565786600112915039e+00	5.688845157623291016e+00
8.436974525451660156e+00	9.238123893737792969e+00
8.462003707885742188e+00	9.531384468078613281e+00
2.461051702499389648e+00	7.989566326141357422e+00
4.892254352569580078e+00	7.096702575683593750e+00
7.244441986083984375e+00	8.746528625488281250e+00
6.795713901519775391e+00	4.672628402709960938e+00
6.180965900421142578e+00	5.162776947021484375e+00
8.663820266723632812e+00	6.386179447174072266e+00
1.054428005218505859e+01	6.434503078460693359e+00
9.732331275939941406e+00	7.121913433074951172e+00
9.447977066040039062e+00	6.002818107604980469e+00
7.294362545013427734e+00	1.002867412567138672e+01
9.733783721923828125e+00	9.427903175354003906e+00
2.384469509124755859e+00	7.582181453704833984e+00
7.787781715393066406e+00	3.545834779739379883e+00
1.072386932373046875e+01	4.093794822692871094e+00
9.043787002563476562e+00	9.604718208312988281e+00
3.959368467330932617e+00	5.849533557891845703e+00
5.574933052062988281e+00	8.188389778137207031e+00
8.308648109436035156e+00	6.120425224304199219e+00
1.080980873107910156e+01	9.320420265197753906e+00
9.737542152404785156e+00	5.707017421722412109e+00
9.712890625000000000e+00	4.517079830169677734e+00
4.456792831420898438e+00	9.782816886901855469e+00
1.215452289581298828e+01	7.045278549194335938e+00
6.051204681396484375e+00	6.781861782073974609e+00
9.301543235778808594e+00	1.004098892211914062e+01
4.839051246643066406e+00	7.850284576416015625e+00
5.714597702026367188e+00	6.410223960876464844e+00
5.149087429046630859e+00	8.795746803283691406e+00
9.403549194335937500e+00	4.774644374847412109e+00
8.023251533508300781e+00	9.553367614746093750e+00
4.465826988220214844e+00	5.704175472259521484e+00
1.135300159454345703e+01	4.392772197723388672e+00
1.137318706512451172e+01	8.196232795715332031e+00
3.812364101409912109e+00	8.720753669738769531e+00
5.691635608673095703e+00	6.209761619567871094e+00
3.970069408416748047e+00	6.311660289764404297e+00
8.613020896911621094e+00	9.569453239440917969e+00
4.801174640655517578e+00	9.228954315185546875e+00
3.359244346618652344e+00	7.822105407714843750e+00
6.362033843994140625e+00	8.244455337524414062e+00
9.486557960510253906e+00	3.207499742507934570e+00
5.873124599456787109e+00	7.477123260498046875e+00
8.355388641357421875e+00	7.440466403961181641e+00
6.344542980194091797e+00	8.504837989807128906e+00
8.506432533264160156e+00	3.835384368896484375e+00
6.362348079681396484e+00	9.667189598083496094e+00
7.290868282318115234e+00	8.464308738708496094e+00
1.030411624908447266e+01	5.033590793609619141e+00
6.440099716186523438e+00	5.904736995697021484e+00
9.764100074768066406e+00	8.608558654785156250e+00
9.141494750976562500e+00	5.132656574249267578e+00
1.050608825683593750e+01	4.430704593658447266e+00
6.991218566894531250e+00	5.905322551727294922e+00
5.077757358551025391e+00	8.048062324523925781e+00
5.478790283203125000e+00	5.798012733459472656e+00
9.447707176208496094e+00	6.034784793853759766e+00
8.009429931640625000e+00	7.335503101348876953e+00
7.803750038146972656e+00	7.834969520568847656e+00
7.134013652801513672e+00	7.625748634338378906e+00
7.832799434661865234e+00	6.067000865936279297e+00
2.559890270233154297e+00	5.750833511352539062e+00
9.598686218261718750e+00	9.339945793151855469e+00
1.020066356658935547e+01	7.454735755920410156e+00
2.920722246170043945e+00	6.726608753204345703e+00
4.869765281677246094e+00	9.503675460815429688e+00
1.116392803192138672e+01	9.867049217224121094e+00
6.307846069335937500e+00	8.885496139526367188e+00
8.933743476867675781e+00	8.452508926391601562e+00
7.483600616455078125e+00	9.312029838562011719e+00
3.208244085311889648e+00	9.088520050048828125e+00
7.832459926605224609e+00	8.978454589843750000e+00
6.428163051605224609e+00	6.987755298614501953e+00
7.796998500823974609e+00	1.028283691406250000e+01
6.634217262268066406e+00	7.691904067993164062e+00
9.662102699279785156e+00	1.038482952117919922e+01
6.545341968536376953e+00	9.320991516113281250e+00
9.660575866699218750e+00	8.487995147705078125e+00
8.903592109680175781e+00	8.701953887939453125e+00
7.207048416137695312e+00	9.184364318847656250e+00
1.068931865692138672e+01	5.691640853881835938e+00
9.379916191101074219e+00	6.010559082031250000e+00
3.277677536010742188e+00	7.980659961700439453e+00
4.764152050018310547e+00	6.831598758697509766e+00
6.040371894836425781e+00	9.728248596191406250e+00
1.262001514434814453e+01	7.225731372833251953e+00
7.296049594879150391e+00	4.045748710632324219e+00
3.137743473052978516e+00	8.953110694885253906e+00
3.444150209426879883e+00	6.053293704986572266e+00
7.266567230224609375e+00	3.209557294845581055e+00
6.518888950347900391e+00	8.555323600769042969e+00
3.874407291412353516e+00	6.835102558135986328e+00
4.817342758178710938e+00	5.677622795104980469e+00
8.870987892150878906e+00	8.113607406616210938e+00
9.773400306701660156e+00	7.621059417724609375e+00
2.072604894638061523e+00	6.775800704956054688e+00
4.703243732452392578e+00	8.421440124511718750e+00
9.778781890869140625e+00	1.015003776550292969e+01
5.829150199890136719e+00	6.536880016326904297e+00
1.215422916412353516e+01	6.867521286010742188e+00
1.065542697906494141e+01	9.562951087951660156e+00
7.358883380889892578e+00	6.306903839111328125e+00
9.365583419799804688e+00	5.355791568756103516e+00
3.716456890106201172e+00	8.252017974853515625e+00
1.228861331939697266e+01	7.793640136718750000e+00
6.652539253234863281e+00	9.792410850524902344e+00
3.833553791046142578e+00	8.398833274841308594e+00
9.949865341186523438e+00	4.206686496734619141e+00
1.211113739013671875e+01	6.032979488372802734e+00
5.819718360900878906e+00	7.681434154510498047e+00
8.726207733154296875e+00	9.935581207275390625e+00
9.304646492004394531e+00	7.099696636199951172e+00
3.434056043624877930e+00	7.781764030456542969e+00
7.188287258148193359e+00	6.699432373046875000e+00
9.724658966064453125e+00	8.526011466979980469e+00
2.867262363433837891e+00	7.414294719696044922e+00
4.778553962707519531e+00	9.202347755432128906e+00
1.215694332122802734e+01	7.886915206909179688e+00
1.158532714843750000e+01	4.484015464782714844e+00
7.244962692260742188e+00	4.557432174682617188e+00
8.929635047912597656e+00	9.504140853881835938e+00
1.129071521759033203e+01	6.960863590240478516e+00
4.196053504943847656e+00	8.039948463439941406e+00
1.099855041503906250e+01	9.031468391418457031e+00
4.682874202728271484e+00	8.144346237182617188e+00
9.213900566101074219e+00	9.028701782226562500e+00
1.224773120880126953e+01	5.836697578430175781e+00
1.019900226593017578e+01	8.219142913818359375e+00
9.906267166137695312e+00	1.011908817291259766e+01
9.307338714599609375e+00	5.933330059051513672e+00
7.027375698089599609e+00	8.009860992431640625e+00
5.383020401000976562e+00	6.595276832580566406e+00
1.223678874969482422e+01	6.983273506164550781e+00
6.517315387725830078e+00	9.360398292541503906e+00
5.661374092102050781e+00	7.840030670166015625e+00
5.106225967407226562e+00	5.977416038513183594e+00
6.085195064544677734e+00	8.520948410034179688e+00
8.993878364562988281e+00	9.517669677734375000e+00
7.386589527130126953e+00	1.002151679992675781e+01
5.527410030364990234e+00	5.511444568634033203e+00
1.034470367431640625e+01	9.441393852233886719e+00
5.932694435119628906e+00	8.839630126953125000e+00
6.740588188171386719e+00	7.675963401794433594e+00
6.276306152343750000e+00	9.486401557922363281e+00
1.098815345764160156e+01	8.053636550903320312e+00
9.543276786804199219e+00	5.881587505340576172e+00
4.176961898803710938e+00	9.183625221252441406e+00
6.899645805358886719e+00	1.004562282562255859e+01
7.412099361419677734e+00	6.868316173553466797e+00
8.497823715209960938e+00	9.648283004760742188e+00
1.036835861206054688e+01	8.398072242736816406e+00
6.791380882263183594e+00	9.760505676269531250e+00
8.284190177917480469e+00	7.566221714019775391e+00
1.175887298583984375e+01	8.653018951416015625e+00
1.074395084381103516e+01	8.092247962951660156e+00
8.840994834899902344e+00	7.242818832397460938e+00
1.135408306121826172e+01	7.044171333312988281e+00
7.553999900817871094e+00	3.279310703277587891e+00
1.032604885101318359e+01	4.489723205566406250e+00
9.018301010131835938e+00	6.862839698791503906e+00
5.819613456726074219e+00	7.705346107482910156e+00
1.073018455505371094e+01	9.212601661682128906e+00
1.107330226898193359e+01	8.731052398681640625e+00
1.000971698760986328e+01	7.044414043426513672e+00
9.919137001037597656e+00	7.144240379333496094e+00
4.126396179199218750e+00	9.321234703063964844e+00
5.783843517303466797e+00	6.029160976409912109e+00
7.497430801391601562e+00	6.324803352355957031e+00
3.036206722259521484e+00	7.495172500610351562e+00
1.127214431762695312e+01	5.390882015228271484e+00
7.991271018981933594e+00	3.532155275344848633e+00
8.967716217041015625e+00	9.955059051513671875e+00
1.176725387573242188e+01	8.347905158996582031e+00
9.297408103942871094e+00	3.581952095031738281e+00
8.769953727722167969e+00	6.388277053833007812e+00
7.001695632934570312e+00	7.553262710571289062e+00
8.590147018432617188e+00	8.007906913757324219e+00
1.013696002960205078e+01	5.631075859069824219e+00
6.788725376129150391e+00	1.016868591308593750e+01
9.938808441162109375e+00	4.127144813537597656e+00
1.145050144195556641e+01	4.975776672363281250e+00
1.061141014099121094e+01	5.307207584381103516e+00
8.359583854675292969e+00	5.992959976196289062e+00
7.160992145538330078e+00	4.240101337432861328e+00
7.667764663696289062e+00	5.160804271697998047e+00
6.070760250091552734e+00	8.783549308776855469e+00
1.108559131622314453e+01	8.626020431518554688e+00
1.036639499664306641e+01	7.615029335021972656e+00
1.056937217712402344e+01	6.087179660797119141e+00
7.517004966735839844e+00	8.553588867187500000e+00
4.722192764282226562e+00	8.214696884155273438e+00
1.205250453948974609e+01	4.950212955474853516e+00
1.188720703125000000e+01	9.330451965332031250e+00
2.982803106307983398e+00	8.571652412414550781e+00
3.282898902893066406e+00	7.141442775726318359e+00
1.089270401000976562e+01	5.144550323486328125e+00
1.044201564788818359e+01	4.507824420928955078e+00
4.363631725311279297e+00	9.382884025573730469e+00
1.115923404693603516e+01	5.723924636840820312e+00
3.456765890121459961e+00	7.411443710327148438e+00
1.175098419189453125e+01	8.983545303344726562e+00
1.235279369354248047e+01	6.047055721282958984e+00
7.520573616027832031e+00	3.317487239837646484e+00
9.147386550903320312e+00	5.221456050872802734e+00
8.038388252258300781e+00	5.882616519927978516e+00
3.923271179199218750e+00	8.785064697265625000e+00
7.683766365051269531e+00	8.467583656311035156e+00
7.943680763244628906e+00	5.275337696075439453e+00
8.098699569702148438e+00	3.301292896270751953e+00
8.716945648193359375e+00	5.703451156616210938e+00
1.137331199645996094e+01	8.228831291198730469e+00
9.633755683898925781e+00	8.029994010925292969e+00
1.155054283142089844e+01	5.395260334014892578e+00
9.495182991027832031e+00	1.026805210113525391e+01
5.005027770996093750e+00	6.466374874114990234e+00
1.102610015869140625e+01	9.578285217285156250e+00
6.895288944244384766e+00	5.625395774841308594e+00
8.992309570312500000e+00	8.230140686035156250e+00
3.360155105590820312e+00	6.838646411895751953e+00
7.802312374114990234e+00	6.056372642517089844e+00
8.826509475708007812e+00	4.312915325164794922e+00
1.066310024261474609e+01	6.215588092803955078e+00
8.534492492675781250e+00	6.622359752655029297e+00
9.200169563293457031e+00	3.833011627197265625e+00
7.127967357635498047e+00	9.777930259704589844e+00
1.234010314941406250e+01	6.600214481353759766e+00
7.766575336456298828e+00	8.084078788757324219e+00
1.079413127899169922e+01	5.339939594268798828e+00
7.057984352111816406e+00	8.560865402221679688e+00
5.439229011535644531e+00	5.786409854888916016e+00
7.457477092742919922e+00	5.258473873138427734e+00
1.202519321441650391e+01	7.217246532440185547e+00
8.393103599548339844e+00	7.816397666931152344e+00
9.301250457763671875e+00	8.986839294433593750e+00
9.108907699584960938e+00	7.526403427124023438e+00
9.965502738952636719e+00	7.220008373260498047e+00
4.898074150085449219e+00	7.305720329284667969e+00
9.295255661010742188e+00	6.651652336120605469e+00
8.967905044555664062e+00	4.965359687805175781e+00
1.020529365539550781e+01	3.918585062026977539e+00
5.251026153564453125e+00	1.003931808471679688e+01
6.055242538452148438e+00	7.398275852203369141e+00
1.209563446044921875e+01	5.001345634460449219e+00
9.056962966918945312e+00	4.789301872253417969e+00
9.670438766479492188e+00	4.950616359710693359e+00
5.533950805664062500e+00	7.001990318298339844e+00
7.692937850952148438e+00	9.415510177612304688e+00
4.917221069335937500e+00	6.916267395019531250e+00
1.065531539916992188e+01	6.622221469879150391e+00
5.680352687835693359e+00	7.404000282287597656e+00
3.078029394149780273e+00	7.019386291503906250e+00
8.217551231384277344e+00	6.094624996185302734e+00
1.127460861206054688e+01	5.861473083496093750e+00
1.145022106170654297e+01	6.417579650878906250e+00
6.618816852569580078e+00	6.623184680938720703e+00
5.303735733032226562e+00	5.422971248626708984e+00
8.550659179687500000e+00	8.835037231445312500e+00
1.139808750152587891e+01	7.186243534088134766e+00
9.301164627075195312e+00	6.095185756683349609e+00
5.449636936187744141e+00	8.356921195983886719e+00
6.584311485290527344e+00	5.403310298919677734e+00
1.103649044036865234e+01	8.995856285095214844e+00
9.825535774230957031e+00	7.856115818023681641e+00
7.530235290527343750e+00	8.757726669311523438e+00
3.924625396728515625e+00	6.437101364135742188e+00
9.642119407653808594e+00	7.694541931152343750e+00
9.184347152709960938e+00	9.795811653137207031e+00
1.089675903320312500e+01	5.761578559875488281e+00
1.060788631439208984e+01	7.142024993896484375e+00
8.960603713989257812e+00	7.587868213653564453e+00
3.030219316482543945e+00	5.780799865722656250e+00
1.254314708709716797e+01	9.162740707397460938e+00
9.462353706359863281e+00	4.411570549011230469e+00
8.093791007995605469e+00	7.956142425537109375e+00
4.424650669097900391e+00	8.243202209472656250e+00
6.377791881561279297e+00	7.187294483184814453e+00
1.044247817993164062e+01	5.173980236053466797e+00
1.251408386230468750e+01	6.251419067382812500e+00
8.128404617309570312e+00	5.406451225280761719e+00
7.653289794921875000e+00	9.999784469604492188e+00
5.549489974975585938e+00	9.034496307373046875e+00
6.847868919372558594e+00	5.750903606414794922e+00
7.893693923950195312e+00	6.559598445892333984e+00
1.053454494476318359e+01	5.063609600067138672e+00
3.770701408386230469e+00	7.680540084838867188e+00
1.000496768951416016e+01	7.233627319335937500e+00
4.077178955078125000e+00	5.836345195770263672e+00
1.102484035491943359e+01	9.938260078430175781e+00
6.091783523559570312e+00	9.804817199707031250e+00
9.379096984863281250e+00	6.207327842712402344e+00
7.741349697113037109e+00	7.085443973541259766e+00
1.231969738006591797e+01	6.448716163635253906e+00
8.465828895568847656e+00	9.809408187866210938e+00
8.838164329528808594e+00	5.653453350067138672e+00
1.124286651611328125e+01	8.265117645263671875e+00
1.244937705993652344e+01	6.214819908142089844e+00
1.218308067321777344e+01	6.363949298858642578e+00
9.013888359069824219e+00	6.739382743835449219e+00
8.043620109558105469e+00	7.671142101287841797e+00
8.060908317565917969e+00	4.768199920654296875e+00
1.139412021636962891e+01	5.062233924865722656e+00
9.490807533264160156e+00	1.032651138305664062e+01
1.082236576080322266e+01	8.675596237182617188e+00
8.041741371154785156e+00	8.597021102905273438e+00
1.220718479156494141e+01	6.404405117034912109e+00
5.383500099182128906e+00	7.718983650207519531e+00
1.097894573211669922e+01	5.754731178283691406e+00
6.760121345520019531e+00	8.099402427673339844e+00
1.170706558227539062e+01	6.018338203430175781e+00
1.190882205963134766e+01	8.007036209106445312e+00
5.126869678497314453e+00	6.306211471557617188e+00
7.614506721496582031e+00	3.763325452804565430e+00
4.561762332916259766e+00	5.674235820770263672e+00
5.356719017028808594e+00	7.964393615722656250e+00
8.321955680847167969e+00	5.145963191986083984e+00
7.100989341735839844e+00	3.666729450225830078e+00
1.205309295654296875e+01	4.957973957061767578e+00
1.114928913116455078e+01	8.456684112548828125e+00
1.004825973510742188e+01	4.118001461029052734e+00
5.418806552886962891e+00	5.982433319091796875e+00
8.745233535766601562e+00	9.058473587036132812e+00
9.183083534240722656e+00	9.003487586975097656e+00
2.113581895828247070e+00	7.071838855743408203e+00
9.827903747558593750e+00	6.790897846221923828e+00
5.359556198120117188e+00	8.408112525939941406e+00
3.083026885986328125e+00	8.171531677246093750e+00
8.540485382080078125e+00	4.589172840118408203e+00
1.082484054565429688e+01	6.253892421722412109e+00
1.283391857147216797e+01	8.333599090576171875e+00
9.161439895629882812e+00	4.137049198150634766e+00
7.455625534057617188e+00	4.326131820678710938e+00
4.427746772766113281e+00	7.106393814086914062e+00
8.596240997314453125e+00	9.389461517333984375e+00
6.621049880981445312e+00	4.308002948760986328e+00
6.808291912078857422e+00	8.751167297363281250e+00
8.949629783630371094e+00	7.840589046478271484e+00
7.497571468353271484e+00	3.065096139907836914e+00
7.478487968444824219e+00	3.754243373870849609e+00
9.227095603942871094e+00	5.416635513305664062e+00
5.205676078796386719e+00	1.006670951843261719e+01
1.196650791168212891e+01	8.805726051330566406e+00
6.272753715515136719e+00	6.446175575256347656e+00
1.962144494056701660e+00	7.888085365295410156e+00
7.068809986114501953e+00	5.404353618621826172e+00
1.048140048980712891e+01	4.892000675201416016e+00
7.278089523315429688e+00	5.495169639587402344e+00
7.590380191802978516e+00	7.721214294433593750e+00
6.539628028869628906e+00	6.214057445526123047e+00
6.841636180877685547e+00	6.782718658447265625e+00
1.014163875579833984e+01	6.650463581085205078e+00
4.090679645538330078e+00	6.227550983428955078e+00
3.125178575515747070e+00	7.408234596252441406e+00
9.607587814331054688e+00	5.854115962982177734e+00
8.046426773071289062e+00	9.895923614501953125e+00
1.207928180694580078e+01	9.420613288879394531e+00
8.211781501770019531e+00	8.359546661376953125e+00
6.702437400817871094e+00	7.451433658599853516e+00
4.555687904357910156e+00	6.128406524658203125e+00
4.455681800842285156e+00	5.836042404174804688e+00
8.753404617309570312e+00	8.255194664001464844e+00
1.048907756805419922e+01	9.759102821350097656e+00
1.124990653991699219e+01	5.324933528900146484e+00
9.857152938842773438e+00	7.671961307525634766e+00
1.006253337860107422e+01	8.698763847351074219e+00
4.345173835754394531e+00	9.308964729309082031e+00
4.337817192077636719e+00	6.173108577728271484e+00
8.992505073547363281e+00	8.950538635253906250e+00
8.390550613403320312e+00	6.280707836151123047e+00
4.747553825378417969e+00	7.647516250610351562e+00
7.097265720367431641e+00	1.002608489990234375e+01
6.108503818511962891e+00	8.617674827575683594e+00
5.593125343322753906e+00	6.961741447448730469e+00
8.811902999877929688e+00	7.055587768554687500e+00
9.130281448364257812e+00	5.459403038024902344e+00
1.115886688232421875e+01	7.116987228393554688e+00
1.093616199493408203e+01	6.317224979400634766e+00
8.703615188598632812e+00	4.241676807403564453e+00
8.869727134704589844e+00	6.004933834075927734e+00
1.252362060546875000e+01	7.888684272766113281e+00
4.958973884582519531e+00	8.550871849060058594e+00
6.989077568054199219e+00	4.024559974670410156e+00
1.013666152954101562e+01	8.452169418334960938e+00
9.117984771728515625e+00	6.278695583343505859e+00
9.262264251708984375e+00	4.327325344085693359e+00
8.146376609802246094e+00	9.995368003845214844e+00
7.487295150756835938e+00	7.468837261199951172e+00
9.060091972351074219e+00	8.527231216430664062e+00
9.463070869445800781e+00	1.056406021118164062e+01
6.782976150512695312e+00	8.740582466125488281e+00
8.161301612854003906e+00	7.124638080596923828e+00
4.487473964691162109e+00	9.864322662353515625e+00
1.086718654632568359e+01	7.856678485870361328e+00
9.569147109985351562e+00	7.244359016418457031e+00
1.029498291015625000e+01	6.343486785888671875e+00
1.012617301940917969e+01	6.171465396881103516e+00
5.495386600494384766e+00	5.644795894622802734e+00
1.261264324188232422e+01	6.284097671508789062e+00
1.141948032379150391e+01	8.501520156860351562e+00
1.172954559326171875e+01	5.430799961090087891e+00
2.777204513549804688e+00	5.762970447540283203e+00
9.385677337646484375e+00	6.337638854980468750e+00
5.754345417022705078e+00	9.070557594299316406e+00
5.849260807037353516e+00	5.337049961090087891e+00
1.032175064086914062e+01	6.476458549499511719e+00
1.026081657409667969e+01	5.813775539398193359e+00
8.693729400634765625e+00	7.241015911102294922e+00
8.627673149108886719e+00	5.390576362609863281e+00
7.311377048492431641e+00	5.541265964508056641e+00
5.318630695343017578e+00	8.384107589721679688e+00
1.186886787414550781e+01	5.997323513031005859e+00
7.289279937744140625e+00	6.911339282989501953e+00
1.252895164489746094e+01	7.263006687164306641e+00
6.801133155822753906e+00	8.037452697753906250e+00
2.084364652633666992e+00	7.661038398742675781e+00
1.214134311676025391e+01	5.608829498291015625e+00
1.239113712310791016e+01	6.124464511871337891e+00
1.113041687011718750e+01	7.015465736389160156e+00
1.027987003326416016e+01	5.812968254089355469e+00
6.717872619628906250e+00	6.393201828002929688e+00
1.192534923553466797e+01	6.728696346282958984e+00
3.698299407958984375e+00	8.135427474975585938e+00
1.227915000915527344e+01	6.689098834991455078e+00
1.105979442596435547e+01	7.762094974517822266e+00
1.129759120941162109e+01	6.978390693664550781e+00
1.028442096710205078e+01	8.726935386657714844e+00
4.241190910339355469e+00	8.451932907104492188e+00
1.177671813964843750e+01	8.869117736816406250e+00
9.232233047485351562e+00	1.058545780181884766e+01
1.235543918609619141e+01	7.373468875885009766e+00
1.013685989379882812e+01	9.372038841247558594e+00
5.638431549072265625e+00	8.711967468261718750e+00
8.621828079223632812e+00	2.987965345382690430e+00
7.617113590240478516e+00	7.660301685333251953e+00
1.197685527801513672e+01	8.604722023010253906e+00
9.511878013610839844e+00	9.071092605590820312e+00
9.203237533569335938e+00	3.399509191513061523e+00
5.660049438476562500e+00	7.109278678894042969e+00
8.788813591003417969e+00	8.480722427368164062e+00
7.401492118835449219e+00	3.872548341751098633e+00
1.027997493743896484e+01	6.763543128967285156e+00
6.284852504730224609e+00	6.986825466156005859e+00
7.144688606262207031e+00	7.456903457641601562e+00
9.204887390136718750e+00	5.151670455932617188e+00
4.457089900970458984e+00	7.731223106384277344e+00
6.014905452728271484e+00	5.691783428192138672e+00
9.185659408569335938e+00	5.379677295684814453e+00
5.024525165557861328e+00	5.784967422485351562e+00
9.126496315002441406e+00	5.269319534301757812e+00
5.029056072235107422e+00	6.075922489166259766e+00
9.001399040222167969e+00	5.437333583831787109e+00
8.993075370788574219e+00	3.864511728286743164e+00
8.647309303283691406e+00	3.067906618118286133e+00
6.184315681457519531e+00	6.025876998901367188e+00
5.216668605804443359e+00	7.197645664215087891e+00
9.268878936767578125e+00	5.773845195770263672e+00
8.347658157348632812e+00	8.831387519836425781e+00
5.004757881164550781e+00	8.761722564697265625e+00
1.241917514801025391e+01	8.448734283447265625e+00
9.869522094726562500e+00	8.063394546508789062e+00
8.495890617370605469e+00	4.829751491546630859e+00
9.357395172119140625e+00	6.689335823059082031e+00
7.809724807739257812e+00	4.726919651031494141e+00
1.162474918365478516e+01	5.252976894378662109e+00
1.125215816497802734e+01	7.874561309814453125e+00
1.128677940368652344e+01	6.453588008880615234e+00
8.740959167480468750e+00	1.030792427062988281e+01
3.578255653381347656e+00	8.564533233642578125e+00
1.147579860687255859e+01	8.692015647888183594e+00
8.320075035095214844e+00	7.559895992279052734e+00
7.751678466796875000e+00	4.611410140991210938e+00
8.546293258666992188e+00	7.208965301513671875e+00
1.030524730682373047e+01	7.962126255035400391e+00
7.898466587066650391e+00	4.498057842254638672e+00
7.685410976409912109e+00	3.237808465957641602e+00
8.904665946960449219e+00	1.031059455871582031e+01
1.075700092315673828e+01	8.395801544189453125e+00
6.004938125610351562e+00	8.793835639953613281e+00
3.892168045043945312e+00	8.514025688171386719e+00
9.179422378540039062e+00	4.800326347351074219e+00
8.612882614135742188e+00	7.439106464385986328e+00
9.837712287902832031e+00	5.866850852966308594e+00
1.182184314727783203e+01	5.343188762664794922e+00
6.123088836669921875e+00	7.600633621215820312e+00
6.127537727355957031e+00	8.972727775573730469e+00
9.926121711730957031e+00	4.313972949981689453e+00
6.351452827453613281e+00	8.123443603515625000e+00
7.852429866790771484e+00	6.286930561065673828e+00
4.551732063293457031e+00	5.435503005981445312e+00
9.784948348999023438e+00	8.676043510437011719e+00
7.575240135192871094e+00	9.196701049804687500e+00
8.220164299011230469e+00	9.581090927124023438e+00
1.024523353576660156e+01	7.638050556182861328e+00
9.078244209289550781e+00	5.798124313354492188e+00
8.145780563354492188e+00	3.495363950729370117e+00
1.088650989532470703e+01	4.716004848480224609e+00
7.182517528533935547e+00	8.701746940612792969e+00
6.620314121246337891e+00	7.313396453857421875e+00
4.652315139770507812e+00	9.360990524291992188e+00
4.395266532897949219e+00	9.315459251403808594e+00
1.066126060485839844e+01	6.778292179107666016e+00
2.901079654693603516e+00	8.219862937927246094e+00
8.684432029724121094e+00	6.052814960479736328e+00
1.174345779418945312e+01	9.459511756896972656e+00
1.018734550476074219e+01	3.867402791976928711e+00
4.112842082977294922e+00	8.035737037658691406e+00
4.444363594055175781e+00	8.802334785461425781e+00
5.233636379241943359e+00	8.148770332336425781e+00
9.801349639892578125e+00	4.858945369720458984e+00
8.514886856079101562e+00	5.156056404113769531e+00
9.725569725036621094e+00	6.248431205749511719e+00
9.914207458496093750e+00	4.848562240600585938e+00
1.031730175018310547e+01	7.041513919830322266e+00
3.298841476440429688e+00	5.871808528900146484e+00
7.491511821746826172e+00	8.768379211425781250e+00
8.535724639892578125e+00	5.873391628265380859e+00
2.485539913177490234e+00	5.879951000213623047e+00
5.800216674804687500e+00	5.927126884460449219e+00
7.540033817291259766e+00	6.741509437561035156e+00
9.764891624450683594e+00	6.789973735809326172e+00
2.748438358306884766e+00	5.600632190704345703e+00
1.102429294586181641e+01	9.382783889770507812e+00
1.111246681213378906e+01	4.943803310394287109e+00
5.189379692077636719e+00	9.421347618103027344e+00
7.797233104705810547e+00	3.557834148406982422e+00
7.092995643615722656e+00	4.348887920379638672e+00
1.091440773010253906e+01	5.899526119232177734e+00
9.547205924987792969e+00	7.225133419036865234e+00
1.047265529632568359e+01	6.007298946380615234e+00
8.239157676696777344e+00	3.091595649719238281e+00
1.118544387817382812e+01	8.205509185791015625e+00
1.072404956817626953e+01	7.347632884979248047e+00
1.238748741149902344e+01	7.389085769653320312e+00
7.494547843933105469e+00	5.599637985229492188e+00
8.124945640563964844e+00	8.530822753906250000e+00
7.799270629882812500e+00	5.586084842681884766e+00
5.866855144500732422e+00	6.794951915740966797e+00
4.505351543426513672e+00	7.821919918060302734e+00
2.377015352249145508e+00	7.726534843444824219e+00
9.623808860778808594e+00	7.714920043945312500e+00
7.936292648315429688e+00	6.010020256042480469e+00
4.218372821807861328e+00	8.879805564880371094e+00
6.004710197448730469e+00	8.073715209960937500e+00
1.091009140014648438e+01	5.242748737335205078e+00
8.572136878967285156e+00	9.466130256652832031e+00
6.180564403533935547e+00	8.648167610168457031e+00
7.149394989013671875e+00	8.137261390686035156e+00
4.656418323516845703e+00	5.900197982788085938e+00
1.179642200469970703e+01	6.638923168182373047e+00
1.077160835266113281e+01	4.325215339660644531e+00
3.328636646270751953e+00	7.893666267395019531e+00
7.720092773437500000e+00	6.915443897247314453e+00
3.582166671752929688e+00	5.530936241149902344e+00
9.789995193481445312e+00	5.621150493621826172e+00
8.667908668518066406e+00	5.757396697998046875e+00
6.365060806274414062e+00	7.205237388610839844e+00
3.749538660049438477e+00	6.404522418975830078e+00
7.813087463378906250e+00	6.736129760742187500e+00
1.044574356079101562e+01	5.254865169525146484e+00
5.622766494750976562e+00	7.527333259582519531e+00
4.414997577667236328e+00	5.826479911804199219e+00
4.354606628417968750e+00	6.621980190277099609e+00
4.613030433654785156e+00	9.076671600341796875e+00
1.196100330352783203e+01	5.415836334228515625e+00
6.403589248657226562e+00	6.998215198516845703e+00
1.110322761535644531e+01	6.298418521881103516e+00
8.965408325195312500e+00	5.867368698120117188e+00
1.238061809539794922e+01	6.249487400054931641e+00
6.132016658782958984e+00	8.321679115295410156e+00
1.097966957092285156e+01	8.497329711914062500e+00
5.882865428924560547e+00	5.533500671386718750e+00
6.867296218872070312e+00	5.223037719726562500e+00
4.059989452362060547e+00	7.651647567749023438e+00
8.758229255676269531e+00	9.675246238708496094e+00
3.172184467315673828e+00	7.503872871398925781e+00
1.239377212524414062e+01	8.157864570617675781e+00
7.040596008300781250e+00	7.880302429199218750e+00
1.207085227966308594e+01	6.562154293060302734e+00
8.397679328918457031e+00	5.976302146911621094e+00
8.042266845703125000e+00	4.114757061004638672e+00
8.324510574340820312e+00	6.390823841094970703e+00
9.418385505676269531e+00	9.109642982482910156e+00
9.259754180908203125e+00	5.995050430297851562e+00
1.169230937957763672e+01	6.030892372131347656e+00
8.963759422302246094e+00	3.403332710266113281e+00
4.295765876770019531e+00	9.633648872375488281e+00
1.242414379119873047e+01	6.323852539062500000e+00
8.495408058166503906e+00	5.846005439758300781e+00
7.330684661865234375e+00	6.168535232543945312e+00
1.012504863739013672e+01	4.255391597747802734e+00
7.688755989074707031e+00	1.006211757659912109e+01
9.069849014282226562e+00	3.657389640808105469e+00
7.905598163604736328e+00	9.013276100158691406e+00
8.299083709716796875e+00	6.895924091339111328e+00
6.779688358306884766e+00	5.281348228454589844e+00
4.708815574645996094e+00	9.017004966735839844e+00
9.588512420654296875e+00	7.269789695739746094e+00
7.656618118286132812e+00	8.624530792236328125e+00
1.117635250091552734e+01	5.699170589447021484e+00
1.023514366149902344e+01	4.500270366668701172e+00
9.952428817749023438e+00	9.996828079223632812e+00
4.052909374237060547e+00	9.592016220092773438e+00
5.177587032318115234e+00	9.380025863647460938e+00
8.024950027465820312e+00	4.372902870178222656e+00
7.188222408294677734e+00	1.021629428863525391e+01
4.703097343444824219e+00	9.582118988037109375e+00
9.383888244628906250e+00	9.925279617309570312e+00
1.071622085571289062e+01	8.860632896423339844e+00
8.617939949035644531e+00	8.893270492553710938e+00
9.302744865417480469e+00	6.825301647186279297e+00
6.469557285308837891e+00	9.411500930786132812e+00
6.040028095245361328e+00	9.159222602844238281e+00
8.258730888366699219e+00	5.099066734313964844e+00
9.647557258605957031e+00	5.095668792724609375e+00
1.197231006622314453e+01	5.580016136169433594e+00
1.044991016387939453e+01	7.331929683685302734e+00
1.168678379058837891e+01	8.447694778442382812e+00
1.087155628204345703e+01	4.050942420959472656e+00
7.923492908477783203e+00	8.657229423522949219e+00
4.243188858032226562e+00	8.995471000671386719e+00
1.189076042175292969e+01	9.148707389831542969e+00
5.001969337463378906e+00	9.574111938476562500e+00
5.788614749908447266e+00	6.025045394897460938e+00
9.051581382751464844e+00	9.364130973815917969e+00
2.531761169433593750e+00	5.358118057250976562e+00
8.866553306579589844e+00	4.812262058258056641e+00
4.279196739196777344e+00	5.476544380187988281e+00
1.063596534729003906e+01	7.732604980468750000e+00
8.113349914550781250e+00	9.702054977416992188e+00
7.294041633605957031e+00	7.697059631347656250e+00
4.434753417968750000e+00	6.351672649383544922e+00
4.625744819641113281e+00	6.069042682647705078e+00
4.773955821990966797e+00	7.131807327270507812e+00
7.079593181610107422e+00	5.649306297302246094e+00
9.346287727355957031e+00	7.810239791870117188e+00
7.376832485198974609e+00	6.358030796051025391e+00
3.662259817123413086e+00	6.554186820983886719e+00
5.968554973602294922e+00	8.743268013000488281e+00
7.165739536285400391e+00	7.100306510925292969e+00
1.100539302825927734e+01	3.445316314697265625e+00
7.880928993225097656e+00	6.747561931610107422e+00
1.141714382171630859e+01	8.302331924438476562e+00
1.061758613586425781e+01	8.372070312500000000e+00
6.305489540100097656e+00	8.902338027954101562e+00
1.162760066986083984e+01	4.683958053588867188e+00
3.317164421081542969e+00	8.110822677612304688e+00
3.188911437988281250e+00	7.068063259124755859e+00
9.462675094604492188e+00	7.419064521789550781e+00
1.215697002410888672e+01	7.166690349578857422e+00
5.560400009155273438e+00	1.002388954162597656e+01
6.124166965484619141e+00	9.139817237854003906e+00
8.013037681579589844e+00	3.471576452255249023e+00
1.125280284881591797e+01	9.409077644348144531e+00
9.592243194580078125e+00	5.812489986419677734e+00
5.204184055328369141e+00	7.718688488006591797e+00
1.058443737030029297e+01	7.699539184570312500e+00
1.064061737060546875e+01	5.056257724761962891e+00
7.853211402893066406e+00	4.990700244903564453e+00
5.801235198974609375e+00	9.535638809204101562e+00
9.888578414916992188e+00	4.707089424133300781e+00
9.909558296203613281e+00	5.478576660156250000e+00
6.315889358520507812e+00	7.440049171447753906e+00
8.017587661743164062e+00	6.638047695159912109e+00
9.795472145080566406e+00	1.039790439605712891e+01
1.104123306274414062e+01	7.127177715301513672e+00
8.590999603271484375e+00	7.118255138397216797e+00
9.876309394836425781e+00	9.024128913879394531e+00
7.558929443359375000e+00	9.590167045593261719e+00
8.954345703125000000e+00	7.027831077575683594e+00
9.032691001892089844e+00	4.349997997283935547e+00
9.571036338806152344e+00	1.020697784423828125e+01
1.151448535919189453e+01	7.882021427154541016e+00
6.339647769927978516e+00	5.898525238037109375e+00
1.141617488861083984e+01	7.648029327392578125e+00
9.806661605834960938e+00	4.040885448455810547e+00
1.073716068267822266e+01	4.677516937255859375e+00
3.630705356597900391e+00	6.668119430541992188e+00
1.110229873657226562e+01	6.750764846801757812e+00
7.968442440032958984e+00	4.631520271301269531e+00
4.069251060485839844e+00	8.587849617004394531e+00
7.654840946197509766e+00	9.643758773803710938e+00
4.873275279998779297e+00	9.247316360473632812e+00
8.344017982482910156e+00	8.933098793029785156e+00
7.520736694335937500e+00	5.018108367919921875e+00
8.212797164916992188e+00	5.377381324768066406e+00
1.187760543823242188e+01	5.642750740051269531e+00
9.396061897277832031e+00	3.820740938186645508e+00
1.254702663421630859e+01	8.288462638854980469e+00
1.194986820220947266e+01	4.734720230102539062e+00
5.888741016387939453e+00	8.224932670593261719e+00
1.004250335693359375e+01	8.778391838073730469e+00
6.866294860839843750e+00	8.698310852050781250e+00
7.731163978576660156e+00	8.024448394775390625e+00
5.845832347869873047e+00	9.799620628356933594e+00
1.209063911437988281e+01	6.495978355407714844e+00
9.258634567260742188e+00	7.363225936889648438e+00
2.532987117767333984e+00	8.529572486877441406e+00
3.815245389938354492e+00	7.325017929077148438e+00
4.544386863708496094e+00	5.484428405761718750e+00
9.379861831665039062e+00	8.910648345947265625e+00
4.865548133850097656e+00	8.064677238464355469e+00
6.492715358734130859e+00	8.683142662048339844e+00
1.095528030395507812e+01	7.274637699127197266e+00
9.326183319091796875e+00	7.200695991516113281e+00
1.122141742706298828e+01	9.435067176818847656e+00
7.999165058135986328e+00	6.904334545135498047e+00
9.090050697326660156e+00	9.489210128784179688e+00
7.903359889984130859e+00	5.873392581939697266e+00
7.601671695709228516e+00	7.328826904296875000e+00
5.120990276336669922e+00	8.909340858459472656e+00
8.022796630859375000e+00	5.825558185577392578e+00
6.527562618255615234e+00	9.664540290832519531e+00
7.006768703460693359e+00	1.040465736389160156e+01
9.827532768249511719e+00	6.324199199676513672e+00
9.882618904113769531e+00	5.317006587982177734e+00
7.631189823150634766e+00	4.773776054382324219e+00
8.461526870727539062e+00	3.847003936767578125e+00
8.455997467041015625e+00	5.448872089385986328e+00
7.928439140319824219e+00	6.137049198150634766e+00
9.692677497863769531e+00	8.861220359802246094e+00
7.882406711578369141e+00	8.578433990478515625e+00
9.700660705566406250e+00	4.308856487274169922e+00
1.216159629821777344e+01	8.229391098022460938e+00
1.092528629302978516e+01	4.739461421966552734e+00
8.767024993896484375e+00	9.175893783569335938e+00
7.797786712646484375e+00	9.786284446716308594e+00
8.616531372070312500e+00	9.842632293701171875e+00
8.061573982238769531e+00	4.003952026367187500e+00
1.122367095947265625e+01	4.146831512451171875e+00
8.171132087707519531e+00	7.675405025482177734e+00
5.429591178894042969e+00	7.219643115997314453e+00
8.489194869995117188e+00	5.502085685729980469e+00
1.108045864105224609e+01	8.036902427673339844e+00
8.882552146911621094e+00	5.597270011901855469e+00
5.968392848968505859e+00	6.387579917907714844e+00
8.283745765686035156e+00	4.551580429077148438e+00
5.310168266296386719e+00	7.285479068756103516e+00
1.182477569580078125e+01	5.820509433746337891e+00
6.221959590911865234e+00	6.839955806732177734e+00
1.245799827575683594e+01	7.406573295593261719e+00
6.605974674224853516e+00	8.677937507629394531e+00
8.568685531616210938e+00	9.275287628173828125e+00
3.034359931945800781e+00	7.271006107330322266e+00
1.184457588195800781e+01	4.705646038055419922e+00
1.218638038635253906e+01	9.302745819091796875e+00
6.374877452850341797e+00	4.786290168762207031e+00
7.144248962402343750e+00	5.383517265319824219e+00
7.939049720764160156e+00	6.949525833129882812e+00
4.495183467864990234e+00	7.083708763122558594e+00
1.020032310485839844e+01	7.872072696685791016e+00
1.151679229736328125e+01	5.044909477233886719e+00
9.031704902648925781e+00	7.488946437835693359e+00
9.183602333068847656e+00	8.509770393371582031e+00
1.074217700958251953e+01	8.641989707946777344e+00
5.877827167510986328e+00	9.172299385070800781e+00
5.307789802551269531e+00	6.284808635711669922e+00
1.127221488952636719e+01	5.501604557037353516e+00
1.067210102081298828e+01	4.872056484222412109e+00
8.587793350219726562e+00	3.941746473312377930e+00
1.010425281524658203e+01	7.120165824890136719e+00
9.826738357543945312e+00	8.134020805358886719e+00
8.060205459594726562e+00	6.716833114624023438e+00
1.060215282440185547e+01	6.667511940002441406e+00
8.341945648193359375e+00	8.531186103820800781e+00
3.490000963211059570e+00	9.129382133483886719e+00
7.484436511993408203e+00	7.523118019104003906e+00
9.299987792968750000e+00	4.458477973937988281e+00
9.319224357604980469e+00	9.996644973754882812e+00
1.117747116088867188e+01	6.447218418121337891e+00
1.108235073089599609e+01	5.661203384399414062e+00
5.623928070068359375e+00	8.824904441833496094e+00
9.073557853698730469e+00	5.133660793304443359e+00
3.269246101379394531e+00	6.067328453063964844e+00
5.016859054565429688e+00	6.269923686981201172e+00
6.300786018371582031e+00	5.850964546203613281e+00
7.470321178436279297e+00	9.955718040466308594e+00
7.387999057769775391e+00	7.782884120941162109e+00
8.152314186096191406e+00	1.021108055114746094e+01
8.367341995239257812e+00	7.886697769165039062e+00
1.136855030059814453e+01	4.217128753662109375e+00
6.241511344909667969e+00	6.715878486633300781e+00
9.200531005859375000e+00	9.056509017944335938e+00
1.007084369659423828e+01	6.764694690704345703e+00
1.092018890380859375e+01	6.240036010742187500e+00
1.074489784240722656e+01	6.163584232330322266e+00
1.213410854339599609e+01	9.042194366455078125e+00
7.333596706390380859e+00	8.815409660339355469e+00
1.201041603088378906e+01	6.455536365509033203e+00
7.825315952301025391e+00	6.344497203826904297e+00
8.567268371582031250e+00	7.556378364562988281e+00
5.599825382232666016e+00	7.893663406372070312e+00
5.681499481201171875e+00	9.011759757995605469e+00
8.584584236145019531e+00	5.789355278015136719e+00
1.048500537872314453e+01	5.489722728729248047e+00
6.737894058227539062e+00	5.868724346160888672e+00
5.849852085113525391e+00	8.492821693420410156e+00
1.009845447540283203e+01	4.191294193267822266e+00
1.028291511535644531e+01	6.233562469482421875e+00
1.028989696502685547e+01	8.311665534973144531e+00
9.673043251037597656e+00	8.526936531066894531e+00
6.991428375244140625e+00	7.014433383941650391e+00
1.169117546081542969e+01	7.607682704925537109e+00
8.099739074707031250e+00	1.031854438781738281e+01
2.086103916168212891e+00	7.448438644409179688e+00
7.825147151947021484e+00	3.842798948287963867e+00
1.071539783477783203e+01	4.944554328918457031e+00
1.034705829620361328e+01	4.898993492126464844e+00
4.625349044799804688e+00	8.949517250061035156e+00
1.181414985656738281e+01	6.982579231262207031e+00
9.087350845336914062e+00	5.504414081573486328e+00
9.613383293151855469e+00	7.743350028991699219e+00
1.011483001708984375e+01	4.434177875518798828e+00
9.383835792541503906e+00	4.931598663330078125e+00
7.905184745788574219e+00	4.881024837493896484e+00
1.251845932006835938e+01	5.623275279998779297e+00
1.174004554748535156e+01	5.651472091674804688e+00
9.607740402221679688e+00	3.769513368606567383e+00
2.394408941268920898e+00	5.750227451324462891e+00
5.359101295471191406e+00	9.024471282958984375e+00
3.081708192825317383e+00	5.215372562408447266e+00
1.183903408050537109e+01	8.772416114807128906e+00
7.804174423217773438e+00	8.199034690856933594e+00
8.065722465515136719e+00	6.287670135498046875e+00
1.063453674316406250e+01	7.893343448638916016e+00
9.422625541687011719e+00	1.000192737579345703e+01
1.076191997528076172e+01	6.286249637603759766e+00
7.528540134429931641e+00	4.408284664154052734e+00
9.385501861572265625e+00	5.211187362670898438e+00
9.068155288696289062e+00	3.998431444168090820e+00
9.900978088378906250e+00	5.749053955078125000e+00
1.033434486389160156e+01	9.672034263610839844e+00
1.022278499603271484e+01	8.014005661010742188e+00
8.173388481140136719e+00	3.876696109771728516e+00
1.111931228637695312e+01	4.469370365142822266e+00
5.694636344909667969e+00	7.160081386566162109e+00
9.689651489257812500e+00	7.000366210937500000e+00
8.172469139099121094e+00	7.217186450958251953e+00
8.444299697875976562e+00	8.447960853576660156e+00
5.390736579895019531e+00	8.872171401977539062e+00
9.265185356140136719e+00	7.681473731994628906e+00
9.522232055664062500e+00	8.704652786254882812e+00
6.862560272216796875e+00	8.530097961425781250e+00
8.934652328491210938e+00	6.375801563262939453e+00
4.921962738037109375e+00	9.002567291259765625e+00
1.169235229492187500e+01	6.548564434051513672e+00
5.546341419219970703e+00	6.913641929626464844e+00
5.404221057891845703e+00	9.318267822265625000e+00
7.915555477142333984e+00	7.935842037200927734e+00
1.091073894500732422e+01	7.501047134399414062e+00
1.136002635955810547e+01	6.621403217315673828e+00
8.006473541259765625e+00	7.411445617675781250e+00
1.110538578033447266e+01	7.430965423583984375e+00
6.578560829162597656e+00	5.656264305114746094e+00
1.239097023010253906e+01	5.406532287597656250e+00
5.341129302978515625e+00	6.109160900115966797e+00
9.758002281188964844e+00	9.084298133850097656e+00
8.248674392700195312e+00	8.168474197387695312e+00
1.126056861877441406e+01	4.636453628540039062e+00
9.774308204650878906e+00	9.558207511901855469e+00
6.205748558044433594e+00	6.450886249542236328e+00
1.193502902984619141e+01	7.279592037200927734e+00
2.814824819564819336e+00	5.975163936614990234e+00
1.052879619598388672e+01	5.128869056701660156e+00
6.776806354522705078e+00	9.720847129821777344e+00
1.143692588806152344e+01	7.808269023895263672e+00
6.818860530853271484e+00	8.241276741027832031e+00
6.161348342895507812e+00	7.275847911834716797e+00
7.641248226165771484e+00	4.793165683746337891e+00
3.019525766372680664e+00	6.091446876525878906e+00
5.629984855651855469e+00	5.156902313232421875e+00
1.224052333831787109e+01	6.730550765991210938e+00
7.316288471221923828e+00	6.826817512512207031e+00
1.060635280609130859e+01	5.010623931884765625e+00
9.632150650024414062e+00	7.097875118255615234e+00
8.353512763977050781e+00	3.286728620529174805e+00
1.156494712829589844e+01	8.156599998474121094e+00
1.115768241882324219e+01	8.313452720642089844e+00
1.203565120697021484e+01	5.393986701965332031e+00
8.100631713867187500e+00	5.364122390747070312e+00
5.659297466278076172e+00	8.031558036804199219e+00
8.443606376647949219e+00	7.651842117309570312e+00
7.212010860443115234e+00	5.775605201721191406e+00
6.089149475097656250e+00	8.148160934448242188e+00
1.206333732604980469e+01	8.803940773010253906e+00
7.994722843170166016e+00	9.405846595764160156e+00
6.715269565582275391e+00	9.172636985778808594e+00
1.081622982025146484e+01	5.381477832794189453e+00
6.999438285827636719e+00	9.422082901000976562e+00
1.259520721435546875e+01	7.172455310821533203e+00
1.083355522155761719e+01	5.877412319183349609e+00
9.404409408569335938e+00	6.801776885986328125e+00
8.454724311828613281e+00	1.055207824707031250e+01
1.083018493652343750e+01	9.855897903442382812e+00
1.172819614410400391e+01	7.773429393768310547e+00
9.656818389892578125e+00	6.050095558166503906e+00
7.090193748474121094e+00	6.956219673156738281e+00
1.051487922668457031e+01	5.349609375000000000e+00
7.411817550659179688e+00	8.000555992126464844e+00
6.516875743865966797e+00	6.515947818756103516e+00
3.454113960266113281e+00	6.651060104370117188e+00
2.726469993591308594e+00	5.855608940124511719e+00
1.222158336639404297e+01	6.139322280883789062e+00
7.261799812316894531e+00	5.909265995025634766e+00
4.231591224670410156e+00	9.524874687194824219e+00
8.784227371215820312e+00	3.651400089263916016e+00
1.133170986175537109e+01	3.817981481552124023e+00
1.092166996002197266e+01	4.934527873992919922e+00
1.134288215637207031e+01	4.472144603729248047e+00
7.350571155548095703e+00	3.405453443527221680e+00
7.303779602050781250e+00	1.027889728546142578e+01
6.584923267364501953e+00	8.333330154418945312e+00
1.260464000701904297e+01	7.813442230224609375e+00
6.868832588195800781e+00	9.319274902343750000e+00
1.085579776763916016e+01	6.730665206909179688e+00
7.414473056793212891e+00	7.258283615112304688e+00
7.812247753143310547e+00	5.656567573547363281e+00
1.178889369964599609e+01	5.004132270812988281e+00
2.390743970870971680e+00	7.918618202209472656e+00
7.502661705017089844e+00	9.803978919982910156e+00
7.777462482452392578e+00	8.773911476135253906e+00
1.003946685791015625e+01	9.301017761230468750e+00
7.535102367401123047e+00	5.135265827178955078e+00
1.050251197814941406e+01	5.644899845123291016e+00
1.185293388366699219e+01	8.957317352294921875e+00
1.074160766601562500e+01	9.409233093261718750e+00
8.247346878051757812e+00	5.167536735534667969e+00
6.886666297912597656e+00	6.499626636505126953e+00
7.295337200164794922e+00	5.902646064758300781e+00
1.204711914062500000e+01	8.717662811279296875e+00
4.248731613159179688e+00	5.271634101867675781e+00
1.032078075408935547e+01	8.883259773254394531e+00
1.131171894073486328e+01	4.880308151245117188e+00
7.754490852355957031e+00	9.123152732849121094e+00
7.822265625000000000e+00	8.384376525878906250e+00
8.950260162353515625e+00	8.994795799255371094e+00
7.427558898925781250e+00	9.486376762390136719e+00
9.941338539123535156e+00	6.318093776702880859e+00
8.994153022766113281e+00	8.113536834716796875e+00
3.664420366287231445e+00	8.619642257690429688e+00
8.224040031433105469e+00	5.440293788909912109e+00
1.148002243041992188e+01	5.427872657775878906e+00
7.778490066528320312e+00	5.750127315521240234e+00
1.009731769561767578e+01	8.162275314331054688e+00
8.393382072448730469e+00	6.637132167816162109e+00
7.836056709289550781e+00	3.054229736328125000e+00
1.265696144104003906e+01	8.347786903381347656e+00
1.084664630889892578e+01	8.580774307250976562e+00
7.992208957672119141e+00	4.327914237976074219e+00
1.021225070953369141e+01	8.810257911682128906e+00
9.172645568847656250e+00	4.182695865631103516e+00
1.063283920288085938e+01	3.370742082595825195e+00
8.318965911865234375e+00	6.467683792114257812e+00
1.232182693481445312e+01	5.622720241546630859e+00
7.448538303375244141e+00	5.857305526733398438e+00
1.146578788757324219e+01	8.825545310974121094e+00
8.826169967651367188e+00	4.784599304199218750e+00
5.414263725280761719e+00	9.006498336791992188e+00
8.200591087341308594e+00	4.389656543731689453e+00
8.543056488037109375e+00	7.500377655029296875e+00
1.022297668457031250e+01	7.256073951721191406e+00
1.891766548156738281e+00	7.230692386627197266e+00
7.180185794830322266e+00	5.774703979492187500e+00
9.118661880493164062e+00	7.050656318664550781e+00
6.058519840240478516e+00	6.071481704711914062e+00
6.829430103302001953e+00	6.696915626525878906e+00
1.199361896514892578e+01	8.293107032775878906e+00
1.140782165527343750e+01	5.555074691772460938e+00
6.211668968200683594e+00	5.622621059417724609e+00
9.892888069152832031e+00	4.806574344635009766e+00
1.086546516418457031e+01	3.360155105590820312e+00
1.142387294769287109e+01	6.129343986511230469e+00
8.620805740356445312e+00	5.205978870391845703e+00
1.201576709747314453e+01	8.081712722778320312e+00
1.007650375366210938e+01	7.940385818481445312e+00
7.002677440643310547e+00	8.739233016967773438e+00
8.668472290039062500e+00	4.129755496978759766e+00
1.184279251098632812e+01	9.173449516296386719e+00
8.623394012451171875e+00	4.738022327423095703e+00
8.241436004638671875e+00	4.737257003784179688e+00
8.455569267272949219e+00	3.805673599243164062e+00
1.174104022979736328e+01	7.055202007293701172e+00
8.489446640014648438e+00	4.973129749298095703e+00
4.658943653106689453e+00	7.394236564636230469e+00
9.574328422546386719e+00	5.214581489562988281e+00
1.037632179260253906e+01	3.995589256286621094e+00
6.475914478302001953e+00	8.296074867248535156e+00
2.765523910522460938e+00	7.231093406677246094e+00
3.251038789749145508e+00	8.457400321960449219e+00
1.093650245666503906e+01	6.617230892181396484e+00
8.005321502685546875e+00	7.828810691833496094e+00
1.072460079193115234e+01	3.670819759368896484e+00
6.991820812225341797e+00	8.146887779235839844e+00
4.363255500793457031e+00	8.203095436096191406e+00
9.123038291931152344e+00	6.321586608886718750e+00
1.250670623779296875e+01	9.062685012817382812e+00
1.130936241149902344e+01	4.639739513397216797e+00
9.964318275451660156e+00	7.432404518127441406e+00
8.026142120361328125e+00	7.127100944519042969e+00
5.632641792297363281e+00	9.094546318054199219e+00
7.045716285705566406e+00	4.351143360137939453e+00
9.501603126525878906e+00	7.915921688079833984e+00
6.203013896942138672e+00	1.012200164794921875e+01
9.225189208984375000e+00	3.044471025466918945e+00
8.553318977355957031e+00	9.370215415954589844e+00
5.714900970458984375e+00	1.004702091217041016e+01
2.626067161560058594e+00	6.184695720672607422e+00
1.211427974700927734e+01	9.330723762512207031e+00
1.003934860229492188e+01	3.126969814300537109e+00
7.105285167694091797e+00	5.611733913421630859e+00
7.421761989593505859e+00	8.104700088500976562e+00
8.453932762145996094e+00	5.274494647979736328e+00
4.926156044006347656e+00	7.950000286102294922e+00
8.988236427307128906e+00	6.592647552490234375e+00
9.433345794677734375e+00	8.175422668457031250e+00
1.106006050109863281e+01	3.937108516693115234e+00
1.196564674377441406e+01	7.953028202056884766e+00
8.747267723083496094e+00	4.924579620361328125e+00
1.094060993194580078e+01	8.742302894592285156e+00
3.752346277236938477e+00	7.261199474334716797e+00
6.518752098083496094e+00	5.889918327331542969e+00
7.377748012542724609e+00	9.974536895751953125e+00
4.003074645996093750e+00	6.477670669555664062e+00
1.141451168060302734e+01	6.412382125854492188e+00
1.171667480468750000e+01	5.604479789733886719e+00
3.978990316390991211e+00	5.722905635833740234e+00
8.740669250488281250e+00	5.880751609802246094e+00
1.155732154846191406e+01	5.001466751098632812e+00
6.985694408416748047e+00	6.797627925872802734e+00
9.101151466369628906e+00	8.645459175109863281e+00
1.222274303436279297e+01	6.861689090728759766e+00
1.120878028869628906e+01	4.554687976837158203e+00
8.490563392639160156e+00	3.012076377868652344e+00
1.127703571319580078e+01	3.950913667678833008e+00
7.669099807739257812e+00	6.903966903686523438e+00
8.302670478820800781e+00	4.279170989990234375e+00
1.143454170227050781e+01	5.544253826141357422e+00
1.054773044586181641e+01	6.226122379302978516e+00
1.095036506652832031e+01	4.130661964416503906e+00
9.795834541320800781e+00	5.028731822967529297e+00
1.226043987274169922e+01	6.167599678039550781e+00
1.092196559906005859e+01	6.795196056365966797e+00
6.943812847137451172e+00	8.444210052490234375e+00
1.231369400024414062e+01	7.618141174316406250e+00
8.832935333251953125e+00	7.751265048980712891e+00
1.104330539703369141e+01	5.274474620819091797e+00
1.120965862274169922e+01	7.051128387451171875e+00
9.507580757141113281e+00	6.717226982116699219e+00
9.477268218994140625e+00	8.589922904968261719e+00
6.445177555084228516e+00	4.663163661956787109e+00
1.049739456176757812e+01	6.991044521331787109e+00
7.515688896179199219e+00	9.836412429809570312e+00
1.131157207489013672e+01	7.059810638427734375e+00
1.095231723785400391e+01	5.781821727752685547e+00
1.147023582458496094e+01	6.167989253997802734e+00
1.206813430786132812e+01	8.863921165466308594e+00
2.845247983932495117e+00	6.934915542602539062e+00
1.099598598480224609e+01	9.746873855590820312e+00
1.103467082977294922e+01	4.321216106414794922e+00
3.222726583480834961e+00	7.146615505218505859e+00
9.414094924926757812e+00	5.934304237365722656e+00
1.027539253234863281e+01	1.007060146331787109e+01
8.056925773620605469e+00	5.000133514404296875e+00
9.787099838256835938e+00	7.384916782379150391e+00
9.743902206420898438e+00	5.372138023376464844e+00
1.032801437377929688e+01	7.038561820983886719e+00
1.054093551635742188e+01	5.553894042968750000e+00
9.683632850646972656e+00	4.150789737701416016e+00
9.459026336669921875e+00	4.937613964080810547e+00
6.354588985443115234e+00	8.538404464721679688e+00
1.241441726684570312e+01	8.080943107604980469e+00
1.156550979614257812e+01	7.379270553588867188e+00
7.636355400085449219e+00	3.876160621643066406e+00
3.490520238876342773e+00	8.346140861511230469e+00
8.932700157165527344e+00	5.821394443511962891e+00
1.057895660400390625e+01	8.014910697937011719e+00
7.828045368194580078e+00	6.157629966735839844e+00
7.596305370330810547e+00	5.272634983062744141e+00
1.088964843750000000e+01	6.568041324615478516e+00
6.755934715270996094e+00	8.563688278198242188e+00
6.541289329528808594e+00	6.609199047088623047e+00
8.551243782043457031e+00	6.688294887542724609e+00
1.187687683105468750e+01	8.743332862854003906e+00
1.163763523101806641e+01	4.931727409362792969e+00
7.322863101959228516e+00	7.988090991973876953e+00
7.320738792419433594e+00	4.738162517547607422e+00
8.980731964111328125e+00	8.024910926818847656e+00
1.015803718566894531e+01	4.652278900146484375e+00
1.088698482513427734e+01	3.916107416152954102e+00
9.409873008728027344e+00	5.840671539306640625e+00
1.147462844848632812e+01	5.537139415740966797e+00
8.893425941467285156e+00	8.676255226135253906e+00
9.825048446655273438e+00	8.264278411865234375e+00
1.003514194488525391e+01	4.261681556701660156e+00
1.274251747131347656e+01	8.525297164916992188e+00
7.021718502044677734e+00	7.365166664123535156e+00
1.256745624542236328e+01	5.362863063812255859e+00
7.296770095825195312e+00	9.076041221618652344e+00
8.269641876220703125e+00	4.556771755218505859e+00
1.210048866271972656e+01	5.612330436706542969e+00
1.016160106658935547e+01	5.303900718688964844e+00
7.010779380798339844e+00	9.525240898132324219e+00
6.597826480865478516e+00	9.201561927795410156e+00
6.009578227996826172e+00	7.175217151641845703e+00
6.841887950897216797e+00	5.814969539642333984e+00
8.486584663391113281e+00	9.172950744628906250e+00
8.278952598571777344e+00	6.768841743469238281e+00
8.063821792602539062e+00	9.685411453247070312e+00
1.155319023132324219e+01	4.465221405029296875e+00
9.333522796630859375e+00	6.559113025665283203e+00
1.244391727447509766e+01	8.917438507080078125e+00
1.148698329925537109e+01	5.068223953247070312e+00
9.657250404357910156e+00	5.156833648681640625e+00
3.385688543319702148e+00	6.212532520294189453e+00
7.974570274353027344e+00	4.392734527587890625e+00
8.179274559020996094e+00	1.023450565338134766e+01
1.182001304626464844e+01	4.860596179962158203e+00
1.152723503112792969e+01	4.553310394287109375e+00
7.465898036956787109e+00	3.244995117187500000e+00
1.056563377380371094e+01	5.092806816101074219e+00
6.969465732574462891e+00	9.202468872070312500e+00
1.053805255889892578e+01	3.720321655273437500e+00
7.573621749877929688e+00	9.735751152038574219e+00
1.106931591033935547e+01	5.772740840911865234e+00
7.451863765716552734e+00	3.626253366470336914e+00
8.063702583312988281e+00	5.055207729339599609e+00
1.112923336029052734e+01	8.958082199096679688e+00
1.139675807952880859e+01	8.706703186035156250e+00
8.586087226867675781e+00	5.962152481079101562e+00
6.104206562042236328e+00	7.822052478790283203e+00
1.071629428863525391e+01	9.081261634826660156e+00
7.097546100616455078e+00	7.191036224365234375e+00
7.889360427856445312e+00	1.037655353546142578e+01
9.622044563293457031e+00	6.273469448089599609e+00
9.600400924682617188e+00	5.376690864562988281e+00
7.135584354400634766e+00	1.014738082885742188e+01
8.130476951599121094e+00	8.854825019836425781e+00
1.068269538879394531e+01	7.012968540191650391e+00
5.098765850067138672e+00	9.906940460205078125e+00
1.256045532226562500e+01	5.980710983276367188e+00
8.327441215515136719e+00	3.593572139739990234e+00
1.072641754150390625e+01	6.080673694610595703e+00
1.058343505859375000e+01	4.252964496612548828e+00
8.616159439086914062e+00	8.844017982482910156e+00
9.684626579284667969e+00	3.619510889053344727e+00
1.073875522613525391e+01	9.650774002075195312e+00
7.277333736419677734e+00	3.700214385986328125e+00
1.217733669281005859e+01	5.699997425079345703e+00
7.930921554565429688e+00	9.700616836547851562e+00
6.720317840576171875e+00	6.309016704559326172e+00
9.114866256713867188e+00	4.369184494018554688e+00
1.159052848815917969e+01	4.569953441619873047e+00
8.013684272766113281e+00	4.798691272735595703e+00
8.121869087219238281e+00	3.486369371414184570e+00
8.682971954345703125e+00	5.669069290161132812e+00
1.227854061126708984e+01	5.282873153686523438e+00
7.764408111572265625e+00	9.488402366638183594e+00
7.968606472015380859e+00	8.002563476562500000e+00
7.648850917816162109e+00	3.438063621520996094e+00
7.984311103820800781e+00	5.302597522735595703e+00
1.144960117340087891e+01	5.799114227294921875e+00
1.207390785217285156e+01	5.403782844543457031e+00
8.350415229797363281e+00	7.259648799896240234e+00
8.149498939514160156e+00	4.712441921234130859e+00
3.682713985443115234e+00	8.615254402160644531e+00
4.916272640228271484e+00	7.317480564117431641e+00
1.023740863800048828e+01	4.284080982208251953e+00
4.540344238281250000e+00	8.921075820922851562e+00
7.490560054779052734e+00	1.032269573211669922e+01
8.577231407165527344e+00	3.086078882217407227e+00
8.741663932800292969e+00	6.801019191741943359e+00
8.411849021911621094e+00	4.704082489013671875e+00
7.258984565734863281e+00	9.473615646362304688e+00
