7.430736541748046875e+00	3.661741018295288086e+00
4.765578269958496094e+00	5.067823410034179688e+00
8.557379722595214844e+00	7.334017753601074219e+00
1.939295649528503418e+00	7.669444561004638672e+00
7.391879081726074219e+00	7.187363624572753906e+00
7.529380798339843750e+00	8.050110816955566406e+00
7.423419475555419922e+00	5.173301219940185547e+00
8.732220649719238281e+00	7.998793601989746094e+00
1.177425193786621094e+01	5.724813461303710938e+00
5.297351360321044922e+00	2.130658388137817383e+00
2.943635225296020508e+00	6.385709285736083984e+00
4.573236942291259766e+00	6.063296794891357422e+00
1.045088672637939453e+01	7.431801319122314453e+00
5.879762172698974609e+00	6.061191558837890625e+00
8.269127845764160156e+00	8.100504875183105469e+00
2.698762416839599609e+00	5.410759925842285156e+00
1.549717426300048828e+00	7.956268787384033203e+00
8.610928535461425781e+00	8.390011787414550781e+00
4.944220066070556641e+00	7.016610145568847656e+00
1.076543903350830078e+01	6.746560573577880859e+00
1.029084014892578125e+01	4.485749721527099609e+00
3.206788063049316406e+00	7.755040645599365234e+00
2.016041278839111328e+00	5.830146312713623047e+00
4.727667808532714844e+00	4.881205558776855469e+00
7.829493045806884766e+00	5.155678272247314453e+00
6.574785232543945312e+00	5.555103778839111328e+00
2.911526441574096680e+00	7.146777153015136719e+00
6.341845035552978516e+00	3.780638933181762695e+00
3.940085649490356445e+00	3.932349443435668945e+00
7.484634399414062500e+00	3.134044647216796875e+00
1.061667156219482422e+01	5.588867187500000000e+00
1.047860527038574219e+01	6.018050670623779297e+00
4.040761470794677734e+00	6.900014877319335938e+00
6.699460983276367188e+00	5.135104179382324219e+00
3.785008907318115234e+00	6.216047763824462891e+00
9.238929748535156250e+00	6.638098239898681641e+00
3.361310482025146484e+00	4.379220008850097656e+00
6.757659912109375000e+00	4.609936237335205078e+00
4.578494548797607422e+00	3.332285165786743164e+00
4.563889980316162109e+00	7.244354248046875000e+00
3.217396497726440430e+00	7.639346122741699219e+00
1.131829166412353516e+01	5.982528686523437500e+00
2.696141242980957031e+00	6.640971660614013672e+00
8.491853713989257812e+00	3.994393110275268555e+00
6.996129512786865234e+00	2.860027551651000977e+00
7.324559211730957031e+00	6.428209781646728516e+00
1.571418046951293945e+00	5.626781463623046875e+00
6.170448303222656250e+00	8.016434669494628906e+00
1.078184318542480469e+01	6.740060329437255859e+00
6.231261253356933594e+00	4.779032230377197266e+00
6.003860473632812500e+00	2.324604272842407227e+00
6.874894618988037109e+00	5.282988071441650391e+00
5.412778854370117188e+00	6.624877452850341797e+00
7.244511604309082031e+00	3.776222944259643555e+00
8.734753608703613281e+00	4.825913906097412109e+00
6.616048812866210938e+00	8.560478210449218750e+00
4.143987655639648438e+00	8.043259620666503906e+00
3.926517009735107422e+00	7.640529632568359375e+00
3.917214632034301758e+00	4.886198043823242188e+00
1.070725202560424805e+00	5.683530330657958984e+00
3.201123952865600586e+00	6.231553077697753906e+00
2.351092576980590820e+00	6.665194988250732422e+00
2.942727565765380859e+00	8.354001998901367188e+00
3.270771503448486328e+00	7.034216403961181641e+00
8.221240043640136719e+00	5.476007938385009766e+00
7.693609237670898438e+00	8.079587936401367188e+00
8.716530799865722656e+00	6.258548736572265625e+00
1.139627647399902344e+01	6.866840839385986328e+00
4.079640865325927734e+00	3.777559995651245117e+00
8.172719001770019531e+00	3.097842931747436523e+00
8.305587768554687500e+00	8.333068847656250000e+00
8.591137886047363281e+00	7.166995525360107422e+00
5.588186740875244141e+00	5.675915718078613281e+00
6.151508331298828125e+00	4.029848575592041016e+00
1.015762233734130859e+01	4.731379032135009766e+00
1.037588310241699219e+01	5.729081630706787109e+00
9.264286994934082031e+00	6.681372165679931641e+00
1.048834323883056641e+01	8.062970161437988281e+00
8.474552154541015625e+00	7.398772239685058594e+00
5.293705940246582031e+00	6.534258365631103516e+00
8.195014953613281250e+00	7.237079620361328125e+00
9.528291702270507812e+00	6.799250125885009766e+00
2.863239288330078125e+00	6.038348674774169922e+00
1.045942020416259766e+01	4.771111488342285156e+00
3.607827186584472656e+00	2.583088636398315430e+00
3.763599395751953125e+00	3.486153602600097656e+00
9.704657554626464844e+00	5.632200241088867188e+00
8.984874725341796875e+00	6.961845397949218750e+00
5.068880081176757812e+00	6.218491077423095703e+00
1.013184070587158203e+01	7.153308868408203125e+00
6.576099395751953125e+00	6.057834625244140625e+00
1.094502735137939453e+01	7.769307136535644531e+00
6.802330017089843750e+00	6.905786037445068359e+00
4.907375812530517578e+00	5.138635635375976562e+00
5.269824981689453125e+00	4.714777946472167969e+00
8.554934501647949219e+00	8.002472877502441406e+00
1.063605880737304688e+01	7.646476268768310547e+00
6.439701557159423828e+00	7.141399860382080078e+00
5.257504463195800781e+00	4.972820281982421875e+00
3.493758440017700195e+00	6.314843654632568359e+00
4.237804889678955078e+00	6.474637031555175781e+00
2.998862981796264648e+00	8.023766517639160156e+00
6.844168663024902344e+00	6.259156227111816406e+00
2.615266561508178711e+00	7.992805957794189453e+00
7.603963851928710938e+00	7.883157730102539062e+00
3.970246553421020508e+00	3.140428304672241211e+00
7.052042484283447266e+00	6.678988933563232422e+00
6.071023344993591309e-01	6.666599273681640625e+00
9.647614479064941406e+00	6.537990093231201172e+00
9.262577056884765625e+00	7.084431648254394531e+00
8.906918525695800781e+00	5.693660736083984375e+00
6.620864391326904297e+00	7.203055858612060547e+00
5.099514007568359375e+00	5.584701061248779297e+00
6.893882751464843750e+00	7.157142639160156250e+00
1.117333507537841797e+01	7.134209156036376953e+00
6.906225204467773438e+00	6.216441631317138672e+00
8.122847557067871094e+00	5.642512321472167969e+00
8.807077407836914062e+00	5.066917896270751953e+00
9.182660102844238281e+00	6.973582744598388672e+00
8.341599464416503906e+00	7.068105697631835938e+00
2.179010868072509766e+00	7.745065689086914062e+00
6.909895420074462891e+00	6.730676651000976562e+00
3.773483037948608398e+00	6.049735069274902344e+00
2.900248289108276367e+00	5.458169937133789062e+00
3.912390708923339844e+00	5.794799327850341797e+00
3.857879877090454102e+00	3.068225383758544922e+00
9.777004241943359375e+00	7.017168045043945312e+00
1.171028232574462891e+01	5.163778305053710938e+00
6.197145938873291016e+00	6.801882266998291016e+00
3.428369283676147461e+00	7.834739685058593750e+00
7.638381481170654297e+00	4.979753017425537109e+00
1.521214008331298828e+00	7.176641464233398438e+00
7.575246334075927734e+00	8.455031394958496094e+00
7.487623214721679688e+00	7.276893615722656250e+00
1.065264129638671875e+01	7.119992733001708984e+00
6.548037528991699219e+00	2.356087923049926758e+00
6.201953887939453125e+00	6.871946334838867188e+00
4.136224746704101562e+00	7.109870910644531250e+00
2.609484434127807617e+00	5.943167209625244141e+00
6.843197822570800781e+00	5.425391197204589844e+00
5.178522109985351562e+00	6.017651081085205078e+00
1.006281661987304688e+01	7.068075656890869141e+00
1.127753734588623047e+01	4.455043315887451172e+00
7.897068023681640625e+00	3.560667753219604492e+00
1.032862758636474609e+01	4.177670001983642578e+00
1.202546215057373047e+01	6.304859638214111328e+00
6.743945598602294922e+00	4.049879074096679688e+00
1.009305667877197266e+01	5.748738288879394531e+00
9.602307081222534180e-01	5.897804260253906250e+00
7.313381671905517578e+00	8.378424644470214844e+00
2.878003358840942383e+00	5.603952407836914062e+00
6.679616928100585938e+00	5.721903324127197266e+00
4.088657379150390625e+00	3.970236539840698242e+00
4.813748836517333984e+00	3.818940877914428711e+00
3.507010459899902344e+00	2.824529647827148438e+00
2.872728824615478516e+00	6.159473419189453125e+00
3.584253072738647461e+00	6.647449970245361328e+00
5.078279376029968262e-01	7.895522117614746094e+00
4.558761596679687500e+00	4.616188049316406250e+00
4.402766227722167969e+00	5.636667728424072266e+00
6.086672782897949219e+00	6.473339080810546875e+00
5.196311950683593750e+00	6.508522987365722656e+00
6.702630519866943359e+00	4.837371349334716797e+00
6.652396678924560547e+00	5.768023490905761719e+00
8.975940704345703125e+00	3.610272169113159180e+00
9.978073120117187500e+00	6.673672676086425781e+00
4.186483383178710938e+00	6.357112884521484375e+00
3.077253103256225586e+00	8.525436401367187500e+00
1.070342063903808594e+01	7.972828865051269531e+00
8.556093215942382812e+00	5.025938034057617188e+00
5.515344619750976562e+00	8.146662712097167969e+00
7.475056648254394531e+00	7.968533039093017578e+00
4.475473403930664062e+00	5.105084419250488281e+00
8.090089797973632812e+00	7.640991210937500000e+00
7.380805492401123047e+00	3.093231916427612305e+00
7.815656661987304688e+00	8.417028427124023438e+00
6.547186374664306641e+00	4.799637317657470703e+00
4.049723625183105469e+00	7.324188709259033203e+00
4.257374763488769531e+00	7.788088321685791016e+00
2.646252512931823730e-01	6.812023639678955078e+00
1.681452035903930664e+00	7.794429302215576172e+00
6.000483036041259766e+00	2.915257215499877930e+00
5.738700389862060547e+00	4.700721740722656250e+00
8.054987907409667969e+00	5.058585643768310547e+00
9.214504241943359375e+00	4.971931457519531250e+00
9.001847267150878906e+00	3.396185398101806641e+00
6.664145946502685547e+00	4.835913658142089844e+00
3.590096473693847656e+00	5.081373691558837891e+00
3.303306102752685547e+00	3.151467323303222656e+00
3.438233137130737305e+00	8.029845237731933594e+00
8.760497093200683594e+00	3.577851295471191406e+00
5.846471309661865234e+00	6.407523632049560547e+00
4.880470752716064453e+00	6.951416492462158203e+00
1.080575752258300781e+01	4.076809883117675781e+00
7.870733261108398438e+00	5.285973072052001953e+00
1.017311573028564453e+01	4.024332523345947266e+00
4.275987625122070312e+00	4.083776950836181641e+00
3.936648607254028320e+00	3.889063835144042969e+00
3.922183990478515625e+00	3.014211416244506836e+00
5.640213012695312500e+00	5.269760131835937500e+00
7.839874744415283203e+00	3.173265457153320312e+00
4.827656269073486328e+00	7.160014629364013672e+00
1.149058246612548828e+01	4.762345314025878906e+00
6.555846691131591797e+00	6.476075649261474609e+00
7.145640850067138672e+00	6.139802932739257812e+00
1.685786724090576172e+00	7.019528865814208984e+00
1.045450305938720703e+01	4.628544807434082031e+00
7.809423923492431641e+00	2.257243871688842773e+00
7.160475254058837891e+00	4.064532279968261719e+00
5.330756664276123047e+00	4.546192646026611328e+00
1.141869544982910156e+01	5.196404457092285156e+00
7.497190475463867188e+00	4.563459396362304688e+00
9.688776969909667969e+00	5.168562412261962891e+00
4.787781238555908203e+00	5.655835151672363281e+00
4.325727939605712891e+00	3.237798929214477539e+00
1.309376478195190430e+00	7.213527679443359375e+00
8.368525505065917969e+00	4.318111419677734375e+00
3.241420984268188477e+00	8.092961311340332031e+00
3.744720935821533203e+00	7.355131149291992188e+00
2.073422193527221680e+00	8.323652267456054688e+00
6.016979694366455078e+00	5.607282638549804688e+00
3.956031560897827148e+00	3.872419118881225586e+00
9.989396095275878906e+00	6.632795333862304688e+00
1.950972199440002441e+00	6.382820606231689453e+00
5.480724334716796875e+00	8.017601013183593750e+00
2.197032690048217773e+00	7.614317417144775391e+00
6.536332130432128906e+00	8.470431327819824219e+00
4.617513656616210938e+00	7.518707275390625000e+00
9.916460037231445312e+00	3.999963521957397461e+00
1.023126125335693359e+01	6.192076683044433594e+00
1.906365871429443359e+00	5.458606719970703125e+00
1.196482563018798828e+01	5.476554870605468750e+00
7.438234329223632812e+00	7.522273063659667969e+00
5.886250972747802734e+00	6.538799285888671875e+00
9.770548820495605469e+00	7.116491317749023438e+00
8.253410339355468750e+00	7.083662986755371094e+00
4.289481639862060547e+00	7.038080215454101562e+00
5.849750041961669922e+00	5.529277324676513672e+00
1.129427719116210938e+01	6.354183673858642578e+00
9.563220024108886719e+00	6.224284648895263672e+00
2.561410665512084961e+00	6.554012298583984375e+00
1.313327789306640625e+00	5.206927776336669922e+00
1.239939689636230469e+00	5.332341194152832031e+00
9.674696922302246094e+00	6.087392330169677734e+00
1.126987266540527344e+01	5.480880737304687500e+00
2.520008802413940430e+00	4.828061103820800781e+00
7.102046012878417969e+00	8.667624473571777344e+00
5.143799304962158203e+00	5.218658447265625000e+00
3.154883146286010742e+00	5.265637874603271484e+00
7.803152084350585938e+00	7.468470573425292969e+00
4.211836814880371094e+00	7.167917728424072266e+00
7.377581119537353516e+00	1.760141491889953613e+00
1.122774124145507812e+01	5.268487930297851562e+00
8.064022064208984375e+00	5.420082569122314453e+00
6.911736488342285156e+00	4.466704368591308594e+00
9.850844383239746094e+00	5.619169712066650391e+00
7.805726051330566406e+00	2.519180536270141602e+00
1.062759399414062500e+01	7.811239242553710938e+00
6.230454444885253906e+00	8.401639938354492188e+00
6.206719398498535156e+00	3.810482978820800781e+00
4.415333271026611328e+00	2.856138467788696289e+00
1.035216712951660156e+01	7.849822521209716797e+00
4.574038028717041016e+00	5.642329692840576172e+00
8.214076995849609375e+00	8.392338752746582031e+00
9.816757202148437500e+00	4.585875034332275391e+00
8.827418327331542969e+00	7.095598697662353516e+00
6.517023086547851562e+00	6.645950794219970703e+00
6.831681728363037109e+00	4.713911533355712891e+00
4.964515209197998047e+00	7.579060554504394531e+00
1.120282173156738281e+01	6.517569541931152344e+00
7.064863204956054688e+00	4.013409137725830078e+00
7.167244911193847656e+00	6.825868129730224609e+00
6.582724094390869141e+00	4.281332492828369141e+00
3.373596906661987305e+00	5.742790222167968750e+00
4.947315216064453125e+00	5.715903282165527344e+00
8.427080154418945312e+00	6.060904979705810547e+00
9.040833473205566406e+00	3.550345420837402344e+00
1.105363082885742188e+01	5.770891666412353516e+00
4.680385112762451172e+00	6.543973445892333984e+00
8.677822113037109375e+00	3.929795265197753906e+00
6.370346546173095703e+00	4.313611030578613281e+00
1.974485665559768677e-01	7.301041126251220703e+00
6.064824581146240234e+00	7.818457126617431641e+00
2.167601346969604492e+00	7.877392768859863281e+00
9.082745552062988281e+00	7.944275856018066406e+00
6.400306701660156250e+00	3.576880693435668945e+00
3.156804084777832031e+00	7.277425765991210938e+00
1.208471202850341797e+01	5.684155941009521484e+00
8.403388023376464844e+00	8.542319297790527344e+00
5.678855895996093750e+00	6.870517730712890625e+00
3.997421741485595703e+00	4.205768108367919922e+00
1.063965415954589844e+01	5.353108882904052734e+00
2.959582090377807617e+00	7.043257236480712891e+00
5.478462696075439453e+00	6.453112125396728516e+00
8.291938781738281250e+00	6.962939739227294922e+00
1.499243259429931641e+00	7.542348861694335938e+00
1.037796306610107422e+01	5.720322608947753906e+00
6.619629859924316406e+00	7.908991336822509766e+00
9.248664855957031250e+00	8.345207214355468750e+00
8.457898139953613281e+00	8.369894981384277344e+00
8.501974940299987793e-01	5.933463096618652344e+00
1.086046123504638672e+01	6.609485149383544922e+00
4.317469120025634766e+00	3.510057926177978516e+00
5.651137828826904297e+00	4.195823669433593750e+00
4.643509387969970703e+00	7.342655658721923828e+00
3.731482267379760742e+00	3.482061862945556641e+00
6.843054771423339844e+00	6.545608043670654297e+00
1.186251997947692871e+00	5.620435237884521484e+00
6.820650577545166016e+00	6.407885074615478516e+00
2.565298557281494141e+00	5.130153179168701172e+00
5.217124938964843750e+00	6.714216232299804688e+00
5.850000858306884766e+00	3.984926223754882812e+00
5.708182334899902344e+00	6.638528823852539062e+00
3.684352159500122070e+00	5.036030292510986328e+00
3.741379976272583008e+00	4.772656917572021484e+00
6.125699520111083984e+00	4.558410644531250000e+00
1.078050136566162109e+01	4.468976497650146484e+00
8.048598289489746094e+00	8.107065200805664062e+00
2.787851572036743164e+00	5.800501346588134766e+00
1.217336368560791016e+01	5.337908267974853516e+00
5.405234813690185547e+00	1.820789813995361328e+00
8.260754585266113281e+00	6.779357910156250000e+00
4.122719764709472656e+00	7.195872306823730469e+00
9.518908858299255371e-01	7.587991237640380859e+00
9.239115715026855469e+00	4.380024909973144531e+00
7.866108417510986328e+00	8.645676612854003906e+00
1.095707225799560547e+01	4.083583354949951172e+00
6.292240142822265625e+00	2.914788007736206055e+00
3.490169525146484375e+00	4.418012619018554688e+00
3.952853202819824219e+00	8.218792915344238281e+00
7.111193656921386719e+00	8.126254081726074219e+00
6.893634319305419922e+00	4.279498577117919922e+00
9.057910919189453125e+00	3.520430326461791992e+00
8.053960800170898438e+00	4.916596412658691406e+00
4.199512958526611328e+00	5.302545547485351562e+00
9.589367866516113281e+00	7.329731941223144531e+00
4.815302371978759766e+00	4.060762405395507812e+00
9.775548577308654785e-01	8.176519393920898438e+00
8.959012985229492188e+00	6.298798561096191406e+00
5.573977470397949219e+00	7.804787635803222656e+00
5.114716529846191406e+00	6.317534446716308594e+00
7.266956806182861328e+00	4.416634559631347656e+00
7.386362075805664062e+00	5.810049533843994141e+00
1.101941585540771484e+01	5.694435596466064453e+00
3.918256759643554688e-01	6.931807518005371094e+00
8.704960346221923828e-01	6.524995326995849609e+00
3.200339555740356445e+00	4.291633605957031250e+00
1.111675453186035156e+01	6.324046611785888672e+00
1.199153995513916016e+01	5.718761920928955078e+00
3.282871246337890625e+00	7.821922302246093750e+00
6.119817733764648438e+00	6.162054061889648438e+00
7.001789569854736328e+00	3.870079517364501953e+00
1.117099761962890625e+01	4.767029285430908203e+00
5.705363273620605469e+00	3.326505184173583984e+00
5.655617237091064453e+00	4.824899196624755859e+00
5.940370082855224609e+00	8.393377304077148438e+00
4.455457210540771484e+00	4.350510120391845703e+00
1.176060914993286133e+00	7.428525447845458984e+00
8.152938842773437500e+00	5.503517150878906250e+00
5.437410354614257812e+00	2.450787067413330078e+00
5.771027088165283203e+00	1.820218086242675781e+00
4.882149219512939453e+00	6.582548141479492188e+00
3.410214900970458984e+00	4.379049301147460938e+00
5.338414192199707031e+00	4.747488975524902344e+00
7.386910915374755859e+00	5.567465305328369141e+00
5.828143596649169922e+00	4.706989288330078125e+00
8.011903762817382812e+00	6.474236965179443359e+00
7.205231666564941406e+00	5.359505176544189453e+00
2.488677978515625000e+00	6.577350139617919922e+00
7.237628936767578125e+00	5.131401538848876953e+00
9.990474700927734375e+00	4.322482109069824219e+00
1.013206863403320312e+01	7.958989620208740234e+00
6.496795654296875000e+00	3.252156734466552734e+00
1.368369340896606445e+00	7.935513019561767578e+00
4.952055454254150391e+00	3.297877788543701172e+00
6.405507564544677734e+00	4.096606731414794922e+00
4.437177181243896484e+00	7.886715888977050781e+00
5.494191646575927734e+00	2.937311887741088867e+00
1.418562650680541992e+00	6.427134037017822266e+00
1.004124736785888672e+01	7.565987586975097656e+00
1.036494350433349609e+01	5.145862579345703125e+00
2.190303325653076172e+00	4.943635940551757812e+00
7.117007255554199219e+00	3.329201936721801758e+00
6.653668403625488281e+00	4.134295940399169922e+00
5.104529380798339844e+00	5.441566944122314453e+00
8.611141204833984375e+00	7.094772815704345703e+00
9.918511390686035156e+00	7.308642387390136719e+00
3.872954130172729492e+00	5.808709144592285156e+00
9.043663978576660156e+00	6.097242355346679688e+00
4.258489608764648438e+00	7.668956279754638672e+00
7.372226715087890625e+00	4.364351749420166016e+00
8.206353187561035156e+00	5.984150886535644531e+00
1.168671512603759766e+01	5.538033485412597656e+00
1.081133460998535156e+01	7.520968914031982422e+00
2.939554691314697266e+00	6.598131179809570312e+00
5.425633907318115234e+00	4.084514617919921875e+00
3.055586576461791992e+00	5.330414772033691406e+00
3.031368494033813477e+00	7.184235572814941406e+00
8.067187309265136719e+00	3.125881910324096680e+00
8.120597839355468750e+00	4.893930435180664062e+00
1.088054752349853516e+01	4.369589328765869141e+00
4.704425811767578125e+00	4.885379791259765625e+00
1.131557750701904297e+01	5.739219665527343750e+00
9.098247528076171875e+00	7.270772933959960938e+00
3.551625013351440430e+00	8.090973854064941406e+00
7.795089721679687500e+00	6.387101650238037109e+00
1.145667910575866699e+00	5.869244575500488281e+00
2.250279426574707031e+00	5.294497013092041016e+00
7.510476112365722656e+00	2.976336002349853516e+00
1.181059169769287109e+01	5.711040019989013672e+00
7.002335071563720703e+00	5.699805736541748047e+00
7.837015151977539062e+00	4.820653438568115234e+00
1.145659255981445312e+01	5.846749782562255859e+00
7.287923336029052734e+00	5.598342895507812500e+00
8.201495170593261719e+00	8.247204780578613281e+00
5.078728199005126953e+00	8.258373260498046875e+00
5.771141529083251953e+00	8.272445678710937500e+00
3.766920328140258789e+00	6.419288158416748047e+00
5.162949085235595703e+00	4.145066261291503906e+00
9.710386276245117188e+00	7.673749923706054688e+00
6.639500260353088379e-01	6.456779479980468750e+00
2.037665605545043945e+00	7.014636993408203125e+00
5.905605316162109375e+00	6.650231838226318359e+00
4.688294410705566406e+00	5.780998229980468750e+00
5.209033489227294922e+00	6.932289600372314453e+00
8.253389358520507812e+00	3.318879127502441406e+00
4.803053379058837891e+00	4.844632148742675781e+00
3.275930643081665039e+00	4.307388305664062500e+00
3.576434135437011719e+00	5.270106792449951172e+00
6.314225196838378906e+00	7.603372573852539062e+00
4.063380241394042969e+00	3.324981451034545898e+00
8.186399459838867188e+00	3.875115394592285156e+00
9.095720291137695312e+00	6.317068099975585938e+00
9.197443962097167969e+00	5.388188838958740234e+00
7.556202888488769531e+00	6.126818180084228516e+00
6.368069171905517578e+00	7.568739414215087891e+00
3.753535032272338867e+00	4.470460414886474609e+00
5.241736888885498047e+00	5.631210803985595703e+00
4.929089546203613281e+00	3.650676250457763672e+00
3.819878578186035156e+00	7.324055671691894531e+00
3.788207292556762695e+00	6.272691249847412109e+00
3.632110357284545898e+00	4.781217098236083984e+00
8.338113784790039062e+00	5.689557075500488281e+00
2.192509889602661133e+00	4.500622272491455078e+00
5.291959762573242188e+00	6.095930099487304688e+00
1.061194133758544922e+01	4.716188430786132812e+00
8.200801849365234375e+00	8.144974708557128906e+00
6.607118606567382812e+00	3.717868089675903320e+00
1.116729927062988281e+01	6.346786499023437500e+00
6.307693481445312500e+00	4.103782653808593750e+00
4.502137184143066406e+00	6.155600547790527344e+00
7.012980461120605469e+00	4.310966491699218750e+00
9.705461502075195312e+00	6.578930854797363281e+00
5.590617179870605469e+00	3.743897438049316406e+00
3.945677995681762695e+00	5.133697032928466797e+00
5.040197372436523438e+00	6.910928249359130859e+00
5.306520938873291016e+00	6.093944549560546875e+00
6.409456729888916016e+00	4.896786689758300781e+00
7.671525955200195312e+00	2.868351697921752930e+00
5.955572128295898438e+00	3.709369182586669922e+00
9.207974433898925781e+00	5.462558746337890625e+00
2.255018472671508789e+00	4.383918285369873047e+00
4.484894752502441406e+00	6.411378383636474609e+00
4.932862281799316406e+00	4.649655818939208984e+00
6.618809223175048828e+00	7.144326210021972656e+00
3.670845031738281250e+00	6.247045516967773438e+00
4.009730815887451172e+00	4.011784553527832031e+00
7.714982032775878906e+00	3.641685247421264648e+00
3.665924072265625000e+00	5.759531021118164062e+00
8.049118995666503906e+00	2.755862474441528320e+00
4.860996723175048828e+00	7.878067970275878906e+00
5.452194213867187500e+00	7.906794548034667969e+00
2.340609073638916016e+00	8.174805641174316406e+00
3.621390104293823242e+00	3.422347068786621094e+00
7.148766040802001953e+00	3.401474475860595703e+00
8.138341903686523438e+00	6.608253955841064453e+00
7.564027786254882812e+00	6.518565177917480469e+00
6.431862354278564453e+00	3.397372484207153320e+00
7.156919479370117188e+00	1.846124649047851562e+00
6.136188507080078125e+00	4.240541458129882812e+00
9.924237251281738281e+00	3.733204364776611328e+00
9.291660308837890625e+00	4.480733871459960938e+00
7.780554294586181641e+00	2.932301044464111328e+00
7.911980628967285156e+00	4.233498573303222656e+00
1.038587188720703125e+01	6.702003002166748047e+00
4.421554565429687500e+00	5.829002380371093750e+00
4.317679405212402344e+00	3.048310041427612305e+00
5.872838973999023438e+00	3.832853078842163086e+00
1.085127639770507812e+01	6.235691547393798828e+00
4.029706954956054688e+00	6.361111164093017578e+00
4.571439266204833984e+00	7.475932598114013672e+00
4.108988285064697266e+00	7.844293117523193359e+00
3.553717374801635742e+00	5.051382541656494141e+00
5.135186672210693359e+00	7.146011352539062500e+00
7.580325126647949219e+00	1.788017749786376953e+00
9.123214721679687500e+00	8.191105842590332031e+00
8.321439743041992188e+00	4.813471794128417969e+00
1.014746379852294922e+01	5.009770870208740234e+00
4.516238212585449219e+00	4.752050399780273438e+00
5.226229667663574219e+00	5.419285774230957031e+00
4.950427532196044922e+00	5.413048267364501953e+00
3.248219966888427734e+00	6.866891860961914062e+00
1.950736165046691895e+00	5.418370246887207031e+00
7.744240760803222656e+00	8.223550796508789062e+00
3.617171287536621094e+00	6.766423702239990234e+00
6.539182186126708984e+00	4.803493022918701172e+00
5.352387428283691406e+00	7.709993362426757812e+00
-8.346166461706161499e-03	7.566459178924560547e+00
8.356257438659667969e+00	6.419149875640869141e+00
1.267585873603820801e+00	7.222071170806884766e+00
6.520109653472900391e+00	5.504852294921875000e+00
2.791336774826049805e+00	4.127552986145019531e+00
6.454092502593994141e+00	6.764239311218261719e+00
7.060498714447021484e+00	2.984162092208862305e+00
1.092387390136718750e+01	7.296443939208984375e+00
7.743813514709472656e+00	3.332592487335205078e+00
6.213479995727539062e+00	3.290630578994750977e+00
8.803014755249023438e+00	6.767537117004394531e+00
4.655454158782958984e+00	4.887958526611328125e+00
1.100701045989990234e+01	4.578993320465087891e+00
5.122282028198242188e+00	6.351389884948730469e+00
5.630198478698730469e+00	7.405364513397216797e+00
2.731007814407348633e+00	4.185384750366210938e+00
5.020601749420166016e+00	5.860028266906738281e+00
2.792263984680175781e+00	5.140295982360839844e+00
9.258828163146972656e+00	5.019713878631591797e+00
4.947131156921386719e+00	4.515496730804443359e+00
6.989141464233398438e+00	4.847912788391113281e+00
7.078901767730712891e+00	2.738678693771362305e+00
1.013329887390136719e+01	7.941082477569580078e+00
5.331056594848632812e+00	3.650139093399047852e+00
6.798681259155273438e+00	5.040844440460205078e+00
1.118942070007324219e+01	4.382963657379150391e+00
1.090319442749023438e+01	6.141736030578613281e+00
2.950452804565429688e+00	7.549649238586425781e+00
4.984519004821777344e+00	6.079586982727050781e+00
2.080561161041259766e+00	6.844537258148193359e+00
8.189659118652343750e+00	3.540453910827636719e+00
1.116593742370605469e+01	6.141293525695800781e+00
3.378818273544311523e+00	4.494245529174804688e+00
7.345900535583496094e+00	4.373257160186767578e+00
7.048353195190429688e+00	7.484749317169189453e+00
7.630769729614257812e+00	6.623005867004394531e+00
6.788880825042724609e+00	5.634170055389404297e+00
7.850236415863037109e+00	5.312117099761962891e+00
7.203601837158203125e+00	4.583030223846435547e+00
4.041365623474121094e+00	6.870025157928466797e+00
6.375178337097167969e+00	4.779957771301269531e+00
7.081548213958740234e+00	2.832849740982055664e+00
3.658435106277465820e+00	3.967685937881469727e+00
5.120460510253906250e+00	7.934975624084472656e+00
3.335701704025268555e+00	3.522322416305541992e+00
9.821822166442871094e+00	8.011936187744140625e+00
4.953068256378173828e+00	3.623310804367065430e+00
6.878767490386962891e+00	8.104384422302246094e+00
4.275317192077636719e+00	5.449494361877441406e+00
5.846151828765869141e+00	4.731680393218994141e+00
6.410973548889160156e+00	3.729647636413574219e+00
1.989784479141235352e+00	4.764202117919921875e+00
9.279049873352050781e+00	7.274058818817138672e+00
8.376433372497558594e+00	6.081600666046142578e+00
4.971766471862792969e+00	5.039050102233886719e+00
6.553211212158203125e+00	3.633168697357177734e+00
8.525393486022949219e+00	4.744566917419433594e+00
1.029700374603271484e+01	6.648617267608642578e+00
8.103590607643127441e-01	7.208945751190185547e+00
5.809543609619140625e+00	1.701761245727539062e+00
3.803286790847778320e+00	4.111715316772460938e+00
1.195565605163574219e+01	6.254513263702392578e+00
7.681966781616210938e+00	4.861144542694091797e+00
8.530274391174316406e+00	8.245683670043945312e+00
9.874696731567382812e+00	4.620410442352294922e+00
1.534450650215148926e+00	7.565871715545654297e+00
7.310706615447998047e+00	2.743392705917358398e+00
9.820006370544433594e+00	6.371754646301269531e+00
9.044113159179687500e+00	7.497845649719238281e+00
7.724534511566162109e+00	5.748112678527832031e+00
4.670622825622558594e+00	4.467421054840087891e+00
5.026261806488037109e+00	7.005883216857910156e+00
3.434012889862060547e+00	7.564515113830566406e+00
5.644660592079162598e-01	6.457527637481689453e+00
6.917377948760986328e+00	8.625894546508789062e+00
3.854942321777343750e+00	6.700444698333740234e+00
1.163747501373291016e+01	5.852876663208007812e+00
8.047537803649902344e+00	8.074221611022949219e+00
1.043632125854492188e+01	3.884648799896240234e+00
9.703072547912597656e+00	4.398965835571289062e+00
2.334515333175659180e+00	5.198654174804687500e+00
1.212985324859619141e+01	5.625097274780273438e+00
1.309573411941528320e+00	7.049457550048828125e+00
4.024419784545898438e+00	4.974923610687255859e+00
4.088751792907714844e+00	3.959830999374389648e+00
5.774966239929199219e+00	3.142348766326904297e+00
7.188547611236572266e+00	8.509314537048339844e+00
5.592025756835937500e+00	4.268999099731445312e+00
3.444140434265136719e+00	2.810575485229492188e+00
6.969974517822265625e+00	8.311280250549316406e+00
5.794438362121582031e+00	7.765062332153320312e+00
9.900299072265625000e+00	5.533216953277587891e+00
1.850030899047851562e+00	6.898208141326904297e+00
4.370495796203613281e+00	5.389204502105712891e+00
6.060421943664550781e+00	6.441981315612792969e+00
1.157703304290771484e+01	5.473827362060546875e+00
3.515186309814453125e+00	7.297682762145996094e+00
7.877418041229248047e+00	5.631526470184326172e+00
3.798321723937988281e+00	4.443530559539794922e+00
1.121780109405517578e+01	6.756666660308837891e+00
8.670387268066406250e+00	5.111373424530029297e+00
4.804815292358398438e+00	7.327173233032226562e+00
7.203791141510009766e+00	3.527239084243774414e+00
5.918790340423583984e+00	5.553273200988769531e+00
9.843361854553222656e+00	5.528713226318359375e+00
9.133629798889160156e+00	4.997670173645019531e+00
9.144845962524414062e+00	7.577748775482177734e+00
6.812700748443603516e+00	7.818402290344238281e+00
2.055536746978759766e+00	5.622934341430664062e+00
4.128514766693115234e+00	6.449154376983642578e+00
5.340806484222412109e+00	6.296022415161132812e+00
1.486954569816589355e+00	5.450846672058105469e+00
6.255957126617431641e+00	4.207201957702636719e+00
7.855960845947265625e+00	3.959074258804321289e+00
1.006578922271728516e+01	6.623417854309082031e+00
3.606111764907836914e+00	3.156950235366821289e+00
4.862967967987060547e+00	5.064641952514648438e+00
1.088551902770996094e+01	4.150539398193359375e+00
2.722088336944580078e+00	4.162211418151855469e+00
8.240765571594238281e+00	5.775954246520996094e+00
8.241148948669433594e+00	3.767594814300537109e+00
8.748777389526367188e+00	3.411088228225708008e+00
5.380249977111816406e+00	5.382715225219726562e+00
7.115810394287109375e+00	7.435790061950683594e+00
7.104660987854003906e+00	2.928770542144775391e+00
6.024428367614746094e+00	7.888801574707031250e+00
7.676383495330810547e+00	7.689440250396728516e+00
1.106685352325439453e+01	5.574348926544189453e+00
9.736188888549804688e+00	5.211193084716796875e+00
3.763776302337646484e+00	5.476920604705810547e+00
5.340195655822753906e+00	2.888422250747680664e+00
4.649858951568603516e+00	3.876945734024047852e+00
9.471476554870605469e+00	4.585623264312744141e+00
4.710096836090087891e+00	5.132419109344482422e+00
1.094303131103515625e+01	6.440573215484619141e+00
8.305591583251953125e+00	4.252361774444580078e+00
2.476956129074096680e+00	6.050978183746337891e+00
7.110228061676025391e+00	7.463557720184326172e+00
9.224418640136718750e+00	8.380691528320312500e+00
6.740153312683105469e+00	8.702207565307617188e+00
5.635132789611816406e+00	6.696458339691162109e+00
1.211665153503417969e+01	6.035489559173583984e+00
6.312513828277587891e+00	5.313200473785400391e+00
5.307493209838867188e+00	4.575128078460693359e+00
9.978467941284179688e+00	4.881043910980224609e+00
5.188613414764404297e+00	2.351457834243774414e+00
3.209033489227294922e+00	4.969433307647705078e+00
9.100008964538574219e+00	5.746039390563964844e+00
6.923008561134338379e-01	6.860857486724853516e+00
1.104373264312744141e+01	7.855348587036132812e+00
4.631771564483642578e+00	2.965186119079589844e+00
7.025723457336425781e+00	6.964315414428710938e+00
8.428856849670410156e+00	7.594494342803955078e+00
8.534128189086914062e+00	5.092192173004150391e+00
1.110040855407714844e+01	5.222765922546386719e+00
1.029747009277343750e+01	4.089232921600341797e+00
4.436607658863067627e-01	7.924430847167968750e+00
9.336944580078125000e+00	8.283557891845703125e+00
7.695005416870117188e+00	5.657726764678955078e+00
6.211695671081542969e+00	2.066486835479736328e+00
8.918082237243652344e+00	7.061259746551513672e+00
8.313345909118652344e+00	5.561167716979980469e+00
6.094421863555908203e+00	3.188153028488159180e+00
2.443139553070068359e+00	7.137200832366943359e+00
8.436484336853027344e+00	7.203419208526611328e+00
8.359481811523437500e+00	4.547235965728759766e+00
5.013503551483154297e+00	7.734989643096923828e+00
4.257657527923583984e+00	6.129927158355712891e+00
5.748393535614013672e+00	2.409852743148803711e+00
3.055988311767578125e+00	6.609907150268554688e+00
4.624726772308349609e+00	7.448990345001220703e+00
3.890430450439453125e+00	6.750638008117675781e+00
1.112314701080322266e+01	5.663712024688720703e+00
6.376783847808837891e+00	1.715276837348937988e+00
6.938402175903320312e+00	7.662909507751464844e+00
2.302639961242675781e+00	8.037813186645507812e+00
7.337378501892089844e+00	4.919133186340332031e+00
2.360755205154418945e+00	5.264008998870849609e+00
4.226647853851318359e+00	7.320898056030273438e+00
3.593225955963134766e+00	3.593372106552124023e+00
9.477025032043457031e+00	5.583190441131591797e+00
8.732351303100585938e+00	5.597468376159667969e+00
1.279363393783569336e+00	7.333415985107421875e+00
1.429209947586059570e+00	6.579843521118164062e+00
6.673131942749023438e+00	4.067131996154785156e+00
7.197896003723144531e+00	8.524570465087890625e+00
8.050345420837402344e+00	2.967439413070678711e+00
1.103906917572021484e+01	6.965066432952880859e+00
9.361310958862304688e+00	7.054993629455566406e+00
8.043288230895996094e+00	8.271697044372558594e+00
1.023219108581542969e+01	4.900504589080810547e+00
4.362859249114990234e+00	3.781199455261230469e+00
2.641579151153564453e+00	5.281945228576660156e+00
8.868340492248535156e+00	6.606405735015869141e+00
1.056657695770263672e+01	7.700734138488769531e+00
4.530662536621093750e+00	4.806117057800292969e+00
5.005757331848144531e+00	5.429560184478759766e+00
4.911571025848388672e+00	5.810816287994384766e+00
5.771776676177978516e+00	5.106317520141601562e+00
8.355988502502441406e+00	6.406189441680908203e+00
2.044009923934936523e+00	5.616779804229736328e+00
5.263442039489746094e+00	3.732012033462524414e+00
8.341163635253906250e+00	5.670837879180908203e+00
1.487317800521850586e+00	6.040518760681152344e+00
2.885908603668212891e+00	5.628975868225097656e+00
7.714769363403320312e+00	7.048026084899902344e+00
8.308254480361938477e-01	6.320317268371582031e+00
3.641698837280273438e+00	7.456835746765136719e+00
1.592151999473571777e+00	7.218273162841796875e+00
7.690956592559814453e+00	8.443269729614257812e+00
8.481867790222167969e+00	6.316092967987060547e+00
5.139065742492675781e+00	3.522634029388427734e+00
9.948056221008300781e+00	5.254526615142822266e+00
7.884982585906982422e+00	3.743097066879272461e+00
6.112330436706542969e+00	6.771577835083007812e+00
1.118588638305664062e+01	5.279251098632812500e+00
7.401260375976562500e+00	6.358398914337158203e+00
8.965209960937500000e+00	7.496350288391113281e+00
1.981544852256774902e+00	7.972157001495361328e+00
6.908321857452392578e+00	7.756326198577880859e+00
1.590987324714660645e+00	7.242593288421630859e+00
7.425865173339843750e+00	5.817955493927001953e+00
3.584392964839935303e-01	7.777022361755371094e+00
5.348980903625488281e+00	4.237329006195068359e+00
5.462229251861572266e+00	4.107137203216552734e+00
1.034471797943115234e+01	5.520125865936279297e+00
5.789454460144042969e+00	3.755848407745361328e+00
6.347790241241455078e+00	6.086527824401855469e+00
5.854246139526367188e+00	4.528941154479980469e+00
9.892435073852539062e+00	4.693646430969238281e+00
8.675168991088867188e+00	7.906515598297119141e+00
8.150507926940917969e+00	8.558767318725585938e+00
6.361932277679443359e+00	6.152883529663085938e+00
5.616705417633056641e+00	5.247028350830078125e+00
9.846002578735351562e+00	5.399873733520507812e+00
9.481705665588378906e+00	6.859624385833740234e+00
8.352098464965820312e+00	8.766946792602539062e+00
4.691011428833007812e+00	6.797202110290527344e+00
8.359230995178222656e+00	5.383379459381103516e+00
8.254237174987792969e+00	5.147079467773437500e+00
5.281282901763916016e+00	3.466461658477783203e+00
6.571286678314208984e+00	6.210359096527099609e+00
1.954645752906799316e+00	6.230795383453369141e+00
6.845669746398925781e+00	3.116607427597045898e+00
3.753812313079833984e+00	5.797055721282958984e+00
7.172884464263916016e+00	3.050318479537963867e+00
8.339082717895507812e+00	5.718044281005859375e+00
2.456700325012207031e+00	7.811364173889160156e+00
3.646177291870117188e+00	6.879725933074951172e+00
8.091660499572753906e+00	7.509708404541015625e+00
5.419979572296142578e+00	7.019604682922363281e+00
4.607129573822021484e+00	2.663863182067871094e+00
3.056322634220123291e-01	6.767189025878906250e+00
7.301669597625732422e+00	6.092248916625976562e+00
7.703551769256591797e+00	4.330266952514648438e+00
3.343763113021850586e+00	4.725409030914306641e+00
2.395441532135009766e+00	5.985836029052734375e+00
4.709882259368896484e+00	6.538399696350097656e+00
7.277685999870300293e-01	8.265806198120117188e+00
6.954735279083251953e+00	7.164256572723388672e+00
5.387580871582031250e+00	5.781523227691650391e+00
2.600454568862915039e+00	7.901713371276855469e+00
3.232550382614135742e+00	8.493428230285644531e+00
7.566145896911621094e+00	6.643142223358154297e+00
5.820151805877685547e+00	5.145700931549072266e+00
8.838045120239257812e+00	7.487010955810546875e+00
1.574648499488830566e+00	4.979161739349365234e+00
7.957870483398437500e+00	5.271502971649169922e+00
3.127856969833374023e+00	3.655688524246215820e+00
9.837129592895507812e+00	7.950723648071289062e+00
7.597603797912597656e+00	3.687508106231689453e+00
7.209874629974365234e+00	3.670513868331909180e+00
3.969633817672729492e+00	4.242049217224121094e+00
4.291526794433593750e+00	7.368680000305175781e+00
3.488687992095947266e+00	6.536689281463623047e+00
1.770651221275329590e+00	5.967174053192138672e+00
4.859244346618652344e+00	6.266840457916259766e+00
6.881295680999755859e+00	6.720646381378173828e+00
7.696741104125976562e+00	6.388598442077636719e+00
1.856518864631652832e+00	6.253746509552001953e+00
1.500491976737976074e+00	6.408357143402099609e+00
6.682181358337402344e+00	7.904280185699462891e+00
8.311079978942871094e+00	3.106910228729248047e+00
1.126528739929199219e+01	6.405950546264648438e+00
9.585346221923828125e+00	5.417941093444824219e+00
3.366223573684692383e+00	5.952633380889892578e+00
8.981577873229980469e+00	4.583564281463623047e+00
4.047261238098144531e+00	4.944948196411132812e+00
8.758804321289062500e+00	7.923482418060302734e+00
1.363627314567565918e+00	6.576819419860839844e+00
1.012098026275634766e+01	3.714111566543579102e+00
4.585094928741455078e+00	4.866015434265136719e+00
6.973068237304687500e+00	5.316219806671142578e+00
1.096253776550292969e+01	7.373928546905517578e+00
8.841575622558593750e+00	2.985051870346069336e+00
4.205577850341796875e+00	5.555429458618164062e+00
8.469556808471679688e+00	5.623126506805419922e+00
1.092049884796142578e+01	5.793342590332031250e+00
1.010964298248291016e+01	4.623349189758300781e+00
5.990401268005371094e+00	3.458579063415527344e+00
9.464195251464843750e+00	5.268484592437744141e+00
7.109408855438232422e+00	3.901030540466308594e+00
2.244279146194458008e+00	6.159131050109863281e+00
7.667204380035400391e+00	5.223296165466308594e+00
1.106238439679145813e-01	7.415499687194824219e+00
1.129608821868896484e+01	7.127572536468505859e+00
5.773808002471923828e+00	4.948327064514160156e+00
2.319751739501953125e+00	6.432588100433349609e+00
4.627528190612792969e+00	6.061475276947021484e+00
1.008266925811767578e+01	6.235823631286621094e+00
8.914807319641113281e+00	5.173748493194580078e+00
1.089827060699462891e+01	5.794050216674804688e+00
8.170810699462890625e+00	6.784317493438720703e+00
5.893773555755615234e+00	3.439291954040527344e+00
1.137016773223876953e+01	6.997161865234375000e+00
8.323067426681518555e-01	7.303049087524414062e+00
6.826879501342773438e+00	5.313065528869628906e+00
1.106967544555664062e+01	5.152228355407714844e+00
7.830823898315429688e+00	7.601500511169433594e+00
4.408082008361816406e+00	5.659689903259277344e+00
3.151354789733886719e+00	3.006203413009643555e+00
5.871779441833496094e+00	3.066966295242309570e+00
3.634315252304077148e+00	5.611841678619384766e+00
7.966053009033203125e+00	4.928863525390625000e+00
1.028909683227539062e+01	6.012507438659667969e+00
4.240381240844726562e+00	3.697593450546264648e+00
9.165458679199218750e+00	6.532591342926025391e+00
3.338398694992065430e+00	4.654562473297119141e+00
6.503943204879760742e-01	7.009273052215576172e+00
2.650439262390136719e+00	5.755342006683349609e+00
4.283022880554199219e+00	6.469283103942871094e+00
4.806959629058837891e+00	6.749418735504150391e+00
6.532526016235351562e+00	5.076947212219238281e+00
6.640625000000000000e+00	7.216335296630859375e+00
6.440295219421386719e+00	8.217705726623535156e+00
9.594841957092285156e+00	8.216819763183593750e+00
9.778656005859375000e+00	5.966381072998046875e+00
2.861210346221923828e+00	5.337330818176269531e+00
9.515025138854980469e+00	6.108283996582031250e+00
7.707852363586425781e+00	6.563426494598388672e+00
6.971914291381835938e+00	5.471807479858398438e+00
7.472501754760742188e+00	8.082001686096191406e+00
8.004634857177734375e+00	7.435483932495117188e+00
3.474600076675415039e+00	7.292000293731689453e+00
1.105820083618164062e+01	6.840245723724365234e+00
6.428913593292236328e+00	8.176080703735351562e+00
5.973743438720703125e+00	4.457272529602050781e+00
9.249001502990722656e+00	5.916583538055419922e+00
6.489095687866210938e+00	4.290684223175048828e+00
4.887553215026855469e+00	4.199005603790283203e+00
2.200410366058349609e+00	6.469091415405273438e+00
7.565617084503173828e+00	6.839262962341308594e+00
9.331789016723632812e+00	6.306712627410888672e+00
9.046536445617675781e+00	5.666809558868408203e+00
1.114284038543701172e+01	5.559323787689208984e+00
1.689391374588012695e+00	7.654473781585693359e+00
1.359944224357604980e+00	5.338860511779785156e+00
4.287313938140869141e+00	4.981815338134765625e+00
1.069987678527832031e+01	7.231752872467041016e+00
5.639621734619140625e+00	6.293662548065185547e+00
8.178067207336425781e+00	5.640499114990234375e+00
7.971637725830078125e+00	2.849629878997802734e+00
6.389014720916748047e+00	7.621604919433593750e+00
2.494757652282714844e+00	8.430836677551269531e+00
1.238831138610839844e+01	5.727815628051757812e+00
5.898808956146240234e+00	5.010710239410400391e+00
1.133868217468261719e+01	6.707198143005371094e+00
9.032741546630859375e+00	4.724414348602294922e+00
5.901049613952636719e+00	4.782201290130615234e+00
7.603458404541015625e+00	6.229284286499023438e+00
1.300832867622375488e+00	6.077037334442138672e+00
7.342188835144042969e+00	4.800049781799316406e+00
1.105140972137451172e+01	5.379721641540527344e+00
9.028100013732910156e+00	7.470325469970703125e+00
8.182991027832031250e+00	6.318643569946289062e+00
2.540668725967407227e+00	5.989359378814697266e+00
8.019652366638183594e+00	1.903085350990295410e+00
9.746560096740722656e+00	7.646189212799072266e+00
1.127653694152832031e+01	7.095815181732177734e+00
4.518516957759857178e-01	6.928626537322998047e+00
4.337804794311523438e+00	7.022732734680175781e+00
8.087018966674804688e+00	6.350790023803710938e+00
3.611009359359741211e+00	3.394482612609863281e+00
8.789210319519042969e+00	4.087769031524658203e+00
6.101021766662597656e+00	6.781982421875000000e+00
5.342430591583251953e+00	6.669091224670410156e+00
6.303218841552734375e+00	3.067683935165405273e+00
4.968050003051757812e+00	3.193646669387817383e+00
2.155549049377441406e+00	5.886668205261230469e+00
8.594924926757812500e+00	3.376636266708374023e+00
1.716468453407287598e+00	7.067289352416992188e+00
1.226122760772705078e+01	6.116805553436279297e+00
5.760984897613525391e+00	5.732394218444824219e+00
7.388428211212158203e+00	8.242804527282714844e+00
3.741455316543579102e+00	3.593158721923828125e+00
8.879441261291503906e+00	5.363354206085205078e+00
8.539692878723144531e+00	3.868059635162353516e+00
2.003522157669067383e+00	6.641368865966796875e+00
4.422151565551757812e+00	3.128169536590576172e+00
5.984078407287597656e+00	2.125113010406494141e+00
2.113470792770385742e+00	7.555904388427734375e+00
3.663537740707397461e+00	5.534452915191650391e+00
1.076096057891845703e+01	7.191775321960449219e+00
4.796313285827636719e+00	7.581743240356445312e+00
8.070158958435058594e+00	7.734474658966064453e+00
7.724384784698486328e+00	6.738122940063476562e+00
1.073531341552734375e+01	4.436475276947021484e+00
3.355240821838378906e+00	3.902008771896362305e+00
1.110913944244384766e+01	5.101388454437255859e+00
5.667504310607910156e+00	5.141580581665039062e+00
6.470634937286376953e+00	3.365522384643554688e+00
6.753148555755615234e+00	6.139667987823486328e+00
6.567442893981933594e+00	2.802157163619995117e+00
3.645833492279052734e+00	3.370857715606689453e+00
7.473529815673828125e+00	8.249213218688964844e+00
4.732887268066406250e+00	6.474898815155029297e+00
6.455478668212890625e+00	3.704201936721801758e+00
2.325813293457031250e+00	7.416396141052246094e+00
8.130742073059082031e+00	6.024544715881347656e+00
4.051898956298828125e+00	2.732950687408447266e+00
6.058694362640380859e+00	4.414371013641357422e+00
5.155300140380859375e+00	5.096809864044189453e+00
3.726611375808715820e+00	4.955325126647949219e+00
6.986310482025146484e+00	2.071684122085571289e+00
1.027956867218017578e+01	7.190259933471679688e+00
4.513828277587890625e+00	6.347895622253417969e+00
7.721420764923095703e+00	3.364944934844970703e+00
1.027327060699462891e+01	4.510437011718750000e+00
2.492257118225097656e+00	6.336299896240234375e+00
2.825584173202514648e+00	3.990119218826293945e+00
4.561997890472412109e+00	4.187529563903808594e+00
6.456958293914794922e+00	3.475978851318359375e+00
9.400264739990234375e+00	3.895402193069458008e+00
9.770351409912109375e+00	4.341259479522705078e+00
9.688413619995117188e+00	7.761412143707275391e+00
5.563932895660400391e+00	1.960496544837951660e+00
9.239969253540039062e+00	8.037143707275390625e+00
7.235240936279296875e+00	4.929532527923583984e+00
8.412885665893554688e+00	3.261115312576293945e+00
1.123942852020263672e+01	4.499848842620849609e+00
7.001976490020751953e+00	8.374267578125000000e+00
1.031636834144592285e+00	7.399020671844482422e+00
9.842979431152343750e+00	7.806872844696044922e+00
8.932611465454101562e+00	5.737777709960937500e+00
7.759525775909423828e-01	7.746801376342773438e+00
1.018430709838867188e+01	7.837619781494140625e+00
5.565990924835205078e+00	4.357885837554931641e+00
4.907385826110839844e+00	7.806781768798828125e+00
8.360759735107421875e+00	4.800523757934570312e+00
3.080914497375488281e+00	6.456173896789550781e+00
6.152826786041259766e+00	8.332168579101562500e+00
7.316622734069824219e+00	8.017008781433105469e+00
5.679027080535888672e+00	6.742210865020751953e+00
5.242384433746337891e+00	4.917580604553222656e+00
3.574820518493652344e+00	6.844076156616210938e+00
1.143446731567382812e+01	5.786861896514892578e+00
7.779378414154052734e+00	1.306996583938598633e+00
5.295588493347167969e+00	4.851920604705810547e+00
7.367080688476562500e+00	7.333140373229980469e+00
7.791238784790039062e+00	7.914124011993408203e+00
1.069725227355957031e+01	6.841570854187011719e+00
6.791935443878173828e+00	6.365689754486083984e+00
6.987801551818847656e+00	5.344493865966796875e+00
9.536457061767578125e+00	6.449735164642333984e+00
4.314566135406494141e+00	5.511197566986083984e+00
4.611023902893066406e+00	6.297134876251220703e+00
1.057345581054687500e+01	4.698998451232910156e+00
9.524392127990722656e+00	7.052069187164306641e+00
8.065439224243164062e+00	8.759975433349609375e+00
3.519269227981567383e+00	7.659843444824218750e+00
9.873777389526367188e+00	5.072486400604248047e+00
6.806548118591308594e+00	5.600030422210693359e+00
7.258372783660888672e+00	6.807826995849609375e+00
3.195773124694824219e+00	6.228050708770751953e+00
6.265845775604248047e+00	4.320029735565185547e+00
1.042843818664550781e+01	6.797033786773681641e+00
4.584631443023681641e+00	5.278967857360839844e+00
5.304587364196777344e+00	7.406043052673339844e+00
7.062462806701660156e+00	7.460418224334716797e+00
1.078857707977294922e+01	7.522605419158935547e+00
1.194567489624023438e+01	6.499697685241699219e+00
8.445335388183593750e+00	5.881226539611816406e+00
5.046785354614257812e+00	4.390825271606445312e+00
3.319769144058227539e+00	8.354374885559082031e+00
8.877805709838867188e+00	5.132971763610839844e+00
3.871140480041503906e-01	7.615815639495849609e+00
6.975646972656250000e+00	3.583314657211303711e+00
6.949887275695800781e+00	7.847007274627685547e+00
4.650876998901367188e+00	3.107501268386840820e+00
7.786344528198242188e+00	6.963223934173583984e+00
5.109061241149902344e+00	3.441881179809570312e+00
6.248890399932861328e+00	6.910105228424072266e+00
9.842638969421386719e+00	5.786492824554443359e+00
2.214093446731567383e+00	7.232103824615478516e+00
6.836445927619934082e-01	6.593020915985107422e+00
2.593519210815429688e+00	7.227528572082519531e+00
1.092770195007324219e+01	4.239460468292236328e+00
6.311201095581054688e+00	8.101608276367187500e+00
9.449988365173339844e+00	8.018124580383300781e+00
8.209238052368164062e+00	8.845664024353027344e+00
3.637629270553588867e+00	3.939674377441406250e+00
1.554766416549682617e+00	7.812983989715576172e+00
7.802187919616699219e+00	2.848116636276245117e+00
6.893576979637145996e-01	7.022322177886962891e+00
1.876964092254638672e+00	7.604893684387207031e+00
5.067261219024658203e+00	7.289715766906738281e+00
4.926560401916503906e+00	8.219247817993164062e+00
2.760949611663818359e+00	7.187856197357177734e+00
8.513787984848022461e-01	5.630937576293945312e+00
7.346522331237792969e+00	3.883447408676147461e+00
9.084500312805175781e+00	4.870732784271240234e+00
7.981670379638671875e+00	5.329334735870361328e+00
3.599261760711669922e+00	3.524506807327270508e+00
6.703965187072753906e+00	7.829360485076904297e+00
2.308447122573852539e+00	6.809749126434326172e+00
8.412333726882934570e-01	8.151855468750000000e+00
7.470813274383544922e+00	5.618814468383789062e+00
2.628295898437500000e+00	6.166484355926513672e+00
4.361014366149902344e+00	7.226156234741210938e+00
4.422076702117919922e+00	7.285369396209716797e+00
3.064522504806518555e+00	6.083889961242675781e+00
7.757308959960937500e+00	4.650776863098144531e+00
2.702448844909667969e+00	5.689747333526611328e+00
8.289638519287109375e+00	6.566479206085205078e+00
1.134912014007568359e+01	5.041067600250244141e+00
6.113322377204895020e-01	7.241920948028564453e+00
3.532041788101196289e+00	4.567085266113281250e+00
2.879735469818115234e+00	6.960802555084228516e+00
6.098251342773437500e+00	7.948658466339111328e+00
6.913010597229003906e+00	4.554337501525878906e+00
6.850918769836425781e+00	4.164671421051025391e+00
2.051602840423583984e+00	6.776353359222412109e+00
7.046339988708496094e+00	8.115370750427246094e+00
3.608503103256225586e+00	2.735346555709838867e+00
4.612575769424438477e-01	7.904904842376708984e+00
5.288918972015380859e+00	7.546225547790527344e+00
3.254674196243286133e+00	8.276503562927246094e+00
1.432699918746948242e+00	8.279282569885253906e+00
3.330918788909912109e+00	3.751039505004882812e+00
5.136345863342285156e+00	5.659518241882324219e+00
1.070647621154785156e+01	5.314360141754150391e+00
5.618601322174072266e+00	7.915538787841796875e+00
1.032335472106933594e+01	6.187883377075195312e+00
1.519884228706359863e+00	6.485224246978759766e+00
8.375103950500488281e+00	5.070825099945068359e+00
5.798662185668945312e+00	3.107756376266479492e+00
6.151863574981689453e+00	5.500246047973632812e+00
3.639501571655273438e+00	4.721828937530517578e+00
1.142721843719482422e+01	4.527058601379394531e+00
8.290982246398925781e+00	2.978460788726806641e+00
5.583983421325683594e+00	4.711433887481689453e+00
6.486760139465332031e+00	4.826139926910400391e+00
2.120602369308471680e+00	4.932244777679443359e+00
1.132816696166992188e+01	4.819880485534667969e+00
1.565144360065460205e-01	7.073575019836425781e+00
1.313815712928771973e+00	7.363918304443359375e+00
6.026885509490966797e+00	3.836669683456420898e+00
6.121695518493652344e+00	5.943298339843750000e+00
1.373820185661315918e+00	7.596813678741455078e+00
4.324662685394287109e+00	4.324405193328857422e+00
3.663388967514038086e+00	7.231563568115234375e+00
6.235946178436279297e+00	6.497460842132568359e+00
1.086147594451904297e+01	7.298463821411132812e+00
3.645267009735107422e+00	5.984871387481689453e+00
6.340495109558105469e+00	6.772347927093505859e+00
8.580542564392089844e+00	6.525233745574951172e+00
4.137104511260986328e+00	3.855984449386596680e+00
6.170441150665283203e+00	7.787618637084960938e+00
2.285497903823852539e+00	5.369898319244384766e+00
9.599905967712402344e+00	6.277986526489257812e+00
1.067682170867919922e+01	8.110812187194824219e+00
9.452186584472656250e+00	3.881072044372558594e+00
7.254381179809570312e+00	5.972706794738769531e+00
8.447475433349609375e+00	7.016691207885742188e+00
8.263711929321289062e+00	7.080325126647949219e+00
7.945070266723632812e+00	6.462793827056884766e+00
5.450587749481201172e+00	5.684979915618896484e+00
1.035426712036132812e+01	4.314858436584472656e+00
8.678627014160156250e+00	5.325849533081054688e+00
6.547143459320068359e+00	4.051017284393310547e+00
1.077521133422851562e+01	5.169271469116210938e+00
5.020824909210205078e+00	4.391433715820312500e+00
2.974894285202026367e+00	8.224577903747558594e+00
4.316562175750732422e+00	3.920822620391845703e+00
6.728448390960693359e+00	5.098897457122802734e+00
5.609334945678710938e+00	4.910497188568115234e+00
9.537455558776855469e+00	5.668128490447998047e+00
1.191443347930908203e+01	6.063118457794189453e+00
8.523316383361816406e+00	6.968865871429443359e+00
8.019814491271972656e+00	2.554703950881958008e+00
7.650239467620849609e+00	6.051558971405029297e+00
4.374588012695312500e+00	6.993009090423583984e+00
2.728733420372009277e-01	7.675553798675537109e+00
1.057862186431884766e+01	5.437942028045654297e+00
4.129927158355712891e+00	6.020081043243408203e+00
4.740446567535400391e+00	6.967239856719970703e+00
3.394624710083007812e+00	6.652822494506835938e+00
5.834831714630126953e+00	2.192462444305419922e+00
5.352254867553710938e+00	8.375014305114746094e+00
6.517430782318115234e+00	4.364984989166259766e+00
1.338918328285217285e+00	5.466699600219726562e+00
4.740077495574951172e+00	3.691397190093994141e+00
4.471747875213623047e+00	3.941402912139892578e+00
4.737950325012207031e+00	3.881529092788696289e+00
6.989710330963134766e+00	3.096643209457397461e+00
7.378172874450683594e+00	4.281885147094726562e+00
1.082035160064697266e+01	5.484394073486328125e+00
7.572452068328857422e+00	8.469836235046386719e+00
9.668730735778808594e+00	4.056763172149658203e+00
3.263552665710449219e+00	6.117738246917724609e+00
4.205856323242187500e+00	6.578044414520263672e+00
4.086027622222900391e+00	2.813573837280273438e+00
8.323178291320800781e+00	3.812502145767211914e+00
1.056767272949218750e+01	3.764147758483886719e+00
9.616659164428710938e+00	5.036634922027587891e+00
8.819975852966308594e+00	7.650061607360839844e+00
6.942158222198486328e+00	5.092621803283691406e+00
7.841685771942138672e+00	7.860371589660644531e+00
7.342766761779785156e+00	5.382150650024414062e+00
5.633619785308837891e+00	3.414600610733032227e+00
1.909538865089416504e+00	7.776318550109863281e+00
7.861908435821533203e+00	3.817401409149169922e+00
4.261922836303710938e+00	6.285897254943847656e+00
3.925555467605590820e+00	4.436830997467041016e+00
1.115875911712646484e+01	4.645203590393066406e+00
6.119760990142822266e+00	2.228793859481811523e+00
9.686591148376464844e+00	7.464206218719482422e+00
7.532181739807128906e+00	8.369521141052246094e+00
8.612479209899902344e+00	6.418500423431396484e+00
6.898994922637939453e+00	5.071437358856201172e+00
4.090189933776855469e+00	5.244481563568115234e+00
7.032849788665771484e+00	8.086771011352539062e+00
4.134846687316894531e+00	5.722319602966308594e+00
7.972295284271240234e+00	6.541575908660888672e+00
5.315912246704101562e+00	5.868910789489746094e+00
3.712116003036499023e+00	6.260929107666015625e+00
6.920228481292724609e+00	6.973549365997314453e+00
5.453299522399902344e+00	6.262032985687255859e+00
6.861837863922119141e+00	1.602428913116455078e+00
2.592865943908691406e+00	5.692443847656250000e+00
9.253987312316894531e+00	4.440292358398437500e+00
3.764699220657348633e+00	7.898036479949951172e+00
5.819136619567871094e+00	4.059948444366455078e+00
1.080608177185058594e+01	4.920314311981201172e+00
1.163301086425781250e+01	6.063899040222167969e+00
9.106668472290039062e+00	5.085738658905029297e+00
3.732949972152709961e+00	4.420594215393066406e+00
1.120191478729248047e+01	6.153661251068115234e+00
3.344758987426757812e+00	6.587867259979248047e+00
3.101941585540771484e+00	4.432016372680664062e+00
8.384571075439453125e+00	6.987080574035644531e+00
2.945863485336303711e+00	3.228786706924438477e+00
9.237708091735839844e+00	7.317943096160888672e+00
7.622198104858398438e+00	7.649257183074951172e+00
1.067742443084716797e+01	6.299622058868408203e+00
3.205559730529785156e+00	7.802669525146484375e+00
4.715993404388427734e+00	5.407460689544677734e+00
5.631494045257568359e+00	5.759744167327880859e+00
1.395053625106811523e+00	8.306231498718261719e+00
5.795566558837890625e+00	5.317192554473876953e+00
5.119306564331054688e+00	4.577218532562255859e+00
6.399469852447509766e+00	5.992590427398681641e+00
3.083110094070434570e+00	7.509950637817382812e+00
3.930803060531616211e+00	3.241627693176269531e+00
1.898156046867370605e+00	8.108524322509765625e+00
6.780467510223388672e+00	2.832691907882690430e+00
2.576273679733276367e+00	4.724405765533447266e+00
6.402746200561523438e+00	4.347005844116210938e+00
6.863963127136230469e+00	5.320043087005615234e+00
7.180016994476318359e+00	3.179253101348876953e+00
6.569190502166748047e+00	5.640969753265380859e+00
1.139061450958251953e+01	5.857345581054687500e+00
5.044414520263671875e+00	8.315633773803710938e+00
4.404309749603271484e+00	6.053075313568115234e+00
8.160620689392089844e+00	8.429042816162109375e+00
6.324435710906982422e+00	3.668802976608276367e+00
5.887404918670654297e+00	7.724688053131103516e+00
1.032495880126953125e+01	5.657774448394775391e+00
6.653186798095703125e+00	7.137093067169189453e+00
9.061676025390625000e+00	6.727230548858642578e+00
7.347415924072265625e+00	4.177789211273193359e+00
4.070033073425292969e+00	4.977255344390869141e+00
3.087844848632812500e+00	7.043693065643310547e+00
6.264066219329833984e+00	7.906834602355957031e+00
3.824968099594116211e+00	7.023685455322265625e+00
8.629871368408203125e+00	6.102182865142822266e+00
9.628264427185058594e+00	4.201409816741943359e+00
6.585003376007080078e+00	4.646619319915771484e+00
8.014030456542968750e+00	4.144021034240722656e+00
1.200459194183349609e+01	5.771602630615234375e+00
6.995888710021972656e+00	6.119873046875000000e+00
3.296416759490966797e+00	5.197935104370117188e+00
5.754385471343994141e+00	4.216493129730224609e+00
8.759262084960937500e+00	5.542838573455810547e+00
2.745585441589355469e+00	6.940085411071777344e+00
6.227628707885742188e+00	6.414360046386718750e+00
2.642915964126586914e+00	8.160564422607421875e+00
2.995617389678955078e+00	4.554500102996826172e+00
6.141897201538085938e+00	2.455067873001098633e+00
4.021873950958251953e+00	6.001111030578613281e+00
2.236621379852294922e+00	6.137634754180908203e+00
3.732885360717773438e+00	7.370042324066162109e+00
9.682790040969848633e-01	6.401702404022216797e+00
9.576662182807922363e-01	7.277215003967285156e+00
7.712222576141357422e+00	8.538695335388183594e+00
4.353505134582519531e+00	3.057686805725097656e+00
9.397684097290039062e+00	3.391506910324096680e+00
9.196246147155761719e+00	7.428098678588867188e+00
9.617111206054687500e+00	5.543725013732910156e+00
3.833892822265625000e+00	7.830252647399902344e+00
5.164364814758300781e+00	3.125720977783203125e+00
7.192100524902343750e+00	7.307489395141601562e+00
5.196222305297851562e+00	4.891258716583251953e+00
5.599029541015625000e+00	6.838251590728759766e+00
5.324136257171630859e+00	3.077726364135742188e+00
5.739369392395019531e+00	7.308618545532226562e+00
1.001090049743652344e+01	4.180311203002929688e+00
3.903716564178466797e+00	2.734775066375732422e+00
2.641106128692626953e+00	7.656588077545166016e+00
7.661242008209228516e+00	3.262044429779052734e+00
4.001490592956542969e+00	4.063241481781005859e+00
7.954545497894287109e+00	1.659876942634582520e+00
6.796836853027343750e+00	5.741238594055175781e+00
3.982268810272216797e+00	7.193775653839111328e+00
9.439002037048339844e+00	8.202790260314941406e+00
8.074963569641113281e+00	7.620275020599365234e+00
7.147036552429199219e+00	5.684037685394287109e+00
2.923235177993774414e+00	8.491234779357910156e+00
7.432399272918701172e+00	3.761507034301757812e+00
7.750402450561523438e+00	6.608287811279296875e+00
3.650758028030395508e+00	5.807770729064941406e+00
1.654569745063781738e+00	7.697353839874267578e+00
8.281203269958496094e+00	5.463249683380126953e+00
7.926155090332031250e+00	4.775995731353759766e+00
7.754961967468261719e+00	5.466065406799316406e+00
1.989952564239501953e+00	6.096083641052246094e+00
2.285362482070922852e+00	7.992740154266357422e+00
4.852743625640869141e+00	2.744421243667602539e+00
5.790157794952392578e+00	6.442485332489013672e+00
2.694670200347900391e+00	3.736407279968261719e+00
5.063574790954589844e+00	4.313451290130615234e+00
7.282704830169677734e+00	4.372786045074462891e+00
1.083279609680175781e+01	6.064630031585693359e+00
1.086293697357177734e+01	4.713532447814941406e+00
3.446855068206787109e+00	6.322196483612060547e+00
9.222818374633789062e+00	4.780146121978759766e+00
1.036241531372070312e+01	5.176980972290039062e+00
5.520294666290283203e+00	2.761412858963012695e+00
3.583046913146972656e+00	3.765815258026123047e+00
1.078361415863037109e+01	6.385369300842285156e+00
1.038422203063964844e+01	5.123744487762451172e+00
1.018160057067871094e+01	4.180149078369140625e+00
3.476815223693847656e+00	8.214949607849121094e+00
3.384521484375000000e+00	8.387933731079101562e+00
8.938981056213378906e+00	5.461322784423828125e+00
1.157462358474731445e+00	7.646232128143310547e+00
1.040692806243896484e+00	7.240361690521240234e+00
3.926216363906860352e+00	5.923138618469238281e+00
4.202780246734619141e+00	3.464890480041503906e+00
6.493372440338134766e+00	2.042178869247436523e+00
5.053588390350341797e+00	5.500555992126464844e+00
7.280063152313232422e+00	8.801954269409179688e+00
3.575057268142700195e+00	6.946533679962158203e+00
5.793313026428222656e+00	5.249131202697753906e+00
1.020507144927978516e+01	5.399333477020263672e+00
7.789599418640136719e+00	4.761093139648437500e+00
8.095820426940917969e+00	3.731392383575439453e+00
1.048506641387939453e+01	7.113491058349609375e+00
9.938837051391601562e+00	5.189589500427246094e+00
7.230374813079833984e+00	5.936796665191650391e+00
3.286896467208862305e+00	7.304822444915771484e+00
6.612595081329345703e+00	6.151728153228759766e+00
6.494243621826171875e+00	8.552621841430664062e+00
6.615676403045654297e+00	5.976784706115722656e+00
1.010862231254577637e+00	7.822992324829101562e+00
6.625484943389892578e+00	6.405907154083251953e+00
6.377779483795166016e+00	3.109557151794433594e+00
1.085530471801757812e+01	7.707127094268798828e+00
7.138204097747802734e+00	5.476299762725830078e+00
9.286524772644042969e+00	6.436344146728515625e+00
3.918600320816040039e+00	4.211024761199951172e+00
4.841238498687744141e+00	7.069675445556640625e+00
3.464754104614257812e+00	5.920309543609619141e+00
1.154766178131103516e+01	5.646985530853271484e+00
8.672546386718750000e+00	4.346894741058349609e+00
1.056261825561523438e+01	5.911438465118408203e+00
9.362170219421386719e+00	5.754912853240966797e+00
1.023993206024169922e+01	5.456947803497314453e+00
3.312943458557128906e+00	2.926569938659667969e+00
7.638082981109619141e+00	4.517385959625244141e+00
1.116434574127197266e+01	6.073003292083740234e+00
9.932350158691406250e+00	5.086801528930664062e+00
7.688343048095703125e+00	4.222997665405273438e+00
2.956349134445190430e+00	6.324270248413085938e+00
2.506039381027221680e+00	7.854483604431152344e+00
9.318706512451171875e+00	7.517671108245849609e+00
6.039707660675048828e+00	5.744001388549804688e+00
6.928672790527343750e+00	2.369976997375488281e+00
9.026984214782714844e+00	3.973107099533081055e+00
8.637805938720703125e+00	6.002798080444335938e+00
4.715878963470458984e+00	5.626035213470458984e+00
5.891353607177734375e+00	7.792132854461669922e+00
8.208641052246093750e+00	2.990918397903442383e+00
9.402251243591308594e+00	8.092369079589843750e+00
2.908136844635009766e+00	4.861732959747314453e+00
6.963253021240234375e+00	7.171560764312744141e+00
3.518970012664794922e+00	7.494146347045898438e+00
1.104978561401367188e+01	6.124481201171875000e+00
6.441441535949707031e+00	5.228203773498535156e+00
3.131169319152832031e+00	3.965796232223510742e+00
9.092880249023437500e+00	7.703323841094970703e+00
9.591497421264648438e+00	6.721985340118408203e+00
1.173522853851318359e+01	5.888384342193603516e+00
2.976138114929199219e+00	7.110457420349121094e+00
4.564533710479736328e+00	5.115399837493896484e+00
7.904135227203369141e+00	8.410585403442382812e+00
6.091594696044921875e+00	6.533961772918701172e+00
4.857547760009765625e+00	4.788844108581542969e+00
6.179294586181640625e+00	4.736245632171630859e+00
8.884846687316894531e+00	4.721773624420166016e+00
6.813044548034667969e+00	6.714543819427490234e+00
4.887960910797119141e+00	6.709608078002929688e+00
1.472846627235412598e+00	5.966719150543212891e+00
4.242627620697021484e+00	5.464880466461181641e+00
1.011641407012939453e+01	7.667914390563964844e+00
7.386960506439208984e+00	4.748893260955810547e+00
1.040433311462402344e+01	6.091310024261474609e+00
1.032941246032714844e+01	4.761363506317138672e+00
5.555598258972167969e+00	2.125042915344238281e+00
8.977592468261718750e+00	5.983988285064697266e+00
2.400717973709106445e+00	4.756603717803955078e+00
5.728736877441406250e+00	7.535370826721191406e+00
7.832359313964843750e+00	2.696405649185180664e+00
3.698603153228759766e+00	7.545739650726318359e+00
5.294501781463623047e+00	4.316780090332031250e+00
4.204467296600341797e+00	6.675980567932128906e+00
8.005166053771972656e+00	8.550690650939941406e+00
2.098822116851806641e+00	7.984067440032958984e+00
1.089768028259277344e+01	3.806364774703979492e+00
5.987328052520751953e+00	5.994792938232421875e+00
8.894308090209960938e+00	8.428765296936035156e+00
1.066634845733642578e+01	5.839712619781494141e+00
4.632181167602539062e+00	5.103073120117187500e+00
6.294463634490966797e+00	4.600009918212890625e+00
6.652420043945312500e+00	6.673020839691162109e+00
7.226090908050537109e+00	7.838349342346191406e+00
8.585770606994628906e+00	4.669667720794677734e+00
3.815332174301147461e+00	3.182085514068603516e+00
5.550048828125000000e+00	7.237970829010009766e+00
9.247439384460449219e+00	5.594736576080322266e+00
9.923426628112792969e+00	5.758234024047851562e+00
5.750492572784423828e+00	4.084150791168212891e+00
5.789572238922119141e+00	8.264769554138183594e+00
1.039112854003906250e+01	5.599838733673095703e+00
8.680640220642089844e+00	3.418076992034912109e+00
6.650007247924804688e+00	1.482486009597778320e+00
7.312134742736816406e+00	7.743541240692138672e+00
3.266255378723144531e+00	3.714541912078857422e+00
1.225440120697021484e+01	5.507939338684082031e+00
3.537425041198730469e+00	4.902483940124511719e+00
8.442467689514160156e+00	4.716192245483398438e+00
4.367472648620605469e+00	6.586427688598632812e+00
3.637900590896606445e+00	6.017357349395751953e+00
8.212569236755371094e+00	3.136184215545654297e+00
5.001088380813598633e-01	6.855994701385498047e+00
2.600080251693725586e+00	5.777036190032958984e+00
5.487044811248779297e+00	2.967306375503540039e+00
8.049764633178710938e+00	3.039787769317626953e+00
6.922109603881835938e+00	8.315334320068359375e+00
8.219895362854003906e+00	6.647538661956787109e+00
7.548459529876708984e+00	3.658501625061035156e+00
1.268662810325622559e+00	6.673504829406738281e+00
5.259469509124755859e+00	4.781679153442382812e+00
2.828678131103515625e+00	6.395941257476806641e+00
5.633650779724121094e+00	5.597397804260253906e+00
1.151555347442626953e+01	5.942843914031982422e+00
3.472459554672241211e+00	4.840545654296875000e+00
4.676501274108886719e+00	8.028349876403808594e+00
1.198471736907958984e+01	5.585189819335937500e+00
2.862642288208007812e+00	4.551040649414062500e+00
4.517701625823974609e+00	7.408472537994384766e+00
9.147644042968750000e+00	7.201856136322021484e+00
5.276659965515136719e+00	8.325639724731445312e+00
4.853814601898193359e+00	8.246047019958496094e+00
4.179481983184814453e+00	5.197162628173828125e+00
6.292683124542236328e+00	5.361343860626220703e+00
4.901132106781005859e+00	5.664771080017089844e+00
7.031066417694091797e+00	4.970745086669921875e+00
1.318004965782165527e+00	7.898123264312744141e+00
6.941325664520263672e+00	4.880371570587158203e+00
8.264592170715332031e+00	7.098083972930908203e+00
1.619963645935058594e+00	5.334027290344238281e+00
3.567191839218139648e+00	5.887936115264892578e+00
5.387263298034667969e+00	4.371109962463378906e+00
6.195196628570556641e+00	4.473935127258300781e+00
4.551702976226806641e+00	4.932620525360107422e+00
1.128697109222412109e+01	7.184479713439941406e+00
7.940769195556640625e+00	6.526236534118652344e+00
8.438460350036621094e+00	5.352074146270751953e+00
1.312707304954528809e+00	8.385165214538574219e+00
2.747423648834228516e+00	4.401834964752197266e+00
9.534777641296386719e+00	8.301163673400878906e+00
1.150579833984375000e+01	5.571203708648681641e+00
8.837342262268066406e+00	4.098006248474121094e+00
4.879759311676025391e+00	5.951689720153808594e+00
9.947012901306152344e+00	5.954925060272216797e+00
8.002961158752441406e+00	5.613867282867431641e+00
7.064742565155029297e+00	5.008909225463867188e+00
7.435526371002197266e+00	3.534101009368896484e+00
1.134157657623291016e+01	6.204970359802246094e+00
8.974772453308105469e+00	5.748308181762695312e+00
7.108662605285644531e+00	5.306081295013427734e+00
4.390970230102539062e+00	7.479977607727050781e+00
4.323724746704101562e+00	6.563454627990722656e+00
5.118344306945800781e+00	7.882989406585693359e+00
5.294002056121826172e+00	3.524123668670654297e+00
6.296171665191650391e+00	5.056224822998046875e+00
8.437419891357421875e+00	5.790606498718261719e+00
7.103182792663574219e+00	2.444848060607910156e+00
8.543251037597656250e+00	6.331033229827880859e+00
1.038668727874755859e+01	5.022625923156738281e+00
9.453626871109008789e-01	6.534924030303955078e+00
1.095783710479736328e+00	8.059432983398437500e+00
8.834198951721191406e+00	6.660618782043457031e+00
4.670767784118652344e+00	8.043064117431640625e+00
3.595793008804321289e+00	2.918911695480346680e+00
9.852160453796386719e+00	5.231861591339111328e+00
3.493804454803466797e+00	2.968362331390380859e+00
5.761102199554443359e+00	5.877266883850097656e+00
5.284390449523925781e+00	7.829236507415771484e+00
9.939581871032714844e+00	7.166884899139404297e+00
3.378710031509399414e+00	8.135259628295898438e+00
5.670781135559082031e+00	1.828215003013610840e+00
7.320940017700195312e+00	4.684890270233154297e+00
5.270073890686035156e+00	6.582522392272949219e+00
3.070942401885986328e+00	6.149121284484863281e+00
1.123884010314941406e+01	6.653343677520751953e+00
6.842076301574707031e+00	6.568894863128662109e+00
7.758331298828125000e+00	7.574799537658691406e+00
5.803774356842041016e+00	8.172830581665039062e+00
3.716620922088623047e+00	4.974015235900878906e+00
3.329324007034301758e+00	6.821119308471679688e+00
5.702880382537841797e+00	6.105861186981201172e+00
2.992135047912597656e+00	5.218643188476562500e+00
5.998329639434814453e+00	6.180410385131835938e+00
9.305720329284667969e+00	3.800219297409057617e+00
1.564980268478393555e+00	7.699578762054443359e+00
8.446433067321777344e+00	7.586439609527587891e+00
2.137834072113037109e+00	7.867025852203369141e+00
1.011732292175292969e+01	5.783870697021484375e+00
6.675338745117187500e+00	6.571628570556640625e+00
6.508576869964599609e+00	4.640099525451660156e+00
8.190367698669433594e+00	6.818856716156005859e+00
8.142420768737792969e+00	6.478432178497314453e+00
5.899148464202880859e+00	3.243750810623168945e+00
8.397642135620117188e+00	5.439247131347656250e+00
9.902091026306152344e+00	4.699999809265136719e+00
7.466721534729003906e+00	5.809522151947021484e+00
4.478129386901855469e+00	6.766400337219238281e+00
2.549748420715332031e+00	4.883880615234375000e+00
1.150740337371826172e+01	6.360784053802490234e+00
5.151473522186279297e+00	7.865213871002197266e+00
8.202309608459472656e+00	7.706068992614746094e+00
5.877834320068359375e+00	5.630900859832763672e+00
3.415342330932617188e+00	7.303838729858398438e+00
7.499713897705078125e+00	6.664958953857421875e+00
7.024275779724121094e+00	4.868898868560791016e+00
3.725709438323974609e+00	7.806871891021728516e+00
3.986462593078613281e+00	2.997624635696411133e+00
7.968525886535644531e+00	4.793581485748291016e+00
5.841274261474609375e+00	3.217253684997558594e+00
6.054290771484375000e+00	4.702767848968505859e+00
5.456231117248535156e+00	2.823702335357666016e+00
1.902295589447021484e+00	7.711707592010498047e+00
3.364946126937866211e+00	4.198467731475830078e+00
4.191685199737548828e+00	7.975524425506591797e+00
2.975264787673950195e+00	6.710208892822265625e+00
5.545267105102539062e+00	7.141942024230957031e+00
3.879475593566894531e+00	7.851437091827392578e+00
8.466625213623046875e+00	7.449051856994628906e+00
1.022137069702148438e+01	5.598946571350097656e+00
3.077169179916381836e+00	4.895734310150146484e+00
7.826291561126708984e+00	7.499485969543457031e+00
2.491029262542724609e+00	3.760735034942626953e+00
5.349972724914550781e+00	4.612577915191650391e+00
9.290645599365234375e+00	8.486555099487304688e+00
4.318849563598632812e+00	6.640053749084472656e+00
1.789287567138671875e+00	7.164024829864501953e+00
4.459402084350585938e+00	5.209747791290283203e+00
4.850293636322021484e+00	6.558904170989990234e+00
6.183081626892089844e+00	5.790182590484619141e+00
2.853826284408569336e+00	6.572213649749755859e+00
7.590455055236816406e+00	8.597381591796875000e+00
2.543456554412841797e+00	7.629265785217285156e+00
6.551059246063232422e+00	1.912830114364624023e+00
2.422730684280395508e+00	5.276795387268066406e+00
6.113654136657714844e+00	8.356315612792968750e+00
4.665503978729248047e+00	4.557018280029296875e+00
7.450159549713134766e+00	4.733632564544677734e+00
6.738863945007324219e+00	8.412020683288574219e+00
4.301403522491455078e+00	7.786965847015380859e+00
5.906811237335205078e+00	5.783618450164794922e+00
2.150755643844604492e+00	5.745909214019775391e+00
5.455021858215332031e+00	5.725692272186279297e+00
8.363343238830566406e+00	4.408355712890625000e+00
2.460295438766479492e+00	5.317270278930664062e+00
8.757641792297363281e+00	2.609251499176025391e+00
8.495950698852539062e+00	7.583111286163330078e+00
1.036336326599121094e+01	6.053568363189697266e+00
3.209783077239990234e+00	3.962972640991210938e+00
2.408411026000976562e+00	5.644495010375976562e+00
3.325959444046020508e+00	3.681198358535766602e+00
2.258957386016845703e+00	5.148355007171630859e+00
7.949777126312255859e+00	7.557498455047607422e+00
8.238477706909179688e+00	6.056163311004638672e+00
3.628382444381713867e+00	7.370164394378662109e+00
5.838060379028320312e+00	5.136160850524902344e+00
6.658883094787597656e+00	4.270195007324218750e+00
1.750399708747863770e+00	5.188073635101318359e+00
5.945305824279785156e+00	8.022452354431152344e+00
3.718020439147949219e+00	4.424867153167724609e+00
5.796625614166259766e+00	5.805864810943603516e+00
8.472809791564941406e+00	5.530387878417968750e+00
3.518225431442260742e+00	4.474050998687744141e+00
4.970300197601318359e+00	5.975786685943603516e+00
4.702418804168701172e+00	7.261572837829589844e+00
1.858990073204040527e+00	8.180610656738281250e+00
4.313018321990966797e+00	8.004545211791992188e+00
1.092474269866943359e+01	4.939354419708251953e+00
2.239804744720458984e+00	6.213848590850830078e+00
6.264206886291503906e+00	4.653104305267333984e+00
6.057821750640869141e+00	6.721809387207031250e+00
1.132393932342529297e+01	5.050660610198974609e+00
5.717239379882812500e+00	4.530301570892333984e+00
4.448383331298828125e+00	5.768303394317626953e+00
4.277637004852294922e+00	6.221086502075195312e+00
3.046530008316040039e+00	4.409307003021240234e+00
6.343124866485595703e+00	3.307187080383300781e+00
5.099525451660156250e+00	3.321970939636230469e+00
8.785495758056640625e+00	6.621612071990966797e+00
3.925080299377441406e+00	3.760687828063964844e+00
6.146430969238281250e+00	3.734632730484008789e+00
6.304219722747802734e+00	7.096601009368896484e+00
1.053137588500976562e+01	4.823216915130615234e+00
7.938941478729248047e+00	2.736958265304565430e+00
2.179698705673217773e+00	4.452848434448242188e+00
4.737261772155761719e+00	5.431545257568359375e+00
2.513966798782348633e+00	7.057625770568847656e+00
3.860610485076904297e+00	5.212829589843750000e+00
6.556488275527954102e-01	6.099393844604492188e+00
5.624502182006835938e+00	7.219827175140380859e+00
6.942898273468017578e+00	4.314115047454833984e+00
2.174503803253173828e+00	6.393545150756835938e+00
1.341563463211059570e+00	5.463385105133056641e+00
6.127070903778076172e+00	7.498968601226806641e+00
7.636406421661376953e+00	5.288793563842773438e+00
7.194322586059570312e+00	2.102908611297607422e+00
1.349019885063171387e+00	7.296211242675781250e+00
1.811849474906921387e+00	7.413785457611083984e+00
8.831658363342285156e+00	3.909052371978759766e+00
5.574221611022949219e+00	7.078905105590820312e+00
7.893122673034667969e+00	7.426971912384033203e+00
2.279896736145019531e+00	4.656298637390136719e+00
9.146862030029296875e+00	5.928488731384277344e+00
1.118311405181884766e+01	6.855801105499267578e+00
1.623225092887878418e+00	4.747417449951171875e+00
2.009587287902832031e+00	5.539735317230224609e+00
5.536709785461425781e+00	3.149614095687866211e+00
4.307157993316650391e+00	7.176205635070800781e+00
8.102280616760253906e+00	5.336760044097900391e+00
4.550205230712890625e+00	4.110551834106445312e+00
5.865036487579345703e+00	2.285481452941894531e+00
2.926506996154785156e+00	7.490182876586914062e+00
7.541314601898193359e+00	5.845256805419921875e+00
7.268278598785400391e+00	4.337493419647216797e+00
5.519054412841796875e+00	4.358667373657226562e+00
3.239447832107543945e+00	6.479396820068359375e+00
5.663170337677001953e+00	3.209236145019531250e+00
7.804741382598876953e+00	7.538189411163330078e+00
5.738261699676513672e+00	4.956868171691894531e+00
8.846455574035644531e+00	5.023245334625244141e+00
1.836633324623107910e+00	6.081762790679931641e+00
6.024553775787353516e+00	3.796304225921630859e+00
3.385531187057495117e+00	7.676886558532714844e+00
1.176963233947753906e+01	5.229071617126464844e+00
6.251109600067138672e+00	5.650649547576904297e+00
4.141283988952636719e+00	2.758872032165527344e+00
9.585562705993652344e+00	5.310225963592529297e+00
7.414124011993408203e+00	7.163605213165283203e+00
1.067668533325195312e+01	3.819195032119750977e+00
6.036207675933837891e+00	1.997744917869567871e+00
2.681492328643798828e+00	6.967296600341796875e+00
4.843969345092773438e+00	3.753365039825439453e+00
7.143155097961425781e+00	7.520195484161376953e+00
1.838271021842956543e+00	4.845545291900634766e+00
9.219232559204101562e+00	3.567007780075073242e+00
3.830822467803955078e+00	7.319450855255126953e+00
3.970304250717163086e+00	7.076455116271972656e+00
1.055547046661376953e+01	6.984174251556396484e+00
1.800240635871887207e+00	8.249361038208007812e+00
1.131669235229492188e+01	5.204544067382812500e+00
1.762339711189270020e+00	8.486132621765136719e+00
3.715746164321899414e+00	3.556733131408691406e+00
4.256688594818115234e+00	6.397297382354736328e+00
4.332247257232666016e+00	4.600664138793945312e+00
5.296344280242919922e+00	8.052145004272460938e+00
7.658088207244873047e+00	6.417630195617675781e+00
6.692173004150390625e+00	3.212842702865600586e+00
1.268427729606628418e+00	6.968486309051513672e+00
3.165626525878906250e+00	7.854346752166748047e+00
7.915576457977294922e+00	5.244532108306884766e+00
7.726446628570556641e+00	2.726610422134399414e+00
2.344881057739257812e+00	4.452370166778564453e+00
7.730327129364013672e+00	3.946821689605712891e+00
5.760660648345947266e+00	7.095950603485107422e+00
4.517534255981445312e+00	8.404760360717773438e+00
8.695588111877441406e-01	7.131905078887939453e+00
8.588181495666503906e+00	3.090795993804931641e+00
2.552650690078735352e+00	4.845645427703857422e+00
5.579453945159912109e+00	7.867596149444580078e+00
2.308947086334228516e+00	6.309917449951171875e+00
4.911302566528320312e+00	5.442269325256347656e+00
5.704319953918457031e+00	2.462225437164306641e+00
1.738466858863830566e+00	7.989428520202636719e+00
1.018376731872558594e+01	5.017666816711425781e+00
8.133576393127441406e+00	3.340295076370239258e+00
9.889069557189941406e+00	6.562961578369140625e+00
7.923306941986083984e+00	8.454923629760742188e+00
5.934164047241210938e+00	4.458717823028564453e+00
4.542283535003662109e+00	7.378138542175292969e+00
2.532174348831176758e+00	6.753073215484619141e+00
6.383591651916503906e+00	5.526890277862548828e+00
6.563482761383056641e+00	2.493990182876586914e+00
7.914919853210449219e+00	5.651819705963134766e+00
7.534654617309570312e+00	5.708151340484619141e+00
7.517180919647216797e+00	4.543152332305908203e+00
9.949556350708007812e+00	6.592100143432617188e+00
3.652344226837158203e+00	6.554552555084228516e+00
8.827028274536132812e+00	5.518361091613769531e+00
9.891425132751464844e+00	7.631794452667236328e+00
3.214016199111938477e+00	3.390981912612915039e+00
1.778605699539184570e+00	7.288065910339355469e+00
1.732779502868652344e+00	7.484302520751953125e+00
8.493014335632324219e+00	3.483653783798217773e+00
7.641698360443115234e+00	2.728937864303588867e+00
7.652602195739746094e+00	5.821381092071533203e+00
6.293110847473144531e+00	5.503664493560791016e+00
7.119731426239013672e+00	6.449365139007568359e+00
6.147165298461914062e+00	7.390341281890869141e+00
7.518672943115234375e+00	4.650553226470947266e+00
2.899384498596191406e+00	4.861723423004150391e+00
3.136224508285522461e+00	5.848822116851806641e+00
2.022069931030273438e+00	6.315285205841064453e+00
5.449569702148437500e+00	8.262952804565429688e+00
3.975977897644042969e+00	7.628129005432128906e+00
9.820136070251464844e+00	5.119953155517578125e+00
1.056448936462402344e+01	7.124574184417724609e+00
6.630199909210205078e+00	4.975193500518798828e+00
5.683452606201171875e+00	7.306116104125976562e+00
6.572602748870849609e+00	5.364277839660644531e+00
4.653913974761962891e+00	8.011439323425292969e+00
4.318648815155029297e+00	2.996707916259765625e+00
9.962883949279785156e+00	6.197583675384521484e+00
5.531159877777099609e+00	4.433938980102539062e+00
1.044928932189941406e+01	3.899048089981079102e+00
1.056707191467285156e+01	8.015811920166015625e+00
5.139719963073730469e+00	5.314093112945556641e+00
7.899941444396972656e+00	6.866658210754394531e+00
7.287007331848144531e+00	4.518383026123046875e+00
8.020403861999511719e+00	5.206925392150878906e+00
4.270201206207275391e+00	4.654253482818603516e+00
1.070204544067382812e+01	4.834343910217285156e+00
1.031584453582763672e+01	4.854529857635498047e+00
6.999693870544433594e+00	3.297858715057373047e+00
7.478116035461425781e+00	3.934392690658569336e+00
2.361720800399780273e+00	7.796682834625244141e+00
6.468959331512451172e+00	5.272651195526123047e+00
3.180838108062744141e+00	5.578394889831542969e+00
7.253575325012207031e+00	3.437030076980590820e+00
9.776334762573242188e+00	5.597924232482910156e+00
6.753707885742187500e+00	3.996154308319091797e+00
1.862792134284973145e+00	4.815533638000488281e+00
1.083477210998535156e+01	3.637404441833496094e+00
6.594045639038085938e+00	7.507325172424316406e+00
7.705491065979003906e+00	7.152858734130859375e+00
5.813348770141601562e+00	4.591360569000244141e+00
6.376556873321533203e+00	6.759067535400390625e+00
5.008949279785156250e+00	3.463074922561645508e+00
4.967917442321777344e+00	2.973960638046264648e+00
2.434156894683837891e+00	4.600139141082763672e+00
6.950569152832031250e+00	3.155128240585327148e+00
8.045131683349609375e+00	4.585553646087646484e+00
1.474230289459228516e+00	5.974587440490722656e+00
1.071588420867919922e+01	7.150591850280761719e+00
4.326127052307128906e+00	4.513911247253417969e+00
2.883678674697875977e+00	8.509297370910644531e+00
2.286585569381713867e+00	8.432481765747070312e+00
6.639338016510009766e+00	2.605170726776123047e+00
8.575539588928222656e+00	7.933279037475585938e+00
3.285759210586547852e+00	5.623154640197753906e+00
8.824748992919921875e+00	6.328899383544921875e+00
3.965937137603759766e+00	5.804103851318359375e+00
8.622502326965332031e+00	3.756421327590942383e+00
5.265917778015136719e+00	8.346133232116699219e+00
8.088803291320800781e+00	7.783440113067626953e+00
8.049931526184082031e+00	2.866945266723632812e+00
6.012514591217041016e+00	6.427854061126708984e+00
4.839867115020751953e+00	5.954548835754394531e+00
2.196815490722656250e+00	6.446333885192871094e+00
1.031173992156982422e+01	4.037079334259033203e+00
5.218201160430908203e+00	4.982088565826416016e+00
2.626030206680297852e+00	5.572316646575927734e+00
5.159171104431152344e+00	7.474185943603515625e+00
1.217983436584472656e+01	5.942659378051757812e+00
5.320140838623046875e+00	5.278126716613769531e+00
9.305032730102539062e+00	6.805570125579833984e+00
1.169826507568359375e+01	5.460522174835205078e+00
4.615768432617187500e+00	5.382381439208984375e+00
2.837883234024047852e+00	6.983400344848632812e+00
7.307619571685791016e+00	5.217202663421630859e+00
4.556106090545654297e+00	5.738498210906982422e+00
8.021167755126953125e+00	4.988046646118164062e+00
9.001834869384765625e+00	7.631197452545166016e+00
1.164092063903808594e+00	8.296041488647460938e+00
3.634334325790405273e+00	4.465797901153564453e+00
6.912137985229492188e+00	6.544716358184814453e+00
6.308498859405517578e+00	5.803121089935302734e+00
8.659520149230957031e+00	8.542454719543457031e+00
3.015377044677734375e+00	7.048126697540283203e+00
3.749757528305053711e+00	8.188745498657226562e+00
2.550508260726928711e+00	7.015419483184814453e+00
5.805975437164306641e+00	5.631948947906494141e+00
7.956772327423095703e+00	5.374105930328369141e+00
2.330250501632690430e+00	6.498910903930664062e+00
6.807895660400390625e+00	8.476601600646972656e+00
4.924312591552734375e+00	2.213092327117919922e+00
3.468772888183593750e+00	7.470540523529052734e+00
5.007195949554443359e+00	7.670711517333984375e+00
6.568443298339843750e+00	4.390534400939941406e+00
6.993683815002441406e+00	8.615481376647949219e+00
7.406642436981201172e+00	2.590203523635864258e+00
4.202866077423095703e+00	7.417989253997802734e+00
3.544494390487670898e+00	8.529442787170410156e+00
6.882323265075683594e+00	3.631176710128784180e+00
7.262548446655273438e+00	4.903113365173339844e+00
8.900202751159667969e+00	3.063760280609130859e+00
3.062539577484130859e+00	5.073286533355712891e+00
6.529788494110107422e+00	6.906995296478271484e+00
4.128947734832763672e+00	5.638739585876464844e+00
5.605355739593505859e+00	5.241405010223388672e+00
7.047104358673095703e+00	4.389683246612548828e+00
6.273719787597656250e+00	6.260330677032470703e+00
3.320690155029296875e+00	5.489449501037597656e+00
2.889912128448486328e+00	8.145848274230957031e+00
9.055174827575683594e+00	8.400503158569335938e+00
6.253650665283203125e+00	7.387952327728271484e+00
1.906271576881408691e+00	6.327396392822265625e+00
7.818443298339843750e+00	4.979099273681640625e+00
1.043771743774414062e+01	4.721784591674804688e+00
5.844255447387695312e+00	4.592924594879150391e+00
1.073344516754150391e+01	4.160144805908203125e+00
5.319689273834228516e+00	4.594740867614746094e+00
7.872660160064697266e+00	5.915110111236572266e+00
4.304661750793457031e+00	3.588657617568969727e+00
3.577477455139160156e+00	6.300356388092041016e+00
8.036616325378417969e+00	3.196933746337890625e+00
7.404952526092529297e+00	5.446426391601562500e+00
7.404347896575927734e+00	4.745960712432861328e+00
4.805996894836425781e+00	4.028686046600341797e+00
4.328631877899169922e+00	3.456987142562866211e+00
9.936653137207031250e+00	6.787450790405273438e+00
6.495890140533447266e+00	3.974013566970825195e+00
4.749723434448242188e+00	6.011552810668945312e+00
6.516331195831298828e+00	2.805154800415039062e+00
3.635828018188476562e+00	4.828076839447021484e+00
4.723271846771240234e+00	3.078990459442138672e+00
6.837186813354492188e+00	1.410017013549804688e+00
4.156198501586914062e+00	6.843172073364257812e+00
2.209014892578125000e+00	6.425930023193359375e+00
5.726116180419921875e+00	4.338074684143066406e+00
8.956058502197265625e+00	6.992272377014160156e+00
2.517295122146606445e+00	4.812988758087158203e+00
5.886493682861328125e+00	5.360332489013671875e+00
4.552316665649414062e+00	4.062616825103759766e+00
3.404308795928955078e+00	5.748966217041015625e+00
4.826326370239257812e+00	3.012393236160278320e+00
3.349184989929199219e+00	4.439422607421875000e+00
7.007089138031005859e+00	3.531200885772705078e+00
4.316754817962646484e+00	7.735185146331787109e+00
6.109460353851318359e+00	2.823621511459350586e+00
8.613443374633789062e+00	7.513856887817382812e+00
8.487194061279296875e+00	7.165628433227539062e+00
6.366541862487792969e+00	1.813450336456298828e+00
5.523579120635986328e+00	7.981703281402587891e+00
4.201461791992187500e+00	7.445781707763671875e+00
7.451976299285888672e+00	1.625989675521850586e+00
9.820281982421875000e+00	3.863475561141967773e+00
5.568464279174804688e+00	8.043727874755859375e+00
2.633244752883911133e+00	7.889761447906494141e+00
7.469080924987792969e+00	3.927997350692749023e+00
4.267665386199951172e+00	5.580195903778076172e+00
1.106456565856933594e+01	6.302348136901855469e+00
6.685604572296142578e+00	4.182332038879394531e+00
6.394740104675292969e+00	8.426539421081542969e+00
7.574405193328857422e+00	7.113551616668701172e+00
2.333329200744628906e+00	5.250690460205078125e+00
2.383970975875854492e+00	6.755580902099609375e+00
2.841487646102905273e+00	8.092005729675292969e+00
2.668634653091430664e+00	6.705493450164794922e+00
7.872642517089843750e+00	3.561450719833374023e+00
8.417127609252929688e+00	5.031523704528808594e+00
8.663196563720703125e+00	6.933066368103027344e+00
9.505632400512695312e+00	7.859674453735351562e+00
5.534333705902099609e+00	3.830882072448730469e+00
9.630620956420898438e+00	8.094273567199707031e+00
1.347759246826171875e+00	6.028832912445068359e+00
6.256597042083740234e+00	7.292628288269042969e+00
6.457886695861816406e+00	1.653689503669738770e+00
7.774669647216796875e+00	7.104058265686035156e+00
2.831521749496459961e+00	8.495231628417968750e+00
4.021298408508300781e+00	8.088411331176757812e+00
1.145329833030700684e+00	8.081693649291992188e+00
3.478666067123413086e+00	6.208302021026611328e+00
5.815927505493164062e+00	2.542168617248535156e+00
6.002490043640136719e+00	4.213760375976562500e+00
3.546933174133300781e+00	3.507975101470947266e+00
1.115829563140869141e+01	6.449931621551513672e+00
5.496436119079589844e+00	5.505803108215332031e+00
2.544443845748901367e+00	5.380214691162109375e+00
1.140121173858642578e+01	4.914395809173583984e+00
9.572240829467773438e+00	3.716006278991699219e+00
1.989835619926452637e+00	5.634723186492919922e+00
5.132201194763183594e+00	2.693092823028564453e+00
1.087432765960693359e+01	5.881488800048828125e+00
6.041965961456298828e+00	5.620579719543457031e+00
1.829485535621643066e+00	6.224817276000976562e+00
7.493768215179443359e+00	6.970833301544189453e+00
2.729177236557006836e+00	6.297196388244628906e+00
1.382776498794555664e+00	7.469259262084960938e+00
1.494311809539794922e+00	6.899662494659423828e+00
6.138333797454833984e+00	6.438021183013916016e+00
7.427698969841003418e-01	7.744843006134033203e+00
4.672555923461914062e+00	6.909048080444335938e+00
4.399628162384033203e+00	3.636846303939819336e+00
3.647572994232177734e+00	5.742663383483886719e+00
2.921834945678710938e+00	5.808942794799804688e+00
5.871793746948242188e+00	6.168260097503662109e+00
7.754921436309814453e+00	7.150614738464355469e+00
6.384477138519287109e+00	2.744755744934082031e+00
4.939687252044677734e+00	4.370729923248291016e+00
7.391355991363525391e+00	8.477980613708496094e+00
1.104645252227783203e+01	7.395666122436523438e+00
5.685012340545654297e+00	7.303393840789794922e+00
4.905583858489990234e+00	6.388436317443847656e+00
8.191145896911621094e+00	7.981484889984130859e+00
9.717584609985351562e+00	6.434255123138427734e+00
8.092656135559082031e+00	6.171034812927246094e+00
9.459156036376953125e+00	4.284355163574218750e+00
8.121916770935058594e+00	5.973801612854003906e+00
5.014810562133789062e+00	4.968313694000244141e+00
1.152942657470703125e+01	5.357723712921142578e+00
1.892495989799499512e+00	6.709432125091552734e+00
1.230106115341186523e+00	8.020939826965332031e+00
7.443419456481933594e+00	8.627874374389648438e+00
7.003613948822021484e+00	5.926541328430175781e+00
8.732602119445800781e+00	5.476492404937744141e+00
1.446121692657470703e+00	6.701220512390136719e+00
5.648177146911621094e+00	2.996416568756103516e+00
5.658132553100585938e+00	7.720570087432861328e+00
1.019089508056640625e+01	4.753828525543212891e+00
6.263708114624023438e+00	2.218995809555053711e+00
5.300228595733642578e+00	4.981443405151367188e+00
6.366945743560791016e+00	7.988984584808349609e+00
6.302177906036376953e+00	5.925868988037109375e+00
1.080102634429931641e+01	5.098623752593994141e+00
9.304126739501953125e+00	6.918818473815917969e+00
5.760118961334228516e+00	1.669617056846618652e+00
6.006815910339355469e+00	3.345915555953979492e+00
8.090011596679687500e+00	3.855041027069091797e+00
5.444155693054199219e+00	5.927362442016601562e+00
5.974738001823425293e-01	6.058152675628662109e+00
6.847767353057861328e+00	8.621041297912597656e+00
7.235297679901123047e+00	6.356530666351318359e+00
5.193464756011962891e+00	6.463268756866455078e+00
6.637784481048583984e+00	4.723673820495605469e+00
8.510842323303222656e+00	5.984484672546386719e+00
5.554434299468994141e+00	5.948246955871582031e+00
1.060395336151123047e+01	7.293094635009765625e+00
7.850916385650634766e-01	7.058407306671142578e+00
6.731652617454528809e-01	7.387266159057617188e+00
1.663263797760009766e+00	6.635215759277343750e+00
3.626873016357421875e+00	3.076284170150756836e+00
3.986380100250244141e+00	6.353526115417480469e+00
4.122766494750976562e+00	5.004737854003906250e+00
7.855241775512695312e+00	3.541285991668701172e+00
5.029322147369384766e+00	3.930464029312133789e+00
4.913399219512939453e+00	7.186687469482421875e+00
2.666585445404052734e+00	4.996214866638183594e+00
6.471923828125000000e+00	6.250852584838867188e+00
6.877784729003906250e+00	5.582115173339843750e+00
7.881678104400634766e+00	4.442749500274658203e+00
1.739180326461791992e+00	8.093437194824218750e+00
2.027962446212768555e+00	6.745570659637451172e+00
6.411177158355712891e+00	6.805217742919921875e+00
8.728943824768066406e+00	7.403033256530761719e+00
4.654344558715820312e+00	8.307759284973144531e+00
4.679826736450195312e+00	2.948139429092407227e+00
4.894325256347656250e+00	6.722001075744628906e+00
5.626057147979736328e+00	7.174503326416015625e+00
6.575848102569580078e+00	7.074860095977783203e+00
6.319458484649658203e+00	7.147999763488769531e+00
2.831042289733886719e+00	5.846444606781005859e+00
6.058588981628417969e+00	2.550478935241699219e+00
6.358730792999267578e+00	4.477003097534179688e+00
9.169920921325683594e+00	6.687130451202392578e+00
8.011678695678710938e+00	7.058717250823974609e+00
6.564078330993652344e+00	6.351150989532470703e+00
9.667182922363281250e+00	7.605068683624267578e+00
8.339247703552246094e+00	6.426772117614746094e+00
1.017896842956542969e+01	4.472105979919433594e+00
1.033814334869384766e+01	4.778969764709472656e+00
4.900348186492919922e+00	4.618577957153320312e+00
4.967156887054443359e+00	6.062036514282226562e+00
3.691730022430419922e+00	7.303423404693603516e+00
9.459961891174316406e+00	7.007814884185791016e+00
3.039350986480712891e+00	4.245088577270507812e+00
4.749804019927978516e+00	3.789149522781372070e+00
5.389299392700195312e+00	2.201681613922119141e+00
4.451275825500488281e+00	6.994385719299316406e+00
5.866228103637695312e+00	6.014172077178955078e+00
7.075860500335693359e+00	1.479473590850830078e+00
9.620423316955566406e+00	6.038104534149169922e+00
7.220371723175048828e+00	4.412340164184570312e+00
4.789418697357177734e+00	4.164006710052490234e+00
8.082985877990722656e+00	8.185913085937500000e+00
9.785042762756347656e+00	6.022379398345947266e+00
7.365565776824951172e+00	6.012539863586425781e+00
1.127029895782470703e+01	5.757284164428710938e+00
3.216332197189331055e+00	6.102552890777587891e+00
7.933890342712402344e+00	5.820716857910156250e+00
2.744751453399658203e+00	6.547065258026123047e+00
6.461556911468505859e+00	8.505722999572753906e+00
3.946730852127075195e+00	4.077834129333496094e+00
1.099404144287109375e+01	5.821517467498779297e+00
1.044109725952148438e+01	6.185822010040283203e+00
6.937079429626464844e+00	6.543387413024902344e+00
3.180810689926147461e+00	5.550145626068115234e+00
7.828372478485107422e+00	6.023339271545410156e+00
4.721399307250976562e+00	4.867562770843505859e+00
8.460422515869140625e+00	7.548474311828613281e+00
8.605433464050292969e+00	7.213291645050048828e+00
5.329346656799316406e+00	4.184914588928222656e+00
7.329270362854003906e+00	1.260229349136352539e+00
5.881531715393066406e+00	4.371925830841064453e+00
4.697286605834960938e+00	5.513002872467041016e+00
1.746868491172790527e+00	6.651150226593017578e+00
8.644309997558593750e+00	6.142999172210693359e+00
4.460563182830810547e+00	6.956099987030029297e+00
1.097311115264892578e+01	6.212382793426513672e+00
6.382533550262451172e+00	6.546749591827392578e+00
3.528691768646240234e+00	3.143695116043090820e+00
6.897135376930236816e-01	7.728536605834960938e+00
6.952607631683349609e+00	4.449073314666748047e+00
7.477529525756835938e+00	6.991472721099853516e+00
7.213335037231445312e+00	4.656327247619628906e+00
4.223118782043457031e+00	4.947344779968261719e+00
6.576041698455810547e+00	7.944917678833007812e+00
1.024337673187255859e+01	5.307970046997070312e+00
5.091259479522705078e+00	4.534720420837402344e+00
6.737502098083496094e+00	2.511042594909667969e+00
1.872148990631103516e+00	7.992380619049072266e+00
8.768260955810546875e+00	6.301949977874755859e+00
5.058268547058105469e+00	7.470341205596923828e+00
7.239905357360839844e+00	2.987506866455078125e+00
7.554154872894287109e+00	7.804424762725830078e+00
1.361504793167114258e+00	7.195843696594238281e+00
9.426771163940429688e+00	5.284008502960205078e+00
7.901204109191894531e+00	7.763679504394531250e+00
7.099837779998779297e+00	4.865345001220703125e+00
4.834517478942871094e+00	8.000026702880859375e+00
8.947989463806152344e+00	5.073482990264892578e+00
9.798991203308105469e+00	6.387761116027832031e+00
7.839473247528076172e+00	3.127110719680786133e+00
9.115484237670898438e+00	4.292413711547851562e+00
1.881777763366699219e+00	7.684749126434326172e+00
8.114914894104003906e+00	4.471132278442382812e+00
3.721411466598510742e+00	3.303001642227172852e+00
9.527724385261535645e-01	6.295186996459960938e+00
5.098529338836669922e+00	4.310171604156494141e+00
1.079226398468017578e+01	3.746374845504760742e+00
8.370361328125000000e+00	2.010082483291625977e+00
7.074963569641113281e+00	4.018349647521972656e+00
1.030308914184570312e+01	7.414695262908935547e+00
5.589422225952148438e+00	5.551961898803710938e+00
6.190258979797363281e+00	7.256965160369873047e+00
6.416875839233398438e+00	5.511860847473144531e+00
3.308346509933471680e+00	3.552121639251708984e+00
3.388827085494995117e+00	5.607296943664550781e+00
1.186537861824035645e+00	7.855158805847167969e+00
2.863857269287109375e+00	4.506442546844482422e+00
3.322697639465332031e+00	6.463185310363769531e+00
6.760258197784423828e+00	1.788567066192626953e+00
7.958730220794677734e+00	5.576202392578125000e+00
1.002468013763427734e+01	4.510186672210693359e+00
9.460877418518066406e+00	4.353212833404541016e+00
5.083008289337158203e+00	5.281200885772705078e+00
7.449315547943115234e+00	6.840745925903320312e+00
6.183043003082275391e+00	1.615209698677062988e+00
9.186445236206054688e+00	4.810167789459228516e+00
8.941146850585937500e+00	7.516650676727294922e+00
6.658147335052490234e+00	5.877848148345947266e+00
1.035737323760986328e+01	3.825955867767333984e+00
8.174858093261718750e+00	3.848003864288330078e+00
7.798678874969482422e+00	8.654529571533203125e+00
3.246142864227294922e+00	7.726981163024902344e+00
5.040327548980712891e+00	4.089878082275390625e+00
9.908419251441955566e-01	6.913038253784179688e+00
4.322996616363525391e+00	5.830322742462158203e+00
6.604206562042236328e+00	7.779607295989990234e+00
2.819398641586303711e+00	5.441232204437255859e+00
4.427382946014404297e+00	6.521448135375976562e+00
2.930968046188354492e+00	3.407465934753417969e+00
7.816954612731933594e+00	7.402104854583740234e+00
3.466820478439331055e+00	5.487133979797363281e+00
6.363407135009765625e+00	6.966451168060302734e+00
5.354882240295410156e+00	8.107508659362792969e+00
5.394953727722167969e+00	5.608485698699951172e+00
2.147117853164672852e+00	7.831839084625244141e+00
1.193612217903137207e+00	6.268517971038818359e+00
1.434021472930908203e+00	6.632035732269287109e+00
6.086525917053222656e+00	4.902075767517089844e+00
6.037684440612792969e+00	5.097765922546386719e+00
4.611097812652587891e+00	5.726854324340820312e+00
9.013884544372558594e+00	5.466352939605712891e+00
2.197543621063232422e+00	7.348454475402832031e+00
2.939081430435180664e+00	4.988378524780273438e+00
3.084559440612792969e+00	7.797378540039062500e+00
7.362413406372070312e+00	3.400286436080932617e+00
8.727721214294433594e+00	6.891557216644287109e+00
7.619717121124267578e+00	6.963097572326660156e+00
3.510886430740356445e+00	6.968576908111572266e+00
6.151249885559082031e+00	2.223384380340576172e+00
7.371217250823974609e+00	4.885436058044433594e+00
7.983121871948242188e+00	7.473767757415771484e+00
3.183304071426391602e+00	7.804518699645996094e+00
7.286700725555419922e+00	4.227618694305419922e+00
6.546850681304931641e+00	3.166533470153808594e+00
1.069162273406982422e+01	3.985414505004882812e+00
4.637492656707763672e+00	4.193014144897460938e+00
6.638926506042480469e+00	3.015114784240722656e+00
3.037629842758178711e+00	5.310399055480957031e+00
7.994660377502441406e+00	3.685440540313720703e+00
1.880994319915771484e+00	6.885480403900146484e+00
8.744294166564941406e+00	3.445760488510131836e+00
6.351126194000244141e+00	4.717939853668212891e+00
1.100037574768066406e+01	4.673411369323730469e+00
7.728030204772949219e+00	1.626202940940856934e+00
5.804657936096191406e+00	7.621840476989746094e+00
5.700920581817626953e+00	7.988902568817138672e+00
7.041084766387939453e+00	7.579809665679931641e+00
6.471050262451171875e+00	6.862326622009277344e+00
6.909623146057128906e+00	5.781811714172363281e+00
5.884610176086425781e+00	4.067830562591552734e+00
7.788326740264892578e-01	7.393866539001464844e+00
4.246868610382080078e+00	8.020503997802734375e+00
5.196571826934814453e+00	8.363101959228515625e+00
2.172204494476318359e+00	4.557155609130859375e+00
6.115646362304687500e+00	7.674303054809570312e+00
8.290122032165527344e+00	6.830985546112060547e+00
3.422250509262084961e+00	7.580164432525634766e+00
2.665016889572143555e+00	5.582894325256347656e+00
8.274826049804687500e+00	2.590450286865234375e+00
8.607189178466796875e+00	4.771811008453369141e+00
2.671199083328247070e+00	6.852149963378906250e+00
9.428182601928710938e+00	5.159447669982910156e+00
7.710476398468017578e+00	4.307760238647460938e+00
4.608436584472656250e+00	4.075415134429931641e+00
7.080811500549316406e+00	7.796292781829833984e+00
5.199336528778076172e+00	7.542391777038574219e+00
6.814009666442871094e+00	2.546666383743286133e+00
5.891347885131835938e+00	5.215829372406005859e+00
1.912060618400573730e+00	7.957664489746093750e+00
5.877643108367919922e+00	2.030524730682373047e+00
8.177852630615234375e+00	8.029673576354980469e+00
7.567031383514404297e+00	4.969390869140625000e+00
1.179043865203857422e+01	6.019134044647216797e+00
7.690391540527343750e+00	6.129243850708007812e+00
1.158148670196533203e+01	5.420374393463134766e+00
8.362656593322753906e+00	6.057303428649902344e+00
4.763150215148925781e+00	6.943789958953857422e+00
6.011929035186767578e+00	1.684371352195739746e+00
4.528222084045410156e+00	5.399412155151367188e+00
2.622642517089843750e+00	5.908959388732910156e+00
7.724945545196533203e+00	6.571789741516113281e+00
5.429666996002197266e+00	3.240350008010864258e+00
2.238713026046752930e+00	4.633880138397216797e+00
6.464600086212158203e+00	2.206169843673706055e+00
1.077496409416198730e+00	6.493074417114257812e+00
3.087392091751098633e+00	7.002849102020263672e+00
8.436515808105468750e+00	5.959609508514404297e+00
5.148990631103515625e+00	3.045973777770996094e+00
7.059328556060791016e+00	2.550645589828491211e+00
4.548393726348876953e+00	5.921806335449218750e+00
5.904051303863525391e+00	6.852641105651855469e+00
5.695503711700439453e+00	5.509508132934570312e+00
4.236435413360595703e+00	5.164019584655761719e+00
2.930227041244506836e+00	7.324804782867431641e+00
4.590177059173583984e+00	7.071429252624511719e+00
4.004422664642333984e+00	6.072939872741699219e+00
5.842679500579833984e+00	2.940916776657104492e+00
9.426742792129516602e-01	7.100119590759277344e+00
3.828249216079711914e+00	5.533800601959228516e+00
6.513945579528808594e+00	4.276299476623535156e+00
6.696306228637695312e+00	7.289560794830322266e+00
5.848800182342529297e+00	3.325813770294189453e+00
6.885779857635498047e+00	5.686262130737304688e+00
1.107671070098876953e+01	7.154888153076171875e+00
4.963668823242187500e+00	4.631311416625976562e+00
2.883202075958251953e+00	3.833154201507568359e+00
9.866154789924621582e-01	8.023305892944335938e+00
9.552501678466796875e+00	6.079631328582763672e+00
3.989849090576171875e+00	5.107265472412109375e+00
1.982150673866271973e+00	7.212886333465576172e+00
8.589017868041992188e+00	7.119753837585449219e+00
6.413043498992919922e+00	1.928012967109680176e+00
7.328808307647705078e+00	2.414366722106933594e+00
6.945426464080810547e+00	3.157718181610107422e+00
4.728024959564208984e+00	6.857020854949951172e+00
3.545039892196655273e+00	4.847060680389404297e+00
2.232637643814086914e+00	6.856277942657470703e+00
1.115756702423095703e+01	6.063663959503173828e+00
8.351190567016601562e+00	6.293736934661865234e+00
1.132811069488525391e+01	4.828231811523437500e+00
2.634240627288818359e+00	8.348821640014648438e+00
6.715948104858398438e+00	7.008953094482421875e+00
6.639365196228027344e+00	3.859407663345336914e+00
1.128669142723083496e+00	6.895357131958007812e+00
7.032986164093017578e+00	4.520510196685791016e+00
2.681694507598876953e+00	7.888520240783691406e+00
7.867705345153808594e+00	4.585306644439697266e+00
6.348667621612548828e+00	2.744841575622558594e+00
6.052380084991455078e+00	3.927746534347534180e+00
6.018508434295654297e+00	2.865288496017456055e+00
3.976674795150756836e+00	5.560496807098388672e+00
6.864101409912109375e+00	2.865276813507080078e+00
7.695597410202026367e-01	7.090620517730712891e+00
2.467576265335083008e+00	6.433039665222167969e+00
9.123997688293457031e+00	3.609727382659912109e+00
5.296941757202148438e+00	3.665625333786010742e+00
4.391425609588623047e+00	8.000794410705566406e+00
4.899830818176269531e+00	5.393484592437744141e+00
3.399759292602539062e+00	3.495158672332763672e+00
4.282897949218750000e+00	4.088624000549316406e+00
2.957031965255737305e+00	7.686412334442138672e+00
7.139443874359130859e+00	6.545942306518554688e+00
3.880603075027465820e+00	4.739266872406005859e+00
7.168943881988525391e+00	7.695006847381591797e+00
1.664530873298645020e+00	8.095381736755371094e+00
9.100207328796386719e+00	5.987845897674560547e+00
9.335488319396972656e+00	7.392650604248046875e+00
6.900663852691650391e+00	5.832497596740722656e+00
3.162973165512084961e+00	3.593353033065795898e+00
1.899046421051025391e+00	7.304904460906982422e+00
4.408349990844726562e+00	8.227753639221191406e+00
8.420246124267578125e+00	5.694493293762207031e+00
7.586950778961181641e+00	6.072111606597900391e+00
3.525756120681762695e+00	8.331155776977539062e+00
7.147284030914306641e+00	5.324141502380371094e+00
7.482085704803466797e+00	3.204964637756347656e+00
1.862295985221862793e+00	6.511987209320068359e+00
6.754867553710937500e+00	1.504497170448303223e+00
8.632372856140136719e+00	4.115523338317871094e+00
5.835309505462646484e+00	5.971530914306640625e+00
3.844511210918426514e-01	8.128675460815429688e+00
1.105547904968261719e+01	5.376696586608886719e+00
1.665432095527648926e+00	7.044284343719482422e+00
6.163148403167724609e+00	4.289296150207519531e+00
5.919085025787353516e+00	4.744084835052490234e+00
5.891937732696533203e+00	7.012425899505615234e+00
8.817038536071777344e+00	5.626621246337890625e+00
5.164150714874267578e+00	5.223388195037841797e+00
9.593526840209960938e+00	7.815315246582031250e+00
9.728667259216308594e+00	6.635486125946044922e+00
5.793512344360351562e+00	7.447733402252197266e+00
8.403446197509765625e+00	2.493927717208862305e+00
2.266150474548339844e+00	6.279362678527832031e+00
1.885605573654174805e+00	4.745313167572021484e+00
7.685217380523681641e+00	2.765976667404174805e+00
2.966227293014526367e+00	7.581914424896240234e+00
7.980743408203125000e+00	1.817121505737304688e+00
6.216800689697265625e+00	5.950862884521484375e+00
1.775048017501831055e+00	8.029508590698242188e+00
6.953489303588867188e+00	8.027628898620605469e+00
8.260888099670410156e+00	2.746800422668457031e+00
8.219120979309082031e+00	3.931901454925537109e+00
4.799979209899902344e+00	8.157217025756835938e+00
5.639412879943847656e+00	5.099986076354980469e+00
5.982023715972900391e+00	6.313636779785156250e+00
5.042840003967285156e+00	4.945061683654785156e+00
5.434101104736328125e+00	2.582110404968261719e+00
4.538097858428955078e+00	8.348411560058593750e+00
3.741045475006103516e+00	7.944175243377685547e+00
9.229708462953567505e-03	7.289618492126464844e+00
6.532835483551025391e+00	6.988540172576904297e+00
3.581889867782592773e+00	6.209614276885986328e+00
1.868860363960266113e+00	7.770437240600585938e+00
6.317677497863769531e-01	6.925167560577392578e+00
3.316242218017578125e+00	3.930127859115600586e+00
4.869722366333007812e+00	5.725711345672607422e+00
6.632264614105224609e+00	2.871201753616333008e+00
4.447750568389892578e+00	6.341127395629882812e+00
4.855585098266601562e+00	7.063018798828125000e+00
7.191715717315673828e+00	8.672110557556152344e+00
1.155470466613769531e+01	5.093809604644775391e+00
6.871271133422851562e+00	2.713658571243286133e+00
7.081428527832031250e+00	3.628992557525634766e+00
8.042431831359863281e+00	6.695377349853515625e+00
2.450019836425781250e+00	7.247014045715332031e+00
6.937760829925537109e+00	2.026437759399414062e+00
5.192344665527343750e+00	6.927663803100585938e+00
6.135254859924316406e+00	1.560831904411315918e+00
5.867170333862304688e+00	3.679141759872436523e+00
4.568064212799072266e+00	8.096633911132812500e+00
7.574716091156005859e+00	6.308280944824218750e+00
2.431638002395629883e+00	6.976131439208984375e+00
1.109156703948974609e+01	7.451479911804199219e+00
4.500728607177734375e+00	2.942787408828735352e+00
3.026173591613769531e+00	8.069500923156738281e+00
7.715617179870605469e+00	4.602551460266113281e+00
4.175901412963867188e+00	7.154204845428466797e+00
1.098014259338378906e+01	5.990689754486083984e+00
7.359777450561523438e+00	6.973996639251708984e+00
4.234389781951904297e+00	3.287965297698974609e+00
5.917751312255859375e+00	5.264004707336425781e+00
4.067809104919433594e+00	5.085465908050537109e+00
7.193779468536376953e+00	3.353197336196899414e+00
1.197398304939270020e+00	7.823860168457031250e+00
3.142948150634765625e+00	6.636922836303710938e+00
6.221281528472900391e+00	5.601099967956542969e+00
4.282493114471435547e+00	5.751524925231933594e+00
3.474326372146606445e+00	5.145741939544677734e+00
1.604942560195922852e+00	6.384924888610839844e+00
1.067635440826416016e+01	3.926003456115722656e+00
7.587958335876464844e+00	7.376239299774169922e+00
2.011876583099365234e+00	6.789427757263183594e+00
4.101799011230468750e+00	7.452181339263916016e+00
6.520142078399658203e+00	3.481056690216064453e+00
7.187136173248291016e+00	5.281961917877197266e+00
6.121809959411621094e+00	6.227364063262939453e+00
1.833393812179565430e+00	6.907124996185302734e+00
6.485360145568847656e+00	5.879665851593017578e+00
1.092707443237304688e+01	7.047187328338623047e+00
7.320886611938476562e+00	3.294238567352294922e+00
4.708757877349853516e+00	7.935155391693115234e+00
5.924799919128417969e+00	6.207253456115722656e+00
2.275664091110229492e+00	5.747164249420166016e+00
7.378368854522705078e+00	3.024452686309814453e+00
6.512077331542968750e+00	2.290764570236206055e+00
3.103445529937744141e+00	7.360847473144531250e+00
6.087405204772949219e+00	5.088341236114501953e+00
1.236525654792785645e+00	7.387169837951660156e+00
7.233913421630859375e+00	6.573117256164550781e+00
1.171595811843872070e+00	6.489693164825439453e+00
7.306571960449218750e+00	1.314236521720886230e+00
4.929422855377197266e+00	4.274636268615722656e+00
5.498579144477844238e-01	7.500906944274902344e+00
2.793897628784179688e+00	5.706220626831054688e+00
3.171167135238647461e+00	6.994497776031494141e+00
3.449835300445556641e+00	7.668659687042236328e+00
9.066364288330078125e+00	6.790320396423339844e+00
5.335969924926757812e+00	3.233293056488037109e+00
6.165357589721679688e+00	4.912099838256835938e+00
4.226299762725830078e+00	5.477356433868408203e+00
7.850740432739257812e+00	8.651184082031250000e+00
2.951791286468505859e+00	3.806851148605346680e+00
5.526061058044433594e+00	4.006008625030517578e+00
8.918416023254394531e+00	4.464317798614501953e+00
4.076014518737792969e+00	6.416455268859863281e+00
3.300971031188964844e+00	6.267037391662597656e+00
4.414676189422607422e+00	4.327451705932617188e+00
7.381356239318847656e+00	6.140645980834960938e+00
3.921132087707519531e+00	7.185003757476806641e+00
7.527295112609863281e+00	1.189912080764770508e+00
7.420889735221862793e-01	6.005377769470214844e+00
4.584532737731933594e+00	4.830895900726318359e+00
4.037761211395263672e+00	6.938422203063964844e+00
6.611892223358154297e+00	3.789553403854370117e+00
8.742476463317871094e+00	6.257180213928222656e+00
3.308579206466674805e+00	7.774298667907714844e+00
2.254805564880371094e+00	6.085596561431884766e+00
3.416101455688476562e+00	4.524597167968750000e+00
6.147720336914062500e+00	4.123085021972656250e+00
1.866884469985961914e+00	5.859599590301513672e+00
6.325172424316406250e+00	1.478444814682006836e+00
3.561547756195068359e+00	6.233011245727539062e+00
2.653112173080444336e+00	6.845594882965087891e+00
3.380096435546875000e+00	8.243216514587402344e+00
2.535465240478515625e+00	6.055238723754882812e+00
8.177632331848144531e+00	5.760804653167724609e+00
1.004438591003417969e+01	6.843785762786865234e+00
1.021504211425781250e+01	7.715186595916748047e+00
6.766004562377929688e+00	3.917976140975952148e+00
4.033009052276611328e+00	5.956915378570556641e+00
7.528186798095703125e+00	1.451805353164672852e+00
6.858582019805908203e+00	3.383183479309082031e+00
9.961698532104492188e+00	7.515999794006347656e+00
3.574154376983642578e+00	8.356048583984375000e+00
7.399518013000488281e+00	6.524700164794921875e+00
5.672801494598388672e+00	1.843260288238525391e+00
4.230293273925781250e+00	6.638180255889892578e+00
8.446544647216796875e+00	5.419833183288574219e+00
5.284826755523681641e+00	7.634472846984863281e+00
5.278725147247314453e+00	3.453917026519775391e+00
7.633456230163574219e+00	2.991591215133666992e+00
8.353660583496093750e+00	7.469280242919921875e+00
3.911484479904174805e+00	4.673257350921630859e+00
8.757699966430664062e+00	6.217340469360351562e+00
4.141435146331787109e+00	8.240277290344238281e+00
1.124959087371826172e+01	7.462143898010253906e+00
7.433717846870422363e-01	7.779674530029296875e+00
7.703266143798828125e+00	1.282233357429504395e+00
7.439091205596923828e+00	5.967061042785644531e+00
5.618478775024414062e+00	6.290581703186035156e+00
3.088423252105712891e+00	6.827516078948974609e+00
6.959387779235839844e+00	8.948136329650878906e+00
3.224198341369628906e+00	7.037215709686279297e+00
6.337212562561035156e+00	3.757209777832031250e+00
7.681247234344482422e+00	1.433459639549255371e+00
7.643483638763427734e+00	2.729572772979736328e+00
4.755449771881103516e+00	6.193474769592285156e+00
3.701014041900634766e+00	5.742613792419433594e+00
8.092480659484863281e+00	6.081217288970947266e+00
6.049226760864257812e+00	8.410291671752929688e+00
5.828701019287109375e+00	7.875460624694824219e+00
9.619699478149414062e+00	6.035392761230468750e+00
7.635997772216796875e+00	1.576967239379882812e+00
2.374903440475463867e+00	5.612634181976318359e+00
7.250652790069580078e+00	7.897562026977539062e+00
3.810944795608520508e+00	4.522853851318359375e+00
6.125127792358398438e+00	1.769765496253967285e+00
3.329060792922973633e+00	4.781553745269775391e+00
3.597120523452758789e+00	7.957688331604003906e+00
6.802107810974121094e+00	2.688658952713012695e+00
7.536691665649414062e+00	1.382545232772827148e+00
7.892934322357177734e+00	2.344354391098022461e+00
6.613570213317871094e+00	1.978567242622375488e+00
7.171306610107421875e+00	6.758046627044677734e+00
4.935790538787841797e+00	7.141397476196289062e+00
4.943273067474365234e+00	3.996002674102783203e+00
6.362670421600341797e+00	4.482073307037353516e+00
1.383239388465881348e+00	7.540287971496582031e+00
6.477624893188476562e+00	2.321233034133911133e+00
4.441709518432617188e+00	8.227578163146972656e+00
2.796337127685546875e+00	3.221164941787719727e+00
7.375638008117675781e+00	6.132628440856933594e+00
3.462509393692016602e+00	5.469072341918945312e+00
6.940462589263916016e+00	4.746854782104492188e+00
1.327428102493286133e+00	8.370046615600585938e+00
2.310326099395751953e+00	5.187122821807861328e+00
6.439770460128784180e-01	7.675494670867919922e+00
2.345980167388916016e+00	4.907648563385009766e+00
5.485128402709960938e+00	5.564436435699462891e+00
3.822410106658935547e+00	5.744444847106933594e+00
5.086444854736328125e+00	6.394607067108154297e+00
1.009404420852661133e+00	7.887045383453369141e+00
1.993747115135192871e+00	6.134291648864746094e+00
1.015318274497985840e+00	6.765335083007812500e+00
7.935060024261474609e+00	1.746090173721313477e+00
1.020604038238525391e+01	6.302041053771972656e+00
8.191390991210937500e+00	4.160058975219726562e+00
6.086146354675292969e+00	1.720033049583435059e+00
1.187313842773437500e+01	4.975538730621337891e+00
3.954663276672363281e+00	7.365927219390869141e+00
9.396739006042480469e+00	4.046877861022949219e+00
5.625703811645507812e+00	4.685705184936523438e+00
6.679011821746826172e+00	3.540575027465820312e+00
3.748547554016113281e+00	7.669630050659179688e+00
4.306840896606445312e+00	4.315295219421386719e+00
6.015473231673240662e-02	7.357748985290527344e+00
3.322112321853637695e+00	5.055305004119873047e+00
3.969397544860839844e+00	4.782476902008056641e+00
4.532097816467285156e+00	4.864610195159912109e+00
7.443234443664550781e+00	2.522307634353637695e+00
1.570014119148254395e+00	8.169797897338867188e+00
4.528496265411376953e+00	4.035321235656738281e+00
1.060997295379638672e+01	7.521267414093017578e+00
7.506934642791748047e+00	3.524919033050537109e+00
3.582374811172485352e+00	8.773188591003417969e+00
6.753166675567626953e+00	6.241472244262695312e+00
6.646922588348388672e+00	3.761387586593627930e+00
1.565722703933715820e+00	6.840813636779785156e+00
4.840817928314208984e+00	6.971625804901123047e+00
9.707308769226074219e+00	6.261284351348876953e+00
6.998646736145019531e+00	2.343724489212036133e+00
3.776057481765747070e+00	8.013520240783691406e+00
1.529621243476867676e+00	6.362584590911865234e+00
8.594326972961425781e+00	3.359246253967285156e+00
3.483367681503295898e+00	3.962306261062622070e+00
7.053557395935058594e+00	8.369484901428222656e+00
1.274500489234924316e+00	6.956445693969726562e+00
4.499420166015625000e+00	6.522635936737060547e+00
2.505221128463745117e+00	8.503705024719238281e+00
6.213390827178955078e+00	5.188609123229980469e+00
8.222943305969238281e+00	6.427117347717285156e+00
5.599757194519042969e+00	6.683547496795654297e+00
4.804312229156494141e+00	3.654720783233642578e+00
2.436414241790771484e+00	8.565809249877929688e+00
5.533063888549804688e+00	7.176032066345214844e+00
4.733661651611328125e+00	7.507245540618896484e+00
6.575137615203857422e+00	8.243979454040527344e+00
1.909315228462219238e+00	8.036789894104003906e+00
6.613961696624755859e+00	1.365822315216064453e+00
1.064682245254516602e+00	7.802517414093017578e+00
8.977828025817871094e+00	6.136050224304199219e+00
6.458071708679199219e+00	5.968007564544677734e+00
9.551498413085937500e+00	3.454234600067138672e+00
9.167982101440429688e+00	5.596776962280273438e+00
7.935354232788085938e+00	6.544947147369384766e+00
7.274331569671630859e+00	3.678555965423583984e+00
6.063755512237548828e+00	4.879826545715332031e+00
6.159308433532714844e+00	2.035073757171630859e+00
6.551306247711181641e+00	4.145960330963134766e+00
1.198192358016967773e+00	8.128959655761718750e+00
1.310818672180175781e+00	7.518294811248779297e+00
6.104800701141357422e+00	4.548501014709472656e+00
1.047985839843750000e+01	5.936855316162109375e+00
8.104547500610351562e+00	3.092106819152832031e+00
7.761490345001220703e+00	5.177898883819580078e+00
6.106165051460266113e-01	8.305729866027832031e+00
6.782626628875732422e+00	1.722050070762634277e+00
7.226803779602050781e+00	3.000243425369262695e+00
3.285555124282836914e+00	5.623266220092773438e+00
6.597404956817626953e+00	7.478132247924804688e+00
6.444078922271728516e+00	3.197792768478393555e+00
6.333608150482177734e+00	7.332793712615966797e+00
9.333044886589050293e-01	8.042746543884277344e+00
2.336751461029052734e+00	5.886178493499755859e+00
6.645390510559082031e+00	6.389311313629150391e+00
4.830320835113525391e+00	6.500838756561279297e+00
3.209580183029174805e+00	5.916845798492431641e+00
3.715671062469482422e+00	6.629954338073730469e+00
9.901689529418945312e+00	4.390509128570556641e+00
7.490280628204345703e+00	4.663204193115234375e+00
7.467524051666259766e+00	3.906459331512451172e+00
9.068780899047851562e+00	7.252397060394287109e+00
3.553927659988403320e+00	6.550327777862548828e+00
5.592393875122070312e+00	3.233333587646484375e+00
5.463379383087158203e+00	4.365899085998535156e+00
4.635206699371337891e+00	7.600139617919921875e+00
8.260188102722167969e-01	6.396818637847900391e+00
1.145553112030029297e+01	6.455811500549316406e+00
3.059230327606201172e+00	7.104484081268310547e+00
7.880506992340087891e+00	4.442755222320556641e+00
2.643751382827758789e+00	5.391306400299072266e+00
6.909498691558837891e+00	1.713827729225158691e+00
6.682766437530517578e+00	4.843483924865722656e+00
5.891225814819335938e+00	5.249276161193847656e+00
5.939329147338867188e+00	3.422387599945068359e+00
6.243890762329101562e+00	3.420072793960571289e+00
4.430196285247802734e+00	7.478653430938720703e+00
4.147376537322998047e+00	8.337033271789550781e+00
2.682807207107543945e+00	4.551333904266357422e+00
6.240839481353759766e+00	1.539297938346862793e+00
2.054364442825317383e+00	8.340433120727539062e+00
3.073193550109863281e+00	8.084021568298339844e+00
5.970398426055908203e+00	2.000621080398559570e+00
4.715671062469482422e+00	6.145029067993164062e+00
3.148747682571411133e+00	5.468982219696044922e+00
8.206677436828613281e+00	6.817202091217041016e+00
5.782970905303955078e+00	6.264276981353759766e+00
6.075660228729248047e+00	5.804958343505859375e+00
6.667330741882324219e+00	5.857364654541015625e+00
9.510058403015136719e+00	4.202260971069335938e+00
5.193335056304931641e+00	5.879938602447509766e+00
4.247418880462646484e+00	7.488998889923095703e+00
2.051800966262817383e+00	6.629525661468505859e+00
8.239291191101074219e+00	8.350530624389648438e+00
9.957699775695800781e+00	6.278812408447265625e+00
1.419467926025390625e+00	6.883068084716796875e+00
9.716284751892089844e+00	4.416641235351562500e+00
4.464248657226562500e+00	5.253582000732421875e+00
7.693069934844970703e+00	2.178874969482421875e+00
6.723162174224853516e+00	1.368432641029357910e+00
5.112895011901855469e+00	7.885057449340820312e+00
6.241525173187255859e+00	4.241098880767822266e+00
