7.451820850372314453e+00	-5.984763503074645996e-01
1.956847071647644043e+00	-7.371854186058044434e-01
-1.699905395507812500e-01	2.968989133834838867e+00
1.278547763824462891e+01	-9.346271753311157227e-01
-1.621446572244167328e-02	2.821830987930297852e+00
1.210695028305053711e+00	5.255328863859176636e-02
9.828088879585266113e-01	1.902078092098236084e-01
-4.342879772186279297e+00	4.591542243957519531e+00
-1.761854767799377441e+00	2.553735494613647461e+00
1.273695468902587891e+01	1.266469240188598633e+00
1.319306945800781250e+01	4.625164866447448730e-01
2.320381164550781250e+00	2.250704050064086914e+00
-6.290050745010375977e-01	1.902966260910034180e+00
6.420665740966796875e+00	2.796241760253906250e+00
-2.959296226501464844e+00	4.873200893402099609e+00
1.120607566833496094e+01	1.282671451568603516e+00
1.225194644927978516e+01	-3.237932920455932617e-01
-1.470256567001342773e+00	2.334853410720825195e+00
4.771807670593261719e+00	-1.210338354110717773e+00
-4.294998168945312500e+00	5.331176280975341797e+00
-3.465459346771240234e+00	4.445471763610839844e+00
2.049515724182128906e+00	-7.123752832412719727e-01
7.363029479980468750e+00	3.045694530010223389e-01
5.707857131958007812e+00	2.975337743759155273e+00
4.988862514495849609e+00	6.015730500221252441e-01
-3.635013997554779053e-01	5.487945556640625000e+00
1.149136066436767578e+01	2.134742021560668945e+00
2.259574890136718750e+00	-6.085267066955566406e-01
8.055364608764648438e+00	8.678010106086730957e-02
6.674623489379882812e+00	-8.508961796760559082e-01
-1.855563163757324219e+00	5.098446369171142578e+00
-3.273663997650146484e+00	3.622866630554199219e+00
3.915176153182983398e+00	2.619303464889526367e+00
2.078721284866333008e+00	2.115713119506835938e+00
3.402068614959716797e+00	-8.638110756874084473e-01
3.062645196914672852e+00	2.845867156982421875e+00
9.718149185180664062e+00	4.115865826606750488e-01
1.418522238731384277e+00	2.654681682586669922e+00
3.767439842224121094e+00	3.174322247505187988e-01
4.052818775177001953e+00	3.248749256134033203e+00
1.347262859344482422e+01	1.100582361221313477e+00
-2.176571130752563477e+00	4.679953098297119141e+00
6.893342971801757812e+00	7.404591888189315796e-03
1.154038775712251663e-02	4.558477878570556641e+00
9.625233650207519531e+00	3.009559392929077148e+00
-1.389368921518325806e-01	3.010287046432495117e+00
9.407024383544921875e+00	1.644434571266174316e+00
-1.111608147621154785e+00	2.024931192398071289e+00
-4.114614963531494141e+00	4.534421920776367188e+00
6.663039684295654297e+00	3.841708898544311523e+00
1.367558670043945312e+01	6.948053240776062012e-01
-1.021394133567810059e+00	2.471401691436767578e+00
2.377692461013793945e+00	-3.473191261291503906e-01
2.346652746200561523e+00	2.043656587600708008e+00
2.983851194381713867e+00	1.827745676040649414e+00
-2.881575822830200195e-01	3.445655345916748047e+00
4.372025489807128906e+00	3.292073726654052734e+00
4.468051433563232422e+00	-2.571562528610229492e-01
5.669050216674804688e+00	5.750048756599426270e-01
1.072927284240722656e+01	-7.540058493614196777e-01
1.270075511932373047e+01	2.096189737319946289e+00
6.466096401214599609e+00	3.789179623126983643e-01
1.102968215942382812e+01	-4.793335497379302979e-01
3.671780347824096680e+00	-6.995728611946105957e-01
1.294533610343933105e-01	4.608204364776611328e+00
-6.093819141387939453e-01	3.437774896621704102e+00
-3.505503892898559570e+00	4.697962284088134766e+00
-4.327449321746826172e+00	4.971865653991699219e+00
3.183475971221923828e+00	2.426129877567291260e-01
4.611294269561767578e+00	1.806592345237731934e+00
-2.695684909820556641e+00	4.380510330200195312e+00
5.147063255310058594e+00	3.441493272781372070e+00
1.064999699592590332e+00	-1.402264554053544998e-02
6.880233287811279297e-01	8.723836541175842285e-01
-1.830058813095092773e+00	4.607610702514648438e+00
-1.746623396873474121e+00	4.422093391418457031e+00
-1.745462417602539062e+00	2.248346090316772461e+00
-2.968216419219970703e+00	5.083962917327880859e+00
-1.374970078468322754e+00	3.774694919586181641e+00
2.663131475448608398e+00	9.910482168197631836e-01
-2.734230756759643555e+00	1.636892795562744141e+00
-3.185636281967163086e+00	4.353517055511474609e+00
6.012951850891113281e+00	-5.244941711425781250e-01
5.752342343330383301e-01	4.643593311309814453e+00
3.518412828445434570e+00	-4.222353100776672363e-01
1.924576520919799805e+00	6.455452442169189453e-01
1.358539819717407227e+00	3.642400503158569336e+00
1.911921977996826172e+00	3.778772592544555664e+00
1.780090212821960449e+00	-3.207226097583770752e-02
-2.269588947296142578e+00	3.776394128799438477e+00
2.784268856048583984e+00	-2.054090350866317749e-01
-3.976189851760864258e+00	4.631832599639892578e+00
4.150942325592041016e+00	1.609185695648193359e+00
2.181267976760864258e+00	2.160519063472747803e-01
2.319458484649658203e+00	2.606954574584960938e+00
-2.505662679672241211e+00	1.585483789443969727e+00
-4.970920085906982422e+00	4.929225921630859375e+00
-1.131876632571220398e-01	3.329624414443969727e+00
6.022053241729736328e+00	4.116071462631225586e-01
4.537923812866210938e+00	4.957014620304107666e-01
4.092516899108886719e+00	1.523749351501464844e+00
1.133488941192626953e+01	1.076415896415710449e+00
1.148256182670593262e+00	3.002914488315582275e-01
8.043457984924316406e+00	-6.778164505958557129e-01
2.391689538955688477e+00	3.491987943649291992e+00
6.597943305969238281e+00	5.494118332862854004e-01
-2.047163963317871094e+00	1.681803822517395020e+00
1.223782062530517578e+01	-1.051414370536804199e+00
-2.997857809066772461e+00	2.859183073043823242e+00
-3.630089998245239258e+00	2.836922645568847656e+00
-2.717955589294433594e+00	3.968798875808715820e+00
-7.174822688102722168e-01	4.039213180541992188e+00
5.629609107971191406e+00	8.211719393730163574e-01
8.381015658378601074e-01	4.536337554454803467e-01
-4.554953575134277344e+00	3.422749996185302734e+00
2.983249425888061523e+00	1.567233681678771973e+00
1.552365779876708984e+00	3.299799859523773193e-01
-3.421015977859497070e+00	2.415489196777343750e+00
-3.638544082641601562e+00	3.505737304687500000e+00
-1.571201801300048828e+00	2.013817548751831055e+00
9.700281143188476562e+00	-3.982955813407897949e-01
-1.672246217727661133e+00	1.799681305885314941e+00
2.736924171447753906e+00	3.730546951293945312e+00
3.110660314559936523e+00	-8.325430154800415039e-01
4.941637992858886719e+00	-3.362748026847839355e-01
5.368860721588134766e+00	-5.415339469909667969e-01
-1.220681786537170410e+00	1.883365035057067871e+00
-2.754307031631469727e+00	6.049054145812988281e+00
2.150244951248168945e+00	1.518111586570739746e+00
1.293141269683837891e+01	-4.850904345512390137e-01
2.004437744617462158e-01	5.198543071746826172e-01
6.548004627227783203e+00	-1.071033239364624023e+00
-2.587621927261352539e+00	3.608191013336181641e+00
8.377864956855773926e-01	1.483692646026611328e+00
-3.746481180191040039e+00	4.580413818359375000e+00
1.029562282562255859e+01	1.207056283950805664e+00
2.402634382247924805e+00	-3.268746137619018555e-01
2.753443241119384766e+00	-7.444550395011901855e-01
1.387172794342041016e+01	7.594447135925292969e-01
4.817597389221191406e+00	-8.279908895492553711e-01
1.125318336486816406e+01	-1.430249214172363281e+00
-3.813852787017822266e+00	2.799413442611694336e+00
1.067618057131767273e-01	5.565686225891113281e+00
4.837255477905273438e+00	4.576579570770263672e+00
6.903749704360961914e-01	4.220214843750000000e+00
-4.857533931732177734e+00	5.580288410186767578e+00
2.082000970840454102e+00	2.072992324829101562e+00
-2.729144334793090820e+00	2.985096931457519531e+00
8.024444580078125000e+00	-3.381456136703491211e-01
-1.308271408081054688e+00	2.109147548675537109e+00
4.274551391601562500e+00	-2.769123315811157227e-01
1.370195579528808594e+01	1.560443997383117676e+00
3.937757253646850586e+00	-6.501858234405517578e-01
6.500079154968261719e+00	-2.813342213630676270e-01
6.833570003509521484e+00	-3.639448583126068115e-01
3.593213319778442383e+00	2.785426974296569824e-01
3.031144618988037109e+00	4.036640822887420654e-01
1.259996986389160156e+01	-9.638296365737915039e-01
5.242748737335205078e+00	4.228924214839935303e-01
4.849719047546386719e+00	-1.677592992782592773e+00
1.491913080215454102e+00	1.473646879196166992e+00
4.931353569030761719e+00	1.409204483032226562e+00
3.809039354324340820e+00	3.442227840423583984e+00
-7.225664258003234863e-01	9.441228508949279785e-01
1.432377099990844727e+00	3.719910383224487305e+00
-1.535269379615783691e+00	3.137326717376708984e+00
5.605065345764160156e+00	2.605691909790039062e+00
2.770562887191772461e+00	5.595260858535766602e-01
-1.868773460388183594e+00	5.738350391387939453e+00
1.927128553390502930e+00	2.933962821960449219e+00
1.790034890174865723e+00	-8.790221810340881348e-01
6.899740695953369141e-01	3.512023687362670898e+00
4.825789928436279297e+00	4.677780270576477051e-01
1.284795403480529785e+00	3.983377695083618164e+00
1.071137523651123047e+01	2.232621669769287109e+00
1.089867502450942993e-01	3.198755741119384766e+00
1.249253511428833008e+00	4.335891723632812500e+00
1.152228927612304688e+01	3.477415800094604492e+00
1.048999881744384766e+01	-9.347285032272338867e-01
8.516497611999511719e+00	-3.446861207485198975e-01
-5.878877639770507812e-02	1.935156822204589844e+00
8.980593681335449219e+00	1.350399136543273926e+00
3.862649202346801758e+00	9.717608094215393066e-01
2.074578523635864258e+00	3.746990680694580078e+00
-3.685226917266845703e+00	4.301166534423828125e+00
-7.846972346305847168e-01	2.369434118270874023e+00
1.316705703735351562e+00	2.573675870895385742e+00
2.892456769943237305e+00	-6.532362848520278931e-02
4.705712318420410156e+00	-2.978798449039459229e-01
5.744709968566894531e+00	-5.547224283218383789e-01
-3.601082086563110352e+00	3.399797439575195312e+00
5.402074337005615234e+00	3.149061441421508789e+00
2.506087779998779297e+00	-6.101197600364685059e-01
-1.707969009876251221e-01	4.722311973571777344e+00
4.978962242603302002e-01	2.448922395706176758e+00
-1.745519518852233887e+00	2.001075506210327148e+00
3.058370590209960938e+00	2.214257866144180298e-01
3.191489934921264648e+00	7.175806760787963867e-01
7.660601139068603516e+00	-4.997753798961639404e-01
6.750523567199707031e+00	-7.683483362197875977e-01
2.245223045349121094e+00	3.996665030717849731e-02
1.469892501831054688e+00	2.495564699172973633e+00
-2.250601768493652344e+00	6.137687206268310547e+00
7.025285243988037109e+00	-1.998957693576812744e-01
-9.987310767173767090e-01	2.988266706466674805e+00
1.252361679077148438e+01	-7.556387782096862793e-01
-1.977130293846130371e+00	5.177358150482177734e+00
7.746754646301269531e+00	2.762439846992492676e-01
5.759936332702636719e+00	1.352942109107971191e+00
9.674547195434570312e+00	2.100171566009521484e+00
-9.195410013198852539e-01	5.812174797058105469e+00
2.461272954940795898e+00	-4.058606028556823730e-01
-2.048483848571777344e+00	3.350518226623535156e+00
4.224821567535400391e+00	2.861913442611694336e+00
9.570234298706054688e+00	-1.251055598258972168e+00
8.074347496032714844e+00	1.609655141830444336e+00
3.096051692962646484e+00	3.710346937179565430e+00
5.661898612976074219e+00	-1.544388532638549805e+00
1.086030673980712891e+01	1.213594555854797363e+00
1.305611705780029297e+01	5.880622863769531250e-01
2.448536872863769531e+00	2.187468051910400391e+00
7.214792966842651367e-01	1.934406995773315430e+00
2.373860597610473633e+00	-1.097893714904785156e+00
8.302442550659179688e+00	3.078561425209045410e-01
1.639148950576782227e+00	2.936058044433593750e+00
1.286514091491699219e+01	6.595606207847595215e-01
4.319873809814453125e+00	2.443509340286254883e+00
3.591025829315185547e+00	-4.048212170600891113e-01
9.071146965026855469e+00	4.164171516895294189e-01
-3.097897768020629883e+00	4.383305549621582031e+00
3.628146171569824219e+00	1.787309765815734863e+00
-2.841325759887695312e+00	2.047282695770263672e+00
7.281818985939025879e-02	2.025418043136596680e+00
4.826661050319671631e-01	3.302762284874916077e-02
-2.020963668823242188e+00	3.264716863632202148e+00
3.190222382545471191e-01	3.757529735565185547e+00
4.604879379272460938e+00	-9.477291107177734375e-01
-2.154445886611938477e+00	2.579202175140380859e+00
-3.238236188888549805e+00	4.767871856689453125e+00
-6.455819606781005859e-01	4.507562637329101562e+00
2.710752725601196289e+00	3.039874434471130371e-01
4.313790321350097656e+00	3.959468901157379150e-01
6.650199890136718750e+00	-6.157606244087219238e-01
2.657168865203857422e+00	4.828133583068847656e+00
-3.840426445007324219e+00	4.896227836608886719e+00
7.956886768341064453e+00	3.841909468173980713e-01
-1.317319035530090332e+00	2.199272871017456055e+00
3.858579635620117188e+00	-3.410537913441658020e-02
1.050176620483398438e+01	2.696216583251953125e+00
8.782004356384277344e+00	-5.014485716819763184e-01
1.297873497009277344e+01	1.577793359756469727e+00
1.428911304473876953e+01	1.052666664123535156e+00
-2.518182516098022461e+00	5.388829231262207031e+00
-5.393139719963073730e-01	2.101650238037109375e+00
1.444832444190979004e+00	2.615387678146362305e+00
-1.155810832977294922e+00	1.507302761077880859e+00
1.036134624481201172e+01	-5.555056929588317871e-01
-4.627618312835693359e+00	4.170786380767822266e+00
4.321539998054504395e-01	3.620487928390502930e+00
4.831187725067138672e+00	-3.908299207687377930e-01
3.793741464614868164e+00	1.914734542369842529e-01
-3.644248723983764648e+00	4.091752529144287109e+00
4.086237907409667969e+00	-8.599174767732620239e-02
-2.204279184341430664e+00	4.502103328704833984e+00
3.062600374221801758e+00	5.068942546844482422e+00
-4.099114894866943359e+00	4.731375217437744141e+00
1.706601619720458984e+00	3.442928791046142578e-01
6.705394387245178223e-01	2.940236926078796387e-01
4.326115846633911133e-01	3.242704868316650391e+00
-3.090918540954589844e+00	3.362439393997192383e+00
-1.663880109786987305e+00	2.689826965332031250e+00
3.969820499420166016e+00	1.752264499664306641e-01
3.374546766281127930e+00	9.595158696174621582e-01
5.045063972473144531e+00	-1.503300815820693970e-01
3.142451047897338867e+00	2.064136266708374023e+00
1.121440887451171875e+01	4.845186471939086914e-01
2.760201454162597656e+00	2.238101005554199219e+00
-3.130780220031738281e+00	4.290767192840576172e+00
2.762548446655273438e+00	-1.162296175956726074e+00
-2.268380403518676758e+00	3.206529855728149414e+00
3.606506347656250000e+00	2.573279619216918945e+00
8.281633377075195312e+00	4.811828732490539551e-01
-7.010782957077026367e-01	3.107628107070922852e+00
1.156861972808837891e+01	-2.946865856647491455e-01
-4.130506992340087891e+00	3.416021108627319336e+00
7.564159870147705078e+00	1.440045475959777832e+00
1.389832592010498047e+01	8.334227204322814941e-01
-3.966023027896881104e-01	2.269811391830444336e+00
-1.246990442276000977e+00	1.630975842475891113e+00
1.550559163093566895e+00	-1.813905388116836548e-01
1.131565570831298828e+01	-2.678617089986801147e-02
8.462495803833007812e+00	-5.172287821769714355e-01
4.866374969482421875e+00	1.097319245338439941e+00
2.563179731369018555e+00	1.155083417892456055e+00
-2.343696594238281250e+00	3.820418834686279297e+00
1.294631767272949219e+01	-9.432170987129211426e-01
-2.477131366729736328e+00	4.981765270233154297e+00
2.040519475936889648e+00	1.401506543159484863e+00
-4.868132174015045166e-01	3.621237039566040039e+00
-2.399872690439224243e-01	2.198441505432128906e+00
7.143639087677001953e+00	-1.204064846038818359e+00
-2.705735206604003906e+00	2.410148620605468750e+00
6.277542591094970703e+00	1.658217430114746094e+00
6.897295951843261719e+00	-7.934664189815521240e-02
2.306602239608764648e+00	1.589148879051208496e+00
5.443784236907958984e+00	-1.709727883338928223e+00
3.100932359695434570e+00	3.111237287521362305e+00
9.485570907592773438e+00	-7.247927784919738770e-01
1.001215839385986328e+01	1.899256855249404907e-01
6.177870273590087891e+00	-2.136792689561843872e-01
-5.573019981384277344e-01	5.784832239151000977e-01
6.249985694885253906e+00	-2.790977358818054199e-01
6.801225662231445312e+00	-7.021530270576477051e-01
4.210271358489990234e+00	1.020435571670532227e+00
7.019943714141845703e+00	2.756057977676391602e+00
4.572880744934082031e+00	-3.799434304237365723e-01
6.428342461585998535e-01	4.053665637969970703e+00
-2.041466951370239258e+00	3.826111316680908203e+00
6.938334941864013672e+00	4.928913712501525879e-02
-4.382071971893310547e+00	5.116355895996093750e+00
1.373528289794921875e+01	7.431950569152832031e-01
-4.940433502197265625e-01	8.647803068161010742e-01
3.581648588180541992e+00	2.061930894851684570e+00
4.064215660095214844e+00	-4.967774450778961182e-01
3.258654475212097168e-02	2.194066762924194336e+00
-4.420479536056518555e-01	3.885581254959106445e+00
1.313159465789794922e+00	4.428752422332763672e+00
1.145830535888671875e+01	2.150398731231689453e+00
3.949595212936401367e+00	-1.132591485977172852e+00
3.735421657562255859e+00	1.093665719032287598e+00
9.789136648178100586e-01	1.841033220291137695e+00
1.943008601665496826e-01	1.845838546752929688e+00
-3.276709914207458496e-01	4.530413150787353516e+00
5.496019124984741211e-01	7.738932967185974121e-01
7.045740604400634766e+00	1.334684640169143677e-01
-1.390157938003540039e+00	4.520913124084472656e+00
5.461787223815917969e+00	-4.424596726894378662e-01
1.269258403778076172e+01	-1.814683079719543457e-01
1.656765460968017578e+00	4.326831817626953125e+00
-1.808953136205673218e-01	1.036896228790283203e+00
2.689862489700317383e+00	2.872946739196777344e+00
5.841467857360839844e+00	-5.151088237762451172e-01
1.303604483604431152e+00	1.090468406677246094e+00
-4.940869331359863281e+00	4.927519321441650391e+00
1.033844470977783203e+01	-1.193400859832763672e+00
9.026770591735839844e+00	-2.281024605035781860e-01
1.146069431304931641e+01	-4.648902118206024170e-01
-2.308743238449096680e+00	4.808827877044677734e+00
-1.856842279434204102e+00	4.943552970886230469e+00
7.784725189208984375e+00	-8.162127733230590820e-01
2.527927398681640625e+00	-1.084531545639038086e+00
4.395977020263671875e+00	2.808229923248291016e-01
-4.018669605255126953e+00	4.987056732177734375e+00
9.261647224426269531e+00	2.885590553283691406e+00
7.506099224090576172e+00	1.322509497404098511e-01
-3.813692092895507812e+00	3.340602874755859375e+00
7.823133945465087891e+00	1.058197498321533203e+00
8.869352340698242188e+00	2.710577726364135742e+00
-1.921147227287292480e+00	1.262881159782409668e+00
1.028628921508789062e+01	2.294306755065917969e+00
1.344435691833496094e+01	1.063935011625289917e-01
9.244064241647720337e-02	6.353420019149780273e-01
5.917237758636474609e+00	1.554491400718688965e+00
5.172226577997207642e-02	1.968617320060729980e+00
5.874987602233886719e+00	3.350490570068359375e+00
6.108450889587402344e+00	8.632544875144958496e-01
3.785586833953857422e+00	2.235489606857299805e+00
5.395532250404357910e-01	2.928532600402832031e+00
5.768575191497802734e+00	-9.662346243858337402e-01
4.122546911239624023e-01	1.523102164268493652e+00
2.555619478225708008e+00	2.725100517272949219e+00
-2.173521280288696289e+00	3.967728376388549805e+00
-9.832332134246826172e-01	6.915035843849182129e-01
2.129751443862915039e+00	-2.498179972171783447e-01
3.082625389099121094e+00	-4.602712392807006836e-01
2.287225246429443359e+00	2.773613452911376953e+00
7.223810672760009766e+00	6.866205949336290359e-03
8.267384529113769531e+00	-2.670682966709136963e-01
5.842649459838867188e+00	6.509670019149780273e-01
-2.108668565750122070e+00	5.024602890014648438e+00
3.421880006790161133e-01	4.812044143676757812e+00
5.331040859222412109e+00	2.468613982200622559e-01
9.594935417175292969e+00	2.416871070861816406e+00
5.472520589828491211e-01	3.637356460094451904e-01
3.738822937011718750e-01	8.816376924514770508e-01
-5.408090353012084961e-01	1.645069003105163574e+00
-3.589720964431762695e+00	5.161889553070068359e+00
4.554026603698730469e+00	3.171981573104858398e-01
-4.549644470214843750e+00	3.630330324172973633e+00
2.899675369262695312e+00	2.790079116821289062e+00
3.754065632820129395e-01	1.035382509231567383e+00
-1.111095786094665527e+00	6.830658316612243652e-01
-4.835537433624267578e+00	5.174304962158203125e+00
-4.335349082946777344e+00	5.148424625396728516e+00
5.470164775848388672e+00	-8.310928195714950562e-02
1.547226428985595703e+00	2.639416456222534180e-01
8.995624542236328125e+00	-1.299446702003479004e+00
1.124904537200927734e+01	-2.519555091857910156e-01
5.940480709075927734e+00	1.083392977714538574e+00
1.307387590408325195e+00	3.215260505676269531e+00
2.427198648452758789e+00	5.333897590637207031e+00
1.081844329833984375e+01	2.796754360198974609e+00
-2.806555747985839844e+00	4.610125064849853516e+00
8.619454383850097656e+00	-2.228082567453384399e-01
3.023205995559692383e+00	-9.473621845245361328e-02
-7.038972377777099609e-01	2.128590583801269531e+00
8.082070350646972656e+00	6.015120148658752441e-01
8.788294792175292969e+00	-1.047565579414367676e+00
9.498339653015136719e+00	7.192720174789428711e-01
-3.767994403839111328e+00	5.497875213623046875e+00
4.888400733470916748e-01	3.493725776672363281e+00
2.525064706802368164e+00	3.737287044525146484e+00
-2.068917989730834961e+00	4.437809944152832031e+00
-1.293208956718444824e+00	1.305395245552062988e+00
-2.831084012985229492e+00	3.511709690093994141e+00
1.156624078750610352e+00	2.570308923721313477e+00
4.580983161926269531e+00	-6.168587207794189453e-01
1.137300586700439453e+01	2.250422716140747070e+00
1.659480214118957520e+00	-6.608843207359313965e-01
-2.395189762115478516e+00	3.110560417175292969e+00
1.258445167541503906e+01	-2.235063314437866211e-01
7.097025394439697266e+00	3.493567407131195068e-01
3.567619562149047852e+00	1.856210470199584961e+00
4.537823200225830078e-01	7.909025549888610840e-01
9.186148643493652344e+00	8.450101017951965332e-01
5.351215839385986328e+00	1.941937804222106934e+00
4.873586177825927734e+00	1.624947071075439453e+00
2.324856519699096680e+00	1.137144327163696289e+00
3.849242210388183594e+00	1.612165927886962891e+00
2.010877370834350586e+00	1.782528609037399292e-01
1.762945532798767090e+00	-7.353923320770263672e-01
8.369989395141601562e+00	1.472211837768554688e+00
2.723048448562622070e+00	7.738511562347412109e-01
3.220060825347900391e+00	1.745347023010253906e+00
3.392011225223541260e-01	2.126565217971801758e+00
2.532217502593994141e+00	-1.633321493864059448e-01
5.267372608184814453e+00	-8.214043378829956055e-01
1.652154207229614258e+00	3.888023376464843750e+00
5.775076866149902344e+00	1.152326226234436035e+00
9.368391990661621094e+00	3.198984384536743164e+00
1.238128280639648438e+01	2.671229600906372070e+00
5.322837829589843750e+00	5.006876587867736816e-01
-5.740397572517395020e-01	2.592389822006225586e+00
4.528254985809326172e+00	-9.601062536239624023e-02
5.232128620147705078e+00	7.682363390922546387e-01
-7.261138409376144409e-02	1.593109250068664551e+00
-3.392849564552307129e-01	3.606795310974121094e+00
2.511029481887817383e+00	1.152345418930053711e+00
-2.045232772827148438e+00	5.997974872589111328e+00
4.232085704803466797e+00	2.303234577178955078e+00
-2.838356971740722656e+00	1.386900782585144043e+00
5.084878921508789062e+00	2.411729574203491211e+00
-3.446228981018066406e+00	3.051207542419433594e+00
5.522112250328063965e-01	-4.333014190196990967e-01
7.300510883331298828e+00	4.492775797843933105e-01
5.616547584533691406e+00	-1.405320048332214355e+00
-3.905369758605957031e+00	2.349926710128784180e+00
2.321312427520751953e+00	7.829061746597290039e-01
7.067677974700927734e+00	3.619393587112426758e+00
4.304608345031738281e+00	9.115321636199951172e-01
-1.215513825416564941e+00	4.729599952697753906e+00
8.363937377929687500e+00	-7.996984720230102539e-01
5.022924423217773438e+00	2.990385293960571289e+00
4.333174705505371094e+00	1.115496084094047546e-01
2.236249446868896484e+00	-6.131439208984375000e-01
1.234922790527343750e+01	1.544112205505371094e+00
1.936266422271728516e-01	1.656333357095718384e-01
1.349688816070556641e+01	5.056284070014953613e-01
5.946596145629882812e+00	3.216291189193725586e+00
-2.585134983062744141e+00	1.596275210380554199e+00
8.331559181213378906e+00	2.301465749740600586e+00
4.541702866554260254e-01	3.151488065719604492e+00
1.050689601898193359e+01	1.596326380968093872e-01
2.898174524307250977e+00	9.660202264785766602e-02
-3.668955266475677490e-01	-9.526282548904418945e-02
9.177632331848144531e-01	1.530625104904174805e+00
1.023692250251770020e+00	1.803096652030944824e+00
9.616268157958984375e+00	2.466837167739868164e+00
8.056511878967285156e+00	2.339271545410156250e+00
2.943284988403320312e+00	-1.092890724539756775e-01
1.347594738006591797e+00	4.398994445800781250e+00
-2.852071285247802734e+00	3.108093500137329102e+00
6.775104522705078125e+00	2.134365886449813843e-01
5.298399448394775391e+00	-2.999117374420166016e-01
-2.285470008850097656e+00	3.607105493545532227e+00
1.195234870910644531e+01	2.602511882781982422e+00
5.467128753662109375e+00	-8.307105302810668945e-01
6.034290313720703125e+00	5.676999688148498535e-01
-3.176745176315307617e+00	3.484361886978149414e+00
1.907475948333740234e+00	9.547508507966995239e-02
9.261929512023925781e+00	-1.004222273826599121e+00
9.241732597351074219e+00	-1.359458684921264648e+00
5.253756046295166016e+00	-1.545646071434020996e+00
2.062660217285156250e+00	-1.173894703388214111e-01
1.419645500183105469e+01	9.528986215591430664e-01
-4.222835540771484375e+00	4.655182838439941406e+00
3.415355682373046875e+00	3.565957784652709961e+00
7.392581701278686523e-01	-7.974220812320709229e-02
7.742190361022949219e+00	1.381551027297973633e-01
6.881799697875976562e+00	-9.354403018951416016e-01
1.605494141578674316e+00	8.974121212959289551e-01
3.897224426269531250e+00	3.395479619503021240e-01
1.078405284881591797e+01	-1.422711927443742752e-02
-1.660759449005126953e-01	1.878070831298828125e+00
7.406803131103515625e+00	1.069128990173339844e+00
5.372409820556640625e+00	4.053309440612792969e+00
1.135642528533935547e+00	-8.543055504560470581e-02
1.212755489349365234e+01	-7.326235771179199219e-01
5.560232400894165039e-01	2.468275070190429688e+00
8.556921958923339844e+00	-6.928040385246276855e-01
3.358448743820190430e+00	7.038066983222961426e-01
8.419323921203613281e+00	-1.191067814826965332e+00
1.027419567108154297e+00	8.346851468086242676e-01
4.942276477813720703e+00	1.099850893020629883e+00
-4.192668914794921875e+00	4.810432434082031250e+00
9.141824722290039062e+00	7.750945091247558594e-01
3.112343549728393555e+00	7.634395956993103027e-01
-2.725599765777587891e+00	3.542679071426391602e+00
9.970486640930175781e+00	2.526572465896606445e+00
-2.833504438400268555e+00	4.983972549438476562e+00
7.077128887176513672e-01	1.237389802932739258e+00
1.495323538780212402e+00	-1.077411398291587830e-01
5.088071823120117188e+00	-1.727404475212097168e+00
-5.771058797836303711e-01	3.879681587219238281e+00
8.422307968139648438e+00	-1.005734801292419434e+00
1.721092224121093750e+00	6.782040745019912720e-02
4.489558696746826172e+00	1.524110198020935059e+00
2.964436531066894531e+00	-5.329381823539733887e-01
1.083028602600097656e+01	2.241878986358642578e+00
-3.248688936233520508e+00	3.862528562545776367e+00
6.570184707641601562e+00	-9.517036676406860352e-01
3.324907541275024414e+00	-8.562337160110473633e-01
2.543828487396240234e+00	5.390771865844726562e+00
-3.388411998748779297e+00	5.702017307281494141e+00
3.480204105377197266e+00	9.598939418792724609e-01
3.354537963867187500e+00	1.463193893432617188e+00
1.091495037078857422e+01	3.037003278732299805e-01
4.497916698455810547e+00	9.792641401290893555e-01
-3.283883094787597656e+00	3.699985027313232422e+00
4.528130531311035156e+00	-1.118502855300903320e+00
-2.566705226898193359e+00	2.593216896057128906e+00
1.104080915451049805e+00	1.154593110084533691e+00
1.910343885421752930e+00	1.597997426986694336e+00
2.111360579729080200e-01	3.467703342437744141e+00
4.084332466125488281e+00	-5.446336269378662109e-01
6.767906546592712402e-01	1.956233263015747070e+00
2.241072893142700195e+00	1.586403489112854004e+00
8.907543420791625977e-01	2.691959738731384277e-01
9.083302497863769531e+00	2.241338968276977539e+00
6.332231521606445312e+00	-4.803391396999359131e-01
1.897647500038146973e+00	-6.230559945106506348e-01
-1.286060929298400879e+00	1.042419910430908203e+00
-3.592608928680419922e+00	4.535789489746093750e+00
6.737161636352539062e+00	1.841860890388488770e+00
-1.646701216697692871e+00	1.902473688125610352e+00
8.567811965942382812e+00	1.268570780754089355e+00
7.068203926086425781e+00	1.180552005767822266e+00
3.192615270614624023e+00	2.582681179046630859e+00
3.569508314132690430e+00	-7.009621243923902512e-03
-3.164013385772705078e+00	3.436323881149291992e+00
-3.166626691818237305e+00	4.601376056671142578e+00
8.926079750061035156e+00	-6.539983153343200684e-01
3.261631250381469727e+00	-1.207248687744140625e+00
1.309795498847961426e+00	-3.213367462158203125e-01
1.353271305561065674e-01	4.064872264862060547e+00
1.079267215728759766e+01	5.510635972023010254e-01
1.416595077514648438e+01	6.926104426383972168e-01
8.693168640136718750e+00	2.138535499572753906e+00
-3.578779458999633789e+00	5.515601634979248047e+00
3.716614723205566406e+00	1.612943649291992188e+00
-1.643456101417541504e+00	3.875366449356079102e+00
6.103024482727050781e+00	1.758968353271484375e+00
9.022742271423339844e+00	4.133998751640319824e-01
3.694296121597290039e+00	-6.543161869049072266e-01
-1.162504792213439941e+00	1.079656720161437988e+00
1.240901350975036621e-01	3.231787443161010742e+00
-2.354259014129638672e+00	2.431684970855712891e+00
3.080189228057861328e+00	-8.615144491195678711e-01
2.007952928543090820e+00	2.268675804138183594e+00
1.338541221618652344e+01	1.367553234100341797e+00
1.053705596923828125e+01	-1.654942631721496582e-01
-2.904594898223876953e+00	2.379029512405395508e+00
2.219068288803100586e+00	2.443138837814331055e+00
-4.419920444488525391e+00	5.015149593353271484e+00
2.266143448650836945e-03	3.448891162872314453e+00
1.320444703102111816e+00	4.123183727264404297e+00
-1.702322483062744141e+00	4.278636455535888672e+00
1.138512229919433594e+01	-3.175520896911621094e-01
-3.249162435531616211e+00	5.390724658966064453e+00
5.372977256774902344e+00	-1.737049579620361328e+00
5.252811908721923828e+00	-6.280447840690612793e-01
2.989674329757690430e+00	1.146715641021728516e+00
1.872218966484069824e+00	2.796404361724853516e+00
-2.724858224391937256e-01	2.110809087753295898e+00
1.020948505401611328e+01	1.155382156372070312e+00
5.201001644134521484e+00	-1.494944572448730469e+00
-7.483496069908142090e-01	1.979738712310791016e+00
1.334936738014221191e+00	1.566830515861511230e+00
-2.100640535354614258e+00	2.088617801666259766e+00
9.683849334716796875e+00	5.668059587478637695e-01
1.025482416152954102e+00	9.279201030731201172e-01
7.012422084808349609e+00	3.565912723541259766e+00
-2.886751174926757812e+00	5.479763031005859375e+00
8.614239692687988281e+00	-4.137357175350189209e-01
8.814919590950012207e-01	4.607113838195800781e+00
1.219739317893981934e+00	-3.113516867160797119e-01
-2.802987813949584961e+00	3.676568508148193359e+00
8.894542455673217773e-01	1.492095470428466797e+00
5.559408187866210938e+00	1.169965863227844238e+00
1.156200885772705078e+00	7.997550964355468750e-01
2.852861404418945312e+00	3.273848533630371094e+00
-2.197311639785766602e+00	5.218169212341308594e+00
-1.611666440963745117e+00	2.684779644012451172e+00
-1.472787261009216309e+00	2.607753753662109375e+00
5.543640136718750000e+00	9.525840282440185547e-01
1.235272789001464844e+01	9.166308641433715820e-01
5.217450857162475586e-01	1.708882451057434082e+00
-6.389466673135757446e-02	7.649934887886047363e-01
9.272206306457519531e+00	-8.220570683479309082e-01
5.945434570312500000e+00	3.317202925682067871e-01
5.585411548614501953e+00	1.434181213378906250e+00
-3.663142681121826172e+00	4.856544971466064453e+00
4.270990371704101562e+00	-1.179936766624450684e+00
1.167206287384033203e+01	9.918624758720397949e-01
2.054424285888671875e+00	5.465274810791015625e+00
5.949226856231689453e+00	-1.436285376548767090e+00
-5.373617410659790039e-01	2.535472214221954346e-01
1.047662162780761719e+01	2.163623571395874023e-01
3.184167146682739258e+00	-4.786739945411682129e-01
3.526962518692016602e+00	1.208721041679382324e+00
-3.292507886886596680e+00	4.181066513061523438e+00
8.509396553039550781e+00	-1.173857331275939941e+00
2.981682300567626953e+00	1.023810267448425293e+00
3.532984495162963867e+00	2.242001056671142578e+00
-4.182096481323242188e+00	5.267996788024902344e+00
9.162740707397460938e+00	1.368447244167327881e-01
9.807302474975585938e+00	-2.705082595348358154e-01
7.782008647918701172e+00	1.826898336410522461e+00
9.429756164550781250e+00	2.561819255352020264e-01
2.134622097015380859e+00	2.333622694015502930e+00
5.566748142242431641e+00	8.860713243484497070e-01
-2.716361522674560547e+00	6.079694271087646484e+00
-1.028587460517883301e+00	2.789136469364166260e-01
1.265986061096191406e+01	9.459326267242431641e-01
2.058494806289672852e+00	2.563894510269165039e+00
-9.658699631690979004e-01	7.392939925193786621e-01
-1.266159415245056152e+00	3.466722488403320312e+00
3.203518390655517578e+00	1.157569169998168945e+00
-4.187131881713867188e+00	5.138238430023193359e+00
3.545620679855346680e+00	-2.223135977983474731e-01
8.525740623474121094e+00	1.543575167655944824e+00
-3.741973161697387695e+00	3.868009090423583984e+00
1.192516422271728516e+01	-4.412818849086761475e-01
6.036519527435302734e+00	-1.270045936107635498e-01
1.141895294189453125e+00	4.515558719635009766e+00
1.201487445831298828e+01	-2.614009082317352295e-01
-1.789463996887207031e+00	3.038892030715942383e+00
7.300208091735839844e+00	1.033420443534851074e+00
-6.077882647514343262e-01	9.894685745239257812e-01
-4.215757369995117188e+00	3.734636068344116211e+00
-9.599516391754150391e-01	3.233888149261474609e+00
-1.884094119071960449e+00	5.060454845428466797e+00
-6.123090982437133789e-01	4.201082706451416016e+00
1.134875869750976562e+01	1.240103840827941895e-01
-2.196285724639892578e+00	3.392135143280029297e+00
-1.350580692291259766e+00	1.362368941307067871e+00
1.263398551940917969e+01	3.180325269699096680e+00
1.640793681144714355e+00	5.137186527252197266e+00
2.647976636886596680e+00	4.668655872344970703e+00
1.266913032531738281e+01	2.248722791671752930e+00
1.345083904266357422e+01	4.347677826881408691e-01
-2.466493606567382812e+00	1.874807834625244141e+00
1.747755527496337891e+00	3.860321998596191406e+00
3.636936545372009277e-01	2.801691055297851562e+00
2.930395603179931641e+00	-5.716285109519958496e-01
1.227523326873779297e+01	1.305878162384033203e+00
1.310353183746337891e+01	3.534041941165924072e-01
1.261168766021728516e+01	2.874482870101928711e-01
3.939513206481933594e+00	2.340591430664062500e+00
-1.173216462135314941e+00	5.094134807586669922e+00
1.230297470092773438e+01	2.954940319061279297e+00
-2.293542623519897461e+00	1.584577798843383789e+00
1.230355453491210938e+01	1.871220946311950684e+00
2.523535013198852539e+00	-3.009303808212280273e-01
8.859697341918945312e+00	-8.195825815200805664e-01
6.424497127532958984e+00	-6.203882098197937012e-01
1.691010475158691406e+00	2.875210046768188477e-01
1.064797163009643555e+00	4.227939128875732422e+00
9.417968392372131348e-01	-3.903168439865112305e-01
1.253132152557373047e+01	1.105278953909873962e-01
1.137673854827880859e+01	9.551141858100891113e-01
8.004549980163574219e+00	2.477581501007080078e+00
2.035503387451171875e+00	8.711045384407043457e-01
3.381105661392211914e+00	2.509709596633911133e+00
-3.583070755004882812e+00	2.316609382629394531e+00
-2.678718328475952148e+00	4.520320892333984375e+00
3.586337327957153320e+00	2.115958929061889648e+00
-1.278007388114929199e+00	2.802570343017578125e+00
6.226964950561523438e+00	-2.292345464229583740e-01
7.366692423820495605e-01	2.468337535858154297e+00
3.073714733123779297e+00	1.824959754943847656e+00
-3.186184406280517578e+00	4.300137996673583984e+00
9.191873550415039062e+00	-8.923880457878112793e-01
5.737825393676757812e+00	-6.962966918945312500e-01
2.152056932449340820e+00	2.912352979183197021e-01
-2.032305479049682617e+00	1.563708662986755371e+00
-2.731775522232055664e+00	2.992120981216430664e+00
5.594878196716308594e+00	1.111364006996154785e+00
2.489754915237426758e+00	2.089045286178588867e+00
-2.830680370330810547e+00	2.226770877838134766e+00
9.049420356750488281e+00	-2.003261893987655640e-01
8.158286094665527344e+00	1.168315649032592773e+00
1.202241301536560059e+00	1.630274772644042969e+00
1.113655567169189453e+01	-9.513506293296813965e-01
1.100262737274169922e+01	1.651329278945922852e+00
4.608869552612304688e+00	1.123169586062431335e-01
-3.780334591865539551e-01	3.415313720703125000e+00
-3.745733737945556641e+00	2.587472677230834961e+00
7.017187595367431641e+00	1.435113191604614258e+00
4.632454812526702881e-01	3.802387952804565430e+00
7.453110218048095703e+00	9.960001111030578613e-01
2.850595951080322266e+00	1.915131211280822754e+00
-2.611602067947387695e+00	4.342894077301025391e+00
9.733132123947143555e-01	2.516891717910766602e+00
-1.869484484195709229e-01	2.073296308517456055e-01
6.109808444976806641e+00	5.202534198760986328e-01
1.141517683863639832e-01	2.524754047393798828e+00
9.416553497314453125e+00	1.237597942352294922e+00
-2.291712351143360138e-02	3.527552843093872070e+00
1.320752525329589844e+01	-1.941510438919067383e-01
5.267063617706298828e+00	6.380898356437683105e-01
6.820728778839111328e+00	-1.239411473274230957e+00
1.160715675354003906e+01	2.599545240402221680e+00
4.499070644378662109e+00	8.706288337707519531e-01
8.409753799438476562e+00	1.301441788673400879e+00
6.151553153991699219e+00	4.463246092200279236e-02
1.555565476417541504e+00	7.565537095069885254e-01
7.954279333353042603e-02	1.740034699440002441e+00
-2.420511960983276367e+00	5.430478096008300781e+00
2.742443799972534180e+00	2.346497058868408203e+00
8.149722099304199219e+00	1.472391724586486816e+00
-3.157020807266235352e+00	5.201875686645507812e+00
1.356430768966674805e+00	1.391032576560974121e+00
-2.991265296936035156e+00	4.442755699157714844e+00
6.660746574401855469e+00	1.413277149200439453e+00
-3.131348133087158203e+00	3.404965162277221680e+00
-1.230228245258331299e-01	2.595376491546630859e+00
1.967434048652648926e+00	2.292374134063720703e+00
3.297740221023559570e+00	3.629348993301391602e+00
1.025026798248291016e+01	1.892910242080688477e+00
6.818591594696044922e+00	4.976647719740867615e-02
8.526610374450683594e+00	-5.371558070182800293e-01
1.085631942749023438e+01	-7.382854223251342773e-01
1.525944471359252930e+00	1.920255064964294434e+00
6.089922428131103516e+00	2.859205245971679688e+00
1.226044273376464844e+01	-9.974065423011779785e-02
-1.359049916267395020e+00	1.857648968696594238e+00
-5.536947250366210938e-01	9.265524744987487793e-01
7.620856285095214844e+00	-1.397928953170776367e+00
5.879942893981933594e+00	-4.299993515014648438e-01
-1.202396988868713379e+00	1.240240216255187988e+00
1.335791587829589844e+00	6.067301332950592041e-02
4.334791183471679688e+00	1.237022206187248230e-01
7.378777027130126953e+00	9.018612504005432129e-01
-6.279166340827941895e-01	4.034719944000244141e+00
1.202719306945800781e+01	-3.924372196197509766e-01
5.245536327362060547e+00	6.555259227752685547e-01
4.449162006378173828e+00	3.701141119003295898e+00
9.122062683105468750e+00	6.076989769935607910e-01
1.244359779357910156e+01	-9.055269360542297363e-01
2.275723218917846680e+00	-9.470155835151672363e-01
7.727242946624755859e+00	-8.982582390308380127e-02
1.687389850616455078e+00	1.375467896461486816e+00
1.162784194946289062e+01	-6.414379477500915527e-01
5.269453048706054688e+00	2.762469768524169922e+00
9.043229103088378906e+00	-1.050987958908081055e+00
-3.567966699600219727e+00	4.639254570007324219e+00
8.139774799346923828e-01	-4.654379785060882568e-01
4.957478523254394531e+00	1.664160132408142090e+00
1.148705258965492249e-01	2.877116203308105469e+00
3.747423171997070312e+00	1.877158045768737793e+00
1.180934810638427734e+01	4.047734290361404419e-02
7.795200347900390625e+00	-1.152626276016235352e+00
9.817087173461914062e+00	2.679402351379394531e+00
-4.298002421855926514e-01	2.749462366104125977e+00
-7.428923845291137695e-01	3.553860664367675781e+00
1.211637878417968750e+01	9.751487374305725098e-01
4.137536525726318359e+00	-1.758536100387573242e-01
1.411088347434997559e+00	9.530956149101257324e-01
5.742197036743164062e+00	-1.127073645591735840e+00
-3.258663892745971680e+00	5.577327251434326172e+00
-1.516742408275604248e-01	4.011876583099365234e+00
4.332810401916503906e+00	3.347041845321655273e+00
-4.460588097572326660e-01	4.064353704452514648e-01
4.486939430236816406e+00	2.805018424987792969e-01
-2.007424354553222656e+00	3.538247585296630859e+00
7.353329181671142578e+00	-1.028985023498535156e+00
2.344806432723999023e+00	5.290357112884521484e+00
4.758510112762451172e+00	5.498006343841552734e-01
3.297485113143920898e+00	3.722027838230133057e-01
-5.002243995666503906e+00	4.647916316986083984e+00
6.386707305908203125e+00	-1.259846091270446777e-01
8.087189674377441406e+00	-2.402062565088272095e-01
2.904418945312500000e+00	1.766304969787597656e+00
-3.549003601074218750e+00	3.480710744857788086e+00
2.656113147735595703e+00	4.120823860168457031e+00
2.411401748657226562e+00	2.318758517503738403e-01
-2.878195047378540039e+00	5.977581024169921875e+00
-5.383213758468627930e-01	3.810470178723335266e-02
9.166284561157226562e+00	1.274920225143432617e+00
-5.633375048637390137e-01	2.681431293487548828e+00
8.765850067138671875e+00	-1.525105595588684082e+00
-5.014807701110839844e+00	4.991235256195068359e+00
3.143104314804077148e+00	1.498557329177856445e+00
7.105298042297363281e+00	-9.905222654342651367e-01
2.175504922866821289e+00	1.791317582130432129e+00
4.292019844055175781e+00	-7.511588931083679199e-01
-2.477267980575561523e-01	4.339694499969482422e+00
-2.911001920700073242e+00	4.090594768524169922e+00
-2.478375911712646484e+00	3.621583223342895508e+00
1.070625901222229004e+00	6.651471257209777832e-01
-4.491432666778564453e+00	4.862924098968505859e+00
1.324347496032714844e+01	-2.968176901340484619e-01
1.609975337982177734e+00	3.089251279830932617e+00
-2.630818367004394531e+00	5.503398418426513672e+00
-3.216133117675781250e+00	3.339524984359741211e+00
7.379466056823730469e+00	1.232429027557373047e+00
4.786074161529541016e+00	-1.668608427047729492e+00
5.165265560150146484e+00	-5.083729028701782227e-01
4.027178764343261719e+00	6.016491651535034180e-01
-3.784399032592773438e-01	3.481827497482299805e+00
7.488248944282531738e-01	4.234238624572753906e+00
5.597704410552978516e+00	1.942721962928771973e+00
-1.150947809219360352e+00	1.052447795867919922e+00
1.147773551940917969e+01	1.261703610420227051e+00
1.115174007415771484e+01	-8.126674890518188477e-01
1.259214401245117188e+01	1.099869489669799805e+00
1.982976794242858887e-01	6.725677289068698883e-03
8.670117378234863281e+00	3.365981817245483398e+00
5.297608375549316406e+00	1.216270208358764648e+00
2.708383083343505859e+00	3.471735239028930664e+00
9.082190394401550293e-01	3.469791710376739502e-01
-4.103553295135498047e+00	3.959091663360595703e+00
-1.185672640800476074e+00	3.110945701599121094e+00
7.937347888946533203e+00	1.119682788848876953e+00
1.038516712188720703e+01	9.286590814590454102e-01
-2.233659505844116211e+00	2.640571117401123047e+00
-1.799329042434692383e+00	1.701602458953857422e+00
-9.743350148200988770e-01	3.811023712158203125e+00
-3.094900846481323242e-01	1.313806414604187012e+00
1.184131336212158203e+01	2.507970094680786133e+00
-8.426757454872131348e-01	3.341282129287719727e+00
-2.670693635940551758e+00	4.783079624176025391e+00
5.403984069824218750e+00	3.190152883529663086e+00
-9.495133757591247559e-01	2.354788541793823242e+00
5.462119579315185547e+00	3.516643285751342773e+00
8.993406295776367188e+00	-4.241622686386108398e-01
8.838126182556152344e+00	-9.158349633216857910e-01
1.757780313491821289e+00	1.544861197471618652e+00
1.647852063179016113e+00	-8.456146717071533203e-01
-5.749177336692810059e-01	4.233476161956787109e+00
-4.160562992095947266e+00	5.541442871093750000e+00
4.024734497070312500e+00	8.138821721076965332e-01
8.788620948791503906e+00	-1.092133998870849609e+00
5.206197738647460938e+00	6.799903512001037598e-01
-3.987523794174194336e+00	2.343841075897216797e+00
-1.603362679481506348e+00	3.065513134002685547e+00
2.497474193572998047e+00	-1.067098021507263184e+00
3.145275115966796875e+00	5.395277142524719238e-01
-1.187348484992980957e+00	4.012794017791748047e+00
1.406865119934082031e+01	6.713643074035644531e-01
-3.346290349960327148e+00	5.931114673614501953e+00
6.960712909698486328e+00	-8.371709585189819336e-01
-2.118044137954711914e+00	2.654752969741821289e+00
-7.306420207023620605e-01	3.801051378250122070e+00
6.658756732940673828e+00	-5.306779146194458008e-01
1.388069748878479004e+00	2.912661790847778320e+00
4.797208786010742188e+00	-8.991537094116210938e-01
3.431763410568237305e+00	2.644405841827392578e+00
-1.482574105262756348e+00	5.310129165649414062e+00
-2.696009635925292969e+00	5.480135440826416016e+00
1.299385666847229004e+00	6.773486137390136719e-01
6.425966262817382812e+00	-2.657622992992401123e-01
9.492796897888183594e+00	-8.150244355201721191e-01
-3.375751733779907227e+00	2.539210319519042969e+00
-3.021155357360839844e+00	1.844375729560852051e+00
8.577143669128417969e+00	-1.331228375434875488e+00
1.663503050804138184e+00	1.169221878051757812e+00
2.395480871200561523e+00	8.425418734550476074e-01
3.135314941406250000e+00	-5.944794416427612305e-01
1.458754301071166992e+00	4.591243267059326172e-01
1.211881732940673828e+01	1.215229868888854980e+00
7.554084300994873047e+00	6.728370189666748047e-01
2.029815435409545898e+00	-8.870089799165725708e-02
6.559934616088867188e+00	5.692271590232849121e-01
1.028512287139892578e+01	2.794124603271484375e+00
2.568339586257934570e+00	3.018075466156005859e+00
1.213570594787597656e+01	6.382701992988586426e-01
-4.726582527160644531e+00	5.050491333007812500e+00
7.907536625862121582e-02	6.910466551780700684e-01
-2.369906187057495117e+00	5.214423179626464844e+00
2.679779052734375000e+00	8.796151876449584961e-01
-1.533627033233642578e+00	3.601762533187866211e+00
-2.095275163650512695e+00	3.755769252777099609e+00
1.242046737670898438e+01	1.544245481491088867e+00
6.751259803771972656e+00	7.061448097229003906e-01
1.440857982635498047e+01	9.014586210250854492e-01
1.156684494018554688e+01	-9.608120918273925781e-01
9.751374244689941406e+00	7.282806634902954102e-01
-3.945484638214111328e+00	3.615346670150756836e+00
5.635875225067138672e+00	2.079931497573852539e+00
-3.033580541610717773e+00	1.957564234733581543e+00
5.184702277183532715e-01	1.788918137550354004e+00
-1.991764307022094727e+00	4.935961246490478516e+00
8.809678077697753906e+00	1.639979958534240723e+00
-2.412630796432495117e+00	5.028918743133544922e+00
4.121863842010498047e+00	1.055316925048828125e+00
9.024502754211425781e+00	1.906777501106262207e+00
4.781845808029174805e-01	1.943781614303588867e+00
3.561971902847290039e+00	-1.636016741394996643e-02
3.885488748550415039e+00	2.669009208679199219e+00
-4.273914337158203125e+00	3.027375698089599609e+00
5.447951793670654297e+00	1.073631420731544495e-01
4.877065658569335938e+00	1.392722129821777344e+00
1.027950668334960938e+01	1.180840730667114258e+00
-1.757448464632034302e-01	1.316796898841857910e+00
8.807537078857421875e+00	-1.075918316841125488e+00
6.395207881927490234e+00	1.003774881362915039e+00
3.328587293624877930e+00	1.448622822761535645e+00
3.994439601898193359e+00	-2.350048422813415527e-01
7.650766849517822266e+00	3.050103187561035156e+00
-1.518691897392272949e+00	1.575028538703918457e+00
8.791794776916503906e+00	6.717019081115722656e-01
4.453873634338378906e+00	-9.681817889213562012e-01
-6.578140854835510254e-01	2.656225860118865967e-01
1.228715610504150391e+01	-5.000348687171936035e-01
4.185564041137695312e+00	2.360382795333862305e+00
1.315579652786254883e+00	2.888184785842895508e+00
7.219377517700195312e+00	1.122708678245544434e+00
5.124676227569580078e+00	4.501926422119140625e+00
1.228292584419250488e+00	1.550769805908203125e+00
-1.315212607383728027e+00	4.286939620971679688e+00
1.249927806854248047e+01	1.763096690177917480e+00
-1.223419189453125000e+00	2.338312149047851562e+00
6.700647830963134766e+00	1.281038522720336914e+00
9.241884231567382812e+00	9.258526563644409180e-01
-2.465014606714248657e-01	5.849068164825439453e+00
1.969106316566467285e+00	5.295940399169921875e+00
1.082595348358154297e+01	1.981394290924072266e+00
-3.207708358764648438e+00	5.899598121643066406e+00
-1.998797535896301270e+00	4.736734867095947266e+00
1.076572322845458984e+01	1.885433673858642578e+00
-3.076825857162475586e+00	3.560436725616455078e+00
3.528968334197998047e+00	3.712448596954345703e+00
5.801454544067382812e+00	4.356904029846191406e-01
-4.355864524841308594e-01	1.526698231697082520e+00
5.962222576141357422e+00	-1.801146417856216431e-01
-5.947549939155578613e-01	3.314527273178100586e+00
-3.360778331756591797e+00	1.982395410537719727e+00
1.410233783721923828e+01	1.205371856689453125e+00
6.685985922813415527e-01	2.392964124679565430e+00
2.838946580886840820e+00	1.969402313232421875e+00
-4.377783298492431641e+00	5.582832336425781250e+00
1.529380512237548828e+01	1.960537075996398926e+00
6.987535476684570312e+00	1.039519190788269043e+00
-8.582984805107116699e-01	3.760223865509033203e+00
-4.364120006561279297e+00	3.045518636703491211e+00
-4.274509906768798828e+00	3.866274118423461914e+00
-1.121732115745544434e+00	1.481663346290588379e+00
-2.436941146850585938e+00	3.235347509384155273e+00
2.700772285461425781e+00	3.601037502288818359e+00
6.160625934600830078e+00	3.578311800956726074e-01
4.239762306213378906e+00	1.816190481185913086e-01
-2.839418888092041016e+00	5.678699970245361328e+00
7.798737287521362305e-01	2.130890846252441406e+00
1.809079408645629883e+00	1.882166385650634766e+00
3.443037986755371094e+00	2.035935401916503906e+00
-3.973285257816314697e-01	5.194348335266113281e+00
1.565214991569519043e+00	3.895875811576843262e-01
7.673285603523254395e-01	4.382907390594482422e+00
6.033203125000000000e+00	2.486245155334472656e+00
9.601203918457031250e+00	3.092065095901489258e+00
-3.080961227416992188e+00	5.479072570800781250e+00
-2.233546525239944458e-01	7.000944018363952637e-02
1.210227012634277344e+01	-1.038996815681457520e+00
-6.801985502243041992e-01	3.210095643997192383e+00
-8.598222136497497559e-01	5.121186256408691406e+00
-5.136889934539794922e+00	5.384544372558593750e+00
-1.171287000179290771e-01	3.658093690872192383e+00
3.628221988677978516e+00	1.419725179672241211e+00
2.639646291732788086e+00	1.048745751380920410e+00
-1.109915494918823242e+00	1.437306046485900879e+00
1.286048984527587891e+01	4.023424685001373291e-01
8.132699966430664062e+00	5.061185956001281738e-01
-7.857349514961242676e-01	3.430612325668334961e+00
6.319139957427978516e+00	1.428232073783874512e+00
-2.451453924179077148e+00	1.930533647537231445e+00
3.049456596374511719e+00	1.366752982139587402e+00
3.744546413421630859e+00	-7.677129507064819336e-01
2.403842926025390625e+00	2.180228471755981445e+00
1.228970432281494141e+01	-2.779577374458312988e-01
7.112360477447509766e+00	-2.534058988094329834e-01
1.363992023468017578e+01	7.747457027435302734e-01
-3.176523745059967041e-01	5.693664073944091797e+00
-4.016221523284912109e+00	3.303872823715209961e+00
5.767822265625000000e-01	3.823788881301879883e+00
-2.579877614974975586e+00	4.521090030670166016e+00
3.530032873153686523e+00	6.551701426506042480e-01
1.271565246582031250e+01	-7.620874643325805664e-01
5.976445198059082031e+00	6.919311881065368652e-01
9.862642288208007812e+00	2.089285850524902344e+00
1.102540016174316406e+01	-9.601107239723205566e-01
3.284795761108398438e+00	-2.584021985530853271e-01
3.967487573623657227e+00	2.892645835876464844e+00
2.764980792999267578e+00	-8.850851655006408691e-01
8.252371788024902344e+00	-1.567350506782531738e+00
8.119935035705566406e+00	2.598344683647155762e-01
-4.970739781856536865e-01	2.830529689788818359e+00
-1.261586785316467285e+00	4.263365268707275391e+00
6.374667644500732422e+00	-1.178557038307189941e+00
3.738687038421630859e+00	1.281173467636108398e+00
9.136244773864746094e+00	1.426158070564270020e+00
1.077074623107910156e+01	-3.209877014160156250e-01
3.580161571502685547e+00	3.086374044418334961e+00
1.075326728820800781e+01	1.413153886795043945e+00
3.229960203170776367e+00	2.234233379364013672e+00
7.007583141326904297e+00	4.476574957370758057e-01
5.590039730072021484e+00	1.272754222154617310e-01
5.039703845977783203e+00	1.095530986785888672e+00
8.553548812866210938e+00	-1.402840018272399902e+00
-8.449029326438903809e-01	2.410146713256835938e+00
-2.677457809448242188e+00	5.913041114807128906e+00
1.202337074279785156e+01	-9.725422263145446777e-01
2.840677797794342041e-01	8.928077816963195801e-01
4.604164600372314453e+00	1.573620796203613281e+00
3.729464530944824219e+00	3.477577209472656250e+00
3.059645414352416992e+00	3.454966068267822266e+00
5.673861980438232422e+00	-4.289430975914001465e-01
9.458360671997070312e+00	2.090340614318847656e+00
2.024811208248138428e-01	7.821031808853149414e-01
1.053483486175537109e+01	2.649563550949096680e-01
1.091618251800537109e+01	-1.418497562408447266e+00
1.069900274276733398e+00	2.581908464431762695e+00
9.827405929565429688e+00	3.068845033645629883e+00
1.245288181304931641e+01	-1.178682804107666016e+00
5.188306331634521484e+00	1.175100356340408325e-01
5.191338539123535156e+00	2.686870396137237549e-01
-3.351736545562744141e+00	3.356896400451660156e+00
-4.599813222885131836e-01	1.432331204414367676e+00
-2.264543771743774414e+00	4.325102806091308594e+00
9.384152412414550781e+00	1.894308924674987793e-01
-1.772847175598144531e+00	3.701556682586669922e+00
8.973104476928710938e+00	8.652134537696838379e-01
1.106101703643798828e+01	-3.802547454833984375e-01
1.942783594131469727e+00	5.778357386589050293e-01
-2.238412141799926758e+00	5.779226779937744141e+00
3.703839778900146484e+00	4.907431546598672867e-03
4.341775417327880859e+00	-8.895825743675231934e-01
8.050643205642700195e-01	7.124437093734741211e-01
3.646065711975097656e+00	6.456451416015625000e-01
-1.733138680458068848e+00	5.451060295104980469e+00
1.023701286315917969e+01	8.256402015686035156e-01
1.247577953338623047e+01	-7.893632054328918457e-01
4.638067722320556641e+00	1.195080518722534180e+00
2.241181850433349609e+00	1.257961153984069824e+00
7.721268653869628906e+00	1.943057298660278320e+00
1.142722129821777344e+01	2.387139320373535156e+00
6.634350299835205078e+00	2.522121369838714600e-01
6.707884669303894043e-01	2.372092723846435547e+00
-3.692983388900756836e+00	4.303841590881347656e+00
9.013523101806640625e+00	-8.029613494873046875e-01
1.050679445266723633e+00	4.576338529586791992e-01
-1.104084998369216919e-01	1.063428163528442383e+00
5.537887573242187500e+00	1.732602834701538086e+00
-3.469678163528442383e+00	3.374097824096679688e+00
1.169073104858398438e+01	1.134248256683349609e+00
-2.351163864135742188e+00	4.735560894012451172e+00
-2.726013898849487305e+00	5.601452350616455078e+00
4.949968338012695312e+00	4.483162879943847656e+00
1.488762021064758301e+00	3.562485933303833008e+00
-5.047101497650146484e+00	5.040312767028808594e+00
8.068562507629394531e+00	1.864705920219421387e+00
2.665977478027343750e+00	3.928177833557128906e+00
1.198463630676269531e+01	1.035884618759155273e+00
1.304146349430084229e-01	3.554000377655029297e+00
-3.629147052764892578e+00	2.172559738159179688e+00
1.054226279258728027e+00	2.837660014629364014e-01
-1.173267960548400879e+00	4.228880882263183594e+00
6.959468841552734375e+00	-3.769029080867767334e-01
1.067876243591308594e+01	-1.028939485549926758e+00
7.023931503295898438e+00	-6.131565570831298828e-01
-7.613568902015686035e-01	7.355482578277587891e-01
5.987320899963378906e+00	8.333072662353515625e-01
-2.768355607986450195e+00	3.970359325408935547e+00
-4.622542858123779297e+00	5.468642711639404297e+00
-1.803617835044860840e+00	2.407474994659423828e+00
7.200183391571044922e+00	4.862402379512786865e-01
-3.041062831878662109e+00	2.745021343231201172e+00
6.916690349578857422e+00	3.717364549636840820e+00
1.145695495605468750e+01	2.629444003105163574e-01
-2.913772583007812500e+00	3.825473785400390625e+00
7.157048702239990234e+00	9.100747704505920410e-01
5.088709831237792969e+00	1.616205573081970215e+00
5.502898216247558594e+00	-5.679352581501007080e-02
1.169522094726562500e+01	1.897785902023315430e+00
6.797079086303710938e+00	-1.472533941268920898e+00
3.256975889205932617e+00	4.710626006126403809e-01
1.002404880523681641e+01	-1.319913744926452637e+00
3.676233768463134766e+00	1.936593651771545410e+00
7.417273998260498047e+00	1.493984937667846680e+00
2.736688852310180664e+00	2.017877340316772461e+00
2.804796934127807617e+00	-3.023302853107452393e-01
-4.842126071453094482e-01	2.326384305953979492e+00
-2.345778942108154297e+00	1.823547363281250000e+00
-1.746032238006591797e+00	2.003755569458007812e+00
1.973555564880371094e+00	2.578289508819580078e+00
6.764659881591796875e+00	-1.670011520385742188e+00
4.237629413604736328e+00	3.241415619850158691e-01
4.766080379486083984e+00	1.933264613151550293e+00
8.806311607360839844e+00	-8.493142127990722656e-01
-2.065531462430953979e-01	4.911509037017822266e+00
-1.374587774276733398e+00	2.543053865432739258e+00
-1.375048875808715820e+00	1.753111004829406738e+00
4.607146739959716797e+00	1.857958912849426270e+00
-1.199287414550781250e+00	2.549978256225585938e+00
1.154788851737976074e+00	6.249918341636657715e-01
6.232584953308105469e+00	9.621597528457641602e-01
1.292295074462890625e+01	2.173830717802047729e-01
3.086409270763397217e-01	3.142549991607666016e-01
9.582440376281738281e+00	3.212948322296142578e+00
3.326058149337768555e+00	1.106872558593750000e+00
-9.489959478378295898e-01	3.907397508621215820e+00
1.251006603240966797e+01	2.986523866653442383e+00
-1.635469913482666016e+00	2.714986085891723633e+00
1.358764767646789551e-01	2.622272253036499023e+00
-2.153971672058105469e+00	4.080921173095703125e+00
2.984622955322265625e+00	-2.932739853858947754e-01
4.343663215637207031e+00	-1.182869315147399902e+00
-4.440502524375915527e-01	1.696424603462219238e+00
8.623703122138977051e-01	1.577375292778015137e+00
2.631367444992065430e+00	4.511380195617675781e-01
3.361293315887451172e+00	3.600995063781738281e+00
4.535673618316650391e+00	2.164305210113525391e+00
3.090351343154907227e+00	-1.125923395156860352e+00
1.800501197576522827e-01	1.961453080177307129e+00
1.440322685241699219e+01	5.664892792701721191e-01
6.256805896759033203e+00	2.560143172740936279e-01
5.067667961120605469e+00	9.107955098152160645e-01
3.908822536468505859e+00	2.117937088012695312e+00
2.714469194412231445e+00	-5.242734551429748535e-01
2.779163420200347900e-03	5.497595787048339844e+00
-4.216862201690673828e+00	5.411819934844970703e+00
-5.669904351234436035e-01	4.096251010894775391e+00
4.037045955657958984e+00	1.081593632698059082e+00
-3.150770425796508789e+00	5.078224658966064453e+00
5.465532302856445312e+00	1.397586107254028320e+00
3.621927261352539062e+00	1.163106203079223633e+00
1.105423808097839355e+00	1.092163681983947754e+00
3.064816951751708984e+00	8.163378834724426270e-01
-8.430294394493103027e-01	3.314815759658813477e+00
2.115539461374282837e-01	1.065956950187683105e+00
-2.715483427047729492e+00	4.943920135498046875e+00
9.186800003051757812e+00	3.131457090377807617e+00
8.190939903259277344e+00	5.844260454177856445e-01
2.211312770843505859e+00	2.013271093368530273e+00
1.287568473815917969e+01	1.577802747488021851e-01
-6.049854159355163574e-01	2.131969451904296875e+00
1.276707553863525391e+01	1.053996324539184570e+00
2.941511392593383789e+00	3.131754398345947266e+00
-1.647317647933959961e+00	5.596683621406555176e-01
2.459737539291381836e+00	5.347005724906921387e-01
1.070472145080566406e+01	3.464505374431610107e-01
8.575072288513183594e+00	2.331472396850585938e+00
5.789118766784667969e+00	1.546066522598266602e+00
4.360750198364257812e+00	1.576134681701660156e+00
1.525034189224243164e+00	2.818725824356079102e+00
4.303184986114501953e+00	-1.853825151920318604e-01
1.283975541591644287e-01	1.977337002754211426e+00
-9.866135120391845703e-01	3.076641082763671875e+00
2.279448032379150391e+00	-2.084019184112548828e-01
3.543176174163818359e+00	-4.232685863971710205e-01
8.194479346275329590e-01	2.915101528167724609e+00
6.497665882110595703e+00	4.928344488143920898e-01
-1.605348110198974609e+00	2.500231027603149414e+00
-2.730033874511718750e+00	2.755727291107177734e+00
8.354371070861816406e+00	1.798586487770080566e+00
-1.414301872253417969e+00	1.069497108459472656e+00
7.838190078735351562e+00	3.098795175552368164e+00
7.277016162872314453e+00	1.637657523155212402e+00
2.942999839782714844e+00	5.130630731582641602e-01
-1.053992509841918945e+00	3.094295501708984375e+00
5.900665283203125000e+00	2.567964553833007812e+00
-2.173335552215576172e+00	2.984941720962524414e+00
1.291752219200134277e+00	2.307419538497924805e+00
2.523521661758422852e+00	3.450606346130371094e+00
2.629328966140747070e-01	4.231423854827880859e+00
-1.858024716377258301e+00	5.105675697326660156e+00
1.881048083305358887e+00	4.418561458587646484e+00
6.763415336608886719e+00	8.816948533058166504e-01
6.305064678192138672e+00	1.299455881118774414e+00
-3.919000625610351562e+00	4.705288410186767578e+00
7.286522388458251953e+00	-1.852359771728515625e-01
5.811222553253173828e+00	1.188309907913208008e+00
1.150242996215820312e+01	-1.184812307357788086e+00
4.126711845397949219e+00	2.173366069793701172e+00
1.096637344360351562e+01	1.950867533683776855e+00
5.643801689147949219e+00	2.109079360961914062e+00
1.239984512329101562e+01	-1.929711103439331055e-01
-1.006982088088989258e+00	2.862534046173095703e+00
1.278928184509277344e+01	-6.061169505119323730e-01
1.287706756591796875e+01	-5.891958475112915039e-01
-1.481920242309570312e+00	3.676495075225830078e+00
5.452663898468017578e+00	8.610005974769592285e-01
2.968690872192382812e+00	2.124830961227416992e+00
-2.814352512359619141e+00	1.726275205612182617e+00
-1.183885812759399414e+00	4.121317863464355469e+00
1.230187416076660156e+00	2.431788921356201172e+00
5.010670661926269531e+00	3.075164556503295898e-01
3.833261728286743164e+00	-1.022527933120727539e+00
7.844893932342529297e+00	2.038625717163085938e+00
-3.902375698089599609e-01	5.284127593040466309e-01
1.951708674430847168e+00	1.227442398667335510e-01
-2.501327991485595703e-01	2.398295640945434570e+00
7.917381525039672852e-01	5.439063549041748047e+00
8.960243225097656250e+00	2.821617364883422852e+00
1.248801040649414062e+01	1.093598604202270508e+00
4.866193294525146484e+00	2.752471208572387695e+00
2.592916965484619141e+00	-7.006636261940002441e-01
1.463275051116943359e+01	1.806274175643920898e+00
1.725271582603454590e+00	2.486172914505004883e+00
4.334467887878417969e+00	-4.901063069701194763e-02
-3.301852703094482422e+00	5.121776103973388672e+00
1.158672809600830078e+00	1.449130177497863770e+00
2.065404891967773438e+00	9.330261945724487305e-01
6.112624645233154297e+00	-7.536555528640747070e-01
9.239565849304199219e+00	3.473301887512207031e+00
4.310768246650695801e-01	8.226976394653320312e-01
5.210469245910644531e+00	4.151362180709838867e-02
1.158087062835693359e+01	1.374502062797546387e+00
1.029143214225769043e+00	1.526307165622711182e-01
1.170340180397033691e+00	8.163164258003234863e-01
4.178693145513534546e-02	1.759963989257812500e+00
1.043559169769287109e+01	2.197869777679443359e+00
1.082856559753417969e+01	6.190205216407775879e-01
1.176232433319091797e+01	2.374828100204467773e+00
-4.697710275650024414e-01	1.561677455902099609e+00
1.031344699859619141e+01	9.724155664443969727e-01
5.581694126129150391e+00	-2.660040259361267090e-01
2.557672977447509766e+00	1.615679621696472168e+00
-3.392965793609619141e+00	5.054180622100830078e+00
-1.251734852790832520e+00	5.760608673095703125e+00
2.079344272613525391e+00	1.138417601585388184e+00
-8.047486543655395508e-01	3.762862920761108398e+00
-8.388507962226867676e-01	4.613271236419677734e+00
7.487940788269042969e+00	8.009759783744812012e-01
1.216980648040771484e+01	-3.293699026107788086e-01
-4.795915603637695312e+00	5.398794651031494141e+00
-1.888472318649291992e+00	1.799006462097167969e+00
3.618829250335693359e-01	3.491302490234375000e+00
8.221075057983398438e+00	3.930967450141906738e-01
1.241436386108398438e+01	-1.080978989601135254e+00
7.285546064376831055e-01	3.149365425109863281e+00
1.142585468292236328e+01	-2.403268516063690186e-01
1.178645229339599609e+01	-2.059726417064666748e-01
1.069659137725830078e+01	1.658079147338867188e+00
7.594546318054199219e+00	-1.139125347137451172e+00
1.448381900787353516e+01	1.408310055732727051e+00
1.286557316780090332e+00	2.477697849273681641e+00
-1.197421312332153320e+00	1.173106074333190918e+00
4.935039520263671875e+00	-3.109732866287231445e-01
3.527354955673217773e+00	-1.138585805892944336e+00
-1.291353940963745117e+00	3.916820049285888672e+00
7.330420017242431641e-01	4.789228439331054688e+00
-1.209961891174316406e+00	2.486647605895996094e+00
-1.590036034584045410e+00	2.855335712432861328e+00
-3.472161769866943359e+00	3.873791217803955078e+00
3.475923538208007812e-01	4.004081249237060547e+00
9.542296409606933594e+00	4.832186102867126465e-01
4.905904769897460938e+00	3.274281024932861328e+00
-2.096486389636993408e-01	-2.236233502626419067e-01
5.354768276214599609e+00	3.010052919387817383e+00
1.014127159118652344e+01	9.901751875877380371e-01
7.336450576782226562e+00	3.203417062759399414e+00
6.971556186676025391e+00	-1.772923916578292847e-01
-4.434076309204101562e+00	4.739028453826904297e+00
4.916167259216308594e+00	-9.824777245521545410e-01
-3.830157279968261719e+00	3.559595346450805664e+00
5.305530071258544922e+00	7.414093613624572754e-01
1.925588369369506836e+00	6.547377705574035645e-01
8.853614807128906250e+00	2.116356372833251953e+00
1.024528264999389648e+00	7.438845634460449219e-01
-8.557639122009277344e-01	9.707601666450500488e-01
-3.980616331100463867e+00	3.890344142913818359e+00
-1.056794166564941406e+00	1.774519562721252441e+00
-8.435794115066528320e-01	2.123093605041503906e+00
5.399146556854248047e+00	7.802373170852661133e-01
1.357806587219238281e+01	1.083232998847961426e+00
-1.291447281837463379e+00	5.138648509979248047e+00
2.563587903976440430e+00	5.110536098480224609e+00
8.287692070007324219e+00	2.570468902587890625e+00
4.940909862518310547e+00	5.866492986679077148e-01
7.703030586242675781e+00	1.666618227958679199e+00
2.835138320922851562e+00	4.144875049591064453e+00
5.022038459777832031e+00	1.848749995231628418e+00
1.152777671813964844e+01	-9.454247541725635529e-03
1.411582946777343750e+00	1.760989874601364136e-01
-1.351466774940490723e-01	9.835084080696105957e-01
1.176890563964843750e+01	3.304895639419555664e+00
2.149526119232177734e+00	1.557710051536560059e+00
2.852146625518798828e+00	2.711883544921875000e+00
-2.883582592010498047e+00	3.796971559524536133e+00
7.125960826873779297e+00	-1.252189397811889648e+00
8.931363224983215332e-01	1.880730390548706055e+00
4.375737667083740234e+00	2.082843780517578125e+00
3.664898872375488281e-01	4.243530750274658203e+00
-8.328800201416015625e-01	2.051532745361328125e+00
1.252951908111572266e+01	-3.675375599414110184e-03
-4.013698577880859375e+00	2.932890892028808594e+00
3.674805879592895508e+00	-1.193152427673339844e+00
-2.855535745620727539e+00	5.833218574523925781e+00
5.855793952941894531e+00	1.483219385147094727e+00
7.618790149688720703e+00	2.036437034606933594e+00
-2.622484922409057617e+00	2.787017822265625000e+00
3.322109222412109375e+00	1.571391701698303223e+00
3.618486642837524414e+00	3.598806560039520264e-01
7.325486660003662109e+00	5.912863016128540039e-01
6.722213625907897949e-01	-6.177514195442199707e-01
6.330079078674316406e+00	2.143357753753662109e+00
5.061092853546142578e+00	-7.903033494949340820e-01
9.951338768005371094e+00	3.317608237266540527e-01
4.087559700012207031e+00	-3.894097805023193359e-01
-4.192331314086914062e+00	3.443386077880859375e+00
2.776896953582763672e+00	2.192758560180664062e+00
-3.601570129394531250e+00	3.966530561447143555e+00
9.483087539672851562e+00	3.265145301818847656e+00
1.220181465148925781e+01	4.800589382648468018e-02
1.252081155776977539e+00	2.247762918472290039e+00
6.959612369537353516e+00	-8.526716232299804688e-01
-7.428184747695922852e-01	4.612249732017517090e-01
4.368020057678222656e+00	8.927710652351379395e-01
-1.417864114046096802e-01	1.099132537841796875e+00
6.418046474456787109e+00	1.168166756629943848e+00
6.736621856689453125e+00	4.092965424060821533e-01
3.052248477935791016e+00	-1.002725720405578613e+00
1.251857376098632812e+01	-5.058522224426269531e-01
4.222208023071289062e+00	4.724348545074462891e+00
-1.912061214447021484e+00	1.269335150718688965e+00
-8.936133980751037598e-01	1.347305893898010254e+00
-3.361546516418457031e+00	3.783724546432495117e+00
1.831373095512390137e+00	2.458562374114990234e+00
6.818462371826171875e+00	-1.340309500694274902e+00
-1.755662679672241211e+00	8.535650968551635742e-01
-4.767839431762695312e+00	4.971670627593994141e+00
1.418874263763427734e+01	3.477959036827087402e-01
4.763683795928955078e+00	-1.355422258377075195e+00
-4.743317663669586182e-01	3.442292213439941406e+00
-2.304394483566284180e+00	2.350486516952514648e+00
-2.341879129409790039e+00	4.359571933746337891e+00
-1.978282928466796875e+00	2.456242561340332031e+00
1.633519411087036133e+00	2.383285164833068848e-01
-1.906345129013061523e+00	4.592204570770263672e+00
7.552106380462646484e-01	8.211711794137954712e-02
1.506189155578613281e+01	1.733200907707214355e+00
-3.216149330139160156e+00	2.085190296173095703e+00
8.242875099182128906e+00	-1.306384563446044922e+00
-3.577564001083374023e+00	4.846857070922851562e+00
1.041950416564941406e+01	8.877682089805603027e-01
-6.726334244012832642e-02	-1.746775023639202118e-02
8.252400755882263184e-01	9.574431180953979492e-01
1.061690807342529297e+01	9.292259812355041504e-01
4.085212230682373047e+00	2.538486957550048828e+00
8.642913818359375000e+00	7.701852917671203613e-01
1.090701484680175781e+01	4.649647474288940430e-01
1.373976612091064453e+01	3.206332027912139893e-01
7.635564327239990234e+00	3.080029010772705078e+00
5.812808871269226074e-01	1.027468442916870117e-01
-2.254158735275268555e+00	1.707888603210449219e+00
2.391872406005859375e+00	-4.684826135635375977e-01
5.246371746063232422e+00	-1.203866004943847656e+00
3.030201911926269531e+00	1.620455980300903320e+00
7.430954456329345703e+00	9.194517135620117188e-02
4.374171733856201172e+00	2.003966331481933594e+00
-4.196904182434082031e+00	4.917032718658447266e+00
3.798446655273437500e+00	-2.249462306499481201e-01
5.928933620452880859e+00	2.468075037002563477e+00
-3.460466861724853516e+00	5.726159572601318359e+00
3.625294566154479980e-01	2.683925330638885498e-01
7.601891517639160156e+00	4.827659726142883301e-01
-3.604153156280517578e+00	4.102983951568603516e+00
2.635820627212524414e+00	1.673534989356994629e+00
3.049746751785278320e+00	1.672471761703491211e+00
8.300694823265075684e-02	1.443713068962097168e+00
6.277942657470703125e+00	3.659015178680419922e+00
4.180390834808349609e+00	1.956448674201965332e+00
-3.478523790836334229e-01	3.192130804061889648e+00
7.862335205078125000e+00	3.226052761077880859e+00
3.002194643020629883e+00	7.254282236099243164e-01
-4.885512888431549072e-01	3.915823459625244141e+00
6.804630756378173828e+00	1.228102326393127441e+00
1.975928425788879395e+00	1.727829933166503906e+00
3.085459232330322266e+00	-1.157398939132690430e+00
8.713867664337158203e-01	3.640686988830566406e+00
7.745937347412109375e+00	-2.676026225090026855e-01
-5.184229850769042969e+00	5.119334220886230469e+00
-1.968055844306945801e+00	2.537845849990844727e+00
-2.266537666320800781e+00	2.398558855056762695e+00
1.272594738006591797e+01	1.700525581836700439e-01
9.199216842651367188e+00	1.862163066864013672e+00
1.338717818260192871e+00	8.939710855484008789e-01
-7.234489917755126953e-01	5.445884227752685547e+00
5.346516132354736328e+00	7.473957538604736328e-01
1.932314991950988770e+00	1.467787504196166992e+00
-3.647213578224182129e-01	4.346090793609619141e+00
1.626003026962280273e+00	4.518002986907958984e+00
4.432470798492431641e+00	2.162831306457519531e+00
6.627342224121093750e+00	-1.163938522338867188e+00
-1.633012413978576660e+00	4.387342453002929688e+00
-3.240823447704315186e-01	1.148157715797424316e+00
5.585457801818847656e+00	3.687948942184448242e+00
1.237817525863647461e+00	1.195004463195800781e+00
1.337710666656494141e+01	4.286602437496185303e-01
2.146471738815307617e+00	2.689896106719970703e+00
6.083606719970703125e+00	8.123341202735900879e-02
6.331624031066894531e+00	3.232298612594604492e+00
-9.354905486106872559e-01	1.742347598075866699e+00
1.416917800903320312e+01	1.531063556671142578e+00
-6.944907307624816895e-01	2.847725629806518555e+00
-4.512250900268554688e+00	4.621880054473876953e+00
8.845047950744628906e+00	9.512238502502441406e-01
1.390711307525634766e+01	8.134728074073791504e-01
8.484086394309997559e-02	4.325345516204833984e+00
5.170273780822753906e+00	1.456731677055358887e+00
3.592844247817993164e+00	5.890674591064453125e-01
-3.434002399444580078e+00	2.943787574768066406e+00
4.440189361572265625e+00	-4.631072282791137695e-02
1.094529509544372559e+00	5.939012765884399414e-01
-5.983660817146301270e-01	2.344655513763427734e+00
-2.661319732666015625e+00	3.466972589492797852e+00
9.593243598937988281e+00	7.983828783035278320e-01
1.240546798706054688e+01	3.120905160903930664e+00
8.715407371520996094e+00	2.717094898223876953e+00
1.926948785781860352e+00	-2.261235117912292480e-01
1.003239345550537109e+01	8.447178602218627930e-01
-4.462134838104248047e+00	4.086748123168945312e+00
1.431860208511352539e+00	9.822391867637634277e-01
-6.792225837707519531e-01	3.563302040100097656e+00
3.605437040328979492e+00	-1.146286606788635254e+00
1.099374961853027344e+01	1.584751009941101074e+00
5.070314407348632812e+00	1.188017249107360840e+00
2.790172338485717773e+00	-6.858690977096557617e-01
8.890602111816406250e+00	2.414184331893920898e+00
4.021574974060058594e+00	4.821628093719482422e+00
1.424650251865386963e-01	4.650810241699218750e+00
1.170408630371093750e+01	5.959359407424926758e-01
2.353527069091796875e+00	3.182185888290405273e+00
3.935122251510620117e+00	1.980916380882263184e+00
-4.003683626651763916e-01	3.462585449218750000e+00
2.078510284423828125e+00	8.926494121551513672e-01
1.635333406738936901e-03	2.273044347763061523e+00
4.499886035919189453e+00	4.155373573303222656e+00
-1.856584548950195312e+00	1.406326293945312500e+00
7.824717044830322266e+00	-1.331093758344650269e-01
2.830247581005096436e-01	1.739939093589782715e+00
1.568076491355895996e+00	3.836379766464233398e+00
-4.755954444408416748e-01	1.441339373588562012e+00
6.297598361968994141e+00	2.051177740097045898e+00
4.206333160400390625e+00	-1.341388225555419922e+00
-2.983845233917236328e+00	2.856913328170776367e+00
1.962498068809509277e+00	-9.614411592483520508e-01
6.176899433135986328e+00	2.383583068847656250e+00
1.007245853543281555e-01	7.070999145507812500e-01
1.142668247222900391e+01	3.157186269760131836e+00
-2.257347583770751953e+00	2.323498249053955078e+00
3.585220575332641602e+00	1.445432186126708984e+00
5.848209857940673828e+00	2.564315557479858398e+00
7.966229438781738281e+00	-2.318002730607986450e-01
-4.509412646293640137e-01	6.066342815756797791e-02
9.422553062438964844e+00	7.338466644287109375e-01
9.501826286315917969e+00	3.326089382171630859e+00
8.612879753112792969e+00	1.006545305252075195e+00
1.087748146057128906e+01	-8.476929664611816406e-01
2.820265293121337891e+00	1.707746267318725586e+00
6.629650592803955078e-01	3.343478679656982422e+00
5.474476814270019531e+00	4.117235541343688965e-01
3.732035398483276367e+00	-4.310801625251770020e-02
4.019758701324462891e+00	7.588656544685363770e-01
-1.638167262077331543e+00	3.905207872390747070e+00
-2.434673160314559937e-01	3.077700853347778320e+00
7.245410919189453125e+00	1.995340824127197266e+00
-1.573400646448135376e-01	3.370155334472656250e+00
8.747765541076660156e+00	-1.138456344604492188e+00
7.890467166900634766e+00	1.450351357460021973e+00
-2.825981378555297852e+00	2.893040180206298828e+00
6.331933975219726562e+00	1.220056772232055664e+00
1.020663452148437500e+01	-3.362539708614349365e-01
9.006480216979980469e+00	1.575031280517578125e+00
3.262901008129119873e-01	1.073969006538391113e+00
5.671510219573974609e+00	3.903591871261596680e+00
1.199267196655273438e+01	2.723805665969848633e+00
-3.126838207244873047e+00	2.662712097167968750e+00
1.272190570831298828e+01	2.090133666992187500e+00
1.420281314849853516e+01	6.351131796836853027e-01
1.255666351318359375e+01	2.241568803787231445e+00
7.398853302001953125e+00	5.792848467826843262e-01
9.702524185180664062e+00	3.103212594985961914e+00
4.834446430206298828e+00	4.361740112304687500e+00
-9.720008969306945801e-01	1.396320223808288574e+00
8.759130477905273438e+00	1.473887085914611816e+00
3.097314119338989258e+00	2.664162635803222656e+00
1.243987274169921875e+01	9.632084369659423828e-01
3.400366306304931641e+00	2.378896951675415039e+00
3.726405620574951172e+00	-7.062308788299560547e-01
1.221648120880126953e+01	1.756795287132263184e+00
8.381235122680664062e+00	5.134888365864753723e-02
-4.135182857513427734e+00	3.476155996322631836e+00
4.167102649807929993e-02	4.509322166442871094e+00
9.037480354309082031e+00	2.026076793670654297e+00
1.227626895904541016e+01	2.549817323684692383e+00
2.818222284317016602e+00	3.743585944175720215e-01
1.185297489166259766e+01	2.048967361450195312e+00
1.998388171195983887e+00	1.381585240364074707e+00
5.169157028198242188e+00	1.819742918014526367e+00
1.183030223846435547e+01	2.393376111984252930e+00
5.496687412261962891e+00	-9.043316841125488281e-01
5.540445804595947266e+00	4.902657270431518555e-01
7.516404151916503906e+00	7.151536941528320312e-01
-2.092192471027374268e-01	3.934808254241943359e+00
7.910188674926757812e+00	9.893300533294677734e-01
3.841451168060302734e+00	1.783283352851867676e-01
8.827405929565429688e+00	3.438442349433898926e-01
8.959272384643554688e+00	-1.524537205696105957e+00
6.989405632019042969e+00	-1.371924430131912231e-01
3.444758892059326172e+00	-1.349171757698059082e+00
1.351478385925292969e+01	1.910759508609771729e-01
-2.283121824264526367e+00	1.105642318725585938e+00
-3.918221712112426758e+00	3.754221677780151367e+00
4.527796745300292969e+00	-1.300768256187438965e+00
5.096993446350097656e+00	-1.012758016586303711e+00
4.707063674926757812e+00	8.572791814804077148e-01
-3.520300626754760742e+00	3.972250938415527344e+00
7.403995990753173828e+00	2.775155067443847656e+00
8.922513008117675781e+00	-5.588381886482238770e-01
8.733072280883789062e+00	1.417746543884277344e-01
3.840744256973266602e+00	6.689835786819458008e-01
9.820447921752929688e+00	-7.481727283447980881e-03
-1.788971781730651855e+00	1.431797266006469727e+00
1.273068237304687500e+01	5.306860804557800293e-01
5.020292758941650391e+00	3.059135936200618744e-02
1.280254840850830078e+01	1.638734579086303711e+00
1.345720767974853516e+00	2.741297006607055664e+00
3.080087602138519287e-01	4.291643619537353516e+00
6.617918491363525391e+00	2.487830400466918945e+00
5.001917839050292969e+00	2.246448993682861328e-01
9.477488517761230469e+00	1.477921307086944580e-01
5.081099510192871094e+00	1.060250587761402130e-02
5.459426403045654297e+00	-2.248767018318176270e-01
4.545691490173339844e+00	-1.108909249305725098e+00
1.534924268722534180e+00	-4.481178820133209229e-01
7.663491725921630859e+00	1.119737148284912109e+00
1.089468002319335938e+01	1.903580546379089355e+00
1.143018436431884766e+01	-1.204175591468811035e+00
-3.026732504367828369e-01	8.084043860435485840e-01
1.242483973503112793e+00	-4.589267969131469727e-01
1.462952995300292969e+01	1.173218369483947754e+00
9.489278793334960938e+00	-5.125879645347595215e-01
5.935199737548828125e+00	-1.062336921691894531e+00
-2.533699035644531250e+00	1.817072987556457520e+00
2.134622097015380859e+00	1.405500650405883789e+00
-2.232785463333129883e+00	1.752513170242309570e+00
8.988470077514648438e+00	-1.032529234886169434e+00
-3.332372426986694336e+00	4.496439456939697266e+00
-3.735201597213745117e+00	4.833126544952392578e+00
6.216499805450439453e+00	-3.413042426109313965e-01
7.434210777282714844e+00	-6.012984514236450195e-01
1.120478916168212891e+01	2.541893959045410156e+00
6.022444248199462891e+00	3.027994155883789062e+00
-1.118988513946533203e+00	4.955051898956298828e+00
3.799991846084594727e+00	-1.120631694793701172e+00
1.303939437866210938e+01	1.263151764869689941e+00
4.479927539825439453e+00	6.224737763404846191e-01
-1.102616906166076660e+00	1.672886610031127930e+00
5.543811798095703125e+00	7.584765553474426270e-01
7.874671936035156250e+00	3.035697937011718750e-01
4.831067085266113281e+00	3.835423946380615234e+00
4.016352653503417969e+00	2.529165893793106079e-02
-2.202284574508666992e+00	2.304398536682128906e+00
6.838301658630371094e+00	2.189794778823852539e+00
1.815496802330017090e+00	3.030814886093139648e+00
1.185757160186767578e+01	-1.566176414489746094e-01
6.045415401458740234e+00	2.186010181903839111e-01
2.305280923843383789e+00	1.022568225860595703e+00
-2.574324369430541992e+00	5.784582614898681641e+00
7.775377750396728516e+00	1.227131724357604980e+00
8.357898712158203125e+00	-1.497575521469116211e+00
-4.116218566894531250e+00	2.685410737991333008e+00
-1.411391854286193848e+00	4.562287807464599609e+00
1.676531672477722168e+00	4.259380340576171875e+00
1.220612430572509766e+01	2.055071115493774414e+00
1.413988018035888672e+01	1.298433303833007812e+00
7.703578948974609375e+00	2.104811906814575195e+00
2.032122373580932617e+00	-9.768140316009521484e-01
1.881814241409301758e+00	2.038801193237304688e+00
5.683454990386962891e+00	4.439095020294189453e+00
6.472190856933593750e+00	-1.019147634506225586e+00
1.218105697631835938e+01	1.294309258460998535e+00
-5.174354553222656250e+00	5.010071754455566406e+00
1.303321170806884766e+01	-3.638198375701904297e-01
-2.756491184234619141e+00	3.568137407302856445e+00
3.793204307556152344e+00	1.000268682837486267e-01
6.222680807113647461e-01	9.004313349723815918e-01
5.680032730102539062e+00	1.425169706344604492e+00
5.648933887481689453e+00	1.306223034858703613e+00
1.159854984283447266e+01	-1.251032352447509766e+00
6.533365726470947266e+00	3.656067609786987305e+00
1.201686954498291016e+01	2.339577436447143555e+00
1.256229591369628906e+01	2.403099775314331055e+00
1.284157276153564453e+01	1.340732932090759277e+00
1.448671150207519531e+01	8.559886813163757324e-01
7.808083534240722656e+00	1.477255225181579590e+00
6.085163593292236328e+00	-1.377854585647583008e+00
8.140397071838378906e+00	1.761859655380249023e+00
1.441383266448974609e+01	7.408729195594787598e-01
-2.799535393714904785e-01	4.035846233367919922e+00
8.598834037780761719e+00	1.895350217819213867e+00
3.847569465637207031e+00	1.872885942459106445e+00
1.174473857879638672e+01	1.950778365135192871e+00
5.537655353546142578e-01	1.316534161567687988e+00
1.115439033508300781e+01	-2.602232694625854492e-01
1.836977601051330566e+00	1.130570054054260254e+00
1.219853115081787109e+01	1.982298135757446289e+00
8.481424331665039062e+00	-1.640362501144409180e+00
-3.903204441070556641e+00	3.195903301239013672e+00
6.240753173828125000e+00	2.462021350860595703e+00
-2.619122266769409180e+00	4.133307933807373047e+00
-2.682751893997192383e+00	2.925282001495361328e+00
5.453639507293701172e+00	-4.507902264595031738e-01
1.032731819152832031e+01	2.642312049865722656e+00
1.273093032836914062e+01	-8.894005790352821350e-03
1.021835803985595703e+01	4.192245900630950928e-01
1.185786533355712891e+01	3.503565549850463867e+00
1.432516098022460938e+00	4.568022727966308594e+00
8.071541786193847656e-01	1.157208442687988281e+00
2.656324625015258789e+00	3.403809785842895508e+00
-2.361327886581420898e+00	4.005463123321533203e+00
8.773784637451171875e+00	-1.478033363819122314e-01
3.255065441131591797e+00	4.934873104095458984e+00
-6.037968397140502930e-01	5.421247482299804688e+00
7.901935100555419922e+00	1.447798967361450195e+00
1.138597774505615234e+01	-7.206429839134216309e-01
1.225260734558105469e+01	-1.278333187103271484e+00
1.146795368194580078e+01	2.987141847610473633e+00
6.199768543243408203e+00	6.075978744775056839e-03
2.218690872192382812e+00	5.282977104187011719e+00
3.099163174629211426e-01	2.816978216171264648e+00
4.855007171630859375e+00	1.676766157150268555e+00
2.033231735229492188e+00	5.571503043174743652e-01
3.161944627761840820e+00	-2.053529471158981323e-01
9.020388603210449219e+00	1.298541903495788574e+00
2.305232048034667969e+00	-6.915482878684997559e-01
1.139197444915771484e+01	8.596881628036499023e-01
-9.276114106178283691e-01	2.463500261306762695e+00
1.847389578819274902e+00	1.930465102195739746e+00
-7.514780163764953613e-01	1.234817147254943848e+00
-3.519525527954101562e+00	4.864911079406738281e+00
1.626256108283996582e+00	3.022326231002807617e+00
1.191627693176269531e+01	-7.523753046989440918e-01
3.192137956619262695e+00	-2.299870103597640991e-01
1.159603118896484375e+01	2.333180665969848633e+00
3.239058732986450195e+00	3.465585708618164062e-01
-9.502263069152832031e-01	5.904121398925781250e-01
8.748983383178710938e+00	2.198626279830932617e+00
2.197746753692626953e+00	5.212598323822021484e+00
-3.601524353027343750e+00	4.280984878540039062e+00
3.792445659637451172e+00	-6.177770495414733887e-01
9.835781455039978027e-01	3.593198299407958984e+00
2.602194547653198242e+00	2.344594001770019531e+00
2.544449567794799805e+00	1.806976437568664551e+00
6.358571529388427734e+00	1.362924575805664062e+00
2.648273944854736328e+00	5.376787662506103516e+00
-2.410114258527755737e-01	2.727675199508666992e+00
5.641517162322998047e+00	1.483749151229858398e+00
8.356748580932617188e+00	3.644678741693496704e-02
1.336686897277832031e+01	-2.924104928970336914e-01
6.486710548400878906e+00	-7.163982987403869629e-01
3.287780284881591797e+00	-7.919932007789611816e-01
3.524877309799194336e+00	2.571800470352172852e+00
-2.179365873336791992e+00	2.663549661636352539e+00
2.504082441329956055e+00	-8.269190788269042969e-01
5.374643802642822266e+00	-1.695620417594909668e+00
2.421892642974853516e+00	5.396982192993164062e+00
-1.025441527366638184e+00	3.481708526611328125e+00
-1.570652604103088379e+00	3.386406660079956055e+00
5.662377357482910156e+00	4.048009872436523438e+00
5.053747177124023438e+00	3.485898017883300781e+00
3.634429216384887695e+00	1.270133376121520996e+00
6.947781562805175781e+00	4.918370544910430908e-01
9.917753219604492188e+00	-1.328888088464736938e-01
6.769128799438476562e+00	4.264563024044036865e-01
5.257539749145507812e+00	1.186746597290039062e+00
1.167638778686523438e+01	5.316584706306457520e-01
-4.606953144073486328e+00	3.506243228912353516e+00
8.163408279418945312e+00	1.359540700912475586e+00
4.846408367156982422e+00	-1.269217967987060547e+00
1.137004566192626953e+01	3.616630136966705322e-01
1.054024124145507812e+01	1.971354484558105469e+00
-3.001671552658081055e+00	3.144980669021606445e+00
3.578014850616455078e+00	-4.191690683364868164e-01
1.137561082839965820e+00	-3.576923012733459473e-01
3.364721536636352539e+00	-5.676708817481994629e-01
3.143898010253906250e+00	2.238469123840332031e+00
2.350877523422241211e+00	-7.776063680648803711e-01
1.926356106996536255e-01	3.873646974563598633e+00
1.748717188835144043e+00	2.172906875610351562e+00
3.761466026306152344e+00	3.493157327175140381e-01
8.305906295776367188e+00	1.796964764595031738e+00
8.345215797424316406e+00	8.208411335945129395e-01
-2.520830929279327393e-01	4.908547878265380859e+00
1.306526279449462891e+01	2.228608131408691406e-01
1.101912212371826172e+01	-6.544816493988037109e-01
1.273161220550537109e+01	-4.325889050960540771e-01
-1.944400668144226074e+00	6.031811237335205078e+00
1.042735767364501953e+01	2.048278093338012695e+00
1.822038054466247559e+00	5.122862815856933594e+00
-1.106686666607856750e-01	8.687019348144531250e-02
1.009813785552978516e+01	5.865064859390258789e-01
1.280597782135009766e+01	1.493892073631286621e+00
6.380663871765136719e+00	-8.587753772735595703e-01
3.857848167419433594e+00	3.063277244567871094e+00
4.397512435913085938e+00	3.738954067230224609e+00
-3.112400174140930176e-01	2.031263828277587891e+00
1.264938831329345703e+01	4.869747161865234375e-01
5.270974636077880859e+00	1.839414358139038086e+00
9.386312484741210938e+00	-3.656447827816009521e-01
1.383010745048522949e+00	3.193132400512695312e+00
-2.838639020919799805e+00	4.265353679656982422e+00
1.207323455810546875e+01	4.593246281147003174e-01
1.255652999877929688e+01	-1.027702569961547852e+00
6.660326004028320312e+00	6.591280102729797363e-01
3.359587430953979492e+00	-2.877830564975738525e-01
2.085759401321411133e+00	3.721779108047485352e+00
9.201042175292968750e+00	-4.404994249343872070e-01
-7.855207920074462891e-01	3.549956798553466797e+00
1.387838172912597656e+01	8.976122736930847168e-01
7.844535350799560547e+00	2.721735000610351562e+00
7.225212574005126953e+00	-8.614287972450256348e-01
7.529593467712402344e+00	-6.213018894195556641e-01
-3.009058952331542969e+00	2.361970424652099609e+00
1.033583068847656250e+01	5.109074115753173828e-01
4.304006576538085938e+00	3.892234325408935547e+00
1.080111026763916016e+01	7.273539900779724121e-01
4.446409225463867188e+00	1.333686947822570801e+00
-2.424345254898071289e+00	3.107969522476196289e+00
8.193911552429199219e+00	1.741346240043640137e+00
3.855180740356445312e+00	1.850590229034423828e+00
5.885460853576660156e+00	3.124329328536987305e+00
3.848389863967895508e+00	9.810526967048645020e-01
1.082810974121093750e+01	-1.559778898954391479e-01
7.695532798767089844e+00	-4.018105268478393555e-01
5.051595211029052734e+00	4.112568855285644531e+00
7.913873672485351562e+00	1.271762132644653320e+00
1.170304489135742188e+01	-1.318807363510131836e+00
1.343088865280151367e+00	5.051672458648681641e-01
2.228810787200927734e+00	9.628949165344238281e-01
1.097502422332763672e+01	2.671742677688598633e+00
-2.634133338928222656e+00	1.766174793243408203e+00
-1.904287815093994141e+00	2.005599737167358398e+00
8.158115386962890625e+00	6.973276734352111816e-01
-1.361789107322692871e+00	4.790040493011474609e+00
9.846076011657714844e+00	1.596567749977111816e+00
1.482483983039855957e+00	-2.837337255477905273e-01
7.340383052825927734e+00	9.682980775833129883e-01
1.174349594116210938e+01	2.561926364898681641e+00
8.290051460266113281e+00	1.347473025321960449e+00
1.271650075912475586e+00	5.493467807769775391e+00
-2.504377126693725586e+00	2.342080831527709961e+00
8.766197204589843750e+00	1.751900196075439453e+00
3.166162967681884766e+00	-9.824082255363464355e-01
-3.172839879989624023e+00	4.108497142791748047e+00
1.110445022583007812e+01	-1.710565239191055298e-01
2.529543399810791016e+00	-4.557132720947265625e-01
1.098099708557128906e+01	2.008746147155761719e+00
5.389987945556640625e+00	7.036365270614624023e-01
9.747611045837402344e+00	4.787338897585868835e-02
1.500515270233154297e+01	1.440947175025939941e+00
6.219023704528808594e+00	1.946962594985961914e+00
1.037060356140136719e+01	2.210147380828857422e+00
2.655575573444366455e-01	1.414644837379455566e+00
-4.334660053253173828e+00	3.958730459213256836e+00
7.719754695892333984e+00	1.621926784515380859e+00
3.408410072326660156e+00	-7.548393607139587402e-01
9.284118652343750000e+00	1.979098439216613770e+00
4.938855648040771484e+00	1.078619122505187988e+00
7.025194644927978516e+00	-8.369157314300537109e-01
5.744913578033447266e+00	-8.253015279769897461e-01
1.110277843475341797e+01	3.504623174667358398e+00
3.103350162506103516e+00	8.852584362030029297e-01
4.721423625946044922e+00	3.811665773391723633e-01
2.920807361602783203e+00	4.735729217529296875e+00
-4.570825994014739990e-01	1.948614597320556641e+00
1.226993846893310547e+01	3.451028585433959961e+00
5.265065193176269531e+00	3.389008045196533203e+00
6.284907817840576172e+00	9.643908739089965820e-01
1.509751319885253906e+01	1.793462872505187988e+00
-7.778428196907043457e-01	1.947782039642333984e+00
-1.718270778656005859e+00	1.164390563964843750e+00
4.779917240142822266e+00	1.504166007041931152e+00
1.940135002136230469e+00	2.038323163986206055e+00
8.040429115295410156e+00	2.592859983444213867e+00
-3.320883512496948242e+00	3.709400415420532227e+00
7.078527927398681641e+00	2.296090364456176758e+00
1.530250430107116699e+00	1.793363690376281738e+00
3.203788518905639648e+00	1.128130912780761719e+00
7.017704963684082031e+00	-4.031972289085388184e-01
9.593903541564941406e+00	1.837199926376342773e+00
6.399775981903076172e+00	1.654784977436065674e-01
1.216494655609130859e+01	1.449829697608947754e+00
2.981510877609252930e+00	8.249344825744628906e-01
-1.841240167617797852e+00	2.993183374404907227e+00
8.787161856889724731e-02	4.065831661224365234e+00
4.857455566525459290e-02	4.172367095947265625e+00
3.149484395980834961e+00	-4.296332895755767822e-01
-3.491940498352050781e+00	4.004404544830322266e+00
6.308894634246826172e+00	-1.367497205734252930e+00
2.049374341964721680e+00	-7.888004779815673828e-01
1.246254253387451172e+01	1.321466565132141113e+00
-2.101013660430908203e+00	2.899119377136230469e+00
2.653141260147094727e+00	1.584355831146240234e+00
1.117434263229370117e+00	6.264915466308593750e-01
1.194338226318359375e+01	-4.626910984516143799e-01
7.674794673919677734e+00	3.373778104782104492e+00
1.217594909667968750e+01	1.698638796806335449e+00
1.077800750732421875e+01	-8.264806270599365234e-01
5.004232406616210938e+00	-8.833960890769958496e-01
-4.969368457794189453e+00	5.239822864532470703e+00
5.013525962829589844e+00	4.451518356800079346e-01
9.013730049133300781e+00	5.649711489677429199e-01
-1.779963970184326172e+00	5.411988735198974609e+00
3.269392251968383789e+00	2.176445007324218750e+00
3.490388870239257812e+00	2.779222011566162109e+00
6.656255245208740234e+00	-4.041227400302886963e-01
-3.226212501525878906e+00	5.453590393066406250e+00
1.655669212341308594e+00	3.884669542312622070e+00
1.225715923309326172e+01	2.139558792114257812e+00
8.962348103523254395e-01	4.008840084075927734e+00
1.070692729949951172e+01	2.970716953277587891e+00
9.930341720581054688e+00	2.399654388427734375e+00
1.192529296875000000e+01	1.676828742027282715e+00
2.829982280731201172e+00	2.493293434381484985e-01
1.241022682189941406e+01	-1.085025668144226074e+00
8.976341247558593750e+00	4.087761044502258301e-01
8.107127189636230469e+00	2.906143069267272949e-01
1.185054492950439453e+01	-7.646489143371582031e-01
9.982614517211914062e+00	9.620996564626693726e-02
4.764818668365478516e+00	3.191426515579223633e+00
5.563030719757080078e+00	4.155672073364257812e+00
7.151962280273437500e+00	9.006720185279846191e-01
-1.925929784774780273e+00	1.718725085258483887e+00
3.864580392837524414e-01	6.780630946159362793e-01
-2.599750757217407227e+00	6.174282073974609375e+00
4.921854019165039062e+00	1.999547362327575684e+00
8.819744110107421875e+00	1.559204816818237305e+00
-7.038542032241821289e-01	3.781829118728637695e+00
2.813625097274780273e+00	3.633693695068359375e+00
1.056283378601074219e+01	1.530401945114135742e+00
3.276814699172973633e+00	5.107947349548339844e+00
-2.178991317749023438e+00	4.388945579528808594e+00
1.293660283088684082e+00	3.347748756408691406e+00
-1.499605178833007812e+00	3.383530855178833008e+00
1.233540248870849609e+01	2.973800182342529297e+00
1.227276897430419922e+01	-7.153935432434082031e-01
1.160658121109008789e+00	3.955039739608764648e+00
-3.737348914146423340e-01	1.013538599014282227e+00
-1.081450104713439941e+00	4.452724456787109375e+00
8.769702911376953125e+00	7.588418722152709961e-01
4.132112503051757812e+00	1.643745422363281250e+00
2.475273907184600830e-01	1.326344132423400879e+00
-9.065321087837219238e-01	5.538168907165527344e+00
1.164206027984619141e+01	-3.563277190551161766e-03
7.425853729248046875e+00	7.737964857369661331e-03
5.749093741178512573e-02	-2.485835850238800049e-01
1.540911477059125900e-02	3.262099981307983398e+00
-1.726304650306701660e+00	2.778789997100830078e+00
-2.009836435317993164e+00	3.635967731475830078e+00
1.468651390075683594e+01	1.322640538215637207e+00
1.237765192985534668e+00	6.523908376693725586e-01
7.808902740478515625e+00	2.794525325298309326e-01
5.012533664703369141e+00	1.463210463523864746e+00
1.306089878082275391e+01	-7.042611241340637207e-01
-1.605758905410766602e+00	3.636078357696533203e+00
8.478772163391113281e+00	1.371346414089202881e-01
-1.391431987285614014e-01	1.085229158401489258e+00
9.136628150939941406e+00	3.028304338455200195e+00
-2.738691568374633789e-01	1.049549579620361328e+00
2.046331167221069336e+00	3.693691492080688477e+00
-4.678532123565673828e+00	4.683652400970458984e+00
1.219256973266601562e+01	-1.009826064109802246e+00
2.201652288436889648e+00	-2.972714900970458984e-01
1.196758937835693359e+01	3.156251311302185059e-01
3.652622938156127930e+00	1.230831384658813477e+00
7.781378626823425293e-01	-5.227539539337158203e-01
6.411696910858154297e+00	7.625043392181396484e-01
2.597033262252807617e+00	8.529829978942871094e-01
3.338088035583496094e+00	5.655970573425292969e-01
1.324524116516113281e+01	8.332458734512329102e-01
1.027428436279296875e+01	-6.861680150032043457e-01
3.824150860309600830e-01	2.186714887619018555e+00
1.262849140167236328e+01	1.903895497322082520e+00
3.896253108978271484e+00	2.206013917922973633e+00
9.086496353149414062e+00	1.305897235870361328e+00
1.223931026458740234e+01	6.952618360519409180e-01
3.020478963851928711e+00	4.050789356231689453e+00
1.142378425598144531e+01	2.314338684082031250e+00
2.702825784683227539e+00	1.337709546089172363e+00
6.148410320281982422e+00	-1.032357513904571533e-01
1.191693663597106934e+00	3.431802034378051758e+00
1.016001343727111816e+00	-1.027841120958328247e-01
2.371166706085205078e+00	1.093017578125000000e+00
2.927018404006958008e+00	1.549601316452026367e+00
1.118582153320312500e+01	6.006228923797607422e-01
1.231254005432128906e+01	3.395564079284667969e+00
-4.734995961189270020e-01	3.827843904495239258e+00
6.492089629173278809e-01	4.313458919525146484e+00
2.753133296966552734e+00	4.581052303314208984e+00
1.095752811431884766e+01	3.261715650558471680e+00
-2.855206131935119629e-01	4.205194473266601562e+00
-3.614858388900756836e+00	2.332485198974609375e+00
5.550055503845214844e-01	1.275593161582946777e+00
1.163943195343017578e+01	1.120375514030456543e+00
2.455500125885009766e+00	2.650181770324707031e+00
7.420085906982421875e+00	-6.160584688186645508e-01
3.597971200942993164e+00	1.487203121185302734e+00
2.338431835174560547e+00	3.987030029296875000e+00
5.707655429840087891e+00	2.263183355331420898e+00
1.085667228698730469e+01	-6.911624073982238770e-01
1.278996753692626953e+01	2.118640422821044922e+00
5.838381767272949219e+00	2.059527635574340820e+00
8.451914787292480469e+00	2.169545888900756836e+00
1.442481517791748047e+01	1.230265974998474121e+00
2.424110174179077148e+00	1.780563712120056152e+00
-9.424090385437011719e-01	1.578143239021301270e+00
2.635715007781982422e+00	-8.561993837356567383e-01
-2.555832266807556152e-01	2.657037019729614258e+00
4.565672278404235840e-01	1.487869501113891602e+00
2.099888563156127930e+00	2.998466253280639648e+00
-5.059511184692382812e+00	5.258726596832275391e+00
6.389367580413818359e+00	-1.548150777816772461e+00
3.771570324897766113e-01	1.843462467193603516e+00
9.226582527160644531e+00	1.801428794860839844e+00
1.138029217720031738e+00	1.867316126823425293e+00
2.570127010345458984e+00	-1.387598067522048950e-01
-1.780878186225891113e+00	4.620650768280029297e+00
-2.460047960281372070e+00	3.762479543685913086e+00
-4.340332984924316406e+00	3.782588243484497070e+00
6.979201793670654297e+00	-1.026731967926025391e+00
5.440472126007080078e+00	1.491398811340332031e+00
5.717649936676025391e+00	-3.558015525341033936e-01
-9.955555796623229980e-01	3.119846105575561523e+00
3.055317640304565430e+00	3.044883251190185547e+00
8.475248336791992188e+00	-7.278822660446166992e-01
1.526928424835205078e+01	1.916081309318542480e+00
4.781197547912597656e+00	3.006264209747314453e+00
3.978336095809936523e+00	9.929538369178771973e-01
7.257027626037597656e+00	-1.513333201408386230e+00
1.452195644378662109e+00	1.654784917831420898e+00
1.394682884216308594e+01	1.308251857757568359e+00
-3.855399131774902344e+00	3.219709873199462891e+00
1.805327296257019043e+00	-2.202420383691787720e-01
5.752832889556884766e+00	8.338892459869384766e-01
1.282214832305908203e+01	-7.654591202735900879e-01
2.569767951965332031e+00	2.431428283452987671e-01
8.863106966018676758e-01	6.845107078552246094e-01
6.330747127532958984e+00	1.234548166394233704e-01
3.390820503234863281e+00	2.717834949493408203e+00
7.360027313232421875e+00	3.238351106643676758e+00
-1.960214734077453613e+00	5.966592311859130859e+00
5.201165199279785156e+00	-1.788203567266464233e-01
1.264967060089111328e+01	-7.979555726051330566e-01
9.298641204833984375e+00	-5.878152847290039062e-01
-3.534550666809082031e+00	3.680929183959960938e+00
8.311801910400390625e+00	-4.213602095842361450e-02
1.091117763519287109e+01	1.899794220924377441e+00
5.469913005828857422e+00	-1.201754435896873474e-01
9.658829689025878906e+00	2.324289560317993164e+00
-1.570250749588012695e+00	1.414278745651245117e+00
1.103924274444580078e+01	-9.297038912773132324e-01
2.631740093231201172e+00	2.666113376617431641e-01
4.418855190277099609e+00	5.513015389442443848e-02
2.685384035110473633e+00	3.448606967926025391e+00
7.393854141235351562e+00	3.364694833755493164e+00
9.310362815856933594e+00	1.885634899139404297e+00
3.184770345687866211e+00	3.816394090652465820e+00
5.596323013305664062e+00	-1.007046580314636230e+00
-2.876641511917114258e+00	2.220712184906005859e+00
5.023001194000244141e+00	6.397995948791503906e-01
8.555553436279296875e+00	1.389176368713378906e+00
1.208479785919189453e+01	1.573550581932067871e+00
2.740179777145385742e+00	5.338147163391113281e+00
7.857351303100585938e+00	2.107196807861328125e+00
8.152411460876464844e+00	3.097451448440551758e+00
-4.211148262023925781e+00	4.338703632354736328e+00
1.512763142585754395e+00	2.784986734390258789e+00
-1.799065768718719482e-01	1.786876916885375977e+00
-1.776553750038146973e+00	1.864163637161254883e+00
4.985346794128417969e+00	-1.681655287742614746e+00
8.357956886291503906e+00	1.655856490135192871e+00
1.289368438720703125e+01	-6.271156072616577148e-01
9.945428848266601562e+00	2.675696134567260742e+00
1.190173053741455078e+01	8.865855932235717773e-01
1.396973514556884766e+01	1.602663040161132812e+00
-1.328378468751907349e-01	4.950212001800537109e+00
8.592777252197265625e-01	2.177943229675292969e+00
3.833771705627441406e+00	5.030877590179443359e+00
2.582255601882934570e+00	1.916156530380249023e+00
3.288781404495239258e+00	2.553694009780883789e+00
1.400415325164794922e+01	4.291538894176483154e-01
2.482441663742065430e+00	4.076511859893798828e+00
-2.730618417263031006e-01	4.262420177459716797e+00
-1.355601191520690918e+00	2.406713724136352539e+00
1.926300287246704102e+00	5.391433238983154297e+00
2.814999341964721680e+00	4.511224269866943359e+00
-1.024915456771850586e+00	3.038528680801391602e+00
9.276561737060546875e+00	1.917181462049484253e-01
1.068431091308593750e+01	2.371859550476074219e+00
7.845571994781494141e+00	6.747616529464721680e-01
3.573337554931640625e+00	1.833326578140258789e+00
4.989949703216552734e+00	2.027521431446075439e-01
9.084812998771667480e-01	-8.806557208299636841e-02
-1.003557294607162476e-01	-4.764808341860771179e-02
7.975469589233398438e+00	-1.229501724243164062e+00
-1.980382680892944336e+00	3.326306819915771484e+00
4.698578834533691406e+00	1.103245139122009277e+00
5.390704631805419922e+00	4.081903934478759766e+00
2.920799553394317627e-01	-7.020531594753265381e-02
4.285614013671875000e+00	1.664370179176330566e+00
1.184091758728027344e+01	-8.402431011199951172e-01
7.628171920776367188e+00	5.077934265136718750e-01
1.137945747375488281e+01	1.509504675865173340e+00
3.948776245117187500e+00	2.302354574203491211e+00
5.546965599060058594e+00	2.898348331451416016e+00
2.792868614196777344e+00	1.047311186790466309e+00
-8.262472748756408691e-01	2.856721401214599609e+00
6.410657405853271484e+00	5.994729995727539062e-01
9.201898574829101562e+00	-8.594404160976409912e-02
1.173462963104248047e+01	3.193525791168212891e+00
2.865627765655517578e+00	2.970088720321655273e+00
2.363376379013061523e+00	3.742469787597656250e+00
-3.150922775268554688e+00	3.164816141128540039e+00
1.195863151550292969e+01	3.441051483154296875e+00
1.412905788421630859e+01	5.595316886901855469e-01
3.060090839862823486e-01	2.492241621017456055e+00
-3.803035736083984375e+00	3.630392789840698242e+00
7.636750698089599609e+00	3.417515754699707031e+00
4.858259677886962891e+00	2.857835531234741211e+00
2.979980707168579102e+00	-3.358495831489562988e-01
6.130801439285278320e-01	4.498924255371093750e+00
1.137476730346679688e+01	-7.281751036643981934e-01
5.474084377288818359e+00	3.482984542846679688e+00
1.234207534790039062e+01	1.746394395828247070e+00
5.488698482513427734e-01	3.654650211334228516e+00
1.302833557128906250e+01	8.733123540878295898e-01
5.930949687957763672e+00	4.100629806518554688e+00
3.998321890830993652e-01	1.508634805679321289e+00
-3.038277864456176758e+00	2.663238048553466797e+00
1.514798355102539062e+01	1.813202381134033203e+00
6.207714557647705078e+00	-1.147392630577087402e+00
4.350205898284912109e+00	2.054607868194580078e+00
7.865254402160644531e+00	8.862974643707275391e-01
2.550002098083496094e+00	-9.391350150108337402e-01
-1.132008671760559082e+00	2.029002904891967773e+00
2.821403026580810547e+00	8.464879989624023438e-01
1.295033359527587891e+01	4.385654628276824951e-01
-2.620991468429565430e-01	2.816343069076538086e+00
2.865011215209960938e+00	-3.334380984306335449e-01
7.943854808807373047e+00	9.187697172164916992e-01
-1.952247738838195801e+00	3.420293569564819336e+00
-6.198595464229583740e-02	4.370376586914062500e+00
1.253146839141845703e+01	1.054229497909545898e+00
1.226622867584228516e+01	2.646285772323608398e+00
9.178489685058593750e+00	2.139002323150634766e+00
5.365158081054687500e+00	-1.513544440269470215e+00
7.633409500122070312e+00	-6.897612810134887695e-01
1.941729068756103516e+00	2.825744152069091797e+00
7.632677078247070312e+00	-4.842462539672851562e-01
2.639371395111083984e+00	1.322260022163391113e+00
-3.138284444808959961e+00	2.359924077987670898e+00
1.702031135559082031e+00	2.642340660095214844e+00
5.956258296966552734e+00	4.875623285770416260e-01
3.955417573451995850e-01	1.674877166748046875e+00
1.303843402862548828e+01	1.351754367351531982e-01
1.477214813232421875e+01	1.379986166954040527e+00
-3.037077903747558594e+00	2.068998336791992188e+00
5.396851062774658203e+00	3.767385005950927734e+00
-1.838480591773986816e+00	6.184492111206054688e+00
8.648125529289245605e-01	4.134582519531250000e+00
-7.459894418716430664e-01	2.734230995178222656e+00
7.363926768302917480e-01	1.526892662048339844e+00
4.974610328674316406e+00	5.061261653900146484e-01
1.236769580841064453e+01	3.073915719985961914e+00
3.176083326339721680e+00	1.630456089973449707e+00
1.296288394927978516e+01	1.331019043922424316e+00
1.888258695602416992e+00	2.190732479095458984e+00
5.704290866851806641e+00	-9.640349745750427246e-01
7.827559947967529297e+00	6.253938078880310059e-01
1.447634887695312500e+01	1.409410953521728516e+00
1.057851123809814453e+01	1.202565550804138184e+00
1.149216365814208984e+01	4.244555532932281494e-01
-1.393012106418609619e-01	2.731586933135986328e+00
1.072637557983398438e+01	1.725280761718750000e+00
6.212135791778564453e+00	2.268229573965072632e-01
4.355880260467529297e+00	-8.048549890518188477e-01
1.326288461685180664e+00	6.096239089965820312e-01
2.443226337432861328e+00	4.156602025032043457e-01
5.774812698364257812e+00	-2.910151481628417969e-01
1.078512287139892578e+01	1.275615811347961426e+00
4.513467788696289062e+00	4.848747730255126953e+00
6.207227230072021484e+00	2.934415102005004883e+00
8.367791175842285156e+00	-1.566494345664978027e+00
8.992355346679687500e+00	-1.085524320602416992e+00
4.853426456451416016e+00	2.896498441696166992e-01
5.623749732971191406e+00	3.206693649291992188e+00
-1.044310688972473145e+00	4.895280003547668457e-01
4.807309150695800781e+00	1.226461082696914673e-01
4.481484293937683105e-01	1.971385002136230469e+00
-3.732586622238159180e+00	4.579596996307373047e+00
6.245918750762939453e+00	1.718224406242370605e+00
4.926689147949218750e+00	-1.572245359420776367e+00
1.107918453216552734e+01	1.174035787582397461e+00
4.122076511383056641e+00	4.916287422180175781e+00
7.128974437713623047e+00	-4.519172608852386475e-01
6.490572929382324219e+00	5.732709765434265137e-01
2.411235332489013672e+00	5.699699521064758301e-01
1.231462764739990234e+01	2.229375600814819336e+00
9.135998725891113281e+00	2.898746013641357422e+00
4.075338840484619141e+00	8.388693332672119141e-01
1.295091247558593750e+01	6.428590416908264160e-01
1.308466625213623047e+01	-5.400658249855041504e-01
1.143917560577392578e+01	1.310589462518692017e-01
-3.180436134338378906e+00	5.853179454803466797e+00
-5.847996845841407776e-02	3.856401205062866211e+00
-3.106263875961303711e+00	5.287760734558105469e+00
1.288172054290771484e+01	-7.407976984977722168e-01
2.297384142875671387e-01	4.116313934326171875e+00
8.595756530761718750e+00	2.176124095916748047e+00
6.773118972778320312e+00	1.252065539360046387e+00
2.425871849060058594e+00	2.629698991775512695e+00
1.029166412353515625e+01	1.379434466361999512e+00
8.981906890869140625e+00	2.800528049468994141e+00
7.034731388092041016e+00	5.248390510678291321e-02
6.527847766876220703e+00	-3.551571369171142578e-01
9.676728248596191406e+00	8.342970013618469238e-01
1.295230835676193237e-01	2.160481363534927368e-01
9.911937713623046875e+00	3.284291744232177734e+00
9.782514572143554688e+00	6.999767422676086426e-01
1.297425174713134766e+01	3.061670958995819092e-01
4.142097473144531250e+00	4.461643695831298828e+00
4.366841316223144531e+00	-1.088633418083190918e+00
3.272363185882568359e+00	-3.712711632251739502e-01
6.071793079376220703e+00	7.543619871139526367e-01
4.451996803283691406e+00	3.611313402652740479e-01
4.392024993896484375e+00	-7.964212298393249512e-01
4.342973709106445312e+00	-5.753684043884277344e-01
-6.009248495101928711e-01	3.005195967853069305e-02
4.536806106567382812e+00	-1.746453493833541870e-01
-4.213815629482269287e-01	1.009716689586639404e-01
1.055545425415039062e+01	1.016158819198608398e+00
-3.636329174041748047e-01	2.741452455520629883e+00
-2.845828056335449219e+00	2.809997558593750000e+00
1.023327350616455078e+00	1.215207219123840332e+00
5.059335708618164062e+00	-7.023255228996276855e-01
1.061652946472167969e+01	1.797258973121643066e+00
2.589414834976196289e+00	2.704431295394897461e+00
1.837180256843566895e+00	-8.791258335113525391e-01
2.954218149185180664e+00	-9.275433421134948730e-01
1.143758583068847656e+01	-4.514456987380981445e-01
-2.853692770004272461e+00	2.406857490539550781e+00
3.342870712280273438e+00	1.056442618370056152e+00
1.216353321075439453e+01	3.006791114807128906e+00
1.461310768127441406e+01	1.248953580856323242e+00
-1.815355181694030762e+00	2.755286455154418945e+00
4.860513806343078613e-01	9.562120437622070312e-01
1.030223846435546875e+01	1.135646700859069824e+00
-2.974016368389129639e-01	5.849165439605712891e+00
1.038976001739501953e+01	2.695650577545166016e+00
-5.162450671195983887e-01	1.756912946701049805e+00
8.096126556396484375e+00	2.580744028091430664e-01
-1.892963200807571411e-01	-2.455797642469406128e-01
-2.517621755599975586e+00	3.238631963729858398e+00
1.157780933380126953e+01	6.482605934143066406e-01
-4.575771331787109375e+00	3.752247810363769531e+00
-2.016425371170043945e+00	2.636982679367065430e+00
1.247185420989990234e+01	1.264266014099121094e+00
5.224757194519042969e+00	4.331064820289611816e-01
1.435527229309082031e+01	1.030600666999816895e+00
6.690824031829833984e+00	6.602728366851806641e-01
6.977416038513183594e+00	1.333858489990234375e+00
6.186216831207275391e+00	-8.605169653892517090e-01
9.669537544250488281e+00	1.381880164146423340e+00
1.308695030212402344e+01	-1.985807716846466064e-01
1.153640556335449219e+01	3.072365522384643555e+00
1.116391181945800781e+00	2.211017608642578125e+00
-6.907835602760314941e-01	4.633943557739257812e+00
5.290018558502197266e+00	4.438723564147949219e+00
8.259665489196777344e+00	3.253082513809204102e+00
6.481282234191894531e+00	2.910472393035888672e+00
1.765231609344482422e+00	2.304314136505126953e+00
4.065867900848388672e+00	2.265586853027343750e+00
1.243673229217529297e+01	2.622201919555664062e+00
-4.944067448377609253e-02	2.197407007217407227e+00
1.341159152984619141e+01	9.309629201889038086e-01
1.052569770812988281e+01	-1.444031715393066406e+00
9.582675933837890625e+00	1.009498834609985352e+00
1.618041157722473145e+00	-3.077062666416168213e-01
5.735091686248779297e+00	-4.028455615043640137e-01
9.948234558105468750e+00	2.833234071731567383e-01
9.619577407836914062e+00	3.839962780475616455e-01
9.536016464233398438e+00	2.953721761703491211e+00
1.010700225830078125e+01	1.428824663162231445e+00
-7.250791788101196289e-01	8.542640805244445801e-01
9.281525015830993652e-01	2.370527744293212891e+00
-1.714199185371398926e+00	2.936696767807006836e+00
-1.018840551376342773e+00	5.893280506134033203e+00
1.216000556945800781e+01	1.594542264938354492e+00
3.496342420578002930e+00	1.254995465278625488e+00
-2.931736946105957031e+00	4.091901779174804688e+00
1.270534896850585938e+01	2.237276792526245117e+00
1.400387382507324219e+01	1.498906493186950684e+00
9.203701019287109375e+00	-2.388561889529228210e-02
1.506065464019775391e+01	1.706015825271606445e+00
1.164145851135253906e+01	1.031526923179626465e+00
-1.324107527732849121e+00	1.632104635238647461e+00
3.812405586242675781e+00	3.941513776779174805e+00
1.293403053283691406e+01	-4.602631926536560059e-01
-3.054881334304809570e+00	3.860512495040893555e+00
8.626070022583007812e+00	-1.431422472000122070e+00
7.434088230133056641e+00	1.841399222612380981e-01
7.798121452331542969e+00	2.167456388473510742e+00
1.327745151519775391e+01	1.027086257934570312e+00
-1.031047105789184570e-01	5.258415699005126953e+00
-1.189024448394775391e-01	1.107446551322937012e+00
2.923774957656860352e+00	1.276403069496154785e-01
4.615524291992187500e+00	2.563394010066986084e-01
3.847196102142333984e+00	-6.358308196067810059e-01
7.323493480682373047e+00	8.298127055168151855e-01
1.035167789459228516e+01	1.088284179568290710e-01
5.552124977111816406e+00	-5.405949354171752930e-01
6.951500415802001953e+00	3.155667304992675781e+00
9.222784996032714844e+00	2.627590179443359375e+00
7.713201999664306641e+00	7.866254448890686035e-01
7.135801792144775391e+00	-1.079375147819519043e+00
1.909888029098510742e+00	5.478604793548583984e+00
3.784899950027465820e+00	2.514541387557983398e+00
1.271569919586181641e+01	5.610980987548828125e-01
6.151242733001708984e+00	1.134077832102775574e-01
3.060178756713867188e+00	2.293673038482666016e+00
4.229622483253479004e-01	4.188604831695556641e+00
-9.852915406227111816e-01	2.356759548187255859e+00
1.112337589263916016e+01	7.039708644151687622e-02
3.848306894302368164e+00	1.375494480133056641e+00
7.028220891952514648e-01	5.242431163787841797e+00
5.757195472717285156e+00	2.466744422912597656e+00
1.363616466522216797e+01	8.729153871536254883e-02
6.993695259094238281e+00	2.972100019454956055e+00
1.275340366363525391e+01	1.012001395225524902e+00
3.790939807891845703e+00	1.211114645004272461e+00
1.044451141357421875e+01	3.189760446548461914e+00
1.198115634918212891e+01	1.184346795082092285e+00
8.889435768127441406e+00	7.091457843780517578e-01
9.544158935546875000e+00	1.871662735939025879e+00
6.659680366516113281e+00	4.132611453533172607e-01
1.170552444458007812e+01	-8.504138588905334473e-01
1.474178123474121094e+01	1.452636241912841797e+00
4.763367652893066406e+00	3.178797006607055664e+00
1.212432384490966797e+01	-2.767312526702880859e-01
5.103597164154052734e+00	-6.577786207199096680e-01
1.078426361083984375e+01	-1.387425541877746582e+00
8.801586151123046875e+00	1.734510064125061035e+00
2.824440717697143555e+00	3.390435218811035156e+00
8.598886489868164062e+00	1.027523159980773926e+00
5.040024757385253906e+00	8.310638666152954102e-01
6.258807182312011719e+00	1.184964776039123535e+00
-2.151162862777709961e+00	4.057173252105712891e+00
2.853355407714843750e+00	4.887025058269500732e-01
6.426210880279541016e+00	1.236737251281738281e+00
-7.760328650474548340e-01	2.826389551162719727e+00
3.359646558761596680e+00	5.395994186401367188e-01
8.228049278259277344e+00	-7.201135754585266113e-01
1.099595546722412109e+01	9.732680916786193848e-01
3.144240140914916992e+00	3.289659500122070312e+00
1.197318172454833984e+01	-3.809759914875030518e-01
1.530364990234375000e+01	1.909075498580932617e+00
8.352204322814941406e+00	1.185553431510925293e+00
5.738944053649902344e+00	-1.491300940513610840e+00
9.864726066589355469e+00	2.760261058807373047e+00
1.402680516242980957e+00	-6.129347085952758789e-01
4.460499286651611328e+00	4.363202095031738281e+00
1.056933879852294922e+01	2.953744411468505859e+00
1.088236808776855469e+01	2.090792655944824219e+00
1.128850650787353516e+01	-3.327615261077880859e-01
8.030830383300781250e+00	1.459279775619506836e+00
9.772263526916503906e+00	1.342973113059997559e+00
1.293578624725341797e+01	1.546381711959838867e+00
1.027978134155273438e+01	-1.227087527513504028e-01
9.858530998229980469e+00	-2.058202028274536133e-02
1.259694576263427734e+01	-7.877003550529479980e-01
1.239531421661376953e+01	2.785696268081665039e+00
3.135048151016235352e+00	-4.127938449382781982e-01
-1.931690216064453125e+00	4.240242004394531250e+00
-6.415452361106872559e-01	4.431315898895263672e+00
7.382206916809082031e+00	7.315772175788879395e-01
8.662447929382324219e+00	3.171092748641967773e+00
1.458305072784423828e+01	1.063924312591552734e+00
1.667062520980834961e+00	1.900897741317749023e+00
-4.354946613311767578e+00	4.233951568603515625e+00
7.933867931365966797e+00	1.052738785743713379e+00
1.005581378936767578e+01	6.981197595596313477e-01
1.252001762390136719e+01	2.636199712753295898e+00
8.125817298889160156e+00	8.375593423843383789e-01
-3.624286055564880371e-01	3.636668443679809570e+00
-7.430191040039062500e-01	3.142968654632568359e+00
7.864539146423339844e+00	1.695447325706481934e+00
4.036069393157958984e+00	-1.031513452529907227e+00
3.443916320800781250e+00	4.541582584381103516e+00
9.084433555603027344e+00	6.439099907875061035e-01
-3.090480804443359375e+00	2.110537767410278320e+00
3.564496278762817383e+00	3.150779485702514648e+00
-4.602381229400634766e+00	5.343214511871337891e+00
1.000889873504638672e+01	5.089244246482849121e-01
1.527729415893554688e+01	1.922108292579650879e+00
3.399840354919433594e+00	5.152486324310302734e+00
9.807061553001403809e-01	1.989971697330474854e-01
4.747476577758789062e+00	2.643964767456054688e+00
-1.441475749015808105e+00	2.697858572006225586e+00
1.246521854400634766e+01	1.990969777107238770e+00
8.415949821472167969e+00	4.842956662178039551e-01
1.537336635589599609e+01	2.003258705139160156e+00
1.108616733551025391e+01	-7.823579311370849609e-01
8.615499496459960938e+00	1.480492115020751953e+00
6.839138031005859375e+00	-4.915722608566284180e-01
-2.529162168502807617e+00	4.833575725555419922e+00
7.577853202819824219e-01	1.768906950950622559e+00
4.436119556427001953e+00	8.324770331382751465e-01
-3.289573192596435547e-01	1.398031592369079590e+00
1.263113403320312500e+01	1.706031799316406250e+00
1.098436927795410156e+01	1.261154651641845703e+00
-2.739142894744873047e+00	4.394362449645996094e+00
9.716693878173828125e+00	2.636877775192260742e+00
1.413198280334472656e+01	1.495638847351074219e+00
8.394780158996582031e+00	7.992997765541076660e-01
5.467692852020263672e+00	2.211112380027770996e-01
1.439370536804199219e+01	5.386190414428710938e-01
1.480250835418701172e+01	1.548640012741088867e+00
8.425751686096191406e+00	1.710421442985534668e-01
1.421400356292724609e+01	1.119078636169433594e+00
2.490316152572631836e+00	3.032655477523803711e+00
1.019546127319335938e+01	3.112082719802856445e+00
9.395037651062011719e+00	2.419923543930053711e-01
8.708083152770996094e+00	-6.792117357254028320e-01
1.280648136138916016e+01	-2.932259142398834229e-01
1.391760158538818359e+01	1.313257098197937012e+00
1.350554561614990234e+01	-2.257300913333892822e-01
6.221163749694824219e+00	-1.659574627876281738e+00
1.389279246330261230e+00	-2.433319576084613800e-02
1.319202613830566406e+01	-6.246231794357299805e-01
2.910372734069824219e+00	1.390206217765808105e+00
1.244402122497558594e+01	-4.878443479537963867e-01
6.059391021728515625e+00	6.059181690216064453e-01
8.335536003112792969e+00	2.187676429748535156e+00
4.652948856353759766e+00	1.539997220039367676e+00
8.165781974792480469e+00	6.117573976516723633e-01
1.041200828552246094e+01	2.203700780868530273e+00
4.578094959259033203e+00	7.926689982414245605e-01
1.164738655090332031e+01	-6.655250787734985352e-01
1.143523788452148438e+01	1.540231823921203613e+00
1.236147880554199219e+01	-1.965353190898895264e-01
1.135493659973144531e+01	1.993210077285766602e+00
-3.049723505973815918e-01	4.814468383789062500e+00
5.069883346557617188e+00	1.741234540939331055e+00
1.508536529541015625e+01	1.878355026245117188e+00
2.480990141630172729e-01	5.767631530761718750e+00
1.025034046173095703e+01	2.254089117050170898e+00
-1.533539295196533203e+00	5.636041164398193359e-01
1.103559398651123047e+01	3.429018259048461914e+00
8.701429367065429688e+00	1.808813452720642090e+00
5.936533451080322266e+00	6.071974635124206543e-01
6.127733707427978516e+00	1.663419842720031738e+00
1.045343494415283203e+01	9.766231179237365723e-01
1.013310432434082031e+01	-1.074722647666931152e+00
1.191877460479736328e+01	3.509718894958496094e+00
7.733610630035400391e+00	2.931596994400024414e+00
5.081003189086914062e+00	2.720580995082855225e-01
1.096102333068847656e+01	1.792218685150146484e+00
1.029228210449218750e+01	2.147200107574462891e+00
-2.432302236557006836e+00	4.967493534088134766e+00
8.406617164611816406e+00	1.707524299621582031e+00
4.187058925628662109e+00	-4.145167768001556396e-01
4.882730484008789062e+00	3.653058528900146484e+00
1.061242771148681641e+01	3.164542198181152344e+00
1.205385684967041016e+01	1.656707644462585449e+00
4.154260158538818359e+00	3.888009548187255859e+00
1.450229883193969727e-01	4.867135047912597656e+00
7.086440086364746094e+00	3.890975415706634521e-01
7.077591419219970703e+00	2.213760018348693848e-01
1.296288299560546875e+01	-4.372638463973999023e-01
6.368240833282470703e+00	4.064754009246826172e+00
8.691707611083984375e+00	1.556313514709472656e+00
2.155556201934814453e+00	-8.492450118064880371e-01
1.189242172241210938e+01	2.807797908782958984e+00
1.255514812469482422e+01	1.601833581924438477e+00
6.482487678527832031e+00	1.112653136253356934e+00
1.047754573822021484e+01	1.689728379249572754e+00
4.827007770538330078e+00	3.725689888000488281e+00
5.919500350952148438e+00	3.147348165512084961e+00
1.024318027496337891e+01	1.678927659988403320e+00
1.289159679412841797e+01	6.612625122070312500e-01
2.779194116592407227e+00	-9.031015634536743164e-01
1.176883983612060547e+01	2.323848724365234375e+00
6.684166789054870605e-01	3.015556812286376953e+00
9.565162658691406250e+00	4.151767790317535400e-01
1.428491210937500000e+01	1.008119225502014160e+00
9.410351753234863281e+00	1.087890148162841797e+00
-8.101242780685424805e-01	3.422966241836547852e+00
3.070209980010986328e+00	4.028279304504394531e+00
5.226474761962890625e+00	4.590814113616943359e+00
7.863154411315917969e+00	2.585728406906127930e+00
-1.219676360487937927e-01	1.611587643623352051e+00
7.422827243804931641e+00	1.358199477195739746e+00
9.412629127502441406e+00	3.264029741287231445e+00
1.412946987152099609e+01	6.863577365875244141e-01
7.121342182159423828e+00	3.067468404769897461e-01
1.191082668304443359e+01	-1.059861540794372559e+00
1.255606365203857422e+01	-2.834976911544799805e-01
9.637612342834472656e+00	6.207836866378784180e-01
5.135990381240844727e-01	5.404393196105957031e+00
5.701663970947265625e+00	1.725630164146423340e-01
8.102250695228576660e-01	2.892910480499267578e+00
1.179513645172119141e+01	2.222190141677856445e+00
1.258827304840087891e+01	3.036253452301025391e+00
5.954541206359863281e+00	1.419879913330078125e+00
1.181133270263671875e+01	-1.582613289356231689e-01
2.367332458496093750e+00	4.261961460113525391e+00
1.227603721618652344e+01	2.872155427932739258e+00
6.425148487091064453e+00	3.381273984909057617e+00
1.222650432586669922e+01	8.261846899986267090e-01
1.176368999481201172e+01	3.652325868606567383e+00
6.476854801177978516e+00	3.958925247192382812e+00
3.255072116851806641e+00	-7.046374082565307617e-01
1.139991950988769531e+01	1.679463624954223633e+00
1.131085968017578125e+01	3.698920488357543945e+00
2.718015193939208984e+00	5.297722339630126953e+00
2.611314058303833008e+00	3.711871147155761719e+00
2.998423576354980469e+00	3.865735054016113281e+00
2.424707412719726562e+00	4.142395496368408203e+00
2.579998493194580078e+00	-9.951380491256713867e-01
6.098653793334960938e+00	-1.178769707679748535e+00
4.461592197418212891e+00	1.658151388168334961e+00
9.024849891662597656e+00	3.110058784484863281e+00
9.161256790161132812e+00	-1.236871361732482910e+00
-2.638680219650268555e+00	2.839312314987182617e+00
1.325122165679931641e+01	-4.937978982925415039e-01
1.070880794525146484e+01	7.926284670829772949e-01
1.229918575286865234e+01	8.186842799186706543e-01
1.199657154083251953e+01	3.586659669876098633e+00
4.780609607696533203e+00	4.668587207794189453e+00
1.110634994506835938e+01	1.470105648040771484e+00
8.952468872070312500e+00	1.058834314346313477e+00
7.522356033325195312e+00	2.304526090621948242e+00
1.237104225158691406e+01	5.332871079444885254e-01
5.273200511932373047e+00	4.139647006988525391e+00
1.210424518585205078e+01	3.114259481430053711e+00
1.215066719055175781e+01	3.562478065490722656e+00
1.300559616088867188e+01	1.841856390237808228e-01
1.039538860321044922e+01	1.907377481460571289e+00
1.081177711486816406e+01	2.580845832824707031e+00
5.425117015838623047e+00	1.634048104286193848e+00
1.263481140136718750e+01	1.189094901084899902e+00
2.224074125289916992e+00	3.365689754486083984e+00
5.761308670043945312e+00	3.603488445281982422e+00
4.642740249633789062e+00	1.230923295021057129e+00
5.541123867034912109e+00	3.386706590652465820e+00
1.457131290435791016e+01	6.961928606033325195e-01
1.073472404479980469e+01	-2.605701982975006104e-01
7.041747570037841797e+00	-6.250061988830566406e-01
1.185293865203857422e+01	3.439970970153808594e+00
2.587205171585083008e+00	4.010441303253173828e+00
1.724075973033905029e-01	5.021757125854492188e+00
1.077984046936035156e+01	2.032244920730590820e+00
-1.621734797954559326e-01	3.415684700012207031e+00
1.879482984542846680e+00	2.917220830917358398e+00
9.054722785949707031e+00	3.221445798873901367e+00
1.243107604980468750e+01	3.144738435745239258e+00
1.194220066070556641e+01	3.216387271881103516e+00
7.885056495666503906e+00	1.967491269111633301e+00
