9.078218460083007812e+00	2.870920419692993164e+00
9.587990760803222656e+00	2.124845981597900391e+00
6.170937538146972656e+00	-6.069501042366027832e-01
5.189408302307128906e+00	1.416859745979309082e+00
7.704492092132568359e+00	-1.043900251388549805e+00
9.848825454711914062e+00	1.562940329313278198e-01
4.946119785308837891e+00	-8.233715295791625977e-01
2.436652183532714844e+00	8.185105919837951660e-01
6.061567306518554688e+00	1.666319817304611206e-01
1.053566336631774902e+00	2.443184554576873779e-01
2.830294609069824219e+00	1.387334704399108887e+00
8.663966178894042969e+00	2.784358501434326172e+00
6.343229770660400391e+00	-1.770303487777709961e+00
4.488598823547363281e+00	-1.252155542373657227e+00
7.706020355224609375e+00	-1.257750272750854492e+00
5.010753154754638672e+00	7.758374810218811035e-01
4.122611522674560547e+00	1.062351226806640625e+00
1.024259090423583984e+01	-1.492238163948059082e+00
9.169580459594726562e+00	2.970009446144104004e-01
5.960510253906250000e+00	-3.095440864562988281e+00
7.040305137634277344e+00	-1.597939133644104004e+00
7.207991123199462891e+00	2.224016189575195312e+00
4.289120674133300781e+00	-4.621359333395957947e-02
7.100123405456542969e+00	1.657744288444519043e+00
6.497528076171875000e+00	3.654227972030639648e+00
6.090481758117675781e+00	3.323457479476928711e+00
3.407681465148925781e+00	-9.292098879814147949e-01
2.172432422637939453e+00	1.555269241333007812e+00
5.334423542022705078e+00	1.317789219319820404e-02
1.814275979995727539e+00	1.235536217689514160e+00
5.502470016479492188e+00	-1.930017113685607910e+00
8.247758865356445312e+00	3.228979185223579407e-02
1.119719886779785156e+01	1.327148795127868652e+00
5.116853237152099609e+00	-2.933943271636962891e-01
4.222651004791259766e+00	-7.231808900833129883e-01
9.294929504394531250e+00	5.930098891258239746e-01
2.845913410186767578e+00	4.703363180160522461e-01
5.690188407897949219e+00	1.232583165168762207e+00
4.896294116973876953e+00	3.455833673477172852e+00
6.043228626251220703e+00	2.271642684936523438e+00
2.368672132492065430e+00	7.303553074598312378e-02
6.744851112365722656e+00	-1.923841357231140137e+00
1.612549304962158203e+00	-5.751090049743652344e-01
5.598585605621337891e+00	-7.844583690166473389e-02
1.087042903900146484e+01	2.441732168197631836e+00
9.725484848022460938e+00	2.851192355155944824e-01
9.107926368713378906e+00	1.396654963493347168e+00
1.034442138671875000e+01	9.445613622665405273e-01
7.534729957580566406e+00	-2.347647666931152344e+00
4.153475761413574219e+00	-1.161636710166931152e+00
3.809818029403686523e+00	7.884815931320190430e-01
6.420564174652099609e+00	-5.779419541358947754e-01
7.369680404663085938e+00	1.244931221008300781e+00
5.148783206939697266e+00	2.521767139434814453e+00
8.581326484680175781e+00	1.713300704956054688e+00
5.945754528045654297e+00	-3.805533051490783691e-01
6.507702827453613281e+00	1.442649245262145996e+00
9.654364585876464844e+00	2.078211069107055664e+00
9.816779136657714844e+00	1.935276389122009277e+00
3.564788818359375000e+00	-1.228512525558471680e+00
3.654638290405273438e+00	1.183239102363586426e+00
3.252958297729492188e+00	5.555595159530639648e-01
9.648155212402343750e+00	6.140587478876113892e-02
9.533211708068847656e+00	1.454621791839599609e+00
6.646160125732421875e+00	1.183669686317443848e+00
8.293144226074218750e+00	-1.424070239067077637e+00
7.744801998138427734e+00	-1.535685658454895020e+00
7.997097969055175781e+00	-1.904309630393981934e+00
9.337118148803710938e+00	7.919213771820068359e-01
3.978556632995605469e+00	1.891775965690612793e+00
6.866900920867919922e+00	-1.785567283630371094e+00
8.005144119262695312e+00	2.783726215362548828e+00
7.825684547424316406e+00	1.459800601005554199e+00
5.512075424194335938e+00	-7.161663770675659180e-01
4.443629741668701172e+00	-4.082891941070556641e-01
4.888039588928222656e+00	1.434502482414245605e+00
9.480696678161621094e+00	-2.852910459041595459e-01
1.110698509216308594e+01	-1.237066626548767090e+00
3.596359491348266602e+00	-5.242301821708679199e-01
6.677382469177246094e+00	1.254766464233398438e+00
7.358983516693115234e+00	-1.281372308731079102e+00
4.728870868682861328e+00	-1.983220458030700684e+00
9.342061042785644531e+00	1.927335500717163086e+00
5.874387264251708984e+00	2.220933586359024048e-01
7.807857036590576172e+00	2.687114000320434570e+00
8.648285865783691406e+00	1.911972522735595703e+00
4.459537506103515625e+00	2.272211313247680664e+00
9.688793182373046875e+00	1.488293528556823730e+00
2.448594093322753906e+00	1.021619677543640137e+00
8.073608398437500000e+00	-1.892264008522033691e+00
1.065428829193115234e+01	1.345342874526977539e+00
9.606814384460449219e+00	-1.592860817909240723e+00
7.261915206909179688e+00	1.218150734901428223e+00
8.817977905273437500e+00	9.412077665328979492e-01
7.444952964782714844e+00	3.602396965026855469e+00
8.509589195251464844e+00	-1.721759676933288574e+00
1.091781425476074219e+01	-7.236724495887756348e-01
1.041989803314208984e+01	1.283323168754577637e-01
7.853969573974609375e+00	3.327503919601440430e+00
2.667971611022949219e+00	8.178330659866333008e-01
9.963972091674804688e+00	2.594632148742675781e+00
2.019418954849243164e+00	-8.076102733612060547e-01
7.448653221130371094e+00	6.898012757301330566e-01
3.398073196411132812e+00	2.287091255187988281e+00
1.045963668823242188e+01	1.219351172447204590e+00
9.343806266784667969e+00	2.935147285461425781e+00
5.205888271331787109e+00	-1.658061504364013672e+00
1.700463414192199707e+00	-2.345447540283203125e-01
8.170387268066406250e+00	7.802847623825073242e-01
5.411763191223144531e+00	-1.711282730102539062e+00
4.781737327575683594e+00	-1.595183163881301880e-01
4.220724105834960938e+00	-2.373707771301269531e+00
4.449289321899414062e+00	2.593475341796875000e+00
5.867531299591064453e+00	5.146485567092895508e-01
1.015207290649414062e+01	-1.532630205154418945e+00
8.057062149047851562e+00	2.096697807312011719e+00
5.722620010375976562e+00	6.253280639648437500e-01
7.091919898986816406e+00	-1.208709120750427246e+00
7.238911151885986328e+00	-2.220411777496337891e+00
8.651434898376464844e+00	-4.876469969749450684e-01
7.795677185058593750e+00	2.216817378997802734e+00
6.156029701232910156e+00	1.867366433143615723e+00
8.478486061096191406e+00	3.505382537841796875e+00
7.399362564086914062e+00	-8.971871733665466309e-01
5.693778991699218750e+00	7.676953673362731934e-01
1.080840873718261719e+01	2.441880941390991211e+00
1.080276679992675781e+01	-9.303278923034667969e-01
4.666284561157226562e+00	-1.676407575607299805e+00
7.368249416351318359e+00	-2.055267989635467529e-01
1.810817003250122070e+00	1.134399414062500000e+00
4.252988815307617188e+00	-1.462858200073242188e+00
6.831792354583740234e+00	2.098963022232055664e+00
8.162382125854492188e+00	-9.817365407943725586e-01
7.664881706237792969e+00	1.117588877677917480e+00
8.152392387390136719e+00	7.599239945411682129e-01
2.507195949554443359e+00	-8.257935643196105957e-01
5.325119495391845703e+00	2.309291839599609375e+00
5.672729969024658203e+00	2.294529199600219727e+00
1.676187038421630859e+00	1.370960831642150879e+00
8.692813873291015625e+00	1.283166766166687012e+00
2.460272312164306641e+00	1.069269418716430664e+00
9.643326759338378906e+00	-9.561514854431152344e-01
4.470083713531494141e+00	-2.185323715209960938e+00
6.069510459899902344e+00	-4.123638570308685303e-02
4.151694774627685547e+00	-2.205443829298019409e-01
7.235945224761962891e+00	-2.822082042694091797e+00
5.275375843048095703e+00	1.062880277633666992e+00
6.497753143310546875e+00	-1.817065954208374023e+00
6.205684661865234375e+00	2.374690771102905273e+00
9.993112564086914062e+00	-3.726145923137664795e-01
4.374565601348876953e+00	2.475368261337280273e+00
7.988614559173583984e+00	2.904347896575927734e+00
9.938302993774414062e+00	9.501398205757141113e-01
8.405177116394042969e+00	3.396270275115966797e+00
6.521075725555419922e+00	-1.660767078399658203e+00
3.067497014999389648e+00	-1.350140690803527832e+00
1.025193500518798828e+01	2.724800586700439453e+00
3.215568542480468750e+00	2.979626357555389404e-01
2.758585691452026367e+00	9.984993934631347656e-02
1.011862182617187500e+01	9.899160861968994141e-01
1.015729236602783203e+01	-3.906264305114746094e-01
5.739299774169921875e+00	1.020632743835449219e+00
5.174439430236816406e+00	5.949971079826354980e-01
7.510189056396484375e+00	8.232070803642272949e-01
4.716246128082275391e+00	4.913639426231384277e-01
8.264426231384277344e+00	-7.968465089797973633e-01
7.401451587677001953e+00	1.288170337677001953e+00
4.973123550415039062e+00	2.239109039306640625e+00
1.133891105651855469e+01	-1.092402577400207520e+00
6.959763050079345703e+00	8.640004694461822510e-02
5.349844932556152344e+00	-1.312986731529235840e+00
8.898622512817382812e+00	-1.395784735679626465e+00
1.029740428924560547e+01	2.186133146286010742e+00
6.985419273376464844e+00	2.776133775711059570e+00
7.586615085601806641e+00	2.142116308212280273e+00
1.065936279296875000e+01	-4.885366186499595642e-02
6.890368938446044922e+00	1.727528452873229980e+00
6.539519786834716797e+00	6.975922733545303345e-02
1.458296418190002441e+00	1.182298421859741211e+00
6.381094932556152344e+00	4.653567075729370117e-01
7.662415981292724609e+00	2.141272306442260742e+00
3.471068382263183594e+00	9.233114719390869141e-01
9.056130409240722656e+00	8.776772022247314453e-01
3.146599054336547852e+00	-6.703209280967712402e-01
1.087484073638916016e+01	-2.871554195880889893e-01
5.557393550872802734e+00	-4.782931208610534668e-01
6.396301269531250000e+00	1.531702399253845215e+00
9.417912483215332031e+00	1.494504213333129883e+00
8.050817489624023438e+00	9.149572253227233887e-01
8.481239318847656250e+00	2.467679977416992188e+00
3.745204687118530273e+00	-1.804984360933303833e-01
1.049018764495849609e+01	3.499123096466064453e+00
7.412284851074218750e+00	2.151576042175292969e+00
4.501823902130126953e+00	-9.192439317703247070e-01
5.728032112121582031e+00	-7.201537489891052246e-01
5.942822933197021484e+00	-1.994076520204544067e-01
1.095070266723632812e+01	1.646790742874145508e+00
9.827116012573242188e+00	1.878853738307952881e-01
6.771222114562988281e+00	2.107298851013183594e+00
4.269739627838134766e+00	-9.775167703628540039e-01
5.274917125701904297e+00	3.116217374801635742e+00
8.453531265258789062e+00	-1.050883054733276367e+00
6.175969600677490234e+00	-2.957565784454345703e+00
7.536558151245117188e+00	1.577660590410232544e-01
4.877907276153564453e+00	-1.180726587772369385e-01
8.359031677246093750e+00	9.208211302757263184e-01
6.253609180450439453e+00	-1.231676459312438965e+00
1.999748110771179199e+00	1.826553463935852051e+00
9.350051879882812500e+00	3.111554145812988281e+00
3.901933908462524414e+00	-2.320817410945892334e-01
6.229888916015625000e+00	-2.133636713027954102e+00
4.094643115997314453e+00	8.104421198368072510e-02
9.559142112731933594e+00	2.710753083229064941e-01
1.042397117614746094e+01	2.187366485595703125e+00
5.453723430633544922e+00	2.051598787307739258e+00
6.187308311462402344e+00	1.887251615524291992e+00
6.393169879913330078e+00	-1.100318908691406250e+00
4.996359825134277344e+00	4.182071089744567871e-01
3.686671257019042969e+00	7.275817394256591797e-01
3.216777324676513672e+00	1.257933855056762695e+00
9.565759658813476562e+00	2.614322423934936523e+00
1.021882438659667969e+01	7.919805049896240234e-01
6.811348915100097656e+00	-2.473180055618286133e+00
3.929171800613403320e+00	-1.048155426979064941e-01
8.829749107360839844e+00	3.339713096618652344e+00
8.259740829467773438e+00	1.570399165153503418e+00
1.071098613739013672e+01	1.859233379364013672e+00
4.968796253204345703e+00	1.867091655731201172e+00
2.037612676620483398e+00	-7.242156863212585449e-01
7.638131141662597656e+00	-2.191215038299560547e+00
7.137280464172363281e+00	2.958684206008911133e+00
3.910095453262329102e+00	-1.437931180000305176e+00
1.067643547058105469e+01	1.886150091886520386e-01
4.611536979675292969e+00	1.369492411613464355e+00
6.434018611907958984e+00	-2.476870298385620117e+00
9.237010955810546875e+00	2.969134747982025146e-01
7.002513885498046875e+00	8.399883508682250977e-01
6.533885955810546875e+00	1.863566994667053223e+00
5.897765636444091797e+00	3.436565995216369629e-01
4.588884830474853516e+00	-6.953368186950683594e-01
7.511324405670166016e+00	1.079279661178588867e+00
9.128769874572753906e+00	1.409983515739440918e+00
3.340133190155029297e+00	-1.673203408718109131e-01
6.965158939361572266e+00	-1.498886048793792725e-01
5.822971343994140625e+00	-2.696564912796020508e+00
9.980250358581542969e+00	3.121610641479492188e+00
9.679214477539062500e+00	3.003809452056884766e-01
5.912316799163818359e+00	2.886398792266845703e+00
2.965444564819335938e+00	1.836876034736633301e+00
5.578669548034667969e+00	8.031342029571533203e-01
5.194670677185058594e+00	1.053485155105590820e+00
9.227040290832519531e+00	3.774299860000610352e+00
5.095631599426269531e+00	-2.447768449783325195e+00
9.958606719970703125e+00	-1.248870134353637695e+00
1.024306201934814453e+01	7.750328183174133301e-01
8.663704872131347656e+00	-6.869310736656188965e-01
3.451557874679565430e+00	6.646480560302734375e-01
1.018988418579101562e+01	-1.431164860725402832e+00
1.015991020202636719e+01	4.322516918182373047e-01
4.385681629180908203e+00	8.677617907524108887e-01
8.083103179931640625e+00	7.623954415321350098e-01
9.269397735595703125e+00	-1.098800778388977051e+00
9.634333610534667969e+00	1.782509446144104004e+00
1.091218280792236328e+01	3.803710937500000000e-01
7.703103542327880859e+00	1.701882123947143555e+00
1.048284816741943359e+01	5.919717252254486084e-02
6.170208930969238281e+00	3.120363950729370117e+00
8.748039245605468750e+00	1.214457631111145020e+00
8.029508590698242188e+00	-3.415378630161285400e-01
9.143783569335937500e+00	-4.051256775856018066e-01
5.041262626647949219e+00	-1.949413657188415527e+00
4.970397472381591797e+00	1.099887967109680176e+00
5.066520690917968750e+00	3.152927637100219727e+00
4.762601852416992188e+00	-2.304500579833984375e+00
9.385848045349121094e+00	2.960687637329101562e+00
1.925734043121337891e+00	-3.411949872970581055e-01
9.854330062866210938e+00	2.846961021423339844e+00
7.731374263763427734e+00	-6.360927224159240723e-01
6.829619407653808594e+00	-1.086497187614440918e+00
7.194440841674804688e+00	7.457259893417358398e-01
3.919278621673583984e+00	-1.386889100074768066e+00
1.910068750381469727e+00	9.417731165885925293e-01
1.767377018928527832e+00	2.006238698959350586e-01
1.636022329330444336e+00	-5.900213960558176041e-03
1.110361576080322266e+01	-1.133282899856567383e+00
2.472403764724731445e+00	1.229574441909790039e+00
4.984052181243896484e+00	2.269364356994628906e+00
6.112164974212646484e+00	-1.890572667121887207e+00
5.456459522247314453e+00	1.854473710060119629e+00
5.426921844482421875e+00	2.369167566299438477e+00
6.429643154144287109e+00	4.188743531703948975e-01
4.351073741912841797e+00	1.519666671752929688e+00
5.528345108032226562e+00	1.670379400253295898e+00
5.795855522155761719e+00	-2.322663068771362305e-01
1.029970645904541016e+01	3.492020368576049805e-01
2.943732738494873047e+00	5.418464541435241699e-01
2.463590860366821289e+00	-9.719399809837341309e-01
6.920041561126708984e+00	8.081389665603637695e-01
7.549895286560058594e+00	-1.067229270935058594e+00
1.010962200164794922e+01	-4.678252339363098145e-02
3.243515491485595703e+00	-1.237122774124145508e+00
9.232877731323242188e+00	-5.628226399421691895e-01
9.489844322204589844e+00	5.873137712478637695e-01
4.862107753753662109e+00	2.605347156524658203e+00
6.326275825500488281e+00	7.844027280807495117e-01
8.563195228576660156e+00	1.298110961914062500e+00
3.626122236251831055e+00	-5.115908980369567871e-01
6.192365169525146484e+00	8.697115182876586914e-01
5.205479145050048828e+00	2.416663169860839844e+00
5.525779724121093750e+00	2.129706144332885742e+00
6.838306903839111328e+00	2.141896724700927734e+00
6.909687042236328125e+00	2.695753097534179688e+00
6.972356796264648438e+00	2.166711330413818359e+00
6.720809459686279297e+00	7.861528396606445312e-01
2.134199380874633789e+00	1.540663480758666992e+00
4.636920452117919922e+00	2.581760406494140625e+00
3.642326354980468750e+00	-1.827423453330993652e+00
9.551597595214843750e+00	-9.894451498985290527e-01
8.665989875793457031e+00	6.764821410179138184e-01
6.893265247344970703e+00	-2.415306806564331055e+00
7.148126125335693359e+00	2.218897342681884766e+00
5.505392551422119141e+00	-5.277503728866577148e-01
2.544577121734619141e+00	9.019050598144531250e-01
3.768563032150268555e+00	-3.928185403347015381e-01
5.865200042724609375e+00	2.502232417464256287e-02
1.103890323638916016e+01	-3.543848097324371338e-01
4.914123535156250000e+00	-1.931852102279663086e+00
2.799730300903320312e+00	8.813495635986328125e-01
7.581893920898437500e+00	3.461956262588500977e+00
7.206319332122802734e+00	3.732141733169555664e+00
1.010209655761718750e+01	-5.359004139900207520e-01
8.211045265197753906e+00	-2.201376408338546753e-01
9.333556175231933594e+00	2.761503696441650391e+00
8.344135284423828125e+00	2.395974636077880859e+00
5.722287654876708984e+00	-1.160497903823852539e+00
1.025929832458496094e+01	-1.129420161247253418e+00
9.566373825073242188e+00	-3.581295013427734375e-01
4.743742942810058594e+00	3.160244941711425781e+00
4.208072185516357422e+00	-2.134701490402221680e+00
8.107174873352050781e+00	1.610144138336181641e+00
6.355587959289550781e+00	2.918859958648681641e+00
8.120647430419921875e+00	2.346095085144042969e+00
7.304460048675537109e+00	2.859805226325988770e-01
5.985190391540527344e+00	-1.760141611099243164e+00
2.265036582946777344e+00	-6.675227880477905273e-01
5.536805629730224609e+00	2.464601993560791016e+00
3.115440368652343750e+00	-1.096177697181701660e+00
6.113245487213134766e+00	-2.324883222579956055e+00
5.941021442413330078e+00	-2.286500453948974609e+00
6.274359226226806641e+00	1.226728677749633789e+00
6.413178920745849609e+00	1.625670075416564941e+00
2.387176990509033203e+00	1.331321358680725098e+00
5.226212024688720703e+00	-2.596062421798706055e+00
4.597960472106933594e+00	3.146403789520263672e+00
7.892981052398681641e+00	1.175714612007141113e+00
8.482897758483886719e+00	-2.125709772109985352e+00
5.425633430480957031e+00	3.167378664016723633e+00
7.042613983154296875e+00	1.531818151473999023e+00
5.180611610412597656e+00	1.146080374717712402e+00
3.535257816314697266e+00	-1.761968612670898438e+00
5.373760223388671875e+00	7.837177813053131104e-02
7.355133533477783203e+00	2.752869606018066406e+00
9.632662773132324219e+00	2.559097051620483398e+00
1.103510284423828125e+01	1.638630747795104980e+00
5.301918983459472656e+00	-6.767208576202392578e-01
4.795394897460937500e+00	2.310007363557815552e-01
8.189622879028320312e+00	2.696020007133483887e-01
8.773099899291992188e+00	2.360971868038177490e-01
6.881934165954589844e+00	2.399384021759033203e+00
6.073510169982910156e+00	8.780940175056457520e-01
5.870474815368652344e+00	-1.567471861839294434e+00
9.727942466735839844e+00	-1.034274935722351074e+00
5.148714542388916016e+00	6.639315932989120483e-02
6.982790470123291016e+00	-1.508675932884216309e+00
6.111506462097167969e+00	2.489083528518676758e+00
8.552534103393554688e+00	2.956113576889038086e+00
7.685113906860351562e+00	-4.907725155353546143e-01
1.047521209716796875e+01	2.679156780242919922e+00
9.337013244628906250e+00	5.451344251632690430e-01
6.520365715026855469e+00	-1.781290650367736816e+00
3.882710218429565430e+00	-9.342206120491027832e-01
5.119206905364990234e+00	9.548131823539733887e-01
4.561941623687744141e+00	3.734158724546432495e-02
2.697832107543945312e+00	-7.247559428215026855e-01
5.354910850524902344e+00	7.679892778396606445e-01
8.711504936218261719e+00	-3.847978711128234863e-01
1.062776756286621094e+01	-3.962050676345825195e-01
7.696180820465087891e+00	2.303955554962158203e+00
1.031999111175537109e+01	-1.228140950202941895e+00
6.385987758636474609e+00	-1.360818862915039062e+00
6.768440723419189453e+00	2.644948005676269531e+00
8.596309661865234375e+00	-5.420993566513061523e-01
6.396808147430419922e+00	-2.465775251388549805e+00
1.016829967498779297e+01	-9.909540414810180664e-01
7.392764091491699219e+00	2.890463590621948242e+00
6.041262149810791016e+00	2.452966451644897461e+00
3.072431564331054688e+00	6.701871007680892944e-02
1.169797182083129883e+00	4.419011473655700684e-01
6.764856338500976562e+00	3.475035727024078369e-01
8.078816413879394531e+00	5.801822543144226074e-01
6.667618751525878906e+00	5.050097703933715820e-01
3.132745742797851562e+00	-2.685541510581970215e-01
6.491408348083496094e+00	-2.443688392639160156e+00
6.932876586914062500e+00	2.280363082885742188e+00
5.005576133728027344e+00	-1.526370942592620850e-01
6.682799816131591797e+00	1.252524852752685547e+00
9.584055900573730469e+00	2.685080051422119141e+00
8.318901062011718750e+00	1.329620361328125000e+00
6.113876819610595703e+00	3.591666460037231445e+00
5.630321979522705078e+00	-1.261696457862854004e+00
5.695818901062011719e+00	2.509248018264770508e+00
8.500504493713378906e+00	3.023013591766357422e+00
4.293165206909179688e+00	-2.211443185806274414e+00
8.534684181213378906e+00	-3.249976038932800293e-02
6.130629062652587891e+00	1.265782833099365234e+00
7.832287788391113281e+00	-5.157747864723205566e-01
2.701614141464233398e+00	6.891840696334838867e-01
3.922759056091308594e+00	-1.472238063812255859e+00
7.369132995605468750e+00	2.219573736190795898e+00
7.787990570068359375e+00	-4.664985835552215576e-01
4.433760643005371094e+00	-1.104507207870483398e+00
2.092691659927368164e+00	1.928073048591613770e+00
6.850069999694824219e+00	3.226913452148437500e+00
2.740734577178955078e+00	6.817986071109771729e-02
2.138484239578247070e+00	-1.082912757992744446e-01
8.766798973083496094e+00	3.082448482513427734e+00
9.799934387207031250e+00	3.401445388793945312e+00
5.489031791687011719e+00	3.121569156646728516e+00
7.529616832733154297e+00	-1.253302216529846191e+00
9.033965110778808594e+00	2.907131671905517578e+00
7.916699409484863281e+00	-8.997579216957092285e-01
1.028972625732421875e+01	3.878229141235351562e+00
9.187469482421875000e+00	7.562234997749328613e-01
4.293129920959472656e+00	1.239635109901428223e+00
6.805398941040039062e+00	2.318089753389358521e-01
3.918026208877563477e+00	2.737603425979614258e+00
7.861231327056884766e+00	2.482373714447021484e+00
6.933261871337890625e+00	2.568707466125488281e+00
1.075183486938476562e+01	2.128500938415527344e+00
1.033867645263671875e+01	3.782686471939086914e+00
3.079954862594604492e+00	6.604920625686645508e-01
4.001608371734619141e+00	1.730390429496765137e+00
5.869135856628417969e+00	2.321010112762451172e+00
1.060728549957275391e+01	2.676368713378906250e+00
8.928687095642089844e+00	3.367041110992431641e+00
5.535968303680419922e+00	-1.514858126640319824e+00
4.817168235778808594e+00	-4.855201244354248047e-01
8.515351295471191406e+00	1.408314108848571777e+00
5.529339790344238281e+00	-2.218739748001098633e+00
5.807590484619140625e+00	1.779394030570983887e+00
9.159595489501953125e+00	3.661581501364707947e-02
7.653662681579589844e+00	2.706901550292968750e+00
7.598963737487792969e+00	-1.470306158065795898e+00
4.425777435302734375e+00	-1.545062214136123657e-01
8.070412635803222656e+00	1.791159868240356445e+00
1.042937564849853516e+01	7.574337720870971680e-01
7.436587333679199219e+00	9.061667323112487793e-01
6.451989650726318359e+00	2.597163438796997070e+00
9.768883705139160156e+00	1.138977169990539551e+00
5.002176761627197266e+00	3.545273065567016602e+00
5.928197860717773438e+00	-1.585707902908325195e+00
5.691646099090576172e+00	-2.175327539443969727e+00
6.949331283569335938e+00	-6.461535096168518066e-01
3.781551122665405273e+00	1.271218359470367432e-01
8.757973670959472656e+00	-3.062772750854492188e-01
3.423748970031738281e+00	1.416519284248352051e+00
4.914730072021484375e+00	-8.281919360160827637e-01
3.347906112670898438e+00	1.147485136985778809e+00
6.021513938903808594e+00	2.410523891448974609e+00
4.111641407012939453e+00	2.339846134185791016e+00
1.082510662078857422e+01	3.757164955139160156e+00
6.115733623504638672e+00	3.324231147766113281e+00
4.032647132873535156e+00	7.223783135414123535e-01
3.562164783477783203e+00	-9.741438627243041992e-01
9.045633316040039062e+00	4.029991924762725830e-01
6.742558479309082031e+00	1.014256477355957031e+00
1.135441017150878906e+01	1.939766481518745422e-02
1.087109756469726562e+01	3.267333984375000000e+00
6.389476299285888672e+00	3.103820562362670898e+00
8.391810417175292969e+00	3.479795455932617188e+00
4.919182300567626953e+00	-1.805807828903198242e+00
7.568197727203369141e+00	-2.079431056976318359e+00
5.070130825042724609e+00	1.271607160568237305e+00
8.744613647460937500e+00	3.768289089202880859e+00
6.761247158050537109e+00	-1.549381494522094727e+00
3.997983455657958984e+00	-7.289426922798156738e-01
3.936235666275024414e+00	-1.111303567886352539e+00
9.370392799377441406e+00	3.096231698989868164e+00
7.224537372589111328e+00	-2.072966098785400391e+00
6.842620372772216797e+00	3.372877836227416992e+00
3.093758583068847656e+00	7.906566858291625977e-01
7.409211635589599609e+00	5.478534102439880371e-01
7.645899772644042969e+00	6.677085757255554199e-01
5.617522239685058594e+00	1.512493252754211426e+00
1.034084224700927734e+01	3.608706474304199219e+00
8.674904823303222656e+00	-2.069872140884399414e+00
9.657362937927246094e+00	3.414412736892700195e+00
8.076736450195312500e+00	1.296661734580993652e+00
8.058947563171386719e+00	2.842265367507934570e+00
6.033535957336425781e+00	2.670883417129516602e+00
6.509119033813476562e+00	-1.795442819595336914e+00
7.667725086212158203e+00	8.166964054107666016e-01
3.443279981613159180e+00	7.922205328941345215e-01
9.691533088684082031e+00	-8.127055764198303223e-01
8.394485473632812500e+00	3.918461322784423828e+00
5.467173576354980469e+00	3.053372859954833984e+00
8.012303352355957031e+00	1.720717668533325195e+00
5.309059619903564453e+00	3.089667558670043945e-01
9.630502700805664062e+00	9.046056866645812988e-01
8.152481079101562500e+00	2.121627330780029297e+00
6.474461078643798828e+00	3.577371358871459961e+00
1.970821499824523926e+00	1.625035643577575684e+00
1.050730514526367188e+01	3.083301186561584473e-01
3.685562610626220703e+00	2.594798207283020020e-01
1.065510177612304688e+01	-1.256846308708190918e+00
4.558291912078857422e+00	-8.349397778511047363e-01
7.972587585449218750e+00	1.157819271087646484e+00
5.638148784637451172e+00	-3.197695016860961914e-01
8.618832588195800781e+00	3.179181098937988281e+00
4.243328571319580078e+00	-1.340041041374206543e+00
6.284172534942626953e+00	-1.332923293113708496e+00
4.264461040496826172e+00	1.620741963386535645e+00
8.154760360717773438e+00	1.330806612968444824e+00
1.056127262115478516e+01	-1.487303376197814941e-01
1.720540046691894531e+00	6.362665891647338867e-01
4.006097316741943359e+00	-1.245019316673278809e+00
8.337862968444824219e+00	2.047142744064331055e+00
1.684590339660644531e+00	1.317454814910888672e+00
1.699144721031188965e+00	4.139980673789978027e-02
9.752311706542968750e+00	-1.168948769569396973e+00
5.505723476409912109e+00	2.006332159042358398e+00
5.476249217987060547e+00	1.725866198539733887e-01
3.752893924713134766e+00	-1.954110026359558105e+00
5.894649028778076172e+00	-3.055058479309082031e+00
6.576484680175781250e+00	1.341922402381896973e+00
1.043462753295898438e+01	2.135765314102172852e+00
5.217137813568115234e+00	1.410369634628295898e+00
5.343357563018798828e+00	-5.363011360168457031e-01
1.112550640106201172e+01	-5.074771046638488770e-01
9.308973312377929688e+00	3.586365938186645508e+00
6.571163654327392578e+00	3.861012756824493408e-01
9.584967613220214844e+00	-8.472993969917297363e-01
8.134808540344238281e+00	1.059924364089965820e+00
7.283322811126708984e+00	-8.301574587821960449e-01
5.864744186401367188e+00	-1.542373180389404297e+00
1.101670265197753906e+01	1.686430722475051880e-01
7.139327049255371094e+00	1.894994616508483887e+00
9.692957878112792969e+00	3.384539365768432617e+00
4.561769008636474609e+00	8.174791932106018066e-01
8.206998825073242188e+00	7.433705329895019531e-01
7.204944610595703125e+00	2.374331235885620117e+00
7.944257259368896484e+00	-1.704982638359069824e+00
1.094565296173095703e+01	-6.456601023674011230e-01
8.388236045837402344e+00	2.970586299896240234e+00
9.088239669799804688e+00	-8.860055208206176758e-01
3.464028835296630859e+00	2.042824029922485352e+00
1.077442646026611328e+01	3.253223896026611328e+00
8.035994529724121094e+00	3.539197921752929688e+00
6.386569023132324219e+00	-6.899638175964355469e-01
9.316062927246093750e+00	2.264417648315429688e+00
8.070702552795410156e+00	-1.803572535514831543e+00
1.504181981086730957e+00	-7.629112601280212402e-01
7.469347953796386719e+00	2.006133794784545898e+00
5.499737739562988281e+00	-1.824454545974731445e+00
7.530828475952148438e+00	-7.518863081932067871e-01
4.712084293365478516e+00	2.591023743152618408e-01
9.846205711364746094e+00	3.203476667404174805e+00
8.295750617980957031e+00	2.063412427902221680e+00
7.003053665161132812e+00	-2.604154825210571289e+00
1.473353028297424316e+00	6.568594574928283691e-01
7.948688030242919922e+00	-8.448752164840698242e-01
3.508722782135009766e+00	-3.008973002433776855e-01
7.581984519958496094e+00	1.619964599609375000e+00
2.475597381591796875e+00	-5.874508619308471680e-01
4.338428974151611328e+00	-1.608124375343322754e+00
6.061506748199462891e+00	-9.305666089057922363e-01
5.110825538635253906e+00	-2.154935359954833984e+00
3.897886037826538086e+00	-7.070828676223754883e-01
1.113924694061279297e+01	5.396779775619506836e-01
3.926220655441284180e+00	1.171316027641296387e+00
3.979829311370849609e+00	5.028760433197021484e-01
5.687748908996582031e+00	-1.158257007598876953e+00
7.772511959075927734e+00	2.718171834945678711e+00
7.456749916076660156e+00	-2.354627609252929688e+00
9.977406501770019531e+00	-1.358176022768020630e-01
4.318399429321289062e+00	-1.216003656387329102e+00
6.417050838470458984e+00	-1.672118186950683594e+00
8.510123252868652344e+00	3.396436929702758789e+00
5.874239444732666016e+00	-2.466234445571899414e+00
1.022616004943847656e+01	1.821183323860168457e+00
9.437264442443847656e+00	1.027850389480590820e+00
1.058951663970947266e+01	1.094662547111511230e+00
9.705894470214843750e+00	4.493015110492706299e-01
5.690473556518554688e+00	9.796569943428039551e-01
3.248159646987915039e+00	6.268361806869506836e-01
1.033737373352050781e+01	1.649200558662414551e+00
8.817975997924804688e+00	-5.321512222290039062e-01
7.928532123565673828e+00	3.890687465667724609e+00
3.845977067947387695e+00	-1.086501836776733398e+00
8.792023658752441406e+00	1.801619410514831543e+00
3.999462127685546875e+00	2.412929534912109375e+00
7.167983055114746094e+00	-8.069476485252380371e-02
5.784489154815673828e+00	-1.682428121566772461e+00
6.738951683044433594e+00	3.160075187683105469e+00
6.920367240905761719e+00	-1.363808512687683105e+00
8.086811065673828125e+00	2.400730103254318237e-01
4.633316040039062500e+00	3.032916486263275146e-01
5.708491325378417969e+00	-1.941871047019958496e+00
5.084966659545898438e+00	-3.801654279232025146e-02
2.132989883422851562e+00	2.430010139942169189e-01
6.003390312194824219e+00	5.812422633171081543e-01
6.057734012603759766e+00	-1.302348852157592773e+00
7.384665012359619141e+00	3.237279951572418213e-01
9.939902305603027344e+00	-1.046407699584960938e+00
5.455864906311035156e+00	3.136037826538085938e+00
4.160622596740722656e+00	2.738980770111083984e+00
5.687902927398681641e+00	-4.599993117153644562e-04
7.061800479888916016e+00	2.894227266311645508e+00
8.212862968444824219e+00	2.758292436599731445e+00
6.989412784576416016e+00	2.302155017852783203e+00
2.186541557312011719e+00	1.004173040390014648e+00
9.143576622009277344e+00	-1.044743061065673828e+00
4.087382316589355469e+00	9.571597576141357422e-01
2.333233118057250977e+00	1.512801170349121094e+00
4.469181537628173828e+00	-2.676124572753906250e+00
7.445503711700439453e+00	1.619432210922241211e+00
5.739946365356445312e+00	-6.565549373626708984e-01
5.036962985992431641e+00	-4.963494539260864258e-01
6.721469879150390625e+00	1.607844591140747070e+00
1.658063530921936035e+00	-5.053347349166870117e-01
1.066048336029052734e+01	3.716140687465667725e-01
4.390310287475585938e+00	2.310446500778198242e+00
6.070556640625000000e+00	2.958462715148925781e+00
1.005978488922119141e+01	1.706251859664916992e+00
3.293970108032226562e+00	-1.824827432632446289e+00
3.860301733016967773e+00	2.170167922973632812e+00
5.189462184906005859e+00	1.912799000740051270e+00
5.384325504302978516e+00	1.398546218872070312e+00
3.904840469360351562e+00	1.248368144035339355e+00
6.993659019470214844e+00	3.375639319419860840e-01
3.880990743637084961e+00	4.342125058174133301e-01
5.923896789550781250e+00	-3.036606311798095703e+00
8.757987976074218750e+00	-3.818801417946815491e-02
4.244904994964599609e+00	1.363070368766784668e+00
5.039665222167968750e+00	1.314843177795410156e+00
8.648334503173828125e+00	-1.693859100341796875e+00
8.772087097167968750e+00	-5.281845331192016602e-01
7.673292160034179688e+00	3.366328001022338867e+00
5.335017204284667969e+00	-2.722733259201049805e+00
9.830097198486328125e+00	6.551307439804077148e-01
7.245433807373046875e+00	3.733707427978515625e+00
6.173287391662597656e+00	-2.224184989929199219e+00
3.539394140243530273e+00	8.041574805974960327e-02
8.749149322509765625e+00	5.392961502075195312e-01
7.046075820922851562e+00	-6.321977972984313965e-01
5.710696697235107422e+00	-2.329395115375518799e-01
5.488121986389160156e+00	-4.809023439884185791e-01
4.777300834655761719e+00	2.905476570129394531e+00
6.834242820739746094e+00	1.158930301666259766e+00
8.965366363525390625e+00	-7.901948094367980957e-01
7.049609661102294922e+00	-7.190762162208557129e-01
6.269034385681152344e+00	-2.935389280319213867e+00
4.929329395294189453e+00	-1.522705078125000000e+00
5.581290245056152344e+00	1.724674105644226074e+00
1.043114185333251953e+01	-8.981019258499145508e-01
6.115915775299072266e+00	2.082258939743041992e+00
9.915672302246093750e+00	3.648374795913696289e+00
7.673002719879150391e+00	1.984161511063575745e-02
8.307134628295898438e+00	2.918406724929809570e+00
4.886980533599853516e+00	-3.202613890171051025e-01
2.339620113372802734e+00	1.157416343688964844e+00
7.715912342071533203e+00	-1.059940606355667114e-01
6.266481876373291016e+00	-2.278875857591629028e-01
8.871658325195312500e+00	1.146867275238037109e+00
4.603381156921386719e+00	-3.967188596725463867e-01
7.547359943389892578e+00	2.593419313430786133e+00
3.984054088592529297e+00	1.374939084053039551e+00
3.488403558731079102e+00	4.890719056129455566e-01
5.323403358459472656e+00	5.369820594787597656e-01
6.225225925445556641e+00	-1.649282097816467285e+00
4.742249011993408203e+00	2.049755811691284180e+00
5.917854309082031250e+00	1.002685666084289551e+00
2.226236820220947266e+00	-4.085379540920257568e-01
6.260144233703613281e+00	6.003643870353698730e-01
3.383318901062011719e+00	-8.893504142761230469e-01
3.148283720016479492e+00	1.233347296714782715e+00
6.071322917938232422e+00	-1.416404128074645996e+00
7.484993934631347656e+00	1.910856485366821289e+00
6.626682281494140625e+00	1.530400633811950684e+00
2.313063383102416992e+00	7.971224784851074219e-01
4.830571174621582031e+00	1.662104606628417969e+00
8.566187858581542969e+00	1.308823347091674805e+00
5.918251991271972656e+00	-2.075352370738983154e-01
8.345969200134277344e+00	2.505362272262573242e+00
8.516418457031250000e+00	-1.521370530128479004e+00
7.369750976562500000e+00	-1.656745791435241699e+00
1.027579212188720703e+01	1.610426425933837891e+00
6.092357158660888672e+00	1.279150247573852539e+00
5.623629093170166016e+00	1.861950397491455078e+00
8.956404685974121094e+00	-1.277991682291030884e-01
8.094647407531738281e+00	2.599413156509399414e+00
5.936958789825439453e+00	-1.403089284896850586e+00
7.475048065185546875e+00	2.326712131500244141e+00
9.069440841674804688e+00	8.002886176109313965e-01
8.332335472106933594e+00	7.611419260501861572e-02
6.439122200012207031e+00	-1.042203187942504883e+00
6.967325210571289062e+00	1.997289299964904785e+00
1.757768630981445312e+00	7.748394012451171875e-01
7.555336475372314453e+00	3.229940414428710938e+00
1.020386791229248047e+01	3.278990089893341064e-01
5.866582870483398438e+00	2.205249071121215820e+00
4.194499015808105469e+00	9.522752165794372559e-01
9.514965057373046875e+00	1.061501264572143555e+00
3.012641429901123047e+00	-8.691248297691345215e-01
2.464391231536865234e+00	-8.644722402095794678e-02
8.364547729492187500e+00	3.445171415805816650e-01
9.032832145690917969e+00	-1.416196115314960480e-02
1.022442817687988281e+01	-4.330417811870574951e-01
7.491743087768554688e+00	2.290711402893066406e+00
5.235204696655273438e+00	1.264964342117309570e+00
9.938143730163574219e+00	2.950152397155761719e+00
7.149871349334716797e+00	4.214148819446563721e-01
5.816954135894775391e+00	-6.315142512321472168e-01
5.004335880279541016e+00	-1.134936451911926270e+00
6.262866020202636719e+00	-2.066176176071166992e+00
8.487059593200683594e+00	3.655490636825561523e+00
1.013747882843017578e+01	2.405506372451782227e-01
5.336415290832519531e+00	1.654003620147705078e+00
6.986371517181396484e+00	1.713701486587524414e+00
6.845436573028564453e+00	-1.449458599090576172e+00
1.012149429321289062e+01	-2.046368867158889771e-01
5.300383090972900391e+00	2.172734975814819336e+00
6.951665878295898438e+00	2.311743646860122681e-01
7.129291057586669922e+00	3.956269025802612305e+00
1.777818679809570312e+00	7.886732220649719238e-01
5.655924797058105469e+00	2.541332006454467773e+00
4.582857131958007812e+00	1.844042778015136719e+00
9.372152328491210938e+00	-5.411877762526273727e-03
1.119931030273437500e+01	-5.353312492370605469e-01
5.672258853912353516e+00	3.549557209014892578e+00
4.322548866271972656e+00	-1.504005640745162964e-01
4.735592842102050781e+00	-2.091607809066772461e+00
9.885029792785644531e+00	2.291599810123443604e-01
1.050058078765869141e+01	-5.863698124885559082e-01
4.300400257110595703e+00	1.953370332717895508e+00
7.201795101165771484e+00	-2.021173954010009766e+00
4.680221080780029297e+00	-2.577163934707641602e+00
4.072676658630371094e+00	-8.215197920799255371e-02
5.203761100769042969e+00	-2.969923615455627441e-02
2.750689744949340820e+00	-9.152864664793014526e-02
7.374290943145751953e+00	1.722475528717041016e+00
3.958420991897583008e+00	1.155702352523803711e+00
1.169959187507629395e+00	9.570500254631042480e-01
7.618173599243164062e+00	9.915419816970825195e-01
9.147052764892578125e+00	3.809733629226684570e+00
2.888344526290893555e+00	-4.940284192562103271e-01
8.629020690917968750e+00	-1.351488947868347168e+00
1.082109355926513672e+01	3.837733268737792969e-01
8.468770980834960938e+00	8.732588291168212891e-01
2.989754676818847656e+00	-1.023215651512145996e+00
5.524310111999511719e+00	-8.957945704460144043e-01
2.261652708053588867e+00	-1.128549933433532715e+00
8.825956344604492188e+00	1.877431869506835938e+00
8.922524452209472656e+00	2.609167575836181641e+00
5.241506576538085938e+00	-2.377128601074218750e-01
2.814583063125610352e+00	1.303768873214721680e+00
5.457953929901123047e+00	3.536183357238769531e+00
1.092487144470214844e+01	1.900286912918090820e+00
2.260387897491455078e+00	-5.496610403060913086e-01
1.338836431503295898e+00	-1.155885383486747742e-01
4.046215057373046875e+00	-1.496522068977355957e+00
1.087711524963378906e+01	2.979814291000366211e+00
9.563778877258300781e+00	-8.637030124664306641e-01
5.580204010009765625e+00	1.257418751716613770e+00
8.524223327636718750e+00	6.475204974412918091e-02
5.624507904052734375e+00	1.718058884143829346e-01
1.025964450836181641e+01	-1.213141441345214844e+00
6.393089294433593750e+00	3.230706453323364258e+00
4.927681446075439453e+00	1.568349719047546387e+00
9.528155326843261719e+00	1.270330309867858887e+00
1.074071311950683594e+01	1.653989076614379883e+00
5.599987030029296875e+00	2.419672459363937378e-01
9.021348953247070312e+00	3.506379604339599609e+00
4.451041698455810547e+00	1.322297096252441406e+00
9.115591049194335938e+00	-4.105995297431945801e-01
1.068550014495849609e+01	6.316160559654235840e-01
2.275996208190917969e+00	4.589942693710327148e-01
6.901014804840087891e+00	2.493636310100555420e-01
6.801933765411376953e+00	-9.004213213920593262e-01
1.877688884735107422e+00	6.513480544090270996e-01
7.039230823516845703e+00	-2.292537927627563477e+00
4.508059024810791016e+00	-1.307837724685668945e+00
3.890071868896484375e+00	1.859254479408264160e+00
9.251054763793945312e+00	1.830948829650878906e+00
1.052011775970458984e+01	2.397240161895751953e+00
1.073883724212646484e+01	-2.445556223392486572e-01
3.860119104385375977e+00	1.302653908729553223e+00
5.811859130859375000e+00	-7.716671228408813477e-01
6.502131938934326172e+00	1.477540612220764160e+00
1.001212215423583984e+01	2.722350358963012695e+00
9.014968872070312500e+00	1.162315979599952698e-01
1.022336387634277344e+01	3.477761268615722656e+00
8.568608283996582031e+00	2.936365008354187012e-01
3.481716871261596680e+00	-1.023819446563720703e+00
5.954088687896728516e+00	-3.062992811203002930e+00
3.626151323318481445e+00	-1.647253632545471191e+00
5.314121246337890625e+00	2.336415767669677734e+00
4.961049556732177734e+00	-2.723530769348144531e+00
3.609942674636840820e+00	6.917025893926620483e-02
1.691054463386535645e+00	1.327441573143005371e+00
8.119011878967285156e+00	1.556383728981018066e+00
4.456356525421142578e+00	-9.350017309188842773e-01
8.438220977783203125e+00	-1.910113453865051270e+00
4.430232048034667969e+00	-6.042150855064392090e-01
8.286435127258300781e+00	3.699006319046020508e+00
6.222461223602294922e+00	7.509869337081909180e-01
5.760147571563720703e+00	8.922593593597412109e-01
5.998603343963623047e+00	-1.849146008491516113e+00
4.907613277435302734e+00	-2.097797870635986328e+00
5.645216464996337891e+00	-2.695030689239501953e+00
5.121910572052001953e+00	2.857160568237304688e+00
8.278998374938964844e+00	-1.887006163597106934e+00
7.971516609191894531e+00	1.399263501167297363e+00
8.252883911132812500e+00	9.515740871429443359e-01
4.730296134948730469e+00	-2.516309976577758789e+00
5.194075584411621094e+00	-6.750828586518764496e-03
9.447975158691406250e+00	3.675442934036254883e+00
7.189806461334228516e+00	8.617199212312698364e-02
9.668300628662109375e+00	3.820829391479492188e+00
7.975292205810546875e+00	3.886221170425415039e+00
1.065240859985351562e+01	-2.598106861114501953e-01
4.868075847625732422e+00	3.821223676204681396e-01
8.884329795837402344e+00	2.891686439514160156e+00
7.676891326904296875e+00	-1.384477257728576660e+00
2.552643060684204102e+00	7.854187488555908203e-01
3.531309604644775391e+00	-8.201119899749755859e-01
2.643769264221191406e+00	1.418808847665786743e-01
6.530041217803955078e+00	1.809169292449951172e+00
1.048657226562500000e+01	3.994081497192382812e+00
8.782709121704101562e+00	-1.983695030212402344e-01
5.331566810607910156e+00	-1.516579985618591309e+00
1.000113582611083984e+01	8.906068205833435059e-01
1.057715511322021484e+01	-1.181700944900512695e+00
8.923326492309570312e+00	-6.473902463912963867e-01
7.332889080047607422e+00	3.994746923446655273e+00
4.928246974945068359e+00	2.098962962627410889e-01
6.260136127471923828e+00	2.444779157638549805e+00
7.024854183197021484e+00	8.655356168746948242e-01
8.219128608703613281e+00	-7.041751146316528320e-01
5.477888107299804688e+00	-2.081296682357788086e+00
8.374706268310546875e+00	1.582064509391784668e+00
9.982381820678710938e+00	-1.535269141197204590e+00
1.057191085815429688e+01	-1.105267181992530823e-01
6.322160720825195312e+00	2.727339029312133789e+00
4.123362064361572266e+00	-6.915519833564758301e-01
5.950322151184082031e+00	-1.748871803283691406e+00
1.061487674713134766e+01	2.021578073501586914e+00
1.052877426147460938e+01	2.094009876251220703e+00
9.516466140747070312e+00	-5.508378148078918457e-01
7.070767879486083984e+00	-9.706153273582458496e-01
6.845288753509521484e+00	-1.929599165916442871e+00
6.097116470336914062e+00	-2.260488986968994141e+00
1.083419322967529297e+01	2.077378511428833008e+00
1.944678187370300293e+00	5.552771091461181641e-01
1.099879264831542969e+01	1.663487195968627930e+00
9.995800971984863281e+00	-9.832171797752380371e-01
6.732306480407714844e+00	5.923531055450439453e-01
7.067081928253173828e+00	1.161953210830688477e+00
9.032497406005859375e+00	1.181887149810791016e+00
3.145331859588623047e+00	-7.652270197868347168e-01
5.375465869903564453e+00	1.955237746238708496e+00
6.361814022064208984e+00	-3.053432464599609375e+00
5.600900650024414062e+00	1.254310965538024902e+00
7.351660251617431641e+00	-1.824041843414306641e+00
9.002819061279296875e+00	1.672879457473754883e+00
9.835464477539062500e+00	3.416787862777709961e+00
7.579107761383056641e+00	-3.692994415760040283e-01
7.414638042449951172e+00	2.669898509979248047e+00
3.118732213973999023e+00	1.940018296241760254e+00
5.434946537017822266e+00	-1.164271831512451172e+00
4.516636371612548828e+00	-2.502979040145874023e+00
4.282135486602783203e+00	2.292355298995971680e-01
5.574137687683105469e+00	1.280171990394592285e+00
8.579386711120605469e+00	2.687873125076293945e+00
9.540060043334960938e+00	4.311978816986083984e-01
1.045771789550781250e+01	-1.455533266067504883e+00
3.885573625564575195e+00	-8.386073112487792969e-01
9.266363143920898438e+00	-3.053005933761596680e-01
7.111075401306152344e+00	-5.595006346702575684e-01
5.859597682952880859e+00	8.799784779548645020e-01
7.780310630798339844e+00	3.206326007843017578e+00
4.938881874084472656e+00	5.113436579704284668e-01
8.934388160705566406e+00	1.611885547637939453e+00
8.555691719055175781e+00	-6.605714559555053711e-02
9.318465232849121094e+00	1.014816641807556152e+00
2.702239274978637695e+00	7.050001025199890137e-01
6.469299316406250000e+00	3.604691848158836365e-02
4.582360744476318359e+00	-1.301197856664657593e-01
7.869055747985839844e+00	-2.458866119384765625e+00
5.815280437469482422e+00	3.391684055328369141e+00
1.128469562530517578e+01	-5.561187863349914551e-01
6.004199981689453125e+00	8.517895340919494629e-01
4.989334583282470703e+00	-1.328341364860534668e+00
6.251293182373046875e+00	3.528558015823364258e-01
3.694241523742675781e+00	1.750810265541076660e+00
1.768423557281494141e+00	1.390277862548828125e+00
4.429514408111572266e+00	2.434212207794189453e+00
5.734832286834716797e+00	1.610507488250732422e+00
3.431190252304077148e+00	1.374996423721313477e+00
1.073695945739746094e+01	-1.223076581954956055e+00
1.003571128845214844e+01	2.322399854660034180e+00
6.072261810302734375e+00	7.981864809989929199e-01
7.280174732208251953e+00	1.976748824119567871e+00
5.408113956451416016e+00	-2.916998386383056641e+00
8.409343719482421875e+00	3.231608867645263672e+00
6.537398815155029297e+00	-2.597254037857055664e+00
6.873872280120849609e+00	1.256728768348693848e-01
8.270683288574218750e+00	1.858850240707397461e+00
6.237843513488769531e+00	3.538285791873931885e-01
6.185544490814208984e+00	8.085202574729919434e-01
6.270258903503417969e+00	2.162091493606567383e+00
8.772767066955566406e+00	-7.709364891052246094e-01
8.373494148254394531e+00	2.710896253585815430e+00
6.192676544189453125e+00	-7.621327638626098633e-01
2.674491405487060547e+00	1.977247834205627441e+00
4.674139976501464844e+00	-4.691002964973449707e-01
5.722128391265869141e+00	1.097967386245727539e+00
7.298109054565429688e+00	2.256155729293823242e+00
8.345379829406738281e+00	3.780848503112792969e+00
1.070914077758789062e+01	8.588851094245910645e-01
9.202150344848632812e+00	2.897184610366821289e+00
7.727040290832519531e+00	-2.054455757141113281e+00
2.092555284500122070e+00	2.100807614624500275e-02
9.749128341674804688e+00	2.533525705337524414e+00
3.901919364929199219e+00	3.382693529129028320e-01
3.042612314224243164e+00	3.703942596912384033e-01
8.442259788513183594e+00	1.016282677650451660e+00
1.060462188720703125e+01	9.235818982124328613e-01
2.123434066772460938e+00	-7.820611596107482910e-01
7.914607048034667969e+00	-2.534691393375396729e-01
7.805913925170898438e+00	7.332363128662109375e-01
8.516846656799316406e+00	-1.284522056579589844e+00
7.266930103302001953e+00	9.249058961868286133e-01
6.774278163909912109e+00	-2.314456701278686523e+00
8.171123504638671875e+00	2.882482767105102539e+00
4.653142929077148438e+00	-1.004068374633789062e+00
3.013139724731445312e+00	-1.355181217193603516e+00
5.551374912261962891e+00	1.039474368095397949e+00
3.285019874572753906e+00	1.552194505929946899e-01
1.145820426940917969e+01	-4.087524414062500000e-01
5.095517635345458984e+00	1.577644586563110352e+00
4.077858448028564453e+00	1.418088197708129883e+00
8.201074600219726562e+00	-1.986085057258605957e+00
1.031513500213623047e+01	2.620238304138183594e+00
7.262447357177734375e+00	2.463317155838012695e+00
7.815320968627929688e+00	1.507194042205810547e+00
5.498363494873046875e+00	1.028075933456420898e+00
1.107918930053710938e+01	-6.307348012924194336e-01
8.169290542602539062e+00	-7.481428384780883789e-01
7.414365768432617188e+00	3.255959987640380859e+00
6.169448852539062500e+00	1.034560203552246094e+00
7.619639873504638672e+00	1.352644801139831543e+00
6.963654994964599609e+00	-2.156186103820800781e+00
1.090721893310546875e+01	4.257654666900634766e+00
9.617364883422851562e+00	3.329392910003662109e+00
7.898685455322265625e+00	-1.848474264144897461e+00
8.025966644287109375e+00	-1.198545336723327637e+00
8.891669273376464844e+00	-1.598465561866760254e+00
6.201551914215087891e+00	2.442941427230834961e+00
8.056388854980468750e+00	4.085435867309570312e+00
5.794973850250244141e+00	-5.857492685317993164e-01
8.892100334167480469e+00	5.494276881217956543e-01
3.348827123641967773e+00	2.393106698989868164e+00
7.940404415130615234e+00	6.002636551856994629e-01
6.609583377838134766e+00	-4.698439538478851318e-01
7.146618366241455078e+00	1.953068733215332031e+00
8.892661094665527344e+00	2.258844375610351562e+00
4.798035144805908203e+00	-1.674130082130432129e+00
4.382553100585937500e+00	1.786636233329772949e+00
7.277297019958496094e+00	-1.410152554512023926e+00
6.126790046691894531e+00	1.750301003456115723e+00
9.396847724914550781e+00	1.247400403022766113e+00
4.693199634552001953e+00	-2.146422624588012695e+00
9.406025886535644531e+00	2.661326169967651367e+00
4.070495128631591797e+00	2.408915996551513672e+00
1.011944103240966797e+01	9.489123821258544922e-01
6.668600559234619141e+00	-5.100209116935729980e-01
6.480744361877441406e+00	-2.690849065780639648e+00
5.929038524627685547e+00	-1.352720856666564941e+00
8.052499771118164062e+00	7.907910943031311035e-01
1.030280494689941406e+01	1.207455158233642578e+00
5.604603290557861328e+00	-1.004878759384155273e+00
6.866675376892089844e+00	2.817405462265014648e+00
7.928267955780029297e+00	5.912542939186096191e-01
1.130279445648193359e+01	2.034345641732215881e-02
5.078588962554931641e+00	3.127443194389343262e-01
5.338720798492431641e+00	-2.619441151618957520e-01
9.304307937622070312e+00	1.555326342582702637e+00
8.093242645263671875e+00	2.167890548706054688e+00
4.728391170501708984e+00	-7.197408080101013184e-01
3.690565586090087891e+00	1.761403828859329224e-01
5.531323909759521484e+00	2.696614861488342285e-01
3.472754955291748047e+00	2.198235988616943359e+00
7.491054058074951172e+00	8.813142776489257812e-02
1.062078762054443359e+01	7.062824964523315430e-01
8.002871513366699219e+00	1.954832911491394043e+00
8.509933471679687500e+00	-1.754232645034790039e+00
7.709932804107666016e+00	-7.700007557868957520e-01
1.698597311973571777e+00	5.149679183959960938e-01
1.520742654800415039e+00	6.249821186065673828e-01
4.184269905090332031e+00	6.390390992164611816e-01
2.423205375671386719e+00	1.563305258750915527e+00
7.535470008850097656e+00	3.620897531509399414e+00
8.584871292114257812e+00	1.246298313140869141e+00
8.758690834045410156e+00	2.207313537597656250e+00
6.402022838592529297e+00	5.375425145030021667e-02
4.543286800384521484e+00	1.351548135280609131e-01
7.553249359130859375e+00	1.324268341064453125e+00
8.125601768493652344e+00	-1.054088950157165527e+00
1.955721616744995117e+00	-4.289092421531677246e-01
9.416868209838867188e+00	2.778578102588653564e-01
5.519041061401367188e+00	4.989329576492309570e-01
2.489718675613403320e+00	1.295365840196609497e-01
9.342658042907714844e+00	1.433841943740844727e+00
5.382434368133544922e+00	4.964681267738342285e-01
8.141918182373046875e+00	1.080530166625976562e+00
4.584328174591064453e+00	4.363170266151428223e-01
5.012427330017089844e+00	2.605036497116088867e+00
8.204553604125976562e+00	6.232134252786636353e-02
1.578443765640258789e+00	8.764048814773559570e-01
1.090349578857421875e+01	-9.177785515785217285e-01
5.677637100219726562e+00	-2.829861879348754883e+00
3.545424461364746094e+00	1.997131109237670898e-01
7.725831031799316406e+00	1.776559948921203613e+00
5.830711364746093750e+00	-1.591399073600769043e+00
1.021660900115966797e+01	2.539713621139526367e+00
5.171774864196777344e+00	-1.154860734939575195e+00
4.830290317535400391e+00	-7.986368536949157715e-01
3.831956386566162109e+00	2.977531433105468750e+00
6.335488319396972656e+00	-1.687911152839660645e+00
6.017870426177978516e+00	-1.816641211509704590e+00
7.959446430206298828e+00	4.390908181667327881e-01
1.062418079376220703e+01	1.295677781105041504e+00
9.594727516174316406e+00	3.673045158386230469e+00
3.782239675521850586e+00	1.124942064285278320e+00
5.938142776489257812e+00	2.828591108322143555e+00
8.190200805664062500e+00	-1.472395420074462891e+00
6.291457653045654297e+00	-2.085228443145751953e+00
5.403523445129394531e+00	9.179647564888000488e-01
4.584079265594482422e+00	-2.517056226730346680e+00
8.671977996826171875e+00	1.073652029037475586e+00
6.226549625396728516e+00	-6.484013199806213379e-01
1.442934513092041016e+00	2.770088054239749908e-02
2.264021158218383789e+00	-2.144838571548461914e-01
8.883342742919921875e+00	2.889889955520629883e+00
4.854314327239990234e+00	-2.245867013931274414e+00
5.172358512878417969e+00	9.941245913505554199e-01
6.829144954681396484e+00	3.421781778335571289e+00
6.217944145202636719e+00	6.376134753227233887e-01
9.321660041809082031e+00	2.331872940063476562e+00
7.947073459625244141e+00	8.301920294761657715e-01
4.902750492095947266e+00	-7.557115554809570312e-01
1.478787779808044434e+00	-2.307693287730216980e-02
7.894325256347656250e+00	3.865130662918090820e+00
6.104330539703369141e+00	3.184939622879028320e+00
3.200380325317382812e+00	-1.317089796066284180e+00
8.727717399597167969e+00	1.056548237800598145e+00
3.224682092666625977e+00	-1.017986297607421875e+00
9.124107360839843750e+00	3.685192763805389404e-01
9.338238716125488281e+00	-1.413584232330322266e+00
1.041583251953125000e+01	2.844398975372314453e+00
3.617488861083984375e+00	-3.276846408843994141e-01
9.345037460327148438e+00	-3.849968612194061279e-01
6.815214633941650391e+00	1.176340818405151367e+00
7.052962303161621094e+00	-5.630887150764465332e-01
3.497161388397216797e+00	-8.740878105163574219e-01
3.741173028945922852e+00	-1.443602085113525391e+00
1.129551601409912109e+01	-9.022102952003479004e-01
9.460362434387207031e+00	2.126514196395874023e+00
5.761887550354003906e+00	3.041024684906005859e+00
8.693764686584472656e+00	-1.915524482727050781e+00
7.547977924346923828e+00	4.895441979169845581e-02
6.678181648254394531e+00	1.914755702018737793e+00
3.122586965560913086e+00	8.566599488258361816e-01
5.261940479278564453e+00	1.111664533615112305e+00
5.551382064819335938e+00	-8.457645773887634277e-02
2.973783016204833984e+00	4.767799377441406250e-01
6.176876544952392578e+00	-1.948905348777770996e+00
5.907479286193847656e+00	1.383068919181823730e+00
2.645130395889282227e+00	8.082584738731384277e-01
4.766032218933105469e+00	2.538372278213500977e+00
4.064410209655761719e+00	-3.231550008058547974e-02
6.636576175689697266e+00	3.452914714813232422e+00
4.370259284973144531e+00	1.448324918746948242e+00
7.966892242431640625e+00	-1.204315423965454102e+00
7.537422180175781250e+00	-1.199480414390563965e+00
7.975001335144042969e+00	3.253243684768676758e+00
4.195380210876464844e+00	-2.155293941497802734e+00
1.062234497070312500e+01	3.741233110427856445e+00
2.641945838928222656e+00	-1.363077461719512939e-01
5.849698066711425781e+00	-1.365162253379821777e+00
1.003475856781005859e+01	3.661237239837646484e+00
3.161313295364379883e+00	2.262806892395019531e+00
1.047988510131835938e+01	2.865538835525512695e+00
4.398657798767089844e+00	1.720260024070739746e+00
8.270895004272460938e+00	2.048125028610229492e+00
8.336211204528808594e+00	-1.990494728088378906e-01
4.230042457580566406e+00	8.546408265829086304e-02
1.048123073577880859e+01	2.637106657028198242e+00
7.705572128295898438e+00	3.541941165924072266e+00
9.938002586364746094e+00	2.698674440383911133e+00
6.694478034973144531e+00	8.527652621269226074e-01
1.068590641021728516e+01	3.732372820377349854e-01
9.604301452636718750e+00	2.241855859756469727e-02
8.627368927001953125e+00	-1.182515382766723633e+00
7.641376495361328125e+00	1.842603206634521484e+00
5.241032123565673828e+00	2.182047367095947266e+00
7.220454216003417969e+00	2.522415399551391602e+00
1.085268592834472656e+01	1.130957126617431641e+00
2.495196580886840820e+00	-3.857413530349731445e-01
4.448866844177246094e+00	-1.629479050636291504e+00
8.907220840454101562e+00	-9.606740474700927734e-01
9.471920967102050781e+00	2.818922884762287140e-02
9.112466812133789062e+00	6.024345010519027710e-02
6.307843685150146484e+00	-8.607426881790161133e-01
5.623505592346191406e+00	-5.302531123161315918e-01
5.996023654937744141e+00	1.378714442253112793e+00
4.415439128875732422e+00	-6.554024815559387207e-01
9.328158378601074219e+00	3.943122029304504395e-01
9.105060577392578125e+00	3.705706596374511719e+00
1.862963795661926270e+00	-4.179984629154205322e-01
4.048095226287841797e+00	-2.103414058685302734e+00
3.550976276397705078e+00	1.459396004676818848e+00
6.852479934692382812e+00	-1.513378024101257324e+00
1.148271369934082031e+01	7.290145009756088257e-02
7.438931465148925781e+00	-1.149833947420120239e-01
6.749559402465820312e+00	-1.076443195343017578e+00
7.391530513763427734e+00	4.541648086160421371e-04
1.073441982269287109e+01	3.072544336318969727e-01
8.600704193115234375e+00	4.598712921142578125e-01
4.261018276214599609e+00	-2.781877219676971436e-01
7.226542949676513672e+00	-9.402991533279418945e-01
6.347683429718017578e+00	3.221017599105834961e+00
6.429299831390380859e+00	2.062717914581298828e+00
9.118351936340332031e+00	-8.313438892364501953e-01
8.267023086547851562e+00	3.056222915649414062e+00
8.521561622619628906e+00	1.476397871971130371e+00
7.168405055999755859e+00	3.354890644550323486e-01
5.228755474090576172e+00	4.021558165550231934e-01
3.059856414794921875e+00	2.085989564657211304e-01
4.988959789276123047e+00	-2.346249580383300781e+00
5.058620452880859375e+00	-2.768525362014770508e+00
4.514813899993896484e+00	-1.051890134811401367e+00
6.610516548156738281e+00	9.815549254417419434e-01
5.761087417602539062e+00	-2.740111112594604492e+00
8.275135993957519531e+00	3.693427801132202148e+00
9.972110748291015625e+00	3.474235534667968750e-01
7.762988090515136719e+00	-1.650540232658386230e+00
9.015813827514648438e+00	9.139948487281799316e-01
5.347546577453613281e+00	-1.084511518478393555e+00
7.297880649566650391e+00	1.143869638442993164e+00
6.531944274902343750e+00	-2.239650011062622070e+00
8.811616897583007812e+00	1.934399008750915527e+00
5.242938041687011719e+00	3.459074199199676514e-01
1.042678833007812500e+01	1.884780168533325195e+00
3.526262521743774414e+00	7.791269421577453613e-01
4.218616008758544922e+00	-5.794407725334167480e-01
2.724532842636108398e+00	-1.602214388549327850e-02
5.332280158996582031e+00	1.260859012603759766e+00
9.843434333801269531e+00	2.477608323097229004e-01
7.627726554870605469e+00	4.074760437011718750e+00
3.815787076950073242e+00	-1.831062078475952148e+00
1.016136646270751953e+01	2.499751806259155273e+00
1.052955245971679688e+01	3.256967782974243164e+00
6.078649044036865234e+00	3.458031177520751953e+00
7.409152030944824219e+00	1.840268224477767944e-01
1.134056806564331055e+00	7.376550436019897461e-01
8.001623153686523438e+00	2.214780569076538086e+00
6.801115512847900391e+00	-1.193720698356628418e+00
7.748919963836669922e+00	1.724147200584411621e+00
5.867628574371337891e+00	1.788646340370178223e+00
6.333452224731445312e+00	1.574413478374481201e-01
7.685870647430419922e+00	1.396357774734497070e+00
8.390890121459960938e+00	-8.055073618888854980e-01
5.497846603393554688e+00	-1.287238836288452148e+00
4.510004043579101562e+00	1.143278598785400391e+00
7.331642627716064453e+00	3.561822891235351562e+00
6.738130569458007812e+00	1.475524187088012695e+00
8.540410041809082031e+00	2.168859243392944336e+00
2.331298112869262695e+00	-3.238100185990333557e-02
4.599949836730957031e+00	1.061765551567077637e+00
3.716518163681030273e+00	1.520833253860473633e+00
5.550377368927001953e+00	-5.911142826080322266e-01
4.928944587707519531e+00	2.768055163323879242e-02
8.486258506774902344e+00	1.552642226219177246e+00
6.900339126586914062e+00	5.639996528625488281e-01
4.854701519012451172e+00	-2.392889499664306641e+00
5.069113731384277344e+00	2.390014886856079102e+00
4.739617824554443359e+00	-6.288972496986389160e-01
7.820003986358642578e+00	2.568640470504760742e+00
5.504568576812744141e+00	-2.261194467544555664e+00
8.388589859008789062e+00	3.205286979675292969e+00
8.236005783081054688e+00	3.384500265121459961e+00
1.162119507789611816e+00	4.182911664247512817e-02
9.502724647521972656e+00	-5.399271100759506226e-02
1.615164875984191895e+00	-6.093910336494445801e-01
1.052089023590087891e+01	2.243858575820922852e+00
7.950368404388427734e+00	1.256286859512329102e+00
7.045326709747314453e+00	1.090197086334228516e+00
3.155719995498657227e+00	7.699679732322692871e-01
4.305668830871582031e+00	4.843586683273315430e-01
1.011700439453125000e+01	1.488271653652191162e-01
7.756399631500244141e+00	1.483981847763061523e+00
1.013488769531250000e+01	2.503726482391357422e+00
9.490946769714355469e+00	-1.305784344673156738e+00
5.998222827911376953e+00	-1.554807901382446289e+00
7.719360828399658203e+00	7.037340998649597168e-01
5.712719917297363281e+00	1.512490987777709961e+00
4.806017875671386719e+00	2.360917806625366211e+00
2.515338420867919922e+00	-1.079983115196228027e+00
6.391868591308593750e+00	1.256243735551834106e-01
3.797901630401611328e+00	-9.785243868827819824e-02
6.266446590423583984e+00	9.326197504997253418e-01
3.782355546951293945e+00	-1.333221554756164551e+00
5.017672061920166016e+00	1.843892097473144531e+00
3.197492122650146484e+00	6.656752824783325195e-01
1.090421295166015625e+01	1.288610339164733887e+00
7.052624225616455078e+00	7.899906039237976074e-01
1.094363307952880859e+01	4.253410339355468750e+00
7.241731643676757812e+00	-4.686478376388549805e-01
3.517189025878906250e+00	2.498034238815307617e+00
7.722553253173828125e+00	-1.948580384254455566e+00
6.319115638732910156e+00	3.942115306854248047e-01
8.755689620971679688e+00	-1.617332398891448975e-01
5.114738464355468750e+00	1.935858607292175293e+00
6.383527278900146484e+00	2.801808118820190430e+00
7.915510177612304688e+00	2.769372701644897461e+00
8.987541198730468750e+00	8.484422564506530762e-01
3.321475505828857422e+00	1.718738675117492676e+00
5.294184207916259766e+00	1.251729726791381836e+00
6.006861209869384766e+00	-3.341192007064819336e-01
4.768167495727539062e+00	2.122840642929077148e+00
4.346312999725341797e+00	-5.610564947128295898e-01
7.724142074584960938e+00	2.494722843170166016e+00
8.100447654724121094e+00	1.036664247512817383e+00
4.932839870452880859e+00	5.264899134635925293e-01
6.358529567718505859e+00	-1.402619332075119019e-01
3.858853578567504883e+00	9.042565226554870605e-01
7.027950286865234375e+00	2.678715229034423828e+00
8.868139266967773438e+00	-1.419623613357543945e+00
4.688253402709960938e+00	-2.783910989761352539e+00
6.798157215118408203e+00	3.400359153747558594e+00
6.209672451019287109e+00	3.360299587249755859e+00
4.119340896606445312e+00	-1.272884726524353027e+00
9.881655693054199219e+00	2.601978063583374023e+00
8.326458930969238281e+00	2.398552656173706055e+00
6.572529315948486328e+00	-2.618514776229858398e+00
4.197946548461914062e+00	-8.350788950920104980e-01
5.937396526336669922e+00	-2.676089286804199219e+00
2.128108501434326172e+00	-4.472970068454742432e-01
2.017819643020629883e+00	-5.458149313926696777e-01
7.026226520538330078e+00	-2.687200903892517090e-01
6.945607662200927734e+00	-1.746578514575958252e-01
3.369344949722290039e+00	-4.578368067741394043e-01
6.800429821014404297e+00	2.720653533935546875e+00
7.443114280700683594e+00	2.402455091476440430e+00
7.487200736999511719e+00	3.148671627044677734e+00
1.012647628784179688e+01	2.289874553680419922e+00
5.794667720794677734e+00	-1.125585675239562988e+00
1.072925186157226562e+01	4.216473579406738281e+00
5.777737617492675781e+00	2.796744108200073242e+00
6.004647254943847656e+00	-2.174413681030273438e+00
9.542392730712890625e+00	2.568476915359497070e+00
4.129882812500000000e+00	-1.523777246475219727e+00
6.666688442230224609e+00	-9.652436971664428711e-01
3.573484897613525391e+00	-4.532518088817596436e-01
5.936280727386474609e+00	1.617525935173034668e+00
5.607491493225097656e+00	3.276802778244018555e+00
8.050720214843750000e+00	3.691400527954101562e+00
1.078768920898437500e+01	5.639940500259399414e-01
5.549944877624511719e+00	3.102128028869628906e+00
7.742670059204101562e+00	1.743868112564086914e+00
6.755930900573730469e+00	-5.765131711959838867e-01
8.107048988342285156e+00	1.740092158317565918e+00
9.419971466064453125e+00	-1.285572528839111328e+00
4.405537605285644531e+00	-4.357415735721588135e-01
5.455166339874267578e+00	-1.636285066604614258e+00
9.136065483093261719e+00	4.108829498291015625e+00
4.424791812896728516e+00	2.253616333007812500e+00
9.495879173278808594e+00	3.163713693618774414e+00
4.628453731536865234e+00	-2.079070568084716797e+00
5.923380374908447266e+00	-1.737991333007812500e+00
6.478250503540039062e+00	-9.473956227302551270e-01
5.876590728759765625e+00	-1.290193080902099609e+00
7.132002353668212891e+00	-6.938338279724121094e-02
3.891397476196289062e+00	-4.110338985919952393e-01
2.897070407867431641e+00	2.294735014438629150e-01
6.144936561584472656e+00	-2.824401140213012695e+00
8.318387031555175781e+00	1.831438660621643066e+00
1.088835906982421875e+01	2.807723522186279297e+00
3.791994810104370117e+00	4.931008517742156982e-01
1.553983330726623535e+00	8.290932774543762207e-01
9.250554084777832031e+00	1.753609180450439453e+00
6.012851238250732422e+00	2.292778968811035156e+00
3.777333021163940430e+00	2.904200255870819092e-01
8.733061790466308594e+00	3.270272254943847656e+00
6.736124515533447266e+00	-1.094842433929443359e+00
6.858732700347900391e+00	9.573188424110412598e-02
1.449622392654418945e+00	3.839418664574623108e-02
8.353332519531250000e+00	1.369215488433837891e+00
8.978431701660156250e+00	-1.657243847846984863e+00
5.819463253021240234e+00	2.531607389450073242e+00
5.669610500335693359e+00	-1.386396050453186035e+00
9.357936859130859375e+00	8.792124986648559570e-01
6.458411216735839844e+00	8.002778291702270508e-01
1.064651679992675781e+01	1.134645104408264160e+00
3.138915061950683594e+00	1.030456662178039551e+00
8.610687255859375000e+00	-1.624079942703247070e+00
7.275328159332275391e+00	-1.771867632865905762e+00
5.218225479125976562e+00	-2.879293918609619141e+00
9.001979827880859375e+00	1.372250318527221680e+00
9.181437492370605469e+00	3.607419490814208984e+00
9.196920394897460938e+00	-1.659652590751647949e+00
8.270871162414550781e+00	2.540089607238769531e+00
4.382912158966064453e+00	2.455129384994506836e+00
9.955634117126464844e+00	3.504756689071655273e+00
1.819656729698181152e+00	2.259760648012161255e-01
6.519911289215087891e+00	2.510068416595458984e+00
1.307168722152709961e+00	3.658176362514495850e-01
4.645459651947021484e+00	1.385962724685668945e+00
8.681316375732421875e+00	3.887871742248535156e+00
8.844864845275878906e+00	-9.039878100156784058e-02
7.254832744598388672e+00	1.857933878898620605e+00
8.088024139404296875e+00	-2.136547803878784180e+00
1.075535011291503906e+01	3.537720918655395508e+00
3.024188280105590820e+00	-1.644891262054443359e+00
5.189280033111572266e+00	1.763111472129821777e+00
4.568425655364990234e+00	1.251811742782592773e+00
5.280897140502929688e+00	8.396589159965515137e-01
7.584918022155761719e+00	8.428506851196289062e-01
1.025242900848388672e+01	-4.550269842147827148e-01
2.896950721740722656e+00	1.470087170600891113e-01
4.946284294128417969e+00	2.882691621780395508e+00
1.044381523132324219e+01	2.022807359695434570e+00
2.356969594955444336e+00	4.975312054157257080e-01
7.199476242065429688e+00	-3.583449423313140869e-01
5.607898712158203125e+00	-1.040455102920532227e+00
5.956997394561767578e+00	-1.646732091903686523e+00
5.187420845031738281e+00	-2.819120883941650391e+00
7.726572036743164062e+00	8.915542960166931152e-01
4.811426162719726562e+00	2.071745395660400391e+00
7.562973976135253906e+00	-1.098909258842468262e+00
6.213630676269531250e+00	-1.228825330734252930e+00
5.716294288635253906e+00	-6.561338901519775391e-01
9.222346305847167969e+00	1.313333272933959961e+00
1.049140930175781250e+01	4.131481349468231201e-01
2.440274715423583984e+00	-2.242867052555084229e-01
6.115302085876464844e+00	-1.998958736658096313e-01
6.603868961334228516e+00	-5.784588283859193325e-04
2.517976045608520508e+00	-3.494679629802703857e-01
5.238159179687500000e+00	5.138401389122009277e-01
6.175460338592529297e+00	-6.254222244024276733e-02
1.013983631134033203e+01	3.352963924407958984e+00
1.014315128326416016e+01	-3.316870629787445068e-01
8.150295257568359375e+00	1.658592700958251953e+00
5.491019248962402344e+00	-1.848837971687316895e+00
5.119170665740966797e+00	7.384076118469238281e-01
4.476712226867675781e+00	-1.613831758499145508e+00
6.433964252471923828e+00	3.243649721145629883e+00
1.335417270660400391e+00	-2.694896049797534943e-02
3.864315986633300781e+00	-3.033944964408874512e-01
9.183882713317871094e+00	2.368054389953613281e+00
3.782993793487548828e+00	-2.200552701950073242e+00
6.073091030120849609e+00	9.440939426422119141e-01
8.057048797607421875e+00	3.276225805282592773e+00
9.525893211364746094e+00	5.808311104774475098e-01
8.460081100463867188e+00	-7.791075706481933594e-01
8.747986793518066406e+00	2.510406255722045898e+00
4.385349273681640625e+00	1.569984197616577148e+00
4.530257225036621094e+00	2.853641271591186523e+00
1.070179176330566406e+01	2.587913036346435547e+00
5.726909160614013672e+00	8.928589820861816406e-01
5.675387382507324219e+00	-1.826401591300964355e+00
6.019482135772705078e+00	-1.244936943054199219e+00
6.749070644378662109e+00	9.062698483467102051e-01
6.351911544799804688e+00	-2.614092588424682617e+00
7.711301803588867188e+00	-1.609634637832641602e+00
5.980249881744384766e+00	3.340150117874145508e+00
6.113607406616210938e+00	-2.647903263568878174e-01
9.685930252075195312e+00	1.525074124336242676e+00
4.592817306518554688e+00	1.105780720710754395e+00
1.028764820098876953e+01	1.518825739622116089e-01
9.924121856689453125e+00	2.771170854568481445e+00
3.468251705169677734e+00	-7.933778166770935059e-01
6.155515193939208984e+00	2.013148307800292969e+00
7.148737907409667969e+00	1.685603022575378418e+00
4.973598957061767578e+00	1.385341048240661621e+00
8.419216156005859375e+00	-1.505697369575500488e+00
9.714630126953125000e+00	2.882940530776977539e+00
9.304417610168457031e+00	3.282442569732666016e+00
6.907477378845214844e+00	6.228862404823303223e-01
5.264714717864990234e+00	1.762580275535583496e+00
1.587788820266723633e+00	1.396087408065795898e+00
8.396260261535644531e+00	-1.847870707511901855e+00
7.909904956817626953e+00	-1.268374562263488770e+00
7.075776576995849609e+00	-3.084884285926818848e-01
2.303104639053344727e+00	5.331918001174926758e-01
4.428044795989990234e+00	1.492695689201354980e+00
8.474575042724609375e+00	2.303676009178161621e-01
6.265002250671386719e+00	-1.238757133483886719e+00
8.046705245971679688e+00	5.407454371452331543e-01
8.032977104187011719e+00	8.290642499923706055e-01
3.646952629089355469e+00	-1.111305952072143555e+00
5.372008323669433594e+00	6.376075744628906250e-01
5.381480693817138672e+00	2.215461015701293945e+00
7.469942092895507812e+00	2.463160276412963867e+00
3.927875280380249023e+00	-2.226651668548583984e+00
7.567703723907470703e+00	-1.318589687347412109e+00
4.906440258026123047e+00	2.820022106170654297e+00
1.094593238830566406e+01	1.397814989089965820e+00
3.454944372177124023e+00	1.966808557510375977e+00
1.107389068603515625e+01	1.739395022392272949e+00
4.095580101013183594e+00	5.376935005187988281e-01
7.727979183197021484e+00	1.625119745731353760e-01
4.166978836059570312e+00	-7.498337030410766602e-01
8.062484741210937500e+00	3.430343151092529297e+00
6.321079254150390625e+00	1.726598739624023438e-01
7.009419918060302734e+00	2.104193568229675293e-01
3.181128501892089844e+00	-5.060097575187683105e-01
6.635925292968750000e+00	1.840307950973510742e+00
1.025896358489990234e+01	-5.210186243057250977e-01
7.239440917968750000e+00	1.549318194389343262e+00
8.800131797790527344e+00	1.429445862770080566e+00
7.725014209747314453e+00	3.712079524993896484e-01
9.204501152038574219e+00	1.294028997421264648e+00
5.512445926666259766e+00	2.909914493560791016e+00
2.749841213226318359e+00	1.010601997375488281e+00
1.091439819335937500e+01	-1.181427121162414551e+00
4.903360366821289062e+00	3.509047031402587891e+00
7.395128726959228516e+00	1.481862545013427734e+00
9.617030143737792969e+00	1.532492756843566895e+00
7.082627296447753906e+00	1.823005795478820801e+00
1.360258579254150391e+00	-1.916590481996536255e-01
9.555892944335937500e+00	-8.193018436431884766e-01
3.848790645599365234e+00	-4.542809724807739258e-01
7.031036853790283203e+00	-1.423196673393249512e+00
9.102633476257324219e+00	2.515323638916015625e+00
4.487484931945800781e+00	5.037820935249328613e-01
7.458344459533691406e+00	2.386621236801147461e+00
9.034071922302246094e+00	1.084496021270751953e+00
5.846883773803710938e+00	2.710939645767211914e+00
7.250754833221435547e+00	1.444363117218017578e+00
4.904821872711181641e+00	-3.176797330379486084e-01
1.989128828048706055e+00	5.130134820938110352e-01
9.912555694580078125e+00	3.871939778327941895e-01
6.097867488861083984e+00	2.069038391113281250e+00
5.211076259613037109e+00	-1.818216204643249512e+00
6.341473579406738281e+00	-9.656532853841781616e-02
4.007167339324951172e+00	-1.208854556083679199e+00
6.365402221679687500e+00	1.119668841361999512e+00
7.042862892150878906e+00	7.944723963737487793e-01
5.445922374725341797e+00	3.301602363586425781e+00
4.447152137756347656e+00	-1.489467471837997437e-01
3.960427522659301758e+00	-7.588743567466735840e-01
9.718987464904785156e+00	3.413277387619018555e+00
6.061487674713134766e+00	2.367318153381347656e+00
8.484272956848144531e+00	3.705623447895050049e-01
1.134235191345214844e+01	-6.325165033340454102e-01
6.222240924835205078e+00	2.469029903411865234e+00
6.755447387695312500e+00	3.193447589874267578e+00
5.622647285461425781e+00	-2.192170768976211548e-01
5.801468849182128906e+00	3.507859945297241211e+00
8.575655937194824219e+00	-1.342873454093933105e+00
1.006108856201171875e+01	8.519169092178344727e-01
4.865297317504882812e+00	1.740065813064575195e+00
7.363172531127929688e+00	2.635591030120849609e+00
4.258272171020507812e+00	-1.245191693305969238e+00
6.834627151489257812e+00	9.500286579132080078e-01
8.986405372619628906e+00	1.461321473121643066e+00
9.642045974731445312e+00	3.129764318466186523e+00
2.912789344787597656e+00	1.768624305725097656e+00
7.278663158416748047e+00	2.989865303039550781e+00
8.138106346130371094e+00	-3.236596286296844482e-01
3.349815607070922852e+00	-6.229557394981384277e-01
6.113506317138671875e+00	2.472632884979248047e+00
4.004172325134277344e+00	2.161403179168701172e+00
8.684001922607421875e+00	-1.429300665855407715e+00
5.266031265258789062e+00	-1.763579845428466797e+00
8.800810813903808594e+00	3.665510416030883789e+00
9.815309524536132812e+00	-3.224881589412689209e-01
6.269624710083007812e+00	9.479826688766479492e-01
4.919897079467773438e+00	3.339249372482299805e+00
7.922779560089111328e+00	-1.638333678245544434e+00
9.666860580444335938e+00	3.231070756912231445e+00
2.722453355789184570e+00	-1.992749571800231934e-01
8.356874465942382812e+00	2.712216138839721680e+00
6.511541366577148438e+00	3.557993471622467041e-02
7.867015838623046875e+00	3.715087890625000000e+00
3.931298971176147461e+00	2.872896909713745117e+00
7.022521018981933594e+00	-2.430095821619033813e-01
3.968292713165283203e+00	-3.103592395782470703e-01
7.400774955749511719e+00	2.858217954635620117e+00
5.022087574005126953e+00	1.666083335876464844e+00
6.181847095489501953e+00	2.610698699951171875e+00
1.004518795013427734e+01	3.261144638061523438e+00
9.719045639038085938e+00	2.341070890426635742e+00
6.430088520050048828e+00	-9.864152967929840088e-02
2.217933177947998047e+00	1.252311587333679199e+00
7.521573543548583984e+00	5.566893815994262695e-01
1.615376591682434082e+00	1.644948124885559082e+00
7.611361503601074219e+00	1.778835058212280273e+00
1.150091743469238281e+01	-1.056783080101013184e+00
8.130611419677734375e+00	1.976938962936401367e+00
4.784091949462890625e+00	-5.182825326919555664e-01
1.019648265838623047e+01	-3.484844863414764404e-01
5.306028842926025391e+00	-1.176146745681762695e+00
1.212200522422790527e+00	1.753836125135421753e-01
4.624230384826660156e+00	7.411791086196899414e-01
1.021849155426025391e+01	1.606912612915039062e+00
2.622889995574951172e+00	-5.296522378921508789e-01
7.925539016723632812e+00	-1.361965298652648926e+00
2.729491710662841797e+00	-2.079276293516159058e-01
2.779765844345092773e+00	-8.595115542411804199e-01
4.371313095092773438e+00	2.654918909072875977e+00
2.686589241027832031e+00	9.272717237472534180e-01
2.297415733337402344e+00	-4.460259377956390381e-01
9.802938461303710938e+00	2.757107913494110107e-01
7.982847213745117188e+00	2.592453479766845703e+00
7.233417034149169922e+00	-5.603063106536865234e-01
1.018936991691589355e+00	3.412955999374389648e-01
2.037026405334472656e+00	-5.345195531845092773e-02
8.036239624023437500e+00	3.378332376480102539e+00
1.077186107635498047e+01	1.962400913238525391e+00
3.979021549224853516e+00	9.303938150405883789e-01
5.837588310241699219e+00	2.341895818710327148e+00
4.425063610076904297e+00	-2.476437091827392578e+00
1.029024791717529297e+01	3.160104513168334961e+00
9.728046417236328125e+00	2.724219560623168945e+00
9.499184608459472656e+00	2.311503410339355469e+00
5.542641639709472656e+00	-2.243925094604492188e+00
8.810673713684082031e+00	3.553386449813842773e+00
6.323006153106689453e+00	1.019395589828491211e+00
1.213126182556152344e+00	1.255187630653381348e+00
7.407218933105468750e+00	1.437758088111877441e+00
9.810638427734375000e+00	1.762420535087585449e+00
9.496503829956054688e+00	-5.819607973098754883e-01
5.160395622253417969e+00	3.351794719696044922e+00
9.599496841430664062e+00	3.086252927780151367e+00
4.906988620758056641e+00	7.127512097358703613e-01
9.157299041748046875e+00	9.031974077224731445e-01
7.455487251281738281e+00	6.552582383155822754e-01
7.959793567657470703e+00	1.901629209518432617e+00
5.880720138549804688e+00	-1.028658270835876465e+00
7.093852043151855469e+00	-5.075240135192871094e-01
1.108904075622558594e+01	1.143127322196960449e+00
5.442183494567871094e+00	3.199846506118774414e+00
7.624289035797119141e+00	1.838786244392395020e+00
5.418680191040039062e+00	-7.855547964572906494e-02
9.073052406311035156e+00	2.704440355300903320e+00
2.932543516159057617e+00	1.355114698410034180e+00
1.859830379486083984e+00	1.033151388168334961e+00
5.236405372619628906e+00	1.449545621871948242e-01
7.710459232330322266e+00	-9.561566114425659180e-01
5.295664787292480469e+00	3.321669578552246094e+00
5.407713890075683594e+00	2.581068754196166992e+00
7.078800201416015625e+00	-1.171294450759887695e+00
1.056233406066894531e+01	-1.046088814735412598e+00
1.004052162170410156e+01	5.134745240211486816e-01
6.691786289215087891e+00	-1.070523023605346680e+00
4.652369022369384766e+00	1.335120677947998047e+00
9.408253669738769531e+00	-3.328415155410766602e-01
6.645096778869628906e+00	-2.089517831802368164e+00
8.753758430480957031e+00	1.135749340057373047e+00
6.667127609252929688e+00	1.125903844833374023e+00
2.633061885833740234e+00	3.615558147430419922e-01
9.704549789428710938e+00	1.758020162582397461e+00
6.583834171295166016e+00	2.544928789138793945e+00
7.723392486572265625e+00	3.944140195846557617e+00
2.889507770538330078e+00	1.386485815048217773e+00
3.650451183319091797e+00	1.285868287086486816e+00
7.984084129333496094e+00	-2.406315207481384277e-01
8.796379089355468750e+00	2.545712292194366455e-01
1.673284173011779785e+00	1.071847438812255859e+00
3.096148490905761719e+00	1.095233559608459473e+00
4.293553829193115234e+00	8.134152293205261230e-01
6.081837654113769531e+00	-2.443428039550781250e+00
6.649163246154785156e+00	2.135499954223632812e+00
4.260935783386230469e+00	1.886626005172729492e+00
5.678003311157226562e+00	5.900233387947082520e-01
3.791236877441406250e+00	-1.370429992675781250e+00
9.751102447509765625e+00	1.289123892784118652e+00
4.312433719635009766e+00	-2.407467365264892578e+00
3.762924432754516602e+00	8.420719504356384277e-01
7.408318996429443359e+00	-1.941199779510498047e+00
7.368475914001464844e+00	-7.488268017768859863e-01
6.078287601470947266e+00	1.699150353670120239e-01
5.789810180664062500e+00	-2.086686849594116211e+00
3.320176601409912109e+00	5.294005274772644043e-01
9.276328086853027344e+00	1.791050791740417480e+00
7.982712268829345703e+00	3.604751586914062500e+00
4.664188385009765625e+00	2.149421691894531250e+00
9.375731468200683594e+00	1.233078956604003906e+00
9.687201499938964844e+00	2.797473192214965820e+00
5.421493053436279297e+00	8.629613555967807770e-03
5.157167911529541016e+00	4.254783987998962402e-01
1.126063537597656250e+01	-1.257079958915710449e+00
8.091675758361816406e+00	1.747319459915161133e+00
6.526288986206054688e+00	7.964463233947753906e-01
6.828245639801025391e+00	1.610183835029602051e+00
8.539713859558105469e+00	-1.763378858566284180e+00
4.223230361938476562e+00	2.864269018173217773e+00
9.940203666687011719e+00	2.250666379928588867e+00
5.489933967590332031e+00	4.493534266948699951e-01
9.707776069641113281e+00	2.753281354904174805e+00
3.428715229034423828e+00	8.028745055198669434e-01
3.863850355148315430e+00	9.522550702095031738e-01
3.024298191070556641e+00	-1.310378164052963257e-01
1.040312576293945312e+01	4.216934680938720703e+00
6.300045490264892578e+00	2.984773874282836914e+00
4.037620067596435547e+00	5.742995738983154297e-01
4.740011692047119141e+00	2.366188764572143555e+00
6.396104335784912109e+00	2.819806814193725586e+00
6.201810836791992188e+00	1.028902411460876465e+00
3.529843568801879883e+00	1.955181002616882324e+00
6.726558208465576172e+00	1.728839874267578125e+00
2.976842164993286133e+00	9.244329482316970825e-02
9.612913131713867188e+00	8.488819003105163574e-01
2.503762722015380859e+00	-8.298934251070022583e-02
9.883355140686035156e+00	2.079644918441772461e+00
5.605101108551025391e+00	3.328542470932006836e+00
1.167795538902282715e+00	-9.145865589380264282e-02
5.650124073028564453e+00	-1.138620376586914062e+00
6.710202217102050781e+00	3.451812267303466797e+00
8.964760780334472656e+00	-1.609473861753940582e-02
9.973174095153808594e+00	-1.163734793663024902e-01
7.907775878906250000e+00	1.049886345863342285e+00
9.636682510375976562e+00	3.312553644180297852e+00
3.510996580123901367e+00	1.133615255355834961e+00
2.486999750137329102e+00	1.553738832473754883e+00
6.525876045227050781e+00	5.628044009208679199e-01
7.707652091979980469e+00	3.824570775032043457e-01
5.462044239044189453e+00	2.658726215362548828e+00
6.565139770507812500e+00	3.030126094818115234e+00
6.616272926330566406e+00	1.606736183166503906e+00
1.157828450202941895e+00	6.289631128311157227e-01
5.939408779144287109e+00	1.547898292541503906e+00
6.923370838165283203e+00	-4.287547171115875244e-01
8.908634185791015625e+00	1.989628791809082031e+00
4.497241020202636719e+00	6.487924456596374512e-01
7.535802364349365234e+00	1.886229991912841797e+00
7.491340160369873047e+00	1.760624885559082031e+00
7.509027004241943359e+00	3.624234914779663086e+00
8.237651824951171875e+00	9.091460704803466797e-01
4.462558269500732422e+00	-1.551879942417144775e-01
6.104325294494628906e+00	5.042433738708496094e-01
9.659891128540039062e+00	-6.158404350280761719e-01
5.064456462860107422e+00	2.800890207290649414e+00
3.335641622543334961e+00	7.857334017753601074e-01
3.176084280014038086e+00	9.950539469718933105e-01
3.589240550994873047e+00	-7.128422856330871582e-01
1.081851387023925781e+01	4.803659319877624512e-01
8.176133155822753906e+00	1.635360598564147949e+00
4.219626426696777344e+00	-1.658856749534606934e+00
5.174862861633300781e+00	-2.764747619628906250e+00
9.549845695495605469e+00	1.268825173377990723e+00
3.869407653808593750e+00	-8.919661864638328552e-03
6.661172389984130859e+00	2.984089136123657227e+00
1.699449181556701660e+00	5.573204159736633301e-01
7.874517917633056641e+00	1.873676776885986328e-01
6.658571720123291016e+00	2.288699150085449219e-01
6.706853389739990234e+00	2.849367618560791016e+00
4.310099601745605469e+00	-2.237417697906494141e+00
1.015945625305175781e+01	-1.290156841278076172e+00
8.269775390625000000e+00	8.047949075698852539e-01
1.091397380828857422e+01	-1.906585693359375000e-02
4.350690364837646484e+00	-7.701577246189117432e-02
6.593292713165283203e+00	-7.479016184806823730e-01
8.514719009399414062e+00	3.371992111206054688e+00
4.418083190917968750e+00	5.065371990203857422e-01
4.598558425903320312e+00	-1.732454061508178711e+00
1.004292201995849609e+01	2.187845230102539062e+00
8.674489974975585938e+00	3.207848072052001953e+00
1.712726831436157227e+00	4.283824563026428223e-01
7.180237770080566406e+00	3.368456840515136719e+00
7.852965354919433594e+00	3.342158794403076172e+00
1.019680500030517578e+01	1.743133902549743652e+00
4.559311866760253906e+00	-1.315455079078674316e+00
4.688652992248535156e+00	1.393044471740722656e+00
8.715970039367675781e+00	8.991638422012329102e-01
7.493976116180419922e+00	-1.713970899581909180e+00
6.669840812683105469e+00	3.526995182037353516e+00
6.565173149108886719e+00	-9.893168210983276367e-01
3.779484272003173828e+00	1.015818715095520020e+00
1.041122436523437500e+01	2.954907417297363281e+00
8.803710937500000000e+00	1.645738840103149414e+00
4.212249755859375000e+00	1.685113072395324707e+00
2.120347023010253906e+00	1.842459440231323242e+00
5.767017841339111328e+00	2.332775354385375977e+00
7.230973243713378906e+00	3.712753772735595703e+00
3.558173656463623047e+00	1.936944365501403809e+00
8.463749885559082031e+00	-1.133014798164367676e+00
8.584836006164550781e+00	1.983969688415527344e+00
8.716688156127929688e+00	2.273796081542968750e+00
5.103894710540771484e+00	-1.617422580718994141e+00
3.350307941436767578e+00	-6.655744314193725586e-01
8.635083198547363281e+00	-5.495101213455200195e-01
5.897418975830078125e+00	7.344039082527160645e-01
6.172945022583007812e+00	5.288469791412353516e-01
5.813510417938232422e+00	2.890623331069946289e+00
5.540610790252685547e+00	1.549295186996459961e+00
1.097644042968750000e+01	-1.817028373479843140e-01
9.535696983337402344e+00	-1.233994960784912109e+00
5.876867771148681641e+00	2.434554100036621094e+00
6.263664245605468750e+00	2.172161340713500977e+00
1.608278036117553711e+00	1.333332777023315430e+00
2.480072736740112305e+00	1.036727309226989746e+00
7.593548297882080078e+00	4.370024204254150391e-01
3.315518140792846680e+00	1.004196286201477051e+00
3.703843832015991211e+00	-4.344319403171539307e-01
8.711847305297851562e+00	2.188421010971069336e+00
5.496469020843505859e+00	-2.839175462722778320e+00
1.370513558387756348e+00	6.544978022575378418e-01
4.798159599304199219e+00	-6.055409312248229980e-01
6.176823616027832031e+00	-1.951847434043884277e+00
4.580431461334228516e+00	-1.366100192070007324e+00
2.479482889175415039e+00	8.799426555633544922e-01
2.251815795898437500e+00	1.529919266700744629e+00
7.485766887664794922e+00	3.002133071422576904e-01
7.774499893188476562e+00	3.838090598583221436e-01
8.699929237365722656e+00	-2.232150137424468994e-01
5.332859516143798828e+00	1.809947490692138672e+00
8.980446815490722656e+00	1.149781703948974609e+00
1.720199465751647949e+00	1.116493344306945801e+00
7.960263729095458984e+00	-7.334140539169311523e-01
8.213035583496093750e+00	-4.238418340682983398e-01
3.477326393127441406e+00	-1.418707072734832764e-01
3.367818355560302734e+00	-1.738967299461364746e+00
2.410989522933959961e+00	1.139841794967651367e+00
8.506925582885742188e+00	4.026430606842041016e+00
7.635576725006103516e+00	1.549520969390869141e+00
9.092555046081542969e+00	1.535239338874816895e+00
6.453766822814941406e+00	-1.404847145080566406e+00
3.375843048095703125e+00	4.738963544368743896e-01
5.236680507659912109e+00	3.571067094802856445e+00
7.752231121063232422e+00	6.007149815559387207e-01
5.900132656097412109e+00	2.981833934783935547e+00
8.375564575195312500e+00	5.750088691711425781e-01
2.835390567779541016e+00	1.750603318214416504e+00
7.351793766021728516e+00	1.850978851318359375e+00
6.450485706329345703e+00	-2.775121033191680908e-01
5.275543689727783203e+00	2.966220855712890625e+00
7.095031261444091797e+00	3.359406888484954834e-01
6.058399200439453125e+00	1.639540314674377441e+00
6.773210048675537109e+00	1.986387252807617188e+00
6.164019584655761719e+00	8.345453739166259766e-01
4.683679580688476562e+00	1.711807370185852051e+00
6.417634487152099609e+00	-6.858540773391723633e-01
3.720502853393554688e+00	8.871421217918395996e-02
5.363289833068847656e+00	1.908147096633911133e+00
6.366611957550048828e+00	3.096129894256591797e+00
1.001466393470764160e+00	2.195316255092620850e-01
1.052069187164306641e+01	-1.666939556598663330e-01
1.022238349914550781e+01	-6.034719571471214294e-02
3.186618804931640625e+00	2.393437623977661133e+00
4.747670173645019531e+00	-6.243292093276977539e-01
3.273470163345336914e+00	-3.413772284984588623e-01
4.538768291473388672e+00	-1.963854432106018066e-01
4.959366798400878906e+00	-1.769199013710021973e+00
5.105432987213134766e+00	-5.261345505714416504e-01
6.342218399047851562e+00	-9.300996065139770508e-01
1.075626182556152344e+01	3.196424961090087891e+00
3.749089956283569336e+00	7.253749966621398926e-01
6.820315837860107422e+00	3.772388696670532227e+00
9.698638916015625000e+00	2.598962068557739258e+00
4.271200656890869141e+00	-1.762204766273498535e-01
2.276464700698852539e+00	2.541501522064208984e-01
5.861264228820800781e+00	3.469331264495849609e+00
9.399859428405761719e+00	-1.295651674270629883e+00
3.272608518600463867e+00	8.379815220832824707e-01
8.068908691406250000e+00	2.146568059921264648e+00
5.953077316284179688e+00	1.501327633857727051e+00
9.230524063110351562e+00	2.718384265899658203e+00
1.006716156005859375e+01	1.999834895133972168e+00
8.415724754333496094e+00	2.452144861221313477e+00
2.687469959259033203e+00	4.510230720043182373e-01
2.006688117980957031e+00	-3.658581972122192383e-01
6.581480026245117188e+00	2.463314533233642578e+00
1.111694049835205078e+01	-1.296109080314636230e+00
4.020678997039794922e+00	8.702738881111145020e-01
7.317957878112792969e+00	3.044327259063720703e+00
3.219570159912109375e+00	1.539320230484008789e+00
8.171897888183593750e+00	3.415269851684570312e+00
1.074416637420654297e+01	2.762125015258789062e+00
6.840212821960449219e+00	3.783857822418212891e+00
7.842676639556884766e+00	9.263047575950622559e-01
7.547719001770019531e+00	4.204668521881103516e+00
1.864712953567504883e+00	2.292423099279403687e-01
1.018558597564697266e+01	8.594810962677001953e-01
1.019708347320556641e+01	-3.228533267974853516e-01
3.168568372726440430e+00	1.933237433433532715e+00
1.062556552886962891e+01	2.347003459930419922e+00
6.706696033477783203e+00	3.449204683303833008e+00
8.294549942016601562e+00	3.826150178909301758e+00
6.389220237731933594e+00	-1.503097057342529297e+00
7.674929141998291016e+00	-2.343484908342361450e-01
7.176462173461914062e+00	-9.261454343795776367e-01
2.430813789367675781e+00	-2.387256175279617310e-01
6.083827972412109375e+00	1.461984157562255859e+00
6.390711307525634766e+00	-1.480244874954223633e+00
3.342163324356079102e+00	-1.510967254638671875e+00
8.507509231567382812e+00	-8.961267471313476562e-01
7.583600044250488281e+00	-6.872677206993103027e-01
8.793296813964843750e+00	4.286197423934936523e-01
1.243094921112060547e+00	-3.593628481030464172e-02
5.978046894073486328e+00	2.656796455383300781e+00
5.119171619415283203e+00	1.078103542327880859e+00
1.035740947723388672e+01	3.053617477416992188e+00
4.366238594055175781e+00	1.820039302110671997e-01
1.036334514617919922e+01	-7.192531824111938477e-01
1.058604812622070312e+01	-1.062588930130004883e+00
2.240194797515869141e+00	-1.018675565719604492e+00
9.075428009033203125e+00	-1.271370649337768555e+00
6.247667789459228516e+00	5.772498846054077148e-01
3.747025251388549805e+00	-1.668597936630249023e+00
7.063944816589355469e+00	6.768567562103271484e-01
9.447817802429199219e+00	6.974250823259353638e-02
6.790154933929443359e+00	2.940579175949096680e+00
5.080375671386718750e+00	2.234252214431762695e+00
1.173434972763061523e+00	3.406293988227844238e-01
1.072912883758544922e+01	3.106068611145019531e+00
6.211438179016113281e+00	6.862239539623260498e-02
3.017714977264404297e+00	-9.380612969398498535e-01
8.242742538452148438e+00	1.179635763168334961e+00
5.528699874877929688e+00	-2.147595405578613281e+00
3.807611227035522461e+00	2.332329988479614258e+00
7.203906536102294922e+00	2.732529401779174805e+00
7.730435371398925781e+00	-3.676389455795288086e-01
3.771396398544311523e+00	-1.316415429115295410e+00
7.211375713348388672e+00	2.290435075759887695e+00
5.595602035522460938e+00	-1.674339175224304199e+00
5.393789291381835938e+00	-2.435682535171508789e+00
3.467772960662841797e+00	-1.831027865409851074e-01
4.540957450866699219e+00	3.188981056213378906e+00
5.863019466400146484e+00	8.106366991996765137e-01
1.765789389610290527e+00	8.300859481096267700e-02
3.645218133926391602e+00	1.641913890838623047e+00
9.881012439727783203e-01	-6.903516501188278198e-02
7.319015502929687500e+00	1.461180806159973145e+00
2.409475564956665039e+00	5.123531818389892578e-01
5.506383895874023438e+00	2.629682302474975586e+00
8.725307464599609375e+00	4.035027980804443359e+00
3.028497695922851562e+00	-3.194341361522674561e-01
2.955596446990966797e+00	-6.902116537094116211e-01
6.670636653900146484e+00	9.519324302673339844e-01
8.824395179748535156e+00	2.134111642837524414e+00
7.755578994750976562e+00	2.029551744461059570e+00
4.818379878997802734e+00	-1.983087897300720215e+00
6.582531929016113281e+00	-6.531744599342346191e-01
8.899233818054199219e+00	-1.086058735847473145e+00
1.077105712890625000e+01	1.938513159751892090e+00
1.023629665374755859e+01	2.798474788665771484e+00
9.661668777465820312e+00	-3.191579580307006836e-01
5.335498809814453125e+00	-8.561860322952270508e-01
8.984979629516601562e+00	1.496418476104736328e+00
6.421056270599365234e+00	-5.226169824600219727e-01
4.908608913421630859e+00	5.747993588447570801e-01
4.489473819732666016e+00	-1.704987764358520508e+00
4.620822906494140625e+00	-2.021879673004150391e+00
3.398130178451538086e+00	9.768464565277099609e-01
3.489731073379516602e+00	-1.768895387649536133e+00
8.091262817382812500e+00	-6.059896349906921387e-01
5.766535282135009766e+00	3.506870985031127930e+00
5.915431499481201172e+00	-2.616510391235351562e+00
9.165070533752441406e+00	2.895531415939331055e+00
9.239281654357910156e+00	6.578969359397888184e-01
1.074200630187988281e+01	1.146767020225524902e+00
4.200651168823242188e+00	-1.850925207138061523e+00
6.154032707214355469e+00	1.750841975212097168e+00
9.909959793090820312e+00	3.373681783676147461e+00
5.166133880615234375e+00	-4.633280336856842041e-01
7.601469516754150391e+00	-6.921307444572448730e-01
5.544437408447265625e+00	5.555477142333984375e-01
7.382257938385009766e+00	-1.140108942985534668e+00
6.343894481658935547e+00	1.702885508537292480e+00
6.768414020538330078e+00	-6.750292778015136719e-01
1.232708096504211426e+00	5.089861750602722168e-01
3.857452869415283203e+00	1.499907612800598145e+00
5.864817142486572266e+00	-2.476539909839630127e-01
4.442820549011230469e+00	1.247306585311889648e+00
7.130038261413574219e+00	2.074444741010665894e-01
4.157956123352050781e+00	-9.469515085220336914e-01
1.070531272888183594e+01	4.004740238189697266e+00
4.933770656585693359e+00	1.955237835645675659e-01
9.247941970825195312e+00	1.302012443542480469e+00
6.329905986785888672e+00	-2.507241725921630859e+00
2.158874273300170898e+00	-7.175658941268920898e-01
3.352942705154418945e+00	4.276156425476074219e-01
3.900424957275390625e+00	8.550517559051513672e-01
5.930494785308837891e+00	1.826264262199401855e-01
6.216518878936767578e+00	1.769103884696960449e+00
1.028553676605224609e+01	3.210540771484375000e+00
8.677963256835937500e+00	2.831245660781860352e+00
5.576278209686279297e+00	1.456111311912536621e+00
7.931132793426513672e+00	3.003619909286499023e+00
4.775423526763916016e+00	4.567113220691680908e-01
7.278274536132812500e+00	-6.690927743911743164e-01
6.758599758148193359e+00	1.211370587348937988e+00
7.398055076599121094e+00	-5.620037317276000977e-01
1.531725406646728516e+00	9.899082779884338379e-01
4.427646160125732422e+00	3.420730829238891602e+00
9.006412506103515625e+00	2.849754571914672852e+00
5.301254272460937500e+00	2.231646776199340820e+00
6.725711345672607422e+00	5.587320327758789062e-01
9.365482330322265625e+00	2.411386728286743164e+00
5.478550434112548828e+00	2.831217288970947266e+00
7.140067100524902344e+00	-1.403926968574523926e+00
9.990887641906738281e+00	8.027817010879516602e-01
6.722654819488525391e+00	2.701902866363525391e+00
7.747037887573242188e+00	2.224967718124389648e+00
7.493967533111572266e+00	1.131834030151367188e+00
6.323186397552490234e+00	-5.595726370811462402e-01
9.051383018493652344e+00	7.986175417900085449e-01
1.030308055877685547e+01	8.568101525306701660e-01
8.958767890930175781e+00	2.142333507537841797e+00
8.027538299560546875e+00	-1.961186051368713379e+00
6.593437671661376953e+00	-1.238547824323177338e-02
4.844360351562500000e+00	-2.145675659179687500e+00
1.134326577186584473e+00	1.582230478525161743e-01
9.092957496643066406e+00	1.244633436203002930e+00
6.334025859832763672e+00	1.705180406570434570e+00
1.104895687103271484e+01	1.268683552742004395e+00
6.978312492370605469e+00	1.644931197166442871e+00
9.105109214782714844e+00	2.504597902297973633e+00
5.204534053802490234e+00	1.628226637840270996e+00
5.171993732452392578e+00	2.340854406356811523e+00
8.492033958435058594e+00	2.149203300476074219e+00
1.460470199584960938e+00	6.459239125251770020e-01
1.080243682861328125e+01	3.730709075927734375e+00
8.391061782836914062e+00	5.437744259834289551e-01
3.089889526367187500e+00	1.216983437538146973e+00
6.886546611785888672e+00	1.669196963310241699e+00
1.070613574981689453e+01	6.978275775909423828e-01
7.825314521789550781e+00	7.252127677202224731e-02
8.571555137634277344e+00	2.509013652801513672e+00
6.624913692474365234e+00	-2.524253368377685547e+00
1.059972190856933594e+01	1.727005243301391602e+00
4.077156066894531250e+00	-2.301614761352539062e+00
1.462988018989562988e+00	-4.480747878551483154e-01
9.037759780883789062e+00	-1.521751284599304199e-01
4.239357948303222656e+00	1.025775671005249023e+00
4.243536472320556641e+00	-1.946008563041687012e+00
5.737873554229736328e+00	-1.818618178367614746e-01
8.313186645507812500e+00	-1.762915968894958496e+00
4.575417518615722656e+00	1.724642992019653320e+00
8.792665481567382812e+00	2.823872804641723633e+00
6.067522048950195312e+00	1.463835000991821289e+00
7.993829727172851562e+00	-8.579570055007934570e-01
9.106168746948242188e+00	1.894474625587463379e+00
9.498569488525390625e+00	1.614238142967224121e+00
9.773933410644531250e+00	2.450284957885742188e+00
3.485181093215942383e+00	-1.039083302021026611e-01
2.714025020599365234e+00	-9.076604247093200684e-01
3.379415750503540039e+00	1.122750401496887207e+00
6.376155853271484375e+00	8.009349107742309570e-01
3.793748140335083008e+00	2.651099205017089844e+00
4.567190647125244141e+00	-1.645983815193176270e+00
8.143268585205078125e+00	1.972608327865600586e+00
1.055057239532470703e+01	2.462003946304321289e+00
7.729094028472900391e+00	2.351687192916870117e+00
6.915695667266845703e+00	1.375529766082763672e+00
7.919558048248291016e+00	-4.492438957095146179e-02
6.671050071716308594e+00	-2.957029640674591064e-01
6.279307842254638672e+00	-5.364814996719360352e-01
9.563680648803710938e+00	3.208899736404418945e+00
6.483604431152343750e+00	-1.884717226028442383e+00
5.762753009796142578e+00	1.037175297737121582e+00
4.398260593414306641e+00	1.442981362342834473e+00
3.721957445144653320e+00	1.893486738204956055e+00
6.418412208557128906e+00	1.555253148078918457e+00
3.378861188888549805e+00	-1.141938492655754089e-01
7.507392883300781250e+00	2.942827463150024414e+00
7.045802593231201172e+00	2.889439105987548828e+00
6.437877178192138672e+00	3.387862920761108398e+00
6.561772823333740234e+00	9.576915502548217773e-01
6.490991115570068359e+00	1.621410250663757324e+00
2.358778238296508789e+00	-7.072083950042724609e-01
6.523861885070800781e+00	2.426584005355834961e+00
4.749245643615722656e+00	4.257474839687347412e-01
8.138901710510253906e+00	4.590412080287933350e-01
2.627669811248779297e+00	-1.910617947578430176e-01
6.025128841400146484e+00	1.839615464210510254e+00
3.923334360122680664e+00	-8.654978275299072266e-01
4.228250980377197266e+00	-2.265244960784912109e+00
9.468862533569335938e+00	-3.981912136077880859e-02
2.197889328002929688e+00	-8.273513913154602051e-01
8.085869789123535156e+00	1.785748720169067383e+00
4.759713172912597656e+00	-2.676642656326293945e+00
5.027458667755126953e+00	2.872655630111694336e+00
6.273003578186035156e+00	1.724489092826843262e+00
1.128649902343750000e+01	-1.239761352539062500e+00
6.962393760681152344e+00	2.127124547958374023e+00
7.216294288635253906e+00	3.061538934707641602e+00
6.475506305694580078e+00	-5.887088179588317871e-01
5.437059402465820312e+00	5.915347337722778320e-01
3.264966011047363281e+00	1.209047317504882812e+00
2.668441295623779297e+00	1.453321933746337891e+00
5.138586997985839844e+00	1.630916237831115723e+00
4.396842002868652344e+00	1.141929507255554199e+00
5.049447059631347656e+00	2.675198554992675781e+00
6.822780609130859375e+00	2.177015066146850586e+00
6.168860435485839844e+00	-2.510009407997131348e-01
5.347420692443847656e+00	1.149383187294006348e+00
6.031844139099121094e+00	3.068874835968017578e+00
5.965290069580078125e+00	-2.546668238937854767e-02
3.775756359100341797e+00	2.785102128982543945e+00
5.787507534027099609e+00	1.917264223098754883e+00
5.231069087982177734e+00	-2.572802782058715820e+00
8.840800285339355469e+00	-1.204036951065063477e+00
4.935607910156250000e+00	-1.691426038742065430e+00
8.700264930725097656e+00	1.206277966499328613e+00
6.055890560150146484e+00	-4.087479412555694580e-01
8.783411979675292969e+00	2.080279827117919922e+00
1.233969449996948242e+00	3.987727761268615723e-01
8.405333518981933594e+00	2.273822069168090820e+00
6.430206298828125000e+00	2.252107143402099609e+00
8.071012496948242188e+00	-5.796420574188232422e-01
1.052655792236328125e+01	1.609352082014083862e-01
8.077789306640625000e+00	2.532959938049316406e+00
6.778889179229736328e+00	3.105716228485107422e+00
1.054442787170410156e+01	-1.960206329822540283e-01
7.518164634704589844e+00	2.023520469665527344e+00
1.083897018432617188e+01	2.611541748046875000e+00
9.190214157104492188e+00	3.299746274948120117e+00
5.309430122375488281e+00	6.963618993759155273e-01
1.187855243682861328e+00	-1.898559778928756714e-01
9.245849609375000000e+00	1.984429597854614258e+00
4.337553501129150391e+00	8.817238211631774902e-01
7.945641994476318359e+00	2.330862760543823242e+00
1.068356704711914062e+01	3.351547002792358398e+00
9.407915115356445312e+00	1.527575016021728516e+00
7.334665298461914062e+00	7.545258998870849609e-01
7.414317607879638672e+00	2.946975469589233398e+00
8.010498046875000000e+00	2.481462001800537109e+00
7.129539012908935547e+00	1.066512823104858398e+00
9.347570419311523438e+00	3.044051170349121094e+00
7.915911674499511719e+00	2.148442268371582031e+00
4.644112586975097656e+00	-1.146422147750854492e+00
2.709120988845825195e+00	1.975347518920898438e+00
3.732990503311157227e+00	1.606411814689636230e+00
4.553513526916503906e+00	3.320731967687606812e-02
5.704771518707275391e+00	-2.323595046997070312e+00
4.755818843841552734e+00	3.059330463409423828e+00
7.179000854492187500e+00	-1.058535099029541016e+00
7.592979907989501953e+00	3.050981760025024414e+00
5.827055931091308594e+00	4.390472173690795898e-02
3.428683519363403320e+00	6.668065786361694336e-01
9.595028877258300781e+00	3.464099168777465820e+00
7.131273269653320312e+00	-1.233333945274353027e+00
1.841129779815673828e+00	8.203623890876770020e-01
2.067103385925292969e+00	1.122685790061950684e+00
8.364773750305175781e+00	6.932054162025451660e-01
7.079137325286865234e+00	4.746756255626678467e-01
3.678454399108886719e+00	-1.584715247154235840e+00
1.044934654235839844e+01	4.302660942077636719e+00
3.664182901382446289e+00	1.274485737085342407e-01
8.013000488281250000e+00	3.221076726913452148e+00
1.104066181182861328e+01	2.758981704711914062e+00
6.720840454101562500e+00	1.195447444915771484e+00
5.725824832916259766e+00	-1.486849188804626465e-01
8.029118537902832031e+00	3.061014652252197266e+00
6.990818023681640625e+00	-1.730532199144363403e-01
4.032313823699951172e+00	2.178277492523193359e+00
6.763664245605468750e+00	3.872182130813598633e+00
3.462936401367187500e+00	9.717440605163574219e-01
9.862133979797363281e+00	-6.440557241439819336e-01
6.908092498779296875e+00	-2.950992286205291748e-01
2.159509181976318359e+00	-1.397285908460617065e-01
3.906329631805419922e+00	1.437439799308776855e+00
5.807693958282470703e+00	2.463274955749511719e+00
5.012300014495849609e+00	2.866209268569946289e+00
5.196094989776611328e+00	1.864367961883544922e+00
8.158478736877441406e+00	8.927924036979675293e-01
1.028186607360839844e+01	1.215139508247375488e+00
6.588551998138427734e+00	-1.278599500656127930e+00
8.439662933349609375e+00	-7.412788271903991699e-01
9.082300186157226562e+00	-5.015317350625991821e-02
2.899819135665893555e+00	2.135730743408203125e+00
7.434091091156005859e+00	9.249722957611083984e-02
4.194899559020996094e+00	1.217712879180908203e+00
8.801991462707519531e+00	1.144509077072143555e+00
1.082921600341796875e+01	-1.192520856857299805e+00
6.514554977416992188e+00	-2.691361904144287109e-01
6.749292850494384766e+00	-2.676316261291503906e+00
6.860091209411621094e+00	-7.844974398612976074e-01
4.258511543273925781e+00	-5.245523452758789062e-01
5.604889392852783203e+00	-5.195651650428771973e-01
1.029334068298339844e+01	3.276142120361328125e+00
4.825674533843994141e+00	8.959012031555175781e-01
1.032497024536132812e+01	1.020235538482666016e+00
3.969168901443481445e+00	1.959796071052551270e+00
5.807815551757812500e+00	1.183283448219299316e+00
5.700194358825683594e+00	5.993567705154418945e-01
2.575013875961303711e+00	3.181975185871124268e-01
9.953392028808593750e+00	1.489931225776672363e+00
1.272462606430053711e+00	6.530650258064270020e-01
8.465465545654296875e+00	-2.116642296314239502e-01
8.420430183410644531e+00	-1.103469491004943848e+00
5.740159511566162109e+00	4.614443480968475342e-01
2.874266862869262695e+00	9.277393817901611328e-01
4.899911880493164062e+00	-1.441983819007873535e+00
3.181780576705932617e+00	-4.370920956134796143e-01
7.327407836914062500e+00	1.265354990959167480e+00
3.167570352554321289e+00	2.596709012985229492e+00
1.299235939979553223e+00	-2.011926770210266113e-01
7.998544216156005859e+00	1.242951393127441406e+00
8.777325630187988281e+00	3.902631044387817383e+00
3.583886861801147461e+00	-3.849992901086807251e-02
6.398118972778320312e+00	1.762493610382080078e+00
1.087020683288574219e+01	2.604152679443359375e+00
6.434402942657470703e+00	1.894613623619079590e+00
7.347062587738037109e+00	8.526831269264221191e-01
1.618003129959106445e+00	5.531002879142761230e-01
9.768111228942871094e+00	-1.129742488265037537e-01
7.727423191070556641e+00	-2.258268594741821289e+00
8.456151962280273438e+00	3.885424852371215820e+00
6.655152320861816406e+00	-1.625587821006774902e+00
2.259137392044067383e+00	1.516984701156616211e+00
6.582772731781005859e+00	2.914026677608489990e-01
7.275104045867919922e+00	1.281821727752685547e+00
5.340416908264160156e+00	2.422732263803482056e-01
1.064826488494873047e+01	3.770739138126373291e-01
4.263990402221679688e+00	1.058822035789489746e+00
8.221278190612792969e+00	1.575579524040222168e+00
7.721762657165527344e+00	3.456020832061767578e+00
7.426702499389648438e+00	3.503236770629882812e+00
1.500846862792968750e+00	-9.911008924245834351e-02
5.634517192840576172e+00	-5.709355473518371582e-01
5.805293560028076172e+00	-2.998371839523315430e+00
4.587876319885253906e+00	-2.449275702238082886e-01
5.442174911499023438e+00	-2.164515018463134766e+00
2.279684782028198242e+00	4.923932254314422607e-01
7.154638290405273438e+00	3.743139207363128662e-01
5.615241050720214844e+00	-1.014655709266662598e+00
1.842888474464416504e+00	2.802061438560485840e-01
7.246747016906738281e+00	4.793814122676849365e-01
1.842847347259521484e+00	9.521979093551635742e-01
1.084540843963623047e+01	3.676123857498168945e+00
5.148907184600830078e+00	-6.273210644721984863e-01
2.384730100631713867e+00	9.667942523956298828e-01
4.502111911773681641e+00	3.507327735424041748e-01
3.031143903732299805e+00	6.112172082066535950e-02
1.087545108795166016e+01	3.535815238952636719e+00
5.632283687591552734e+00	2.462355136871337891e+00
2.587765693664550781e+00	1.223695516586303711e+00
7.843357563018798828e+00	7.491990923881530762e-01
4.466557025909423828e+00	3.226885199546813965e-02
8.048891067504882812e+00	3.632672071456909180e+00
6.913884639739990234e+00	2.765489816665649414e+00
3.840393304824829102e+00	2.596193552017211914e+00
9.465462684631347656e+00	-3.457181155681610107e-01
8.765848159790039062e+00	2.437329769134521484e+00
1.084979820251464844e+01	-3.669455945491790771e-01
8.531725883483886719e+00	2.477481365203857422e+00
7.504265785217285156e+00	1.012460350990295410e+00
2.778616666793823242e+00	-1.432824730873107910e+00
3.490287065505981445e+00	-5.289248004555702209e-02
6.826475143432617188e+00	9.919399023056030273e-02
5.629246711730957031e+00	1.298941254615783691e+00
5.119345664978027344e+00	-6.183454990386962891e-01
1.402681589126586914e+00	9.102648496627807617e-01
9.973127365112304688e+00	3.294328689575195312e+00
8.027220726013183594e+00	1.151262223720550537e-02
3.120514392852783203e+00	-7.256793379783630371e-01
1.048859214782714844e+01	3.863881111145019531e+00
4.314688682556152344e+00	-1.132088184356689453e+00
4.468363285064697266e+00	2.414812803268432617e+00
4.632382869720458984e+00	3.570331096649169922e+00
5.198464393615722656e+00	2.677420377731323242e+00
5.313912868499755859e+00	-4.112309217453002930e-02
8.751788139343261719e+00	4.137328565120697021e-01
2.266819953918457031e+00	1.470052838325500488e+00
3.343703508377075195e+00	-1.882071852684020996e+00
2.628308534622192383e+00	9.703271985054016113e-01
8.740224838256835938e+00	6.706123352050781250e-01
9.680371284484863281e+00	1.546799421310424805e+00
8.313685417175292969e+00	2.690284252166748047e-01
4.072394847869873047e+00	4.989590346813201904e-01
9.169830322265625000e+00	3.323526382446289062e+00
7.340572357177734375e+00	-1.096768021583557129e+00
2.939323663711547852e+00	1.366730093955993652e+00
4.949650287628173828e+00	1.037178277969360352e+00
8.032417297363281250e+00	4.980385005474090576e-01
4.231336593627929688e+00	2.478915929794311523e+00
3.894088506698608398e+00	2.197120428085327148e+00
9.341340065002441406e+00	3.150295495986938477e+00
6.621597290039062500e+00	2.435194492340087891e+00
1.411646604537963867e+00	4.959736168384552002e-01
6.168487071990966797e+00	1.524707198143005371e+00
9.737652778625488281e+00	1.649497628211975098e+00
9.067024230957031250e+00	-2.780678570270538330e-01
6.514929294586181641e+00	2.426534414291381836e+00
9.821382522583007812e+00	3.723522901535034180e+00
6.914688110351562500e+00	3.310857057571411133e+00
5.938686370849609375e+00	1.312213063240051270e+00
7.518208980560302734e+00	2.418614864349365234e+00
8.764754295349121094e+00	2.977982521057128906e+00
5.428647041320800781e+00	1.327486038208007812e+00
5.864209651947021484e+00	-8.351097106933593750e-01
4.548341274261474609e+00	1.767077088356018066e+00
1.104895114898681641e+00	-3.623271882534027100e-01
6.533629417419433594e+00	9.513680338859558105e-01
9.957505226135253906e+00	1.379942521452903748e-02
9.131067276000976562e+00	2.212439537048339844e+00
2.455310821533203125e+00	5.396991372108459473e-01
1.525507926940917969e+00	-5.996735692024230957e-01
9.667169570922851562e+00	2.605706453323364258e+00
2.034880638122558594e+00	1.879908740520477295e-01
7.177909374237060547e+00	-1.096069142222404480e-01
3.334136247634887695e+00	6.985561847686767578e-01
4.882272243499755859e+00	-1.083975791931152344e+00
4.806966304779052734e+00	-2.630578279495239258e+00
4.508063316345214844e+00	1.323748111724853516e+00
9.497623443603515625e+00	2.831362724304199219e+00
9.009184837341308594e+00	-1.862397909164428711e+00
9.792804718017578125e-01	-3.837075782939791679e-03
1.010081768035888672e+01	3.127960205078125000e+00
2.725799798965454102e+00	1.049056172370910645e+00
1.045086669921875000e+01	4.068524360656738281e+00
5.360867977142333984e+00	-1.505468249320983887e+00
1.009819889068603516e+01	3.595595955848693848e-01
8.208810806274414062e+00	2.259481906890869141e+00
8.862193107604980469e+00	2.669029235839843750e+00
9.608922958374023438e+00	-1.296475410461425781e+00
7.198456764221191406e+00	1.744663834571838379e+00
4.821828842163085938e+00	3.169242620468139648e+00
1.075613117218017578e+01	3.572742938995361328e+00
5.884010314941406250e+00	1.270412206649780273e+00
4.854460716247558594e+00	-1.610175490379333496e+00
1.049819278717041016e+01	4.964997470378875732e-01
5.585840702056884766e+00	2.166702032089233398e+00
7.585623741149902344e+00	3.893988370895385742e+00
4.116480350494384766e+00	2.694788455963134766e+00
7.672054290771484375e+00	2.258423566818237305e+00
4.738246440887451172e+00	4.803307950496673584e-01
6.455521583557128906e+00	2.406492948532104492e+00
9.175664901733398438e+00	3.182229518890380859e+00
4.959178924560546875e+00	2.227428674697875977e+00
1.802403092384338379e+00	-4.930324554443359375e-01
4.719560623168945312e+00	1.377803683280944824e+00
8.208170890808105469e+00	8.464453816413879395e-01
7.279979228973388672e+00	3.852030992507934570e+00
4.086685657501220703e+00	-2.741373479366302490e-01
5.797837257385253906e+00	7.465200424194335938e-01
7.305749893188476562e+00	5.555724501609802246e-01
5.599017143249511719e+00	1.624333739280700684e+00
1.086378860473632812e+01	3.496994674205780029e-01
5.464235782623291016e+00	1.106454372406005859e+00
1.062204456329345703e+01	3.316184520721435547e+00
5.284746170043945312e+00	-2.260386943817138672e+00
1.057318305969238281e+01	2.582157135009765625e+00
4.333645343780517578e+00	2.882888793945312500e+00
9.765034675598144531e+00	3.513776779174804688e+00
3.223587512969970703e+00	-9.339546412229537964e-02
2.153833389282226562e+00	1.193454623222351074e+00
7.729907035827636719e+00	1.694169759750366211e+00
5.041431427001953125e+00	9.209982752799987793e-01
2.431550025939941406e+00	-3.735887706279754639e-01
3.795246362686157227e+00	3.399618566036224365e-01
4.526994705200195312e+00	2.777004003524780273e+00
4.368590831756591797e+00	1.480000615119934082e+00
1.038272476196289062e+01	4.320811271667480469e+00
9.568254470825195312e+00	2.562787055969238281e+00
3.419351100921630859e+00	1.646068394184112549e-01
8.673058509826660156e+00	1.735197424888610840e+00
4.620118141174316406e+00	-1.872596383094787598e+00
9.841004014015197754e-01	1.061527967453002930e+00
2.925352334976196289e+00	8.890780210494995117e-01
1.025870513916015625e+01	3.060399770736694336e+00
4.515141010284423828e+00	3.052789211273193359e+00
4.144154548645019531e+00	-1.717157363891601562e-01
6.816349506378173828e+00	-1.605562448501586914e+00
1.127460479736328125e+01	5.846499204635620117e-01
4.889588832855224609e+00	1.991737723350524902e+00
5.839059352874755859e+00	-1.876799017190933228e-01
6.319689273834228516e+00	1.462829470634460449e+00
1.153406620025634766e+00	-3.929676115512847900e-01
4.091506481170654297e+00	6.573076844215393066e-01
6.438284397125244141e+00	-1.447994112968444824e+00
3.442504644393920898e+00	-1.025451496243476868e-01
1.079504203796386719e+01	4.249978065490722656e+00
9.989234924316406250e+00	3.172972440719604492e+00
8.104172706604003906e+00	2.581817388534545898e+00
7.266794204711914062e+00	6.879369616508483887e-01
4.646103858947753906e+00	2.946823537349700928e-01
4.739179134368896484e+00	5.556264147162437439e-02
2.456048488616943359e+00	7.986540794372558594e-01
3.233083963394165039e+00	-7.225291132926940918e-01
1.515564203262329102e+00	1.566926479339599609e+00
7.239433288574218750e+00	-2.942150235176086426e-01
6.682734966278076172e+00	2.342225313186645508e+00
3.870942354202270508e+00	9.466857910156250000e-01
6.723499774932861328e+00	3.787621736526489258e+00
6.351569175720214844e+00	4.621515870094299316e-01
1.618962407112121582e+00	-6.529151648283004761e-02
4.091843605041503906e+00	1.320200324058532715e+00
9.122384071350097656e+00	1.737721443176269531e+00
6.978549480438232422e+00	-1.668222546577453613e+00
9.428608894348144531e+00	-1.515448570251464844e+00
5.145651817321777344e+00	-1.669778823852539062e+00
7.494767665863037109e+00	-9.277748316526412964e-02
1.082238769531250000e+01	3.852221727371215820e+00
8.970051765441894531e+00	5.008655786514282227e-01
9.973093986511230469e+00	-7.746300697326660156e-01
7.173533916473388672e+00	1.040720105171203613e+00
1.440937042236328125e+00	-2.923027873039245605e-01
8.957077026367187500e+00	2.794801235198974609e+00
2.398331880569458008e+00	-1.999219655990600586e-01
9.344281196594238281e+00	1.100736975669860840e+00
1.065121650695800781e+01	8.186073303222656250e-01
8.784544944763183594e+00	2.903564691543579102e+00
8.384770393371582031e+00	2.339305877685546875e+00
9.167222023010253906e+00	1.930726766586303711e+00
7.509900093078613281e+00	-4.275226593017578125e-01
7.922485828399658203e+00	-1.635156869888305664e+00
1.029207801818847656e+01	8.904479742050170898e-01
7.013962268829345703e+00	-2.394795417785644531e+00
1.427463889122009277e+00	2.618323778733611107e-03
1.095076847076416016e+01	4.199617385864257812e+00
6.630337238311767578e+00	-1.399376988410949707e-01
3.324360847473144531e+00	-4.694665074348449707e-01
6.335600376129150391e+00	3.634591102600097656e+00
4.653831005096435547e+00	-1.442553639411926270e+00
3.863146305084228516e+00	1.167543888092041016e+00
5.313521385192871094e+00	-3.014037847518920898e+00
1.084574508666992188e+01	4.098455429077148438e+00
8.268855094909667969e+00	2.237377405166625977e+00
4.074408054351806641e+00	2.262570858001708984e+00
9.130056381225585938e+00	1.483703255653381348e+00
8.911596298217773438e+00	-6.086675524711608887e-01
7.337593078613281250e+00	4.841065406799316406e-01
9.328403472900390625e+00	3.207805871963500977e+00
7.506393909454345703e+00	-1.494543910026550293e+00
4.596639156341552734e+00	1.255298376083374023e+00
3.501879692077636719e+00	7.698394656181335449e-01
4.710455894470214844e+00	-7.494741082191467285e-01
4.520595550537109375e+00	2.221120834350585938e+00
3.118458032608032227e+00	2.232135057449340820e+00
7.559421062469482422e+00	3.526344537734985352e+00
9.245719909667968750e+00	1.545556068420410156e+00
5.523013114929199219e+00	-3.479834198951721191e-01
9.178151130676269531e+00	3.642977476119995117e+00
9.022658348083496094e+00	1.488937258720397949e+00
7.518331527709960938e+00	3.425652742385864258e+00
9.963404655456542969e+00	1.022931456565856934e+00
6.525893211364746094e+00	3.513110876083374023e+00
1.030266523361206055e+00	-3.547280132770538330e-01
1.792722702026367188e+00	-5.349904298782348633e-01
3.625053167343139648e+00	6.212860941886901855e-01
9.624798774719238281e+00	3.829220294952392578e+00
2.840806007385253906e+00	3.665701448917388916e-01
4.329184055328369141e+00	8.511481881141662598e-01
6.602037429809570312e+00	-1.013495683670043945e+00
8.761184692382812500e+00	1.822734951972961426e+00
8.728165626525878906e+00	1.071548104286193848e+00
1.873872399330139160e+00	-6.365842223167419434e-01
1.738824009895324707e+00	-1.687907278537750244e-01
2.406582832336425781e+00	-2.035961151123046875e-01
4.994225502014160156e+00	1.977270364761352539e+00
1.051456570625305176e+00	9.584975838661193848e-01
4.505668163299560547e+00	-8.854373544454574585e-02
1.067748069763183594e+01	2.491966009140014648e+00
3.451241731643676758e+00	-9.476393461227416992e-01
4.734720706939697266e+00	3.258031010627746582e-01
6.297008037567138672e+00	2.257395982742309570e+00
9.620702743530273438e+00	2.672921180725097656e+00
6.429749488830566406e+00	-2.315118789672851562e+00
9.433098793029785156e+00	7.444861531257629395e-01
6.907972335815429688e+00	2.780453681945800781e+00
4.705185413360595703e+00	-1.779185414314270020e+00
4.550038337707519531e+00	4.859588444232940674e-01
6.408208847045898438e+00	-2.357912540435791016e+00
1.120276355743408203e+01	2.931316852569580078e+00
5.953050136566162109e+00	6.029701232910156250e-01
6.872244834899902344e+00	2.722897052764892578e+00
1.380533218383789062e+00	4.546116888523101807e-01
1.605085015296936035e+00	6.658772230148315430e-01
3.253632068634033203e+00	1.093811035156250000e+00
2.543380737304687500e+00	-9.850155711174011230e-01
1.029414081573486328e+01	2.579232692718505859e+00
1.409732341766357422e+00	-3.672665059566497803e-01
8.389803886413574219e+00	1.717212080955505371e+00
4.774151802062988281e+00	7.829077839851379395e-01
1.035934925079345703e+01	-7.953730225563049316e-01
5.292086124420166016e+00	1.181254163384437561e-01
5.232595920562744141e+00	2.321808815002441406e+00
7.460425376892089844e+00	1.811804413795471191e+00
7.269413471221923828e+00	3.096197128295898438e+00
2.050247907638549805e+00	9.203253686428070068e-02
7.043099880218505859e+00	3.228305578231811523e+00
3.412151575088500977e+00	1.806779146194458008e+00
8.491527557373046875e+00	3.322824239730834961e+00
2.998035192489624023e+00	1.359425663948059082e+00
3.564651012420654297e+00	2.800179123878479004e-01
5.167499542236328125e+00	2.395161390304565430e+00
9.891296386718750000e+00	1.236139237880706787e-01
3.733977317810058594e+00	1.999891996383666992e+00
2.887882709503173828e+00	1.540737628936767578e+00
5.747766494750976562e+00	1.172182321548461914e+00
3.797128438949584961e+00	2.501349449157714844e+00
3.342550754547119141e+00	2.218475490808486938e-01
4.564915657043457031e+00	2.492451667785644531e+00
1.027826499938964844e+01	2.399608373641967773e+00
2.348862171173095703e+00	-2.489401586353778839e-02
5.151800155639648438e+00	-1.710856437683105469e+00
4.387445449829101562e+00	-3.014239370822906494e-01
3.371542453765869141e+00	6.072227954864501953e-01
1.033141994476318359e+01	1.152618646621704102e+00
7.305888652801513672e+00	2.801702976226806641e+00
7.007247447967529297e+00	3.452322721481323242e+00
5.530393123626708984e+00	1.967160940170288086e+00
6.066791534423828125e+00	-6.512414813041687012e-01
1.052948760986328125e+01	1.064337134361267090e+00
8.373512268066406250e+00	2.990549802780151367e-01
1.037744331359863281e+01	3.871610879898071289e+00
4.070558547973632812e+00	1.592482477426528931e-01
7.642792224884033203e+00	4.041793346405029297e+00
7.165399074554443359e+00	3.599530220031738281e+00
6.033488273620605469e+00	8.894289135932922363e-01
5.864711761474609375e+00	2.162238657474517822e-01
1.419582962989807129e+00	1.481739163398742676e+00
7.560589790344238281e+00	1.679545938968658447e-01
2.131107568740844727e+00	1.442376255989074707e+00
5.717890739440917969e+00	-2.360728502273559570e+00
4.020820140838623047e+00	-1.387153416872024536e-01
6.008323192596435547e+00	-4.266776740550994873e-01
2.690149307250976562e+00	8.214232921600341797e-01
6.176861763000488281e+00	1.996650457382202148e+00
9.106317520141601562e+00	3.153256177902221680e+00
3.041152715682983398e+00	2.261265277862548828e+00
9.016205787658691406e+00	4.607787430286407471e-01
7.363895416259765625e+00	1.209699392318725586e+00
8.873017311096191406e+00	2.030602693557739258e+00
2.886971712112426758e+00	4.646853208541870117e-01
5.174495697021484375e+00	3.708331108093261719e+00
8.754265785217285156e+00	3.800847053527832031e+00
1.056712913513183594e+01	2.830234766006469727e+00
7.273088455200195312e+00	-7.127900123596191406e-01
1.022161674499511719e+01	3.748254537582397461e+00
6.443894386291503906e+00	2.890294551849365234e+00
9.968334197998046875e+00	3.293133020401000977e+00
5.915983676910400391e+00	7.371683716773986816e-01
9.945349693298339844e+00	1.134747028350830078e+00
7.802770137786865234e+00	3.007841408252716064e-01
5.948597908020019531e+00	2.209309816360473633e+00
9.931311607360839844e+00	2.615349531173706055e+00
8.833005905151367188e+00	3.618711471557617188e+00
4.572884082794189453e+00	-1.154635190963745117e+00
1.080529975891113281e+01	-1.132527709007263184e+00
3.837991476058959961e+00	1.232862353324890137e+00
2.956892967224121094e+00	1.227202177047729492e+00
7.896787643432617188e+00	-6.721724271774291992e-01
7.615586280822753906e+00	1.359834194183349609e+00
6.763872623443603516e+00	2.397894382476806641e+00
3.946646451950073242e+00	5.303961634635925293e-01
1.058772373199462891e+01	3.451484680175781250e+00
5.032164096832275391e+00	1.786602973937988281e+00
1.410170078277587891e+00	8.056657910346984863e-01
9.464286804199218750e+00	2.137014150619506836e+00
3.613077640533447266e+00	-9.818983078002929688e-01
4.609013557434082031e+00	2.927570581436157227e+00
7.302203655242919922e+00	4.445635154843330383e-02
5.515459060668945312e+00	1.719271063804626465e+00
2.105600833892822266e+00	-6.968470811843872070e-01
5.984758853912353516e+00	-7.718622088432312012e-01
2.327635765075683594e+00	1.204462766647338867e+00
9.291405677795410156e+00	3.127424240112304688e+00
8.980278968811035156e+00	3.625384807586669922e+00
6.002477169036865234e+00	1.906385183334350586e+00
7.599775791168212891e+00	1.206440091133117676e+00
1.005696487426757812e+01	1.875766992568969727e+00
2.906280994415283203e+00	-3.635048121213912964e-02
7.179019927978515625e+00	3.847297906875610352e+00
3.494706153869628906e+00	-8.078730702400207520e-01
1.025670623779296875e+01	5.660276412963867188e-01
5.440021991729736328e+00	-1.262727856636047363e+00
6.985686779022216797e+00	2.360738277435302734e+00
7.214179515838623047e+00	3.045352995395660400e-01
9.639985084533691406e+00	4.587260186672210693e-01
6.335016727447509766e+00	-1.723227620124816895e+00
3.792715787887573242e+00	1.631953358650207520e+00
2.637634038925170898e+00	-1.091382503509521484e+00
1.095980167388916016e+01	2.448208808898925781e+00
